compound_id,simstd_hiqbind,ik1_hiqbind
C7C422_CHEMBL5428850,0.2603,False
C7C422_CHEMBL5417591,0.1875,False
C7C422_CHEMBL5439975,0.3511,False
C7C422_CHEMBL5417195,0.3394,False
C7C422_CHEMBL5432778,0.3538,False
C7C422_CHEMBL5413714,0.5479,False
C7C422_CHEMBL5437131,0.3845,False
C7C422_CHEMBL5410303,0.5,False
C7C422_CHEMBL5403178,0.4221,False
C7C422_CHEMBL5427511,0.3333,False
C7C422_CHEMBL5423006,0.3572,False
C7C422_CHEMBL5436726,0.375,False
C7C422_CHEMBL5402652,0.3889,False
C7C422_CHEMBL5435754,0.4468,False
C7C422_CHEMBL5432742,0.4375,False
C7C422_CHEMBL5413366,0.3823,False
C7C422_CHEMBL5429713,0.3279,False
C7C422_CHEMBL5394208,0.3381,False
C7C422_CHEMBL5409129,0.3501,False
C7C422_CHEMBL5431449,0.4375,False
C7C422_CHEMBL5424977,0.2568,False
C7C422_CHEMBL5412136,0.3264,False
C7C422_CHEMBL5412587,0.3401,False
C7C422_CHEMBL5436857,0.3279,False
C7C422_CHEMBL5421632,0.3704,False
C7C422_CHEMBL5416932,0.3401,False
C7C422_CHEMBL5409968,0.3542,False
C7C422_CHEMBL5424619,0.3508,False
C7C422_CHEMBL5426400,0.5366,False
C7C422_CHEMBL5414788,0.4773,False
C7C422_CHEMBL5423672,0.4468,False
C7C422_CHEMBL5434080,0.3621,False
C7C422_CHEMBL5418994,0.4666,False
C7C422_CHEMBL5393815,0.4468,False
C7C422_CHEMBL5408921,0.4468,False
C7C422_CHEMBL5415172,0.4119,False
C7C422_CHEMBL5405077,0.4893,False
C7C422_CHEMBL5394233,0.4565,False
C7C422_CHEMBL5421999,0.4565,False
C7C422_CHEMBL5437270,0.375,False
C7C422_CHEMBL5421395,0.3501,False
C7C422_CHEMBL5437627,0.3914,False
C7C422_CHEMBL5401063,0.3721,False
C7C422_CHEMBL5395915,0.4761,False
C7C422_CHEMBL5421154,0.4146,False
C7C422_CHEMBL5396318,0.2856,False
C7C422_CHEMBL5431286,0.3052,False
C7C422_CHEMBL5425633,0.3289,False
C7C422_CHEMBL5413869,0.3472,False
O00444_CHEMBL5415514,0.4839,False
O00444_CHEMBL5406293,0.4546,False
O00444_CHEMBL5408339,0.4688,False
O00444_CHEMBL5428085,0.343,False
O00444_CHEMBL5438941,0.4788,False
O00444_CHEMBL5409987,0.4167,False
O00444_CHEMBL5427137,0.4167,False
O00444_CHEMBL5427658,0.4922,False
O00444_CHEMBL5410628,0.3225,False
O00444_CHEMBL5407680,0.3225,False
O00444_CHEMBL5418921,0.353,False
O00444_CHEMBL5441117,0.3225,False
O00444_CHEMBL5396900,0.2874,False
O00444_CHEMBL5438910,0.4844,False
O00444_CHEMBL5399402,0.353,False
O00444_CHEMBL5416099,0.3547,False
O00444_CHEMBL5439625,0.4534,False
O00444_CHEMBL5394160,0.366,False
O00444_CHEMBL5440186,0.5073,False
O00444_CHEMBL5407899,0.3389,False
O00444_CHEMBL5399219,0.5083,False
O00444_CHEMBL5439296,0.3232,False
O00444_CHEMBL5401624,0.3137,False
O00444_CHEMBL5433061,0.4055,False
O00444_CHEMBL5439723,0.3293,False
O00444_CHEMBL5434198,0.3394,False
O00444_CHEMBL5424061,0.3901,False
O00444_CHEMBL5401850,0.3181,False
O00444_CHEMBL5432215,0.3411,False
O00444_CHEMBL5437830,0.3479,False
O00444_CHEMBL5438958,0.3284,False
O00444_CHEMBL5423452,0.3457,False
O00444_CHEMBL5404860,0.3284,False
O00444_CHEMBL5440423,0.3491,False
O00444_CHEMBL5437782,0.3284,False
O00444_CHEMBL5421379,0.3457,False
O00444_CHEMBL5410573,0.3672,False
O00444_CHEMBL5410589,0.3523,False
O00444_CHEMBL5395499,0.3735,False
O00444_CHEMBL5411283,0.3457,False
O00444_CHEMBL5394214,0.365,False
O00444_CHEMBL5424982,0.3264,False
O00444_CHEMBL5409586,0.3262,False
O00444_CHEMBL5430398,0.3284,False
O00444_CHEMBL5415639,0.3188,False
O00444_CHEMBL5431124,0.3462,False
O00444_CHEMBL5440224,0.3098,False
O00444_CHEMBL5420676,0.3333,False
O00444_CHEMBL5439579,0.3235,False
O00444_CHEMBL5421662,0.3333,False
O00444_CHEMBL5424261,0.4033,False
O00444_CHEMBL5420664,0.3447,False
O00444_CHEMBL5418913,0.3845,False
O00444_CHEMBL5407522,0.6807,False
O00444_CHEMBL5397303,0.3157,False
O00444_CHEMBL5432162,0.3069,False
O00444_CHEMBL5400736,0.3301,False
O00444_CHEMBL5426828,0.3364,False
O00444_CHEMBL5404983,0.3225,False
O00444_CHEMBL5432542,0.3369,False
O00444_CHEMBL5399648,0.3142,False
O00444_CHEMBL5420150,0.3269,False
O00444_CHEMBL5402864,0.3203,False
O00444_CHEMBL5439790,0.3201,False
O00444_CHEMBL5423111,0.3462,False
O00444_CHEMBL5408496,0.353,False
O00444_CHEMBL5425999,0.3271,False
O00444_CHEMBL5424704,0.3496,False
O00444_CHEMBL5439446,0.324,False
O00444_CHEMBL5420852,0.3274,False
O00444_CHEMBL5435158,0.3333,False
O00444_CHEMBL5424463,0.3271,False
O00444_CHEMBL5429187,0.313,False
O00444_CHEMBL5429940,0.3071,False
O00444_CHEMBL5397250,0.353,False
O00444_CHEMBL5435416,0.3196,False
O00444_CHEMBL5409434,0.3298,False
O00444_CHEMBL5438019,0.3196,False
O00444_CHEMBL5430106,0.3201,False
O00444_CHEMBL5418250,0.3264,False
O00444_CHEMBL5429009,0.3369,False
O00444_CHEMBL5396416,0.3232,False
O00444_CHEMBL5425790,0.3069,False
O00444_CHEMBL5405656,0.3164,False
O00444_CHEMBL5420682,0.2834,False
O00444_CHEMBL5433109,0.2783,False
O00444_CHEMBL5410922,0.2947,False
O00444_CHEMBL5435903,0.2842,False
O00444_CHEMBL5423103,0.2666,False
O00444_CHEMBL5434630,0.2688,False
O00444_CHEMBL5413470,0.2844,False
O00444_CHEMBL5435948,0.2734,False
O00444_CHEMBL5438512,0.27,False
O00444_CHEMBL5431008,0.27,False
O00444_CHEMBL5396799,0.27,False
O00444_CHEMBL5401859,0.27,False
O00444_CHEMBL5436294,0.27,False
O00444_CHEMBL5397574,0.27,False
O00444_CHEMBL5422161,0.27,False
O00444_CHEMBL5396625,0.27,False
O00444_CHEMBL5407696,0.2727,False
O00444_CHEMBL5408998,0.2754,False
O00444_CHEMBL5402930,0.2646,False
O00444_CHEMBL5440306,0.2673,False
O00444_CHEMBL5430793,0.27,False
O00444_CHEMBL5430165,0.2727,False
O00444_CHEMBL5405221,0.2842,False
O00444_CHEMBL5432601,0.2932,False
O00444_CHEMBL5434881,0.2749,False
O00444_CHEMBL5404385,0.2759,False
O00444_CHEMBL5438607,0.2783,False
O00444_CHEMBL5422518,0.2947,False
O00444_CHEMBL5397330,0.2842,False
O00444_CHEMBL5394971,0.2795,False
O00444_CHEMBL5430972,0.3164,False
O00444_CHEMBL5412525,0.3101,False
O00444_CHEMBL5420791,0.3301,False
O00444_CHEMBL5435316,0.3816,False
O00444_CHEMBL5424478,0.3635,False
O00444_CHEMBL5432853,0.3555,False
O00444_CHEMBL5413962,0.3977,False
O00444_CHEMBL5414664,0.4917,False
O00444_CHEMBL5408822,0.4546,False
O00444_CHEMBL5410643,0.4688,False
O00444_CHEMBL5402575,0.4917,False
O00444_CHEMBL5395263,0.4546,False
O00444_CHEMBL5416874,0.4688,False
O00444_CHEMBL5400742,0.3999,False
O00444_CHEMBL5432922,0.322,False
O00444_CHEMBL5434779,0.3521,False
O00444_CHEMBL5407687,0.4189,False
O00444_CHEMBL5399061,0.4412,False
O00444_CHEMBL5394505,0.4412,False
O00444_CHEMBL5402720,0.3677,False
O00444_CHEMBL5429145,0.3,False
O00444_CHEMBL5417800,0.3247,False
O00444_CHEMBL5430526,0.3333,False
O00444_CHEMBL5409014,0.4119,False
O00444_CHEMBL5401427,0.4861,False
O00444_CHEMBL5412717,0.4524,False
O00444_CHEMBL5431580,0.4688,False
O00444_CHEMBL5401007,0.3489,False
O00444_CHEMBL5404382,0.3372,False
O00444_CHEMBL5410562,0.4534,False
O00444_CHEMBL5440788,0.4412,False
O00444_CHEMBL5415559,0.5,False
O00444_CHEMBL5420027,0.4614,False
O14757_CHEMBL5413462,0.5122,False
O14757_CHEMBL5409504,0.488,False
O14757_CHEMBL5420872,0.5122,False
O14757_CHEMBL5421825,0.488,False
O14757_CHEMBL5428033,0.446,False
O14757_CHEMBL5439250,0.5127,False
O14757_CHEMBL5420001,0.5,False
O14757_CHEMBL5421001,0.4109,False
O14757_CHEMBL5431016,0.4546,False
O14757_CHEMBL5427282,0.4546,False
O14757_CHEMBL5407292,0.4111,False
O14757_CHEMBL5408927,0.4761,False
O14757_CHEMBL5409205,0.4719,False
O14757_CHEMBL5401396,0.3918,False
O14757_CHEMBL5408938,0.4363,False
O14757_CHEMBL5398690,0.3899,False
O14757_CHEMBL5394796,0.3899,False
O14757_CHEMBL5430670,0.4673,False
O14757_CHEMBL5398934,0.4673,False
O14757_CHEMBL5419654,0.4941,False
O14757_CHEMBL5403690,0.4719,False
O14757_CHEMBL5432385,0.4724,False
O14757_CHEMBL5425583,0.4719,False
O14757_CHEMBL5427417,0.4719,False
O14757_CHEMBL5433681,0.3979,False
O14757_CHEMBL5433322,0.4941,False
O14757_CHEMBL5439325,0.4238,False
O14757_CHEMBL5395135,0.4546,False
O14757_CHEMBL5429443,0.4285,False
O14757_CHEMBL5433344,0.4495,False
O14757_CHEMBL5424522,0.4597,False
O14757_CHEMBL5430680,0.4221,False
O14757_CHEMBL5424287,0.4319,False
O14757_CHEMBL5438311,0.4644,False
O14757_CHEMBL5409206,0.447,False
O14757_CHEMBL5410542,0.4556,False
O14757_CHEMBL5406425,0.4431,False
O14757_CHEMBL5408190,0.3914,False
O14757_CHEMBL5408027,0.4534,False
O14757_CHEMBL5401267,0.4482,False
O14757_CHEMBL5411672,0.4524,False
O14757_CHEMBL5411251,0.4495,False
O14757_CHEMBL5428756,0.4495,False
O14757_CHEMBL5432487,0.4524,False
O14757_CHEMBL5433221,0.4578,False
O14757_CHEMBL5406086,0.4568,False
O14757_CHEMBL5428278,0.4285,False
O14757_CHEMBL5398258,0.4065,False
O14757_CHEMBL5411719,0.4395,False
O14757_CHEMBL5424476,0.4482,False
O14757_CHEMBL5438542,0.4546,False
O14757_CHEMBL5398244,0.4443,False
O14757_CHEMBL5405689,0.4119,False
O14757_CHEMBL5401305,0.4285,False
O14757_CHEMBL5434637,0.3865,False
O14757_CHEMBL5411252,0.3999,False
O14757_CHEMBL5396674,0.3999,False
O14757_CHEMBL5410841,0.4768,False
O14757_CHEMBL5426241,0.5,False
O43570_CHEMBL5433200,0.5083,False
O43570_CHEMBL5418092,0.5083,False
O43570_CHEMBL5431609,0.4211,False
O43570_CHEMBL5434405,0.4211,False
O43570_CHEMBL5399412,0.3767,False
O43570_CHEMBL5410769,0.3767,False
O43570_CHEMBL5430974,0.3936,False
O43570_CHEMBL5420563,0.3936,False
O43570_CHEMBL5394374,0.418,False
O43570_CHEMBL5439211,0.418,False
O43570_CHEMBL5420568,0.3965,False
O43570_CHEMBL5429492,0.4106,False
O43570_CHEMBL5406311,0.3965,False
O43570_CHEMBL5395028,0.3667,False
O43570_CHEMBL5408660,0.4199,False
O43570_CHEMBL5394136,0.3462,False
O43570_CHEMBL5428616,0.439,False
O43570_CHEMBL5411236,0.3403,False
O43570_CHEMBL5434644,0.3872,False
O43570_CHEMBL5418325,0.3044,False
O43570_CHEMBL5418448,0.3845,False
O43570_CHEMBL5396521,0.3086,False
O43570_CHEMBL5406454,0.4033,False
O43570_CHEMBL5415157,0.3438,False
O43570_CHEMBL5430687,0.375,False
O43570_CHEMBL5402415,0.3164,False
O43570_CHEMBL5403443,0.4905,False
O43570_CHEMBL5423785,0.3833,False
O43570_CHEMBL5420806,0.4905,False
O43570_CHEMBL5408282,0.4905,False
O43570_CHEMBL5403015,0.52,False
O43570_CHEMBL5418584,0.5,False
O43570_CHEMBL5408039,0.3333,False
O43570_CHEMBL5417623,0.3809,False
O43570_CHEMBL5419120,0.4119,False
O43570_CHEMBL5419562,0.4546,False
O43570_CHEMBL5409839,0.4375,False
O43570_CHEMBL5406763,0.439,False
O43570_CHEMBL5398527,0.3794,False
O43570_CHEMBL5398482,0.4285,False
O43570_CHEMBL5404478,0.4194,False
O43570_CHEMBL5430744,0.4883,False
O43570_CHEMBL5404207,0.3726,False
O43570_CHEMBL5432122,0.3518,False
O43570_CHEMBL5400096,0.3877,False
O43570_CHEMBL5427772,0.3877,False
O43570_CHEMBL5439825,0.3655,False
O43570_CHEMBL5424006,0.3069,False
O43570_CHEMBL5419432,0.4512,False
O43570_CHEMBL5436128,0.3708,False
O43570_CHEMBL5411012,0.3491,False
O43570_CHEMBL5427767,0.3125,False
O43570_CHEMBL5412673,0.3538,False
O43570_CHEMBL5413719,0.3433,False
O43570_CHEMBL5434757,0.3386,False
O43570_CHEMBL5398809,0.3013,False
O43570_CHEMBL5423264,0.3279,False
O43570_CHEMBL5431226,0.3396,False
O43570_CHEMBL5400438,0.3433,False
O43570_CHEMBL5422561,0.3594,False
O43570_CHEMBL5422492,0.397,False
O43570_CHEMBL5438275,0.3333,False
O43570_CHEMBL5411466,0.3582,False
O43570_CHEMBL5419182,0.4404,False
O43570_CHEMBL5428815,0.4905,False
O43570_CHEMBL5406041,0.3921,False
O43570_CHEMBL5439068,0.491,False
O43570_CHEMBL5401486,0.353,False
O43570_CHEMBL5424643,0.5083,False
O43570_CHEMBL5402861,0.4844,False
O43570_CHEMBL5422807,0.4844,False
O43570_CHEMBL5415701,0.5366,False
O43570_CHEMBL5417652,0.52,False
O43570_CHEMBL5430843,0.4482,False
O43570_CHEMBL5415971,0.3809,False
O43570_CHEMBL5434579,0.365,False
O43570_CHEMBL5427495,0.4426,False
O43570_CHEMBL5396279,0.3433,False
O43570_CHEMBL5427064,0.4546,False
O43570_CHEMBL5434717,0.3928,False
O43570_CHEMBL5405313,0.4912,False
O43570_CHEMBL5428119,0.5,False
O43570_CHEMBL5406828,0.5093,False
O43570_CHEMBL5421787,0.5356,False
O43570_CHEMBL5410832,0.5601,False
O43570_CHEMBL5396229,0.5083,False
O43570_CHEMBL5400915,0.4285,False
O43570_CHEMBL5423723,0.4443,False
O43570_CHEMBL5409485,0.5806,False
O43570_CHEMBL5411876,0.52,False
O43570_CHEMBL5430806,0.4878,False
O43570_CHEMBL5427215,0.3965,False
O43570_CHEMBL5418987,0.3936,False
O43570_CHEMBL5417966,0.45,False
O43570_CHEMBL5427397,0.4375,False
O43570_CHEMBL5393899,0.5195,False
O43570_CHEMBL5416640,0.4773,False
O43570_CHEMBL5399753,0.7451,False
O43570_CHEMBL5432003,0.5371,False
O43570_CHEMBL5399026,0.5635,False
O43570_CHEMBL5413773,0.4912,False
O43570_CHEMBL5416330,0.5,False
O43570_CHEMBL5429247,0.5,False
O43570_CHEMBL5438146,0.4915,False
O43570_CHEMBL5400590,0.6113,False
O43570_CHEMBL5423705,0.6079,False
O43570_CHEMBL5420340,0.5742,False
O43570_CHEMBL5418256,0.5635,False
O43570_CHEMBL5408414,0.5635,False
O43570_CHEMBL5422630,0.4844,False
O43570_CHEMBL5412024,0.4404,False
O43570_CHEMBL5424738,0.5942,False
O43570_CHEMBL5423986,0.5137,False
O43570_CHEMBL5423626,0.4878,False
O43570_CHEMBL5407099,0.5254,False
O43570_CHEMBL5439232,0.5137,False
O43570_CHEMBL5412326,0.5,False
O43570_CHEMBL5404854,0.5083,False
O43570_CHEMBL5434475,0.5083,False
O43570_CHEMBL5398061,0.3635,False
O43570_CHEMBL5422153,0.3333,False
O43570_CHEMBL5395857,0.3635,False
O43570_CHEMBL5397659,0.4194,False
O43570_CHEMBL5419752,0.4746,False
O43570_CHEMBL5404038,0.4597,False
O43570_CHEMBL5439318,0.4575,False
O43570_CHEMBL5405279,0.5,False
O43570_CHEMBL5437142,0.4604,False
O43570_CHEMBL5420020,0.4746,False
O43570_CHEMBL5432770,0.4355,False
O43570_CHEMBL5395679,0.3872,False
O43570_CHEMBL5424727,0.3872,False
O43570_CHEMBL5425125,0.3809,False
O43570_CHEMBL5412351,0.5,False
O43570_CHEMBL5424664,0.3936,False
O43570_CHEMBL5420931,0.3647,False
O43570_CHEMBL5417084,0.3333,False
O43570_CHEMBL5430482,0.3635,False
O43570_CHEMBL5414077,0.4194,False
O43570_CHEMBL5402143,0.4746,False
O43570_CHEMBL5426216,0.4597,False
O43570_CHEMBL5413021,0.4575,False
O43570_CHEMBL5402145,0.5,False
O43570_CHEMBL5438010,0.4604,False
O43570_CHEMBL5421531,0.4746,False
O43570_CHEMBL5411936,0.4355,False
O43570_CHEMBL5419447,0.3872,False
O43570_CHEMBL5396393,0.3872,False
O43570_CHEMBL5409658,0.3809,False
O43570_CHEMBL5413693,0.5,False
O43570_CHEMBL5429073,0.3936,False
O43570_CHEMBL5401434,0.3647,False
O43570_CHEMBL5402497,0.6001,False
O43570_CHEMBL5412870,0.7666,False
O43570_CHEMBL5422706,0.5,False
O43570_CHEMBL5425202,0.5,False
O43570_CHEMBL5433765,0.5474,False
O43570_CHEMBL5420539,0.5,False
O43570_CHEMBL5395423,0.5,False
O43570_CHEMBL5407842,0.3999,False
O43570_CHEMBL5396530,0.4106,False
O43570_CHEMBL5397521,0.3999,False
O43570_CHEMBL5439370,0.585,False
O43570_CHEMBL5415949,0.585,False
O43570_CHEMBL5395274,0.3547,False
O43570_CHEMBL5407876,0.322,False
O43570_CHEMBL5430374,0.4285,False
O43570_CHEMBL5403578,0.3286,False
O43570_CHEMBL5439016,0.3333,False
O43570_CHEMBL5430474,0.3618,False
O43570_CHEMBL5439521,0.3201,False
O43570_CHEMBL5433722,0.6138,False
O43570_CHEMBL5416307,0.5747,False
O43570_CHEMBL5402383,0.6089,False
O43570_CHEMBL5397739,0.6089,False
O43570_CHEMBL5399974,0.3137,False
O43570_CHEMBL5422102,0.4866,False
O43570_CHEMBL5406077,0.6416,False
O43570_CHEMBL5440906,0.4385,False
O43570_CHEMBL5440763,0.4243,False
O43570_CHEMBL5436282,0.4167,False
O43570_CHEMBL5411702,0.4385,False
O43570_CHEMBL5414836,0.4243,False
O43570_CHEMBL5399204,0.3494,False
O43570_CHEMBL5433154,0.3677,False
O43570_CHEMBL5409881,0.375,False
O43570_CHEMBL5403938,0.3494,False
O43570_CHEMBL5421790,0.3677,False
O43570_CHEMBL5432812,0.543,False
O43570_CHEMBL5408885,0.3962,False
O43570_CHEMBL5403077,0.4031,False
O43570_CHEMBL5420858,0.3572,False
O43570_CHEMBL5396677,0.3684,False
O43570_CHEMBL5413403,0.3879,False
O43570_CHEMBL5410282,0.4363,False
O43570_CHEMBL5417595,0.5166,False
O60341_CHEMBL5439389,0.2524,False
O60341_CHEMBL5408271,0.2856,False
O60341_CHEMBL5416205,0.3943,False
O60341_CHEMBL5423159,0.3333,False
O60341_CHEMBL5425308,0.25,False
O60341_CHEMBL5433416,0.243,False
O60341_CHEMBL5396850,0.2476,False
O60341_CHEMBL5434190,0.2524,False
O60341_CHEMBL5430614,0.2476,False
O60341_CHEMBL5438843,0.2695,False
O60341_CHEMBL5432041,0.243,False
O60341_CHEMBL5423712,0.2285,False
O60341_CHEMBL5401491,0.2159,False
O60341_CHEMBL5432465,0.2233,False
O60341_CHEMBL5439259,0.3445,False
O60341_CHEMBL5438431,0.2479,False
O60341_CHEMBL5410672,0.3086,False
O60341_CHEMBL5430017,0.4285,False
O60341_CHEMBL5406479,0.3125,False
O60341_CHEMBL5413049,0.3201,False
O60341_CHEMBL5434915,0.3157,False
O60341_CHEMBL5432927,0.3416,False
O60341_CHEMBL5437604,0.408,False
O60341_CHEMBL5405904,0.3667,False
O60341_CHEMBL5420365,0.3999,False
O60341_CHEMBL5421422,0.4058,False
O60341_CHEMBL5422216,0.293,False
O60341_CHEMBL5433323,0.3206,False
O60341_CHEMBL5409970,0.3296,False
O60341_CHEMBL5426797,0.3333,False
O60341_CHEMBL5434546,0.4688,False
O60341_CHEMBL5429228,0.4092,False
O60341_CHEMBL5435026,0.4126,False
O60341_CHEMBL5407947,0.4226,False
O60341_CHEMBL5440105,0.3735,False
O60341_CHEMBL5406671,0.4626,False
O60341_CHEMBL5429994,0.2715,False
O60341_CHEMBL5419169,0.4697,False
O60341_CHEMBL5440680,0.4697,False
O60341_CHEMBL5409400,0.3872,False
O60341_CHEMBL5420493,0.4561,False
O60341_CHEMBL5411051,0.4546,False
O60341_CHEMBL5428732,0.3196,False
O60341_CHEMBL5415964,0.4133,False
O60341_CHEMBL5399635,0.3152,False
O60341_CHEMBL5406759,0.3381,False
O60341_CHEMBL5413744,0.365,False
O60341_CHEMBL5428176,0.3965,False
O60341_CHEMBL5440196,0.3965,False
O60341_CHEMBL5428924,0.4036,False
O60341_CHEMBL5396510,0.3562,False
O60341_CHEMBL5397056,0.2913,False
O60341_CHEMBL5416718,0.3076,False
O60341_CHEMBL5422540,0.301,False
O60341_CHEMBL5435872,0.3264,False
O60341_CHEMBL5434343,0.3086,False
O60341_CHEMBL5399692,0.3069,False
O60341_CHEMBL5410411,0.3201,False
O60341_CHEMBL5435978,0.2964,False
O60341_CHEMBL5436412,0.3384,False
O60341_CHEMBL5407104,0.3333,False
O60341_CHEMBL5406892,0.3635,False
O60341_CHEMBL5426980,0.3108,False
O60341_CHEMBL5397316,0.3132,False
O60341_CHEMBL5437172,0.3406,False
O60341_CHEMBL5430058,0.3948,False
O60341_CHEMBL5406132,0.3333,False
O60341_CHEMBL5409890,0.3684,False
O60341_CHEMBL5406521,0.3057,False
O60341_CHEMBL5435173,0.3206,False
O60341_CHEMBL5404495,0.3572,False
O60341_CHEMBL5410286,0.3677,False
O60341_CHEMBL5425391,0.3193,False
O60341_CHEMBL5423330,0.3086,False
O60341_CHEMBL5428936,0.3247,False
O60341_CHEMBL5413148,0.3125,False
O60341_CHEMBL5428788,0.2856,False
O60341_CHEMBL5436427,0.3093,False
O60341_CHEMBL5425120,0.3076,False
O60341_CHEMBL5423110,0.3201,False
O60341_CHEMBL5431790,0.3142,False
O60341_CHEMBL5399676,0.3108,False
O60341_CHEMBL5440601,0.3491,False
O60341_CHEMBL5413316,0.3728,False
O60341_CHEMBL5440032,0.3728,False
O60341_CHEMBL5405377,0.3164,False
O60341_CHEMBL5400631,0.3057,False
O60341_CHEMBL5416905,0.3386,False
O60341_CHEMBL5413825,0.3899,False
O60341_CHEMBL5416497,0.3625,False
O60341_CHEMBL5415883,0.3289,False
O60341_CHEMBL5394389,0.2927,False
O60341_CHEMBL5405788,0.3049,False
O60341_CHEMBL5419993,0.3125,False
O60341_CHEMBL5417682,0.397,False
O60341_CHEMBL5408302,0.3733,False
O60341_CHEMBL5435117,0.322,False
O60341_CHEMBL5408598,0.3647,False
O60341_CHEMBL5398801,0.3552,False
O60341_CHEMBL5400344,0.2986,False
O60341_CHEMBL5414185,0.3293,False
O60341_CHEMBL5439488,0.3647,False
O60341_CHEMBL5416264,0.394,False
O60341_CHEMBL5406191,0.3928,False
O60341_CHEMBL5433364,0.4929,False
O60341_CHEMBL5403602,0.4106,False
O60341_CHEMBL5429412,0.446,False
O60341_CHEMBL5436035,0.4126,False
O60341_CHEMBL5403862,0.4102,False
O60341_CHEMBL5419295,0.4783,False
O60341_CHEMBL5424948,0.4465,False
O60341_CHEMBL5418093,0.3999,False
O60341_CHEMBL5401496,0.4075,False
O60341_CHEMBL5404895,0.3506,False
O60341_CHEMBL5424591,0.3555,False
O60341_CHEMBL5403548,0.3835,False
O60341_CHEMBL5435587,0.3799,False
O60341_CHEMBL5396414,0.3691,False
O60341_CHEMBL5396152,0.3064,False
O60341_CHEMBL5418619,0.3513,False
O60341_CHEMBL5416406,0.3052,False
O60341_CHEMBL5438908,0.3286,False
O60674_CHEMBL5412815,0.4856,False
O60674_CHEMBL5424439,0.457,False
O60674_CHEMBL5398468,0.3521,False
O60674_CHEMBL5429688,0.3333,False
O60674_CHEMBL5408539,0.3215,False
O60674_CHEMBL5417474,0.4507,False
O60674_CHEMBL5395839,0.457,False
O60674_CHEMBL5403897,0.4639,False
O60674_CHEMBL5420083,0.4783,False
O60674_CHEMBL5420971,0.4775,False
O60674_CHEMBL5424098,0.3333,False
O60674_CHEMBL5423387,0.3374,False
O60674_CHEMBL5430795,0.3293,False
O60674_CHEMBL5405043,0.3293,False
O60674_CHEMBL5410919,0.3293,False
O60674_CHEMBL5435417,0.3293,False
O60674_CHEMBL5439582,0.3545,False
O60674_CHEMBL5427932,0.3457,False
O60674_CHEMBL5405140,0.3501,False
O60674_CHEMBL5404261,0.3416,False
O60674_CHEMBL5441087,0.3372,False
O60674_CHEMBL5440017,0.3218,False
O60674_CHEMBL5434116,0.366,False
O60674_CHEMBL5396523,0.3333,False
O60674_CHEMBL5423894,0.3416,False
O60674_CHEMBL5424497,0.3691,False
O60674_CHEMBL5409953,0.4849,False
O60674_CHEMBL5422886,0.4856,False
O60674_CHEMBL5412967,0.446,False
O60674_CHEMBL5419117,0.3972,False
O60674_CHEMBL5402252,0.3601,False
O60674_CHEMBL5436068,0.3247,False
O60674_CHEMBL5435274,0.4033,False
O60674_CHEMBL5407329,0.5078,False
O60674_CHEMBL5407260,0.4231,False
O60674_CHEMBL5396554,0.4231,False
O60674_CHEMBL5415586,0.4844,False
O60674_CHEMBL5409666,0.5332,False
O60674_CHEMBL5433426,0.4844,False
O60674_CHEMBL5395378,0.4058,False
O60674_CHEMBL5420468,0.5952,False
O60674_CHEMBL5403288,0.3037,False
O60674_CHEMBL5430060,0.2666,False
O60674_CHEMBL5432029,0.2637,False
O60674_CHEMBL5436997,0.2396,False
O60674_CHEMBL5417435,0.2705,False
O60674_CHEMBL5432284,0.2651,False
O60674_CHEMBL5402797,0.2727,False
O60674_CHEMBL5405344,0.281,False
O60674_CHEMBL5410239,0.281,False
O60674_CHEMBL5404765,0.2888,False
O60674_CHEMBL5434965,0.2791,False
O60674_CHEMBL5429675,0.2581,False
O60674_CHEMBL5402554,0.3115,False
O60674_CHEMBL5415481,0.2581,False
O60674_CHEMBL5408994,0.375,False
O60674_CHEMBL5419978,0.3206,False
O60674_CHEMBL5435482,0.425,False
O60674_CHEMBL5408205,0.6851,False
O60674_CHEMBL5436744,0.7026,False
O60674_CHEMBL5440510,0.3972,False
O60674_CHEMBL5438892,0.375,False
O60674_CHEMBL5414095,0.3767,False
O60674_CHEMBL5412619,0.3718,False
O60674_CHEMBL5437653,0.5635,False
O60674_CHEMBL5400209,0.5635,False
O60674_CHEMBL5437261,0.4126,False
O60674_CHEMBL5419271,0.3462,False
O60674_CHEMBL5436383,0.3601,False
O60674_CHEMBL5431257,0.4844,False
O60674_CHEMBL5440264,0.366,False
O60674_CHEMBL5420928,0.325,False
O60674_CHEMBL5413489,0.2988,False
O60674_CHEMBL5429461,0.3572,False
O60674_CHEMBL5421116,0.623,False
O60674_CHEMBL5422793,0.623,False
O60674_CHEMBL5430869,0.4038,False
O60885_CHEMBL5437203,0.344,False
O60885_CHEMBL5416784,0.3472,False
O60885_CHEMBL5407959,0.6768,False
O60885_CHEMBL5394534,0.3037,False
O60885_CHEMBL5414323,0.3167,False
O60885_CHEMBL5401408,0.2095,False
O60885_CHEMBL5440275,0.2817,False
O60885_CHEMBL5436620,0.3943,False
O60885_CHEMBL5401812,0.3999,False
O60885_CHEMBL5432311,0.3193,False
O60885_CHEMBL5394840,0.3027,False
O60885_CHEMBL5414143,0.2949,False
O60885_CHEMBL5424895,0.3108,False
O60885_CHEMBL5439894,0.2913,False
O60885_CHEMBL5435639,0.3076,False
O60885_CHEMBL5431833,0.3118,False
O60885_CHEMBL5435025,0.3,False
O60885_CHEMBL5411975,0.3379,False
O60885_CHEMBL5405537,0.3086,False
O60885_CHEMBL5419237,0.3206,False
O60885_CHEMBL5400204,0.3,False
O60885_CHEMBL5409544,0.3201,False
O60885_CHEMBL5420313,0.324,False
O60885_CHEMBL5412097,0.3066,False
O60885_CHEMBL5406544,0.3289,False
O60885_CHEMBL5429382,0.3088,False
O60885_CHEMBL5435156,0.2917,False
O60885_CHEMBL5437305,0.2942,False
O60885_CHEMBL5417286,0.2878,False
O60885_CHEMBL5427202,0.2878,False
O60885_CHEMBL5419274,0.5698,False
O60885_CHEMBL5426703,0.5571,False
O60885_CHEMBL5429376,0.6001,False
O60885_CHEMBL5423707,0.2932,False
O60885_CHEMBL5440150,0.3201,False
O60885_CHEMBL5438020,0.3257,False
O60885_CHEMBL5420638,0.28,False
O60885_CHEMBL5406585,0.3284,False
O60885_CHEMBL5404986,0.3281,False
O60885_CHEMBL5416229,0.3193,False
O60885_CHEMBL5427136,0.3201,False
O60885_CHEMBL5430730,0.3479,False
O60885_CHEMBL5396885,0.3333,False
O60885_CHEMBL5403013,0.3386,False
O60885_CHEMBL5410968,0.5933,False
O60885_CHEMBL5412127,0.6143,False
O60885_CHEMBL5421238,0.6431,False
O60885_CHEMBL5434467,0.6069,False
O60885_CHEMBL5418320,0.5933,False
O60885_CHEMBL5408013,0.5933,False
O60885_CHEMBL5402704,0.5747,False
O60885_CHEMBL5408583,0.6138,False
O60885_CHEMBL5395241,0.6069,False
O60885_CHEMBL5402431,0.5806,False
O60885_CHEMBL5402922,0.5806,False
O60885_CHEMBL5422245,0.4707,False
O60885_CHEMBL5426693,0.5601,False
O60885_CHEMBL5430428,0.4717,False
O60885_CHEMBL5437467,0.5747,False
O60885_CHEMBL5415794,0.625,False
O60885_CHEMBL5410310,0.5933,False
O60885_CHEMBL5422930,0.6001,False
O60885_CHEMBL5417441,0.5869,False
O60885_CHEMBL5417454,0.5747,False
O60885_CHEMBL5428017,0.5869,False
O60885_CHEMBL5440739,0.5869,False
O60885_CHEMBL5412529,0.5747,False
O60885_CHEMBL5409700,0.6138,False
O60885_CHEMBL5428087,0.6001,False
O60885_CHEMBL5403358,0.6206,False
O60885_CHEMBL5426964,0.6138,False
O60885_CHEMBL5427957,0.5869,False
O60885_CHEMBL5438409,0.5869,False
O60885_CHEMBL5403473,0.5806,False
O60885_CHEMBL5406467,0.4753,False
O60885_CHEMBL5437723,0.4761,False
O60885_CHEMBL5419367,0.6323,False
O60885_CHEMBL5394764,0.5933,False
O60885_CHEMBL5401381,0.5806,False
O60885_CHEMBL5418129,0.5933,False
O60885_CHEMBL5417495,0.5869,False
O60885_CHEMBL5421723,0.5483,False
O60885_CHEMBL5408776,0.4849,False
O60885_CHEMBL5415796,0.48,False
O60885_CHEMBL5400502,0.5532,False
O60885_CHEMBL5409453,0.4712,False
O60885_CHEMBL5395480,0.6045,False
O60885_CHEMBL5398977,0.5933,False
O60885_CHEMBL5429440,0.5806,False
O60885_CHEMBL5422122,0.6323,False
O60885_CHEMBL5416208,0.6514,False
O60885_CHEMBL5435085,0.5791,False
O60885_CHEMBL5413543,0.6743,False
O60885_CHEMBL5437669,0.5518,False
O60885_CHEMBL5421597,0.3281,False
O60885_CHEMBL5397570,0.2964,False
O60885_CHEMBL5430358,0.2913,False
O60885_CHEMBL5435289,0.2876,False
O60885_CHEMBL5425156,0.2913,False
O60885_CHEMBL5397432,0.3374,False
O60885_CHEMBL5412647,0.3333,False
O60885_CHEMBL5431086,0.3076,False
O60885_CHEMBL5424755,0.2976,False
O60885_CHEMBL5394236,0.3,False
O60885_CHEMBL5426902,0.314,False
O60885_CHEMBL5409622,0.3333,False
O60885_CHEMBL5415469,0.4187,False
O60885_CHEMBL5419925,0.3333,False
O60885_CHEMBL5400544,0.3333,False
O60885_CHEMBL5415548,0.3086,False
O60885_CHEMBL5434208,0.2942,False
O60885_CHEMBL5413668,0.325,False
O60885_CHEMBL5424207,0.3601,False
O60885_CHEMBL5414895,0.3171,False
O60885_CHEMBL5409463,0.3276,False
O60885_CHEMBL5431009,0.3601,False
O60885_CHEMBL5398139,0.2903,False
O60885_CHEMBL5407114,0.2974,False
O60885_CHEMBL5435255,0.304,False
O60885_CHEMBL5416494,0.3076,False
O60885_CHEMBL5420470,0.3489,False
O60885_CHEMBL5416132,0.3108,False
O60885_CHEMBL5428113,0.3333,False
O60885_CHEMBL5431735,0.3901,False
O60885_CHEMBL5399489,0.6577,False
O60885_CHEMBL5424952,0.8389,False
O60885_CHEMBL5440797,0.342,False
O60885_CHEMBL5415106,0.3262,False
O60885_CHEMBL5425218,0.3157,False
O60885_CHEMBL5432760,0.3164,False
O60885_CHEMBL5421082,0.3494,False
O60885_CHEMBL5432892,0.3728,False
O60885_CHEMBL5394142,0.386,False
O60885_CHEMBL5422546,0.415,False
O60885_CHEMBL5439855,0.3394,False
O60885_CHEMBL5408978,0.415,False
O60885_CHEMBL5409681,0.3508,False
O60885_CHEMBL5416926,0.3818,False
O60885_CHEMBL5405269,0.3833,False
O60885_CHEMBL5409461,0.4443,False
O60885_CHEMBL5415611,0.4138,False
O60885_CHEMBL5422534,0.5366,False
O60885_CHEMBL5405779,0.4404,False
O60885_CHEMBL5403879,0.3164,False
O60885_CHEMBL5408181,0.3076,False
O60885_CHEMBL5426022,0.3125,False
O60885_CHEMBL5426762,0.3125,False
O60885_CHEMBL5400407,0.4075,False
O60885_CHEMBL5414236,0.3794,False
O60885_CHEMBL5405536,0.386,False
O60885_CHEMBL5432627,0.415,False
O60885_CHEMBL5411662,0.3794,False
O60885_CHEMBL5399062,0.3999,False
O60885_CHEMBL5438588,0.3999,False
O60885_CHEMBL5422966,0.3999,False
O60885_CHEMBL5432665,0.5688,False
O60885_CHEMBL5440431,0.3247,False
O60885_CHEMBL5413916,0.3369,False
O60885_CHEMBL5418662,0.3132,False
O60885_CHEMBL5395658,0.3164,False
O60885_CHEMBL5394124,0.3196,False
O60885_CHEMBL5395952,0.3416,False
O60885_CHEMBL5439597,0.3376,False
O60885_CHEMBL5409942,0.3333,False
O60885_CHEMBL5414030,0.3333,False
O60885_CHEMBL5416283,0.3176,False
O60885_CHEMBL5421774,0.344,False
O60885_CHEMBL5400900,0.325,False
O60885_CHEMBL5411322,0.3333,False
O60885_CHEMBL5425663,0.3049,False
O60885_CHEMBL5413795,0.3677,False
O60885_CHEMBL5408527,0.564,False
O60885_CHEMBL5406617,0.5059,False
O60885_CHEMBL5423358,0.543,False
O60885_CHEMBL5396203,0.4944,False
O60885_CHEMBL5405309,0.5303,False
O60885_CHEMBL5435358,0.5571,False
O60885_CHEMBL5394959,0.6323,False
O60885_CHEMBL5416735,0.6416,False
O60885_CHEMBL5428438,0.5371,False
O60885_CHEMBL5423609,0.5376,False
O60885_CHEMBL5426726,0.5283,False
O60885_CHEMBL5439504,0.5142,False
O60885_CHEMBL5430595,0.5239,False
O60885_CHEMBL5427802,0.3796,False
O60885_CHEMBL5416468,0.4771,False
O60885_CHEMBL5396537,0.5801,False
O60885_CHEMBL5418544,0.5801,False
O60885_CHEMBL5431657,0.5698,False
O60885_CHEMBL5439456,0.5547,False
O60885_CHEMBL5397122,0.3125,False
O60885_CHEMBL5424066,0.3093,False
O60885_CHEMBL5422964,0.302,False
O60885_CHEMBL5422361,0.3062,False
O60885_CHEMBL5437464,0.3259,False
O60885_CHEMBL5409547,0.3479,False
O60885_CHEMBL5415295,0.3196,False
O60885_CHEMBL5397177,0.3125,False
O60885_CHEMBL5411832,0.5137,False
O60885_CHEMBL5407801,0.3372,False
O60885_CHEMBL5422566,0.3452,False
O60885_CHEMBL5406228,0.3672,False
O60885_CHEMBL5416135,0.7939,False
O60885_CHEMBL5416632,0.7939,False
O60885_CHEMBL5402948,0.7163,False
O60885_CHEMBL5404499,0.7163,False
O60885_CHEMBL5393966,0.3259,False
O60885_CHEMBL5420388,0.3152,False
O60885_CHEMBL5429506,0.3296,False
O60885_CHEMBL5426710,0.3333,False
O60885_CHEMBL5429974,0.3372,False
O60885_CHEMBL5398464,0.5557,False
O60885_CHEMBL5426714,0.2812,False
O60885_CHEMBL5405549,0.26,False
O60885_CHEMBL5433198,0.2839,False
O60885_CHEMBL5431061,0.2874,False
O60885_CHEMBL5409043,0.281,False
O60885_CHEMBL5434529,0.2888,False
O60885_CHEMBL5416328,0.2891,False
O60885_CHEMBL5424589,0.28,False
O60885_CHEMBL5415843,0.3064,False
O60885_CHEMBL5421726,0.282,False
O60885_CHEMBL5406183,0.4148,False
O60885_CHEMBL5409305,0.4106,False
O60885_CHEMBL5416329,0.4443,False
O60885_CHEMBL5398000,0.7104,False
O60885_CHEMBL5422163,0.7646,False
O60885_CHEMBL5401253,0.7759,False
O60885_CHEMBL5440537,0.7534,False
O60885_CHEMBL5403848,0.7534,False
O60885_CHEMBL5420752,0.7646,False
O60885_CHEMBL5440963,0.7427,False
O60885_CHEMBL5439607,0.7427,False
O60885_CHEMBL5434035,0.3845,False
O75116_CHEMBL5439783,0.321,False
O75116_CHEMBL5435627,0.321,False
O75116_CHEMBL5422545,0.3064,False
O75116_CHEMBL5414693,0.3171,False
O75116_CHEMBL5430368,0.3171,False
O75116_CHEMBL5411877,0.324,False
O75116_CHEMBL5396883,0.6924,False
O75116_CHEMBL5399426,0.4194,False
O75116_CHEMBL5434756,0.5,False
O75116_CHEMBL5407662,0.4194,False
O75116_CHEMBL5403816,0.5542,False
O75116_CHEMBL5397091,0.4167,False
O75116_CHEMBL5405298,0.3174,False
O75116_CHEMBL5438833,0.3171,False
O75116_CHEMBL5398844,0.3171,False
O75116_CHEMBL5403605,0.3291,False
O75116_CHEMBL5408850,0.3291,False
O75116_CHEMBL5411955,0.3333,False
O75116_CHEMBL5437526,0.3291,False
O75116_CHEMBL5399221,0.3291,False
O75116_CHEMBL5428479,0.3333,False
O75116_CHEMBL5408387,0.3333,False
O75116_CHEMBL5439971,0.321,False
O75116_CHEMBL5417698,0.321,False
O75116_CHEMBL5424408,0.2837,False
O75116_CHEMBL5439375,0.3501,False
O75116_CHEMBL5426208,0.3501,False
O75116_CHEMBL5421321,0.3,False
O75116_CHEMBL5397611,0.2964,False
O75116_CHEMBL5409106,0.3037,False
O75116_CHEMBL5416265,0.321,False
O75116_CHEMBL5414146,0.3291,False
O75116_CHEMBL5403088,0.3333,False
O75116_CHEMBL5409229,0.3333,False
O75116_CHEMBL5403685,0.3171,False
O75116_CHEMBL5427927,0.3171,False
O75116_CHEMBL5400934,0.2571,False
O75116_CHEMBL5438374,0.2942,False
O75116_CHEMBL5414576,0.3027,False
O75116_CHEMBL5428430,0.25,False
O75116_CHEMBL5421280,0.2595,False
O75116_CHEMBL5404104,0.2871,False
O75116_CHEMBL5412156,0.2913,False
O75116_CHEMBL5406146,0.2935,False
O75116_CHEMBL5437264,0.301,False
O75116_CHEMBL5422811,0.3108,False
O75116_CHEMBL5407182,0.3152,False
O75116_CHEMBL5440366,0.3147,False
O75116_CHEMBL5428749,0.2856,False
O75116_CHEMBL5426560,0.3235,False
O75116_CHEMBL5425811,0.2935,False
O75116_CHEMBL5430350,0.2913,False
O75116_CHEMBL5403316,0.3589,False
O75116_CHEMBL5420736,0.3589,False
O75116_CHEMBL5418416,0.321,False
O75116_CHEMBL5420109,0.321,False
O75116_CHEMBL5440816,0.3333,False
O75116_CHEMBL5400899,0.3333,False
O75116_CHEMBL5419207,0.3647,False
O75116_CHEMBL5412281,0.3647,False
O75874_CHEMBL5406779,0.4119,False
O75874_CHEMBL5395826,0.4321,False
O75874_CHEMBL5397019,0.6143,False
O75874_CHEMBL5435681,0.4119,False
O75874_CHEMBL5395971,0.4023,False
O75874_CHEMBL5429617,0.3845,False
O75874_CHEMBL5435016,0.2888,False
O75874_CHEMBL5427214,0.3845,False
O75874_CHEMBL5407884,0.5181,False
O75874_CHEMBL5440722,0.4321,False
O75874_CHEMBL5430621,0.6143,False
O75874_CHEMBL5431953,0.4167,False
O75874_CHEMBL5401441,0.2947,False
O75874_CHEMBL5402222,0.6143,False
O75874_CHEMBL5401096,0.4023,False
O75874_CHEMBL5426190,0.2473,False
O75874_CHEMBL5395437,0.4167,False
O75874_CHEMBL5420050,0.4268,False
O75874_CHEMBL5436549,0.407,False
O75874_CHEMBL5394135,0.3723,False
O75874_CHEMBL5432595,0.3845,False
O75874_CHEMBL5399782,0.407,False
O75874_CHEMBL5398072,0.5181,False
O75874_CHEMBL5426656,0.4375,False
O75874_CHEMBL5429295,0.4167,False
O75874_CHEMBL5400253,0.3889,False
O75874_CHEMBL5422753,0.4167,False
O75874_CHEMBL5410097,0.4375,False
O75874_CHEMBL5410611,0.4167,False
O75874_CHEMBL5413084,0.407,False
O75874_CHEMBL5403346,0.3889,False
O75874_CHEMBL5408062,0.3889,False
O75874_CHEMBL5400037,0.5376,False
O75874_CHEMBL5436629,0.6416,False
O75874_CHEMBL5414869,0.3142,False
O75874_CHEMBL5425321,0.4431,False
O75874_CHEMBL5436810,0.6323,False
O75874_CHEMBL5408544,0.3059,False
O75874_CHEMBL5426446,0.3562,False
O94925_CHEMBL5427008,0.5557,False
O94925_CHEMBL5409568,0.5977,False
O94925_CHEMBL5415915,0.5747,False
O94925_CHEMBL5405118,0.6025,False
O94925_CHEMBL5404634,0.3025,False
O94925_CHEMBL5435169,0.4431,False
O94925_CHEMBL5409517,0.4333,False
O94925_CHEMBL5396896,0.5557,False
O94925_CHEMBL5411562,0.5977,False
O94925_CHEMBL5411945,0.5356,False
O94925_CHEMBL5433686,0.562,False
O94925_CHEMBL5415283,0.6099,False
O94925_CHEMBL5428990,0.6099,False
O94925_CHEMBL5428837,0.6172,False
O94925_CHEMBL5394045,0.6172,False
O94925_CHEMBL5412557,0.6172,False
O94925_CHEMBL5429833,0.6172,False
O94925_CHEMBL5439210,0.3701,False
O94925_CHEMBL5411575,0.6172,False
O94925_CHEMBL5401042,0.4795,False
O94925_CHEMBL5398509,0.4756,False
O94925_CHEMBL5422173,0.5625,False
O94925_CHEMBL5417938,0.5698,False
O94925_CHEMBL5437177,0.6284,False
O94925_CHEMBL5436876,0.6411,False
O94925_CHEMBL5423461,0.6328,False
O94925_CHEMBL5416007,0.625,False
O94925_CHEMBL5396169,0.625,False
O94925_CHEMBL5433758,0.4482,False
O94925_CHEMBL5399021,0.5747,False
O94925_CHEMBL5396294,0.625,False
O94925_CHEMBL5396133,0.5903,False
O94925_CHEMBL5419657,0.6328,False
O94925_CHEMBL5399908,0.4587,False
O94925_CHEMBL5427312,0.4482,False
O94925_CHEMBL5414948,0.5063,False
O94925_CHEMBL5399039,0.5884,False
O94925_CHEMBL5414772,0.5977,False
O94925_CHEMBL5416991,0.6411,False
O94925_CHEMBL5426671,0.47,False
O94925_CHEMBL5407314,0.4587,False
O94925_CHEMBL5414848,0.6089,False
O94925_CHEMBL5420513,0.5063,False
O94925_CHEMBL5439818,0.4546,False
O94925_CHEMBL5438137,0.4756,False
O94925_CHEMBL5397823,0.4431,False
O94925_CHEMBL5407097,0.4644,False
O94925_CHEMBL5427538,0.5752,False
O94925_CHEMBL5436092,0.4666,False
O94925_CHEMBL5439476,0.5127,False
O94925_CHEMBL5415662,0.4934,False
O94925_CHEMBL5412204,0.5,False
O94925_CHEMBL5399803,0.4546,False
O94925_CHEMBL5427647,0.4431,False
O94925_CHEMBL5437334,0.4546,False
O94925_CHEMBL5399812,0.4375,False
O94925_CHEMBL5412671,0.4375,False
O94925_CHEMBL5430127,0.4375,False
O94925_CHEMBL5399969,0.4534,False
O94925_CHEMBL5431067,0.4375,False
O94925_CHEMBL5429509,0.4795,False
O94925_CHEMBL5436285,0.4482,False
O94925_CHEMBL5439110,0.4382,False
O94925_CHEMBL5416840,0.2727,False
O94925_CHEMBL5395264,0.3062,False
O94925_CHEMBL5411097,0.1794,False
O94925_CHEMBL5429363,0.3125,False
O94925_CHEMBL5427092,0.4482,False
O94925_CHEMBL5414977,0.4587,False
O94925_CHEMBL5402230,0.4431,False
O94925_CHEMBL5431271,0.4756,False
O94925_CHEMBL5431644,0.47,False
O94925_CHEMBL5398009,0.5835,False
O94925_CHEMBL5405323,0.5137,False
O94925_CHEMBL5412885,0.521,False
O94925_CHEMBL5396735,0.4729,False
O94925_CHEMBL5426166,0.4666,False
O94925_CHEMBL5401295,0.4729,False
O94925_CHEMBL5417574,0.4604,False
O94925_CHEMBL5431922,0.4375,False
O94925_CHEMBL5422733,0.4546,False
O94925_CHEMBL5440854,0.4473,False
O94925_CHEMBL5397149,0.3999,False
O94925_CHEMBL5429695,0.2888,False
O96028_CHEMBL5402134,0.4119,False
O96028_CHEMBL5424751,0.2534,False
O96028_CHEMBL5403046,0.2534,False
O96028_CHEMBL5401066,0.2739,False
O96028_CHEMBL5435611,0.2739,False
O96028_CHEMBL5412710,0.3108,False
O96028_CHEMBL5401031,0.3108,False
O96028_CHEMBL5420895,0.3784,False
O96028_CHEMBL5412847,0.2588,False
O96028_CHEMBL5397372,0.2474,False
O96028_CHEMBL5419919,0.2527,False
O96028_CHEMBL5412582,0.234,False
O96028_CHEMBL5433538,0.2705,False
O96028_CHEMBL5401919,0.2739,False
O96028_CHEMBL5441106,0.8184,False
O96028_CHEMBL5419286,0.2805,False
O96028_CHEMBL5397613,0.2805,False
O96028_CHEMBL5422301,0.2639,False
O96028_CHEMBL5402868,0.2817,False
O96028_CHEMBL5430389,0.3767,False
O96028_CHEMBL5406546,0.3767,False
O96028_CHEMBL5436306,0.3125,False
O96028_CHEMBL5402955,0.3125,False
O96028_CHEMBL5414580,0.5127,False
O96028_CHEMBL5427103,0.4666,False
O96028_CHEMBL5418169,0.2632,False
O96028_CHEMBL5407373,0.2659,False
O96028_CHEMBL5431172,0.5283,False
O96028_CHEMBL5393738,0.459,False
O96028_CHEMBL5418173,0.5488,False
O96028_CHEMBL5406268,0.2654,False
O96028_CHEMBL5408020,0.3877,False
O96028_CHEMBL5397204,0.2654,False
O96028_CHEMBL5428630,0.3928,False
P00533_CHEMBL5400371,0.3962,False
P00533_CHEMBL5415196,0.4443,False
P00533_CHEMBL5427961,0.4155,False
P00533_CHEMBL5432280,0.405,False
P00533_CHEMBL5431658,0.3923,False
P00533_CHEMBL5432716,0.3975,False
P00533_CHEMBL5435372,0.3828,False
P00533_CHEMBL5398132,0.3999,False
P00533_CHEMBL5413423,0.4722,False
P00533_CHEMBL5416719,0.5508,False
P00533_CHEMBL5422592,0.3855,False
P00533_CHEMBL5426811,0.3855,False
P00533_CHEMBL5403023,0.3999,False
P00533_CHEMBL5437854,0.3999,False
P00533_CHEMBL5420997,0.4558,False
P00533_CHEMBL5406494,0.5454,False
P00533_CHEMBL5409123,0.5068,False
P00533_CHEMBL5406792,0.3867,False
P00533_CHEMBL5440626,0.3579,False
P00533_CHEMBL5437343,0.3538,False
P00533_CHEMBL5430958,0.5,False
P00533_CHEMBL5422135,0.3855,False
P00533_CHEMBL5441041,0.3452,False
P00533_CHEMBL5428368,0.3672,False
P00533_CHEMBL5435463,0.5142,False
P00533_CHEMBL5400012,0.3494,False
P00533_CHEMBL5438475,0.4919,False
P00533_CHEMBL5436101,0.4844,False
P00533_CHEMBL5432017,0.5083,False
P00533_CHEMBL5394139,0.4768,False
P00533_CHEMBL5423938,0.4626,False
P00533_CHEMBL5437181,0.4626,False
P00533_CHEMBL5417638,0.4558,False
P00533_CHEMBL5420051,0.5645,False
P00533_CHEMBL5420947,0.4927,False
P00533_CHEMBL5434109,0.5903,False
P00533_CHEMBL5429210,0.6665,False
P00533_CHEMBL5425734,0.5229,False
P00533_CHEMBL5415565,0.5229,False
P00533_CHEMBL5437252,0.4775,False
P00533_CHEMBL5408586,0.4639,False
P00533_CHEMBL5429838,0.4028,False
P00533_CHEMBL5408234,0.3718,False
P00533_CHEMBL5401943,0.4077,False
P00533_CHEMBL5404799,0.321,False
P00533_CHEMBL5403085,0.5161,False
P00533_CHEMBL5408900,0.3516,False
P00533_CHEMBL5400975,0.194,False
P00533_CHEMBL5413772,0.5454,False
P00533_CHEMBL5405436,0.7017,False
P00533_CHEMBL5402816,0.3364,False
P00533_CHEMBL5414512,0.3501,False
P00533_CHEMBL5418732,0.3086,False
P00533_CHEMBL5416812,0.405,False
P00533_CHEMBL5415613,0.5508,False
P00533_CHEMBL5415774,0.5112,False
P00533_CHEMBL5438940,0.2637,False
P00533_CHEMBL5408255,0.3181,False
P00533_CHEMBL5404784,0.3086,False
P00533_CHEMBL5400143,0.3625,False
P00533_CHEMBL5417458,0.3264,False
P00533_CHEMBL5401125,0.5396,False
P00533_CHEMBL5427952,0.4949,False
P00533_CHEMBL5410422,0.5566,False
P00533_CHEMBL5434067,0.7021,False
P00533_CHEMBL5405737,0.5317,False
P00533_CHEMBL5401619,0.5317,False
P00533_CHEMBL5398953,0.3462,False
P00533_CHEMBL5427116,0.4324,False
P00533_CHEMBL5436057,0.5938,False
P00533_CHEMBL5422465,0.3035,False
P00533_CHEMBL5417607,0.3035,False
P00533_CHEMBL5434169,0.3645,False
P00533_CHEMBL5412108,0.3721,False
P00533_CHEMBL5424597,0.3604,False
P00533_CHEMBL5409629,0.3484,False
P00533_CHEMBL5420857,0.3408,False
P00533_CHEMBL5404315,0.3296,False
P00533_CHEMBL5418474,0.3096,False
P00533_CHEMBL5431583,0.3333,False
P00533_CHEMBL5413223,0.3142,False
P00533_CHEMBL5432592,0.3132,False
P00533_CHEMBL5436096,0.3376,False
P00533_CHEMBL5434318,0.3293,False
P00533_CHEMBL5403478,0.3333,False
P00533_CHEMBL5424694,0.2964,False
P00533_CHEMBL5419520,0.3171,False
P00533_CHEMBL5406951,0.3171,False
P00533_CHEMBL5398727,0.2888,False
P00533_CHEMBL5420945,0.4075,False
P00533_CHEMBL5425883,0.3,False
P00533_CHEMBL5406771,0.3059,False
P00533_CHEMBL5439547,0.3171,False
P00533_CHEMBL5440989,0.3979,False
P00533_CHEMBL5435881,0.3904,False
P00533_CHEMBL5439991,0.3787,False
P00533_CHEMBL5423287,0.3979,False
P00533_CHEMBL5435735,0.3979,False
P00533_CHEMBL5401094,0.3979,False
P00533_CHEMBL5431909,0.4038,False
P00533_CHEMBL5419934,0.4443,False
P00533_CHEMBL5429059,0.4597,False
P00533_CHEMBL5440872,0.5752,False
P00533_CHEMBL5438568,0.5059,False
P00533_CHEMBL5411378,0.3333,False
P00533_CHEMBL5401705,0.3372,False
P00533_CHEMBL5411347,0.4238,False
P00533_CHEMBL5440766,0.321,False
P00533_CHEMBL5418313,0.396,False
P00533_CHEMBL5414964,0.2839,False
P00533_CHEMBL5398855,0.396,False
P00533_CHEMBL5398800,0.4099,False
P00533_CHEMBL5439126,0.365,False
P00533_CHEMBL5418087,0.3484,False
P00533_CHEMBL5428404,0.2922,False
P00533_CHEMBL5397490,0.3442,False
P00533_CHEMBL5411617,0.3606,False
P00533_CHEMBL5404033,0.4182,False
P00533_CHEMBL5436321,0.356,False
P00533_CHEMBL5417494,0.3374,False
P00533_CHEMBL5433431,0.4211,False
P00533_CHEMBL5439652,0.2976,False
P00533_CHEMBL5395404,0.3059,False
P00533_CHEMBL5425169,0.3037,False
P00533_CHEMBL5411535,0.406,False
P00533_CHEMBL5397983,0.3921,False
P00533_CHEMBL5401604,0.3958,False
P00533_CHEMBL5429694,0.3862,False
P00533_CHEMBL5430683,0.3921,False
P00533_CHEMBL5421809,0.3877,False
P00533_CHEMBL5401490,0.3943,False
P00533_CHEMBL5436634,0.3979,False
P00533_CHEMBL5441026,0.3838,False
P00533_CHEMBL5396183,0.3899,False
P00533_CHEMBL5416668,0.4231,False
P00533_CHEMBL5400539,0.4299,False
P00533_CHEMBL5397557,0.3899,False
P00533_CHEMBL5439143,0.3899,False
P00533_CHEMBL5425121,0.2825,False
P00915_CHEMBL5433200,0.5083,False
P00915_CHEMBL5418092,0.5083,False
P00915_CHEMBL5431609,0.4211,False
P00915_CHEMBL5434405,0.4211,False
P00915_CHEMBL5399412,0.3767,False
P00915_CHEMBL5410769,0.3767,False
P00915_CHEMBL5430974,0.3936,False
P00915_CHEMBL5420563,0.3936,False
P00915_CHEMBL5434750,0.3889,False
P00915_CHEMBL5394374,0.418,False
P00915_CHEMBL5439211,0.418,False
P00915_CHEMBL5420568,0.3965,False
P00915_CHEMBL5429492,0.4106,False
P00915_CHEMBL5425027,0.3547,False
P00915_CHEMBL5406311,0.3965,False
P00915_CHEMBL5418946,0.2942,False
P00915_CHEMBL5395028,0.3667,False
P00915_CHEMBL5408660,0.4199,False
P00915_CHEMBL5394136,0.3462,False
P00915_CHEMBL5428616,0.439,False
P00915_CHEMBL5411236,0.3403,False
P00915_CHEMBL5434644,0.3872,False
P00915_CHEMBL5418325,0.3044,False
P00915_CHEMBL5418448,0.3845,False
P00915_CHEMBL5396521,0.3086,False
P00915_CHEMBL5406454,0.4033,False
P00915_CHEMBL5415157,0.3438,False
P00915_CHEMBL5430687,0.375,False
P00915_CHEMBL5402415,0.3164,False
P00915_CHEMBL5403443,0.4905,False
P00915_CHEMBL5423785,0.3833,False
P00915_CHEMBL5420806,0.4905,False
P00915_CHEMBL5408282,0.4905,False
P00915_CHEMBL5403015,0.52,False
P00915_CHEMBL5418584,0.5,False
P00915_CHEMBL5430954,0.491,False
P00915_CHEMBL5398870,0.3445,False
P00915_CHEMBL5408801,0.4736,False
P00915_CHEMBL5427771,0.3516,False
P00915_CHEMBL5412006,0.3,False
P00915_CHEMBL5408039,0.3333,False
P00915_CHEMBL5417623,0.3809,False
P00915_CHEMBL5419120,0.4119,False
P00915_CHEMBL5419562,0.4546,False
P00915_CHEMBL5409839,0.4375,False
P00915_CHEMBL5406763,0.439,False
P00915_CHEMBL5398527,0.3794,False
P00915_CHEMBL5398482,0.4285,False
P00915_CHEMBL5404478,0.4194,False
P00915_CHEMBL5430744,0.4883,False
P00915_CHEMBL5404207,0.3726,False
P00915_CHEMBL5432122,0.3518,False
P00915_CHEMBL5400096,0.3877,False
P00915_CHEMBL5427772,0.3877,False
P00915_CHEMBL5439825,0.3655,False
P00915_CHEMBL5424006,0.3069,False
P00915_CHEMBL5419432,0.4512,False
P00915_CHEMBL5409853,0.3523,False
P00915_CHEMBL5436128,0.3708,False
P00915_CHEMBL5411012,0.3491,False
P00915_CHEMBL5427767,0.3125,False
P00915_CHEMBL5412673,0.3538,False
P00915_CHEMBL5413719,0.3433,False
P00915_CHEMBL5434757,0.3386,False
P00915_CHEMBL5431226,0.3396,False
P00915_CHEMBL5400438,0.3433,False
P00915_CHEMBL5422561,0.3594,False
P00915_CHEMBL5399183,0.4265,False
P00915_CHEMBL5437429,0.4856,False
P00915_CHEMBL5431631,0.4238,False
P00915_CHEMBL5411887,0.4263,False
P00915_CHEMBL5408930,0.4058,False
P00915_CHEMBL5422492,0.397,False
P00915_CHEMBL5438275,0.3333,False
P00915_CHEMBL5411466,0.3582,False
P00915_CHEMBL5419182,0.4404,False
P00915_CHEMBL5428815,0.4905,False
P00915_CHEMBL5435073,0.418,False
P00915_CHEMBL5438823,0.3333,False
P00915_CHEMBL5406041,0.3921,False
P00915_CHEMBL5402391,0.3906,False
P00915_CHEMBL5438178,0.4143,False
P00915_CHEMBL5433495,0.4333,False
P00915_CHEMBL5440256,0.4058,False
P00915_CHEMBL5439068,0.491,False
P00915_CHEMBL5406460,0.394,False
P00915_CHEMBL5401486,0.353,False
P00915_CHEMBL5424643,0.5083,False
P00915_CHEMBL5438359,0.4033,False
P00915_CHEMBL5395842,0.3418,False
P00915_CHEMBL5402861,0.4844,False
P00915_CHEMBL5422807,0.4844,False
P00915_CHEMBL5415701,0.5366,False
P00915_CHEMBL5417652,0.52,False
P00915_CHEMBL5430843,0.4482,False
P00915_CHEMBL5415971,0.3809,False
P00915_CHEMBL5434579,0.365,False
P00915_CHEMBL5427495,0.4426,False
P00915_CHEMBL5396279,0.3433,False
P00915_CHEMBL5427064,0.4546,False
P00915_CHEMBL5434717,0.3928,False
P00915_CHEMBL5405313,0.4912,False
P00915_CHEMBL5428119,0.5,False
P00915_CHEMBL5399497,0.4333,False
P00915_CHEMBL5406828,0.5093,False
P00915_CHEMBL5421787,0.5356,False
P00915_CHEMBL5410832,0.5601,False
P00915_CHEMBL5396229,0.5083,False
P00915_CHEMBL5400915,0.4285,False
P00915_CHEMBL5423723,0.4443,False
P00915_CHEMBL5409485,0.5806,False
P00915_CHEMBL5411876,0.52,False
P00915_CHEMBL5430806,0.4878,False
P00915_CHEMBL5427215,0.3965,False
P00915_CHEMBL5418987,0.3936,False
P00915_CHEMBL5417966,0.45,False
P00915_CHEMBL5427397,0.4375,False
P00915_CHEMBL5393899,0.5195,False
P00915_CHEMBL5416640,0.4773,False
P00915_CHEMBL5399753,0.7451,False
P00915_CHEMBL5432003,0.5371,False
P00915_CHEMBL5399026,0.5635,False
P00915_CHEMBL5413773,0.4912,False
P00915_CHEMBL5416330,0.5,False
P00915_CHEMBL5429247,0.5,False
P00915_CHEMBL5438146,0.4915,False
P00915_CHEMBL5400590,0.6113,False
P00915_CHEMBL5423705,0.6079,False
P00915_CHEMBL5420340,0.5742,False
P00915_CHEMBL5418256,0.5635,False
P00915_CHEMBL5408414,0.5635,False
P00915_CHEMBL5422630,0.4844,False
P00915_CHEMBL5412024,0.4404,False
P00915_CHEMBL5424738,0.5942,False
P00915_CHEMBL5423986,0.5137,False
P00915_CHEMBL5439333,0.5669,False
P00915_CHEMBL5435748,0.4546,False
P00915_CHEMBL5422747,0.5,False
P00915_CHEMBL5423626,0.4878,False
P00915_CHEMBL5407099,0.5254,False
P00915_CHEMBL5439232,0.5137,False
P00915_CHEMBL5412326,0.5,False
P00915_CHEMBL5404854,0.5083,False
P00915_CHEMBL5434475,0.5083,False
P00915_CHEMBL5398061,0.3635,False
P00915_CHEMBL5422153,0.3333,False
P00915_CHEMBL5395857,0.3635,False
P00915_CHEMBL5397659,0.4194,False
P00915_CHEMBL5419752,0.4746,False
P00915_CHEMBL5404038,0.4597,False
P00915_CHEMBL5439318,0.4575,False
P00915_CHEMBL5405279,0.5,False
P00915_CHEMBL5437142,0.4604,False
P00915_CHEMBL5420020,0.4746,False
P00915_CHEMBL5432770,0.4355,False
P00915_CHEMBL5395679,0.3872,False
P00915_CHEMBL5424727,0.3872,False
P00915_CHEMBL5425125,0.3809,False
P00915_CHEMBL5412351,0.5,False
P00915_CHEMBL5424664,0.3936,False
P00915_CHEMBL5420931,0.3647,False
P00915_CHEMBL5417084,0.3333,False
P00915_CHEMBL5430482,0.3635,False
P00915_CHEMBL5414077,0.4194,False
P00915_CHEMBL5402143,0.4746,False
P00915_CHEMBL5426216,0.4597,False
P00915_CHEMBL5413021,0.4575,False
P00915_CHEMBL5402145,0.5,False
P00915_CHEMBL5438010,0.4604,False
P00915_CHEMBL5421531,0.4746,False
P00915_CHEMBL5411936,0.4355,False
P00915_CHEMBL5419447,0.3872,False
P00915_CHEMBL5396393,0.3872,False
P00915_CHEMBL5409658,0.3809,False
P00915_CHEMBL5413693,0.5,False
P00915_CHEMBL5429073,0.3936,False
P00915_CHEMBL5401434,0.3647,False
P00915_CHEMBL5402497,0.6001,False
P00915_CHEMBL5412870,0.7666,False
P00915_CHEMBL5432551,0.4717,False
P00915_CHEMBL5419500,0.6665,False
P00915_CHEMBL5420864,0.5332,False
P00915_CHEMBL5432940,0.3809,False
P00915_CHEMBL5402055,0.4814,False
P00915_CHEMBL5419817,0.4546,False
P00915_CHEMBL5422706,0.5,False
P00915_CHEMBL5425202,0.5,False
P00915_CHEMBL5433765,0.5474,False
P00915_CHEMBL5420539,0.5,False
P00915_CHEMBL5395423,0.5,False
P00915_CHEMBL5405733,0.4426,False
P00915_CHEMBL5403355,0.4312,False
P00915_CHEMBL5407842,0.3999,False
P00915_CHEMBL5396530,0.4106,False
P00915_CHEMBL5397521,0.3999,False
P00915_CHEMBL5439370,0.585,False
P00915_CHEMBL5415949,0.585,False
P00915_CHEMBL5395274,0.3547,False
P00915_CHEMBL5407876,0.322,False
P00915_CHEMBL5430374,0.4285,False
P00915_CHEMBL5403578,0.3286,False
P00915_CHEMBL5439016,0.3333,False
P00915_CHEMBL5430474,0.3618,False
P00915_CHEMBL5439521,0.3201,False
P00915_CHEMBL5433722,0.6138,False
P00915_CHEMBL5416307,0.5747,False
P00915_CHEMBL5402383,0.6089,False
P00915_CHEMBL5397739,0.6089,False
P00915_CHEMBL5399974,0.3137,False
P00915_CHEMBL5420429,0.3447,False
P00915_CHEMBL5414672,0.446,False
P00915_CHEMBL5413921,0.4246,False
P00915_CHEMBL5423604,0.3977,False
P00915_CHEMBL5436862,0.3372,False
P00915_CHEMBL5422102,0.4866,False
P00915_CHEMBL5406077,0.6416,False
P00915_CHEMBL5440906,0.4385,False
P00915_CHEMBL5440763,0.4243,False
P00915_CHEMBL5436282,0.4167,False
P00915_CHEMBL5411702,0.4385,False
P00915_CHEMBL5414836,0.4243,False
P00915_CHEMBL5418786,0.4243,False
P00915_CHEMBL5412077,0.4243,False
P00915_CHEMBL5433578,0.4243,False
P00915_CHEMBL5399204,0.3494,False
P00915_CHEMBL5433154,0.3677,False
P00915_CHEMBL5409881,0.375,False
P00915_CHEMBL5403938,0.3494,False
P00915_CHEMBL5421790,0.3677,False
P00915_CHEMBL5432812,0.543,False
P00915_CHEMBL5408885,0.3962,False
P00915_CHEMBL5403077,0.4031,False
P00915_CHEMBL5420858,0.3572,False
P00915_CHEMBL5396677,0.3684,False
P00915_CHEMBL5413403,0.3879,False
P00915_CHEMBL5410282,0.4363,False
P00915_CHEMBL5422467,0.3572,False
P00915_CHEMBL5417595,0.5166,False
P00915_CHEMBL5402892,0.3472,False
P00915_CHEMBL5421078,0.3064,False
P00915_CHEMBL5435151,0.2778,False
P00915_CHEMBL5404239,0.3906,False
P00915_CHEMBL5440220,0.5,False
P00915_CHEMBL5400662,0.3157,False
P00915_CHEMBL5436091,0.3799,False
P00915_CHEMBL5415766,0.4888,False
P00915_CHEMBL5431518,0.186,False
P00918_CHEMBL5433200,0.5083,False
P00918_CHEMBL5418092,0.5083,False
P00918_CHEMBL5431609,0.4211,False
P00918_CHEMBL5434405,0.4211,False
P00918_CHEMBL5414353,0.3494,False
P00918_CHEMBL5399412,0.3767,False
P00918_CHEMBL5410769,0.3767,False
P00918_CHEMBL5430974,0.3936,False
P00918_CHEMBL5420563,0.3936,False
P00918_CHEMBL5422580,0.3889,False
P00918_CHEMBL5434750,0.3889,False
P00918_CHEMBL5394374,0.418,False
P00918_CHEMBL5439211,0.418,False
P00918_CHEMBL5420568,0.3965,False
P00918_CHEMBL5429492,0.4106,False
P00918_CHEMBL5425027,0.3547,False
P00918_CHEMBL5406311,0.3965,False
P00918_CHEMBL5418946,0.2942,False
P00918_CHEMBL5395028,0.3667,False
P00918_CHEMBL5408660,0.4199,False
P00918_CHEMBL5394136,0.3462,False
P00918_CHEMBL5428616,0.439,False
P00918_CHEMBL5411236,0.3403,False
P00918_CHEMBL5434644,0.3872,False
P00918_CHEMBL5418325,0.3044,False
P00918_CHEMBL5418448,0.3845,False
P00918_CHEMBL5396521,0.3086,False
P00918_CHEMBL5406454,0.4033,False
P00918_CHEMBL5415157,0.3438,False
P00918_CHEMBL5430687,0.375,False
P00918_CHEMBL5402415,0.3164,False
P00918_CHEMBL5403443,0.4905,False
P00918_CHEMBL5423785,0.3833,False
P00918_CHEMBL5420806,0.4905,False
P00918_CHEMBL5408282,0.4905,False
P00918_CHEMBL5403015,0.52,False
P00918_CHEMBL5418584,0.5,False
P00918_CHEMBL5430954,0.491,False
P00918_CHEMBL5398870,0.3445,False
P00918_CHEMBL5408801,0.4736,False
P00918_CHEMBL5427771,0.3516,False
P00918_CHEMBL5412006,0.3,False
P00918_CHEMBL5408039,0.3333,False
P00918_CHEMBL5417623,0.3809,False
P00918_CHEMBL5419120,0.4119,False
P00918_CHEMBL5419562,0.4546,False
P00918_CHEMBL5409839,0.4375,False
P00918_CHEMBL5406763,0.439,False
P00918_CHEMBL5398527,0.3794,False
P00918_CHEMBL5398482,0.4285,False
P00918_CHEMBL5404478,0.4194,False
P00918_CHEMBL5430744,0.4883,False
P00918_CHEMBL5404207,0.3726,False
P00918_CHEMBL5432122,0.3518,False
P00918_CHEMBL5400096,0.3877,False
P00918_CHEMBL5427772,0.3877,False
P00918_CHEMBL5439825,0.3655,False
P00918_CHEMBL5424006,0.3069,False
P00918_CHEMBL5419432,0.4512,False
P00918_CHEMBL5409853,0.3523,False
P00918_CHEMBL5435757,0.3022,False
P00918_CHEMBL5436128,0.3708,False
P00918_CHEMBL5411012,0.3491,False
P00918_CHEMBL5427767,0.3125,False
P00918_CHEMBL5412673,0.3538,False
P00918_CHEMBL5413719,0.3433,False
P00918_CHEMBL5434757,0.3386,False
P00918_CHEMBL5431226,0.3396,False
P00918_CHEMBL5400438,0.3433,False
P00918_CHEMBL5422561,0.3594,False
P00918_CHEMBL5399183,0.4265,False
P00918_CHEMBL5437429,0.4856,False
P00918_CHEMBL5418551,0.3425,False
P00918_CHEMBL5417736,0.3333,False
P00918_CHEMBL5431631,0.4238,False
P00918_CHEMBL5411887,0.4263,False
P00918_CHEMBL5408930,0.4058,False
P00918_CHEMBL5406683,0.3943,False
P00918_CHEMBL5414681,0.353,False
P00918_CHEMBL5405122,0.397,False
P00918_CHEMBL5422492,0.397,False
P00918_CHEMBL5438275,0.3333,False
P00918_CHEMBL5411466,0.3582,False
P00918_CHEMBL5419182,0.4404,False
P00918_CHEMBL5428815,0.4905,False
P00918_CHEMBL5435073,0.418,False
P00918_CHEMBL5438823,0.3333,False
P00918_CHEMBL5406041,0.3921,False
P00918_CHEMBL5402391,0.3906,False
P00918_CHEMBL5438178,0.4143,False
P00918_CHEMBL5438727,0.3601,False
P00918_CHEMBL5433495,0.4333,False
P00918_CHEMBL5440256,0.4058,False
P00918_CHEMBL5433631,0.3635,False
P00918_CHEMBL5439068,0.491,False
P00918_CHEMBL5406460,0.394,False
P00918_CHEMBL5401486,0.353,False
P00918_CHEMBL5424643,0.5083,False
P00918_CHEMBL5438359,0.4033,False
P00918_CHEMBL5395842,0.3418,False
P00918_CHEMBL5402861,0.4844,False
P00918_CHEMBL5422807,0.4844,False
P00918_CHEMBL5415701,0.5366,False
P00918_CHEMBL5417652,0.52,False
P00918_CHEMBL5430843,0.4482,False
P00918_CHEMBL5415971,0.3809,False
P00918_CHEMBL5434579,0.365,False
P00918_CHEMBL5427495,0.4426,False
P00918_CHEMBL5396279,0.3433,False
P00918_CHEMBL5427064,0.4546,False
P00918_CHEMBL5434717,0.3928,False
P00918_CHEMBL5405313,0.4912,False
P00918_CHEMBL5428119,0.5,False
P00918_CHEMBL5399497,0.4333,False
P00918_CHEMBL5416544,0.3582,False
P00918_CHEMBL5413914,0.3899,False
P00918_CHEMBL5435567,0.3999,False
P00918_CHEMBL5406828,0.5093,False
P00918_CHEMBL5421787,0.5356,False
P00918_CHEMBL5410832,0.5601,False
P00918_CHEMBL5396229,0.5083,False
P00918_CHEMBL5400915,0.4285,False
P00918_CHEMBL5423723,0.4443,False
P00918_CHEMBL5409485,0.5806,False
P00918_CHEMBL5411876,0.52,False
P00918_CHEMBL5430806,0.4878,False
P00918_CHEMBL5427215,0.3965,False
P00918_CHEMBL5418987,0.3936,False
P00918_CHEMBL5417966,0.45,False
P00918_CHEMBL5427397,0.4375,False
P00918_CHEMBL5393899,0.5195,False
P00918_CHEMBL5416640,0.4773,False
P00918_CHEMBL5399753,0.7451,False
P00918_CHEMBL5432003,0.5371,False
P00918_CHEMBL5399026,0.5635,False
P00918_CHEMBL5413773,0.4912,False
P00918_CHEMBL5416330,0.5,False
P00918_CHEMBL5429247,0.5,False
P00918_CHEMBL5438146,0.4915,False
P00918_CHEMBL5400590,0.6113,False
P00918_CHEMBL5423705,0.6079,False
P00918_CHEMBL5420340,0.5742,False
P00918_CHEMBL5418256,0.5635,False
P00918_CHEMBL5408414,0.5635,False
P00918_CHEMBL5422630,0.4844,False
P00918_CHEMBL5412024,0.4404,False
P00918_CHEMBL5424738,0.5942,False
P00918_CHEMBL5423986,0.5137,False
P00918_CHEMBL5439333,0.5669,False
P00918_CHEMBL5435748,0.4546,False
P00918_CHEMBL5422747,0.5,False
P00918_CHEMBL5423626,0.4878,False
P00918_CHEMBL5407099,0.5254,False
P00918_CHEMBL5439232,0.5137,False
P00918_CHEMBL5412326,0.5,False
P00918_CHEMBL5404854,0.5083,False
P00918_CHEMBL5434475,0.5083,False
P00918_CHEMBL5398061,0.3635,False
P00918_CHEMBL5422153,0.3333,False
P00918_CHEMBL5395857,0.3635,False
P00918_CHEMBL5397659,0.4194,False
P00918_CHEMBL5419752,0.4746,False
P00918_CHEMBL5404038,0.4597,False
P00918_CHEMBL5439318,0.4575,False
P00918_CHEMBL5405279,0.5,False
P00918_CHEMBL5437142,0.4604,False
P00918_CHEMBL5420020,0.4746,False
P00918_CHEMBL5432770,0.4355,False
P00918_CHEMBL5395679,0.3872,False
P00918_CHEMBL5424727,0.3872,False
P00918_CHEMBL5425125,0.3809,False
P00918_CHEMBL5412351,0.5,False
P00918_CHEMBL5424664,0.3936,False
P00918_CHEMBL5420931,0.3647,False
P00918_CHEMBL5417084,0.3333,False
P00918_CHEMBL5430482,0.3635,False
P00918_CHEMBL5414077,0.4194,False
P00918_CHEMBL5402143,0.4746,False
P00918_CHEMBL5426216,0.4597,False
P00918_CHEMBL5413021,0.4575,False
P00918_CHEMBL5402145,0.5,False
P00918_CHEMBL5438010,0.4604,False
P00918_CHEMBL5421531,0.4746,False
P00918_CHEMBL5411936,0.4355,False
P00918_CHEMBL5419447,0.3872,False
P00918_CHEMBL5396393,0.3872,False
P00918_CHEMBL5409658,0.3809,False
P00918_CHEMBL5413693,0.5,False
P00918_CHEMBL5429073,0.3936,False
P00918_CHEMBL5401434,0.3647,False
P00918_CHEMBL5402497,0.6001,False
P00918_CHEMBL5412870,0.7666,False
P00918_CHEMBL5432551,0.4717,False
P00918_CHEMBL5419500,0.6665,False
P00918_CHEMBL5420864,0.5332,False
P00918_CHEMBL5432940,0.3809,False
P00918_CHEMBL5402055,0.4814,False
P00918_CHEMBL5419817,0.4546,False
P00918_CHEMBL5422706,0.5,False
P00918_CHEMBL5425202,0.5,False
P00918_CHEMBL5433765,0.5474,False
P00918_CHEMBL5420539,0.5,False
P00918_CHEMBL5395423,0.5,False
P00918_CHEMBL5405733,0.4426,False
P00918_CHEMBL5403355,0.4312,False
P00918_CHEMBL5407842,0.3999,False
P00918_CHEMBL5396530,0.4106,False
P00918_CHEMBL5397521,0.3999,False
P00918_CHEMBL5439370,0.585,False
P00918_CHEMBL5415949,0.585,False
P00918_CHEMBL5395274,0.3547,False
P00918_CHEMBL5407876,0.322,False
P00918_CHEMBL5430374,0.4285,False
P00918_CHEMBL5403578,0.3286,False
P00918_CHEMBL5439016,0.3333,False
P00918_CHEMBL5430474,0.3618,False
P00918_CHEMBL5439521,0.3201,False
P00918_CHEMBL5433722,0.6138,False
P00918_CHEMBL5416307,0.5747,False
P00918_CHEMBL5402383,0.6089,False
P00918_CHEMBL5397739,0.6089,False
P00918_CHEMBL5399974,0.3137,False
P00918_CHEMBL5420429,0.3447,False
P00918_CHEMBL5414672,0.446,False
P00918_CHEMBL5413921,0.4246,False
P00918_CHEMBL5423604,0.3977,False
P00918_CHEMBL5436862,0.3372,False
P00918_CHEMBL5422102,0.4866,False
P00918_CHEMBL5406077,0.6416,False
P00918_CHEMBL5440906,0.4385,False
P00918_CHEMBL5440763,0.4243,False
P00918_CHEMBL5436282,0.4167,False
P00918_CHEMBL5411702,0.4385,False
P00918_CHEMBL5414836,0.4243,False
P00918_CHEMBL5418786,0.4243,False
P00918_CHEMBL5412077,0.4243,False
P00918_CHEMBL5433578,0.4243,False
P00918_CHEMBL5399204,0.3494,False
P00918_CHEMBL5433154,0.3677,False
P00918_CHEMBL5409881,0.375,False
P00918_CHEMBL5403938,0.3494,False
P00918_CHEMBL5421790,0.3677,False
P00918_CHEMBL5433629,0.3521,False
P00918_CHEMBL5425764,0.3447,False
P00918_CHEMBL5420500,0.3804,False
P00918_CHEMBL5432812,0.543,False
P00918_CHEMBL5408885,0.3962,False
P00918_CHEMBL5403077,0.4031,False
P00918_CHEMBL5420858,0.3572,False
P00918_CHEMBL5396677,0.3684,False
P00918_CHEMBL5413403,0.3879,False
P00918_CHEMBL5410282,0.4363,False
P00918_CHEMBL5422467,0.3572,False
P00918_CHEMBL5417595,0.5166,False
P00918_CHEMBL5402892,0.3472,False
P00918_CHEMBL5421078,0.3064,False
P00918_CHEMBL5435151,0.2778,False
P00918_CHEMBL5404239,0.3906,False
P00918_CHEMBL5440220,0.5,False
P00918_CHEMBL5400662,0.3157,False
P00918_CHEMBL5436091,0.3799,False
P00918_CHEMBL5415766,0.4888,False
P00918_CHEMBL5431518,0.186,False
P01116_CHEMBL5405893,0.2031,False
P01116_CHEMBL5430615,0.1901,False
P01116_CHEMBL5436936,0.3098,False
P01116_CHEMBL5394061,0.2029,False
P01116_CHEMBL5431314,0.2207,False
P01116_CHEMBL5406019,0.2313,False
P01116_CHEMBL5437416,0.2123,False
P01116_CHEMBL5397857,0.2177,False
P01116_CHEMBL5408905,0.2216,False
P01116_CHEMBL5401101,0.2253,False
P01116_CHEMBL5413564,0.2119,False
P01116_CHEMBL5415578,0.1987,False
P01116_CHEMBL5402298,0.1918,False
P01116_CHEMBL5408294,0.1971,False
P01116_CHEMBL5434304,0.3438,False
P01116_CHEMBL5396905,0.271,False
P01116_CHEMBL5397270,0.2449,False
P01116_CHEMBL5434387,0.2455,False
P01116_CHEMBL5436538,0.2554,False
P01116_CHEMBL5423732,0.2396,False
P01116_CHEMBL5439404,0.261,False
P01116_CHEMBL5411433,0.2654,False
P01116_CHEMBL5440242,0.2622,False
P01116_CHEMBL5411023,0.2605,False
P01116_CHEMBL5434277,0.2396,False
P01116_CHEMBL5430597,0.2222,False
P01116_CHEMBL5401145,0.225,False
P01116_CHEMBL5420106,0.2482,False
P01116_CHEMBL5413109,0.2246,False
P01116_CHEMBL5429450,0.243,False
P01116_CHEMBL5413213,0.2408,False
P01116_CHEMBL5407974,0.2578,False
P01116_CHEMBL5423141,0.2478,False
P01116_CHEMBL5440407,0.2444,False
P01116_CHEMBL5432250,0.2482,False
P01116_CHEMBL5433325,0.2408,False
P01116_CHEMBL5399365,0.2559,False
P01116_CHEMBL5434458,0.2374,False
P01116_CHEMBL5407525,0.25,False
P01116_CHEMBL5407640,0.2408,False
P01116_CHEMBL5439684,0.2437,False
P01116_CHEMBL5403842,0.262,False
P01116_CHEMBL5421903,0.2437,False
P01116_CHEMBL5400481,0.2391,False
P01116_CHEMBL5400366,0.2437,False
P01116_CHEMBL5403626,0.2462,False
P01116_CHEMBL5401087,0.2408,False
P01116_CHEMBL5429318,0.2559,False
P01116_CHEMBL5438399,0.2539,False
P01116_CHEMBL5405632,0.2106,False
P01116_CHEMBL5426739,0.2119,False
P01116_CHEMBL5398980,0.2197,False
P03372_CHEMBL5408419,0.7319,False
P03372_CHEMBL5435203,0.5093,False
P03372_CHEMBL5419649,0.6416,False
P03372_CHEMBL5414572,0.623,False
P03372_CHEMBL5428681,0.623,False
P03372_CHEMBL5406865,0.7817,False
P03372_CHEMBL5398866,0.6514,False
P03372_CHEMBL5432102,0.6514,False
P03372_CHEMBL5432210,0.5674,False
P03372_CHEMBL5409872,0.4644,False
P03372_CHEMBL5425958,0.4602,False
P03372_CHEMBL5430840,0.562,False
P03372_CHEMBL5402062,0.4602,False
P03372_CHEMBL5422265,0.4583,False
P03372_CHEMBL5418457,0.562,False
P03372_CHEMBL5438497,0.4602,False
P03372_CHEMBL5394554,0.562,False
P03372_CHEMBL5421913,0.562,False
P03372_CHEMBL5397899,0.562,False
P03372_CHEMBL5436713,0.6665,False
P03372_CHEMBL5435743,0.646,False
P03372_CHEMBL5423781,0.646,False
P03372_CHEMBL5394879,0.6772,False
P03372_CHEMBL5423408,0.6772,False
P03372_CHEMBL5403080,0.7778,False
P03372_CHEMBL5407335,0.7368,False
P03372_CHEMBL5414659,0.7368,False
P03372_CHEMBL5424929,0.6289,False
P03372_CHEMBL5426251,0.6001,False
P03372_CHEMBL5423258,0.6001,False
P03372_CHEMBL5414261,0.52,False
P03372_CHEMBL5433532,0.5195,False
P03372_CHEMBL5398724,0.5195,False
P03372_CHEMBL5396802,0.6191,False
P03372_CHEMBL5409541,0.5269,False
P03372_CHEMBL5417949,0.4333,False
P03372_CHEMBL5404699,0.4478,False
P03372_CHEMBL5420394,0.4285,False
P03372_CHEMBL5427513,0.4285,False
P03372_CHEMBL5403840,0.5342,False
P03372_CHEMBL5406802,0.3999,False
P03372_CHEMBL5424786,0.5747,False
P03372_CHEMBL5417452,0.4285,False
P03372_CHEMBL5426947,0.4285,False
P03372_CHEMBL5398397,0.5464,False
P03372_CHEMBL5413289,0.4482,False
P03372_CHEMBL5404403,0.4482,False
P03372_CHEMBL5409715,0.3899,False
P03372_CHEMBL5430117,0.3872,False
P03372_CHEMBL5394007,0.5605,False
P03372_CHEMBL5399056,0.4412,False
P03372_CHEMBL5400203,0.4226,False
P03372_CHEMBL5437007,0.4761,False
P03372_CHEMBL5425664,0.366,False
P03372_CHEMBL5436409,0.7256,False
P03372_CHEMBL5429522,0.4131,False
P03372_CHEMBL5394016,0.4175,False
P03372_CHEMBL5395953,0.427,False
P03372_CHEMBL5431822,0.3645,False
P03372_CHEMBL5427627,0.3645,False
P03372_CHEMBL5428797,0.3679,False
P03372_CHEMBL5413340,0.522,False
P03372_CHEMBL5404063,0.522,False
P03372_CHEMBL5394546,0.4395,False
P03372_CHEMBL5412790,0.4084,False
P03372_CHEMBL5421409,0.4084,False
P03372_CHEMBL5433442,0.3918,False
P03372_CHEMBL5405944,0.3918,False
P03372_CHEMBL5408038,0.4929,False
P03372_CHEMBL5422315,0.4084,False
P03372_CHEMBL5401146,0.4084,False
P03372_CHEMBL5400803,0.5205,False
P03372_CHEMBL5403786,0.4177,False
P03372_CHEMBL5410004,0.4177,False
P03372_CHEMBL5426175,0.4023,False
P03372_CHEMBL5411799,0.4177,False
P03372_CHEMBL5418690,0.4697,False
P03372_CHEMBL5436925,0.4226,False
P03372_CHEMBL5402392,0.4055,False
P03951_CHEMBL5399926,0.6709,False
P03951_CHEMBL5400859,0.3474,False
P03951_CHEMBL5422323,0.3298,False
P03951_CHEMBL5428779,0.3201,False
P03951_CHEMBL5438074,0.2688,False
P03951_CHEMBL5422380,0.3242,False
P03951_CHEMBL5395642,0.2947,False
P03951_CHEMBL5416393,0.4187,False
P03951_CHEMBL5413065,0.4299,False
P03951_CHEMBL5426898,0.3792,False
P03951_CHEMBL5419603,0.2681,False
P03951_CHEMBL5439061,0.2913,False
P03951_CHEMBL5406534,0.3516,False
P03951_CHEMBL5427891,0.3059,False
P03951_CHEMBL5412953,0.2812,False
P03951_CHEMBL5420409,0.2842,False
P03951_CHEMBL5439131,0.2917,False
P03951_CHEMBL5420055,0.3516,False
P03951_CHEMBL5431336,0.2795,False
P03951_CHEMBL5398062,0.314,False
P03951_CHEMBL5416199,0.3096,False
P03951_CHEMBL5434010,0.3086,False
P03951_CHEMBL5432831,0.2959,False
P03951_CHEMBL5404596,0.3157,False
P03951_CHEMBL5437779,0.3191,False
P03951_CHEMBL5419156,0.303,False
P03951_CHEMBL5400795,0.3059,False
P03951_CHEMBL5400667,0.3132,False
P03951_CHEMBL5395901,0.2844,False
P03951_CHEMBL5435153,0.3726,False
P03951_CHEMBL5436073,0.3789,False
P03951_CHEMBL5426362,0.2764,False
P03951_CHEMBL5426903,0.2952,False
P03951_CHEMBL5397593,0.3083,False
P03951_CHEMBL5403102,0.272,False
P03951_CHEMBL5425168,0.3914,False
P03951_CHEMBL5423135,0.3999,False
P03951_CHEMBL5410680,0.4409,False
P03951_CHEMBL5403224,0.2856,False
P04629_CHEMBL5428085,0.343,False
P04629_CHEMBL5424164,0.3059,False
P04629_CHEMBL5427137,0.4167,False
P04629_CHEMBL5407680,0.3225,False
P04629_CHEMBL5418921,0.353,False
P04629_CHEMBL5424443,1.0,True
P04629_CHEMBL5396900,0.2874,False
P04629_CHEMBL5399402,0.353,False
P04629_CHEMBL5406952,0.4653,False
P04629_CHEMBL5414386,0.4246,False
P04629_CHEMBL5422637,0.4246,False
P04629_CHEMBL5439768,0.4673,False
P04629_CHEMBL5406821,0.3083,False
P04629_CHEMBL5401624,0.3137,False
P04629_CHEMBL5430182,0.4265,False
P04629_CHEMBL5403006,0.3914,False
P04629_CHEMBL5434198,0.3394,False
P04629_CHEMBL5401850,0.3181,False
P04629_CHEMBL5394214,0.365,False
P04629_CHEMBL5431124,0.3462,False
P04629_CHEMBL5421662,0.3333,False
P04629_CHEMBL5400169,0.2554,False
P04629_CHEMBL5410147,0.3333,False
P04629_CHEMBL5416521,0.375,False
P04629_CHEMBL5432219,0.3306,False
P04629_CHEMBL5410884,0.3223,False
P04629_CHEMBL5421829,0.3845,False
P04629_CHEMBL5405759,0.3306,False
P04629_CHEMBL5396972,0.2983,False
P04629_CHEMBL5415833,0.3445,False
P04629_CHEMBL5420615,0.4324,False
P04629_CHEMBL5404881,0.3298,False
P04629_CHEMBL5393854,0.5454,False
P04629_CHEMBL5406744,0.3975,False
P04629_CHEMBL5397303,0.3157,False
P04629_CHEMBL5432162,0.3069,False
P04629_CHEMBL5400736,0.3301,False
P04629_CHEMBL5426828,0.3364,False
P04629_CHEMBL5404983,0.3225,False
P04629_CHEMBL5432542,0.3369,False
P04629_CHEMBL5399648,0.3142,False
P04629_CHEMBL5420150,0.3269,False
P04629_CHEMBL5402864,0.3203,False
P04629_CHEMBL5439790,0.3201,False
P04629_CHEMBL5423111,0.3462,False
P04629_CHEMBL5408496,0.353,False
P04629_CHEMBL5425999,0.3271,False
P04629_CHEMBL5424704,0.3496,False
P04629_CHEMBL5439446,0.324,False
P04629_CHEMBL5420852,0.3274,False
P04629_CHEMBL5435158,0.3333,False
P04629_CHEMBL5424463,0.3271,False
P04629_CHEMBL5429187,0.313,False
P04629_CHEMBL5429940,0.3071,False
P04629_CHEMBL5397250,0.353,False
P04629_CHEMBL5435416,0.3196,False
P04629_CHEMBL5409434,0.3298,False
P04629_CHEMBL5438019,0.3196,False
P04629_CHEMBL5430106,0.3201,False
P04629_CHEMBL5418250,0.3264,False
P04629_CHEMBL5429009,0.3369,False
P04629_CHEMBL5396416,0.3232,False
P04629_CHEMBL5425790,0.3069,False
P04629_CHEMBL5405656,0.3164,False
P04629_CHEMBL5430972,0.3164,False
P04629_CHEMBL5412525,0.3101,False
P04629_CHEMBL5416004,0.3975,False
P04629_CHEMBL5420791,0.3301,False
P04629_CHEMBL5394049,0.3706,False
P04629_CHEMBL5438621,0.3875,False
P04629_CHEMBL5408929,0.3875,False
P04629_CHEMBL5433110,0.3875,False
P04629_CHEMBL5422195,0.366,False
P04629_CHEMBL5394378,0.366,False
P04629_CHEMBL5429379,0.3796,False
P04629_CHEMBL5422461,0.3928,False
P04629_CHEMBL5411653,0.3625,False
P04629_CHEMBL5431604,0.7002,False
P04629_CHEMBL5404930,0.3425,False
P04629_CHEMBL5429933,0.3164,False
P04629_CHEMBL5394749,0.3379,False
P04629_CHEMBL5436505,0.3767,False
P04629_CHEMBL5401007,0.3489,False
P04629_CHEMBL5421856,0.4226,False
P04629_CHEMBL5401510,0.3936,False
P04629_CHEMBL5404415,0.5073,False
P04629_CHEMBL5409228,0.4189,False
P04629_CHEMBL5422996,0.4443,False
P04629_CHEMBL5393979,0.3975,False
P04629_CHEMBL5434909,0.48,False
P04629_CHEMBL5418831,0.3975,False
P04629_CHEMBL5412950,0.4246,False
P04629_CHEMBL5406403,0.3086,False
P04629_CHEMBL5402630,0.3484,False
P04629_CHEMBL5412694,0.5425,False
P04629_CHEMBL5435508,0.3333,False
P04629_CHEMBL5429071,0.321,False
P04629_CHEMBL5421895,0.4026,False
P04629_CHEMBL5426432,0.3975,False
P04629_CHEMBL5424554,0.4417,False
P04629_CHEMBL5412491,0.3975,False
P04629_CHEMBL5405520,0.408,False
P04629_CHEMBL5431992,0.5161,False
P04629_CHEMBL5426605,0.4133,False
P04629_CHEMBL5432702,0.4246,False
P04629_CHEMBL5399429,0.4133,False
P04629_CHEMBL5423414,0.4133,False
P04629_CHEMBL5406562,0.4133,False
P04629_CHEMBL5429205,0.4324,False
P04629_CHEMBL5439400,0.4268,False
P04629_CHEMBL5412443,0.4226,False
P04629_CHEMBL5415584,0.4246,False
P04629_CHEMBL5436311,0.4426,False
P06276_CHEMBL5394478,0.3691,False
P06276_CHEMBL5400593,0.3779,False
P06276_CHEMBL5428978,0.3735,False
P06276_CHEMBL5410208,0.375,False
P06276_CHEMBL5431791,0.375,False
P06276_CHEMBL5399188,0.375,False
P06276_CHEMBL5421921,0.3779,False
P06276_CHEMBL5417071,0.3215,False
P06276_CHEMBL5398025,0.322,False
P06276_CHEMBL5422164,0.3508,False
P06276_CHEMBL5403494,0.3501,False
P06276_CHEMBL5397813,0.3333,False
P06276_CHEMBL5420941,0.3215,False
P06276_CHEMBL5399726,0.3274,False
P06276_CHEMBL5431372,0.3276,False
P06276_CHEMBL5422439,0.3508,False
P06276_CHEMBL5414976,0.3015,False
P06276_CHEMBL5420342,0.3091,False
P06276_CHEMBL5400996,0.2856,False
P06276_CHEMBL5418052,0.356,False
P06276_CHEMBL5411459,0.3552,False
P06276_CHEMBL5411568,0.3103,False
P06276_CHEMBL5431415,0.3167,False
P06276_CHEMBL5425456,0.3181,False
P06276_CHEMBL5435772,0.3147,False
P06276_CHEMBL5394683,0.4133,False
P06276_CHEMBL5407856,0.4133,False
P06276_CHEMBL5429001,0.4546,False
P06276_CHEMBL5440735,0.408,False
P06276_CHEMBL5413749,0.3875,False
P06276_CHEMBL5408610,0.3696,False
P06276_CHEMBL5404420,0.3696,False
P06276_CHEMBL5421463,0.2917,False
P06276_CHEMBL5406889,0.302,False
P06276_CHEMBL5420247,0.3379,False
P06276_CHEMBL5409611,0.3572,False
P06276_CHEMBL5412993,0.2837,False
P06276_CHEMBL5398273,0.3225,False
P06276_CHEMBL5396049,0.3555,False
P06276_CHEMBL5424979,0.3052,False
P06276_CHEMBL5413699,0.353,False
P06276_CHEMBL5420880,0.3394,False
P06276_CHEMBL5437254,0.3635,False
P06276_CHEMBL5434796,0.3115,False
P06276_CHEMBL5441139,0.3333,False
P06276_CHEMBL5429766,0.2979,False
P06276_CHEMBL5409303,0.3044,False
P06276_CHEMBL5395691,0.4133,False
P06276_CHEMBL5414324,0.4443,False
P06276_CHEMBL5395228,0.3181,False
P06276_CHEMBL5405929,0.4133,False
P06276_CHEMBL5424787,0.3088,False
P06276_CHEMBL5395270,0.311,False
P06276_CHEMBL5416421,0.3147,False
P06276_CHEMBL5421196,0.3088,False
P06276_CHEMBL5404463,0.2856,False
P06276_CHEMBL5425753,0.3259,False
P06276_CHEMBL5411758,0.3552,False
P06276_CHEMBL5429690,0.3462,False
P06276_CHEMBL5401121,0.3455,False
P06276_CHEMBL5440083,0.3704,False
P06276_CHEMBL5425341,0.3167,False
P06276_CHEMBL5436185,0.3269,False
P06276_CHEMBL5434452,0.302,False
P06276_CHEMBL5403457,0.3,False
P06276_CHEMBL5406359,0.3467,False
P06276_CHEMBL5430829,0.3818,False
P06276_CHEMBL5411397,0.3064,False
P06276_CHEMBL5422050,0.3015,False
P06276_CHEMBL5412500,0.3015,False
P06276_CHEMBL5414873,0.314,False
P06276_CHEMBL5419243,0.2644,False
P06276_CHEMBL5417346,0.2561,False
P06276_CHEMBL5426103,0.2644,False
P06276_CHEMBL5440753,0.2561,False
P06276_CHEMBL5434553,0.2561,False
P06276_CHEMBL5396497,0.2529,False
P06276_CHEMBL5433692,0.2878,False
P06276_CHEMBL5429608,0.3948,False
P06276_CHEMBL5396394,0.3975,False
P06276_CHEMBL5435599,0.3999,False
P06276_CHEMBL5426763,0.3896,False
P06276_CHEMBL5407369,0.3704,False
P06276_CHEMBL5405546,0.4109,False
P06276_CHEMBL5426641,0.2844,False
P06276_CHEMBL5412278,0.3193,False
P06276_CHEMBL5412829,0.3948,False
P06276_CHEMBL5408735,0.2715,False
P06276_CHEMBL5422875,0.3845,False
P06276_CHEMBL5427320,0.2986,False
P06276_CHEMBL5416357,0.2534,False
P06276_CHEMBL5419364,0.3049,False
P06276_CHEMBL5436261,0.3013,False
P06276_CHEMBL5405496,0.2874,False
P06276_CHEMBL5415210,0.2874,False
P06276_CHEMBL5440573,0.3333,False
P06276_CHEMBL5416559,0.3623,False
P06276_CHEMBL5418400,0.3601,False
P06276_CHEMBL5417185,0.3157,False
P06276_CHEMBL5408893,0.2856,False
P06276_CHEMBL5415204,0.3333,False
P06276_CHEMBL5439292,0.4358,False
P06276_CHEMBL5433937,0.3965,False
P06276_CHEMBL5439067,0.377,False
P06276_CHEMBL5438175,0.3137,False
P06276_CHEMBL5430903,0.2827,False
P06276_CHEMBL5398901,0.4558,False
P06276_CHEMBL5415150,0.3733,False
P06276_CHEMBL5399673,0.2759,False
P06276_CHEMBL5438801,0.2839,False
P06276_CHEMBL5431870,0.3291,False
P06276_CHEMBL5416710,0.2698,False
P06276_CHEMBL5439093,0.2759,False
P06276_CHEMBL5412564,0.5425,False
P06276_CHEMBL5409365,0.3943,False
P06276_CHEMBL5411394,0.3735,False
P06276_CHEMBL5401934,0.356,False
P06276_CHEMBL5418088,0.3721,False
P06276_CHEMBL5436917,0.3655,False
P06276_CHEMBL5426401,0.283,False
P06276_CHEMBL5414920,0.3621,False
P06276_CHEMBL5395541,0.3765,False
P06276_CHEMBL5401178,0.4312,False
P06276_CHEMBL5412854,0.3674,False
P06276_CHEMBL5409352,0.5,False
P06276_CHEMBL5433139,0.6182,False
P07333_CHEMBL5405436,0.7017,False
P07333_CHEMBL5418732,0.3086,False
P07333_CHEMBL5415503,0.4536,False
P07333_CHEMBL5428147,0.282,False
P07333_CHEMBL5430774,0.2771,False
P07333_CHEMBL5438171,0.2947,False
P07333_CHEMBL5427025,0.2715,False
P07333_CHEMBL5422579,0.2856,False
P07333_CHEMBL5422465,0.3035,False
P07333_CHEMBL5417607,0.3035,False
P07333_CHEMBL5407395,0.2976,False
P07333_CHEMBL5431736,0.2942,False
P07333_CHEMBL5417420,0.2856,False
P07333_CHEMBL5406229,0.2917,False
P07333_CHEMBL5424810,0.2964,False
P07333_CHEMBL5401076,0.281,False
P07333_CHEMBL5404686,0.2874,False
P07333_CHEMBL5400254,0.2952,False
P07333_CHEMBL5399299,0.353,False
P07333_CHEMBL5394928,0.3049,False
P07333_CHEMBL5418474,0.3096,False
P07333_CHEMBL5431583,0.3333,False
P07333_CHEMBL5413223,0.3142,False
P07333_CHEMBL5432592,0.3132,False
P07333_CHEMBL5436096,0.3376,False
P07333_CHEMBL5417945,0.3462,False
P07333_CHEMBL5438430,0.3059,False
P07333_CHEMBL5405639,0.3804,False
P07333_CHEMBL5410996,0.3438,False
P07333_CHEMBL5434318,0.3293,False
P07333_CHEMBL5429835,0.2908,False
P07333_CHEMBL5432649,0.3333,False
P07333_CHEMBL5410355,0.2793,False
P07333_CHEMBL5403478,0.3333,False
P07333_CHEMBL5428255,0.2791,False
P07333_CHEMBL5426924,0.3472,False
P07333_CHEMBL5428593,0.3289,False
P07333_CHEMBL5397493,0.2817,False
P07333_CHEMBL5424694,0.2964,False
P07333_CHEMBL5403333,0.2891,False
P07333_CHEMBL5419520,0.3171,False
P07333_CHEMBL5406951,0.3171,False
P07333_CHEMBL5416633,0.3108,False
P07333_CHEMBL5431035,0.323,False
P07333_CHEMBL5416379,0.3286,False
P07333_CHEMBL5416772,0.3538,False
P07333_CHEMBL5415647,0.3667,False
P07333_CHEMBL5425883,0.3,False
P07333_CHEMBL5406771,0.3059,False
P07333_CHEMBL5439547,0.3171,False
P07333_CHEMBL5435513,0.2898,False
P07333_CHEMBL5411378,0.3333,False
P07333_CHEMBL5430633,0.3975,False
P07333_CHEMBL5414671,0.323,False
P07333_CHEMBL5411522,0.3491,False
P07333_CHEMBL5399857,0.3623,False
P07333_CHEMBL5408316,0.314,False
P07333_CHEMBL5398307,0.3408,False
P07333_CHEMBL5440766,0.321,False
P07333_CHEMBL5414964,0.2839,False
P07333_CHEMBL5431785,0.3447,False
P07333_CHEMBL5395449,0.2825,False
P07333_CHEMBL5405206,0.3433,False
P07333_CHEMBL5439126,0.365,False
P07333_CHEMBL5417719,0.3484,False
P07333_CHEMBL5397426,0.3076,False
P07333_CHEMBL5418087,0.3484,False
P07333_CHEMBL5430348,0.3333,False
P07333_CHEMBL5428404,0.2922,False
P07333_CHEMBL5410595,0.3333,False
P07333_CHEMBL5420485,0.3225,False
P07333_CHEMBL5397490,0.3442,False
P07333_CHEMBL5411617,0.3606,False
P07333_CHEMBL5404033,0.4182,False
P07333_CHEMBL5398778,0.3506,False
P07333_CHEMBL5436321,0.356,False
P07333_CHEMBL5417494,0.3374,False
P07333_CHEMBL5435576,0.3225,False
P07333_CHEMBL5431339,0.4194,False
P07333_CHEMBL5397557,0.3899,False
P07333_CHEMBL5439143,0.3899,False
P08183_CHEMBL5425185,0.3289,False
P08183_CHEMBL5437398,0.2686,False
P08183_CHEMBL5436340,0.2686,False
P08183_CHEMBL5429850,0.2524,False
P08183_CHEMBL5430468,0.3677,False
P08183_CHEMBL5413805,0.3677,False
P08183_CHEMBL5434737,0.4219,False
P08183_CHEMBL5438188,0.3977,False
P08183_CHEMBL5439235,0.2786,False
P08183_CHEMBL5419493,0.3098,False
P08183_CHEMBL5405329,0.3157,False
P08183_CHEMBL5421503,0.3857,False
P08183_CHEMBL5405630,0.3789,False
P08183_CHEMBL5399482,0.2344,False
P08183_CHEMBL5417686,0.311,False
P08183_CHEMBL5400964,0.3906,False
P08183_CHEMBL5426932,0.2544,False
P08183_CHEMBL5437506,0.261,False
P08183_CHEMBL5415709,0.3906,False
P08183_CHEMBL5438538,0.4666,False
P08183_CHEMBL5425919,0.3906,False
P08183_CHEMBL5402480,0.3906,False
P08183_CHEMBL5418484,0.3906,False
P08183_CHEMBL5441059,0.3379,False
P08183_CHEMBL5420094,0.3523,False
P08183_CHEMBL5412607,0.3406,False
P08183_CHEMBL5437560,0.3445,False
P08183_CHEMBL5415893,0.3147,False
P08183_CHEMBL5436448,0.3091,False
P08183_CHEMBL5396671,0.293,False
P08183_CHEMBL5407482,0.312,False
P08183_CHEMBL5407412,0.3113,False
P08183_CHEMBL5431081,0.2974,False
P08183_CHEMBL5412371,0.3264,False
P08183_CHEMBL5425892,0.3179,False
P08183_CHEMBL5399662,0.3101,False
P08183_CHEMBL5426025,0.3462,False
P08183_CHEMBL5398052,0.3196,False
P08183_CHEMBL5407313,0.3101,False
P08183_CHEMBL5407159,0.3374,False
P08183_CHEMBL5421510,0.3176,False
P08183_CHEMBL5414246,0.343,False
P08183_CHEMBL5416933,0.3096,False
P08183_CHEMBL5411388,0.3108,False
P08183_CHEMBL5401765,0.3523,False
P08183_CHEMBL5428669,0.3523,False
P08183_CHEMBL5438795,0.3667,False
P08183_CHEMBL5418459,0.3821,False
P08183_CHEMBL5394148,0.3555,False
P08183_CHEMBL5419927,0.3462,False
P08183_CHEMBL5396336,0.3611,False
P08183_CHEMBL5404144,0.3406,False
P08183_CHEMBL5400694,0.3286,False
P08183_CHEMBL5423555,0.3562,False
P08183_CHEMBL5422672,0.3677,False
P08183_CHEMBL5436137,0.3677,False
P08183_CHEMBL5399386,0.3623,False
P08183_CHEMBL5426234,0.377,False
P08183_CHEMBL5414919,0.3677,False
P08183_CHEMBL5434966,0.3677,False
P08183_CHEMBL5394194,0.4443,False
P08183_CHEMBL5416906,0.373,False
P08183_CHEMBL5407375,0.373,False
P08183_CHEMBL5432918,0.3677,False
P08183_CHEMBL5422643,0.3521,False
P08183_CHEMBL5431776,0.4106,False
P08183_CHEMBL5411739,0.394,False
P08183_CHEMBL5429916,0.377,False
P08183_CHEMBL5401629,0.377,False
P08183_CHEMBL5409465,0.3965,False
P08183_CHEMBL5420038,0.3538,False
P08183_CHEMBL5424759,0.3789,False
P08183_CHEMBL5416557,0.3967,False
P08183_CHEMBL5407483,0.4099,False
P08183_CHEMBL5423562,0.4048,False
P08183_CHEMBL5402347,0.3647,False
P08183_CHEMBL5396962,0.3491,False
P08183_CHEMBL5412611,0.394,False
P08183_CHEMBL5400984,0.3794,False
P08183_CHEMBL5438614,0.3831,False
P08183_CHEMBL5426953,0.3623,False
P08183_CHEMBL5408118,0.3572,False
P08183_CHEMBL5439145,0.3521,False
P08684_CHEMBL5441414,0.2441,False
P08684_CHEMBL5441415,0.2441,False
P08684_CHEMBL5441417,0.3066,False
P08684_CHEMBL5409856,0.2529,False
P08684_CHEMBL5422322,0.2896,False
P08684_CHEMBL5405570,0.2693,False
P08684_CHEMBL5419165,0.2795,False
P08684_CHEMBL5412917,0.3384,False
P08684_CHEMBL5395642,0.2947,False
P08684_CHEMBL5401381,0.5806,False
P08684_CHEMBL5429440,0.5806,False
P08684_CHEMBL5435085,0.5791,False
P08684_CHEMBL5441413,0.2455,False
P08684_CHEMBL5441401,0.2573,False
P08684_CHEMBL5439866,0.377,False
P08684_CHEMBL5412953,0.2812,False
P08684_CHEMBL5420409,0.2842,False
P08684_CHEMBL5439131,0.2917,False
P08684_CHEMBL5420055,0.3516,False
P08684_CHEMBL5403040,0.3774,False
P08684_CHEMBL5435819,0.8062,False
P08684_CHEMBL5403485,0.4075,False
P08684_CHEMBL5427758,0.3999,False
P08684_CHEMBL5410914,0.4231,False
P08684_CHEMBL5411496,0.3704,False
P08684_CHEMBL5430409,0.3635,False
P08684_CHEMBL5396316,0.4119,False
P08684_CHEMBL5408831,0.4043,False
P08684_CHEMBL5416830,0.4419,False
P08684_CHEMBL5404974,0.3962,False
P08684_CHEMBL5441398,0.3176,False
P08684_CHEMBL5425736,0.4255,False
P08684_CHEMBL5402399,0.3691,False
P08684_CHEMBL5416061,0.4075,False
P08684_CHEMBL5400274,0.4099,False
P08684_CHEMBL5425498,0.4565,False
P08684_CHEMBL5395411,0.3418,False
P08684_CHEMBL5418212,0.3071,False
P08684_CHEMBL5395688,0.2751,False
P08684_CHEMBL5435782,0.2279,False
P08684_CHEMBL5430709,0.2288,False
P08684_CHEMBL5406811,0.3433,False
P08684_CHEMBL5395784,0.2954,False
P08684_CHEMBL5424297,0.4268,False
P08684_CHEMBL5441391,0.2336,False
P08684_CHEMBL5432620,0.3333,False
P08684_CHEMBL5412197,0.25,False
P08684_CHEMBL5397192,0.3201,False
P08684_CHEMBL5422931,0.5122,False
P08684_CHEMBL5428544,0.3333,False
P08684_CHEMBL5407563,0.3621,False
P08684_CHEMBL5427813,0.4255,False
P08684_CHEMBL5429860,0.3132,False
P08684_CHEMBL5418057,0.2347,False
P08684_CHEMBL5419892,0.2585,False
P08684_CHEMBL5420576,0.2323,False
P08908_CHEMBL5433300,0.3157,False
P08908_CHEMBL5405562,0.3438,False
P08908_CHEMBL5406900,0.2744,False
P08908_CHEMBL5397704,0.3076,False
P08908_CHEMBL5405414,0.2898,False
P08908_CHEMBL5419441,0.3284,False
P08908_CHEMBL5416678,0.2771,False
P08908_CHEMBL5433857,0.2949,False
P08908_CHEMBL5400892,0.2817,False
P08908_CHEMBL5410706,0.3521,False
P08908_CHEMBL5420304,0.2876,False
P08908_CHEMBL5434373,0.2805,False
P08908_CHEMBL5412886,0.4167,False
P08908_CHEMBL5424897,0.2952,False
P08908_CHEMBL5409134,0.2942,False
P08908_CHEMBL5437660,0.3037,False
P08908_CHEMBL5408223,0.3101,False
P08908_CHEMBL5404054,0.3044,False
P08908_CHEMBL5436003,0.3384,False
P08908_CHEMBL5423649,0.2708,False
P08908_CHEMBL5395867,0.3,False
P08908_CHEMBL5406837,0.2749,False
P08908_CHEMBL5397523,0.3201,False
P08908_CHEMBL5434229,0.3164,False
P08908_CHEMBL5431103,0.3672,False
P08908_CHEMBL5403268,0.3259,False
P08908_CHEMBL5422870,0.3333,False
P08908_CHEMBL5403204,0.3447,False
P08908_CHEMBL5418283,0.4312,False
P08908_CHEMBL5427695,0.2942,False
P08908_CHEMBL5415412,0.4312,False
P08908_CHEMBL5425252,0.3516,False
P08908_CHEMBL5400232,0.3538,False
P08908_CHEMBL5404031,0.4312,False
P08908_CHEMBL5407925,0.2793,False
P08908_CHEMBL5402096,0.303,False
P08908_CHEMBL5435580,0.405,False
P08908_CHEMBL5411002,0.4067,False
P08908_CHEMBL5424052,0.4067,False
P08908_CHEMBL5422196,0.4363,False
P08908_CHEMBL5429491,0.4285,False
P08908_CHEMBL5395668,0.4375,False
P08908_CHEMBL5420627,0.4138,False
P08908_CHEMBL5439203,0.4443,False
P08908_CHEMBL5436641,0.3416,False
P08908_CHEMBL5429826,0.3257,False
P09874_CHEMBL5399361,0.5,False
P09874_CHEMBL5395127,0.5,False
P09874_CHEMBL5411930,0.324,False
P09874_CHEMBL5419831,0.5063,False
P09874_CHEMBL5400153,0.488,False
P09874_CHEMBL5434732,0.5,False
P09874_CHEMBL5406001,0.5059,False
P09874_CHEMBL5432851,0.5,False
P09874_CHEMBL5428217,0.5127,False
P09874_CHEMBL5435200,0.4768,False
P09874_CHEMBL5421873,0.3152,False
P09874_CHEMBL5423934,0.5239,False
P09874_CHEMBL5423161,0.5176,False
P09874_CHEMBL5411446,0.3193,False
P09874_CHEMBL5435531,0.3381,False
P09874_CHEMBL5404171,0.4824,False
P09874_CHEMBL5432860,0.4939,False
P09874_CHEMBL5437947,0.488,False
P09874_CHEMBL5394020,0.4939,False
P09874_CHEMBL5425070,0.5356,False
P09874_CHEMBL5433754,0.324,False
P09874_CHEMBL5393999,0.488,False
P09874_CHEMBL5435418,0.5488,False
P09874_CHEMBL5437680,0.4844,False
P09874_CHEMBL5422955,0.324,False
P09874_CHEMBL5421652,0.3201,False
P09874_CHEMBL5409104,0.4844,False
P09874_CHEMBL5427401,0.4558,False
P09874_CHEMBL5396940,0.4365,False
P09874_CHEMBL5425005,0.4626,False
P09874_CHEMBL5431841,0.4558,False
P09874_CHEMBL5397084,0.4365,False
P09874_CHEMBL5396037,0.2659,False
P09874_CHEMBL5408420,0.5322,False
P09874_CHEMBL5426926,0.4429,False
P09874_CHEMBL5433982,0.5356,False
P09874_CHEMBL5419303,0.5557,False
P09874_CHEMBL5421189,0.5059,False
P09874_CHEMBL5416514,0.4197,False
P09874_CHEMBL5393855,0.3679,False
P09874_CHEMBL5411021,0.3372,False
P09874_CHEMBL5407371,0.4167,False
P09874_CHEMBL5420282,0.2659,False
P09874_CHEMBL5422190,0.5488,False
P09874_CHEMBL5432591,0.4697,False
P09874_CHEMBL5438098,0.2571,False
P09874_CHEMBL5420649,0.5366,False
P09874_CHEMBL5427942,0.238,False
P09874_CHEMBL5433095,0.2808,False
P09874_CHEMBL5437110,0.3372,False
P09874_CHEMBL5431101,0.2795,False
P09874_CHEMBL5394860,0.3635,False
P09874_CHEMBL5409257,0.408,False
P09874_CHEMBL5431329,0.3223,False
P09874_CHEMBL5404678,0.3296,False
P09874_CHEMBL5417871,0.4133,False
P09874_CHEMBL5413064,0.3765,False
P09874_CHEMBL5420171,0.2673,False
P09874_CHEMBL5410421,0.3103,False
P09874_CHEMBL5397810,0.2883,False
P09874_CHEMBL5421786,0.2793,False
P09874_CHEMBL5424475,0.2964,False
P09874_CHEMBL5438488,0.282,False
P09874_CHEMBL5415928,0.4126,False
P09874_CHEMBL5398663,0.262,False
P09874_CHEMBL5403416,0.3875,False
P09874_CHEMBL5441085,0.3962,False
P09874_CHEMBL5398128,0.4189,False
P09874_CHEMBL5429533,0.3333,False
P09874_CHEMBL5428997,0.375,False
P09874_CHEMBL5428376,0.5845,False
P09874_CHEMBL5393840,0.2771,False
P09874_CHEMBL5438131,0.5845,False
P09874_CHEMBL5401937,0.365,False
P09874_CHEMBL5424406,0.408,False
P09874_CHEMBL5427132,0.5698,False
P09874_CHEMBL5434068,0.625,False
P09874_CHEMBL5431934,0.6172,False
P09874_CHEMBL5411944,0.6025,False
P09874_CHEMBL5400911,0.3076,False
P09874_CHEMBL5405947,0.625,False
P09874_CHEMBL5430669,0.6172,False
P09874_CHEMBL5404605,0.5557,False
P09874_CHEMBL5398361,0.3523,False
P09874_CHEMBL5403532,0.4626,False
P09874_CHEMBL5427693,0.4429,False
P09874_CHEMBL5428981,0.3579,False
P09874_CHEMBL5417544,0.4238,False
P09874_CHEMBL5407016,0.4099,False
P09874_CHEMBL5427365,0.3967,False
P09874_CHEMBL5427638,0.542,False
P09874_CHEMBL5417122,0.4866,False
P09874_CHEMBL5440303,0.8198,False
P09874_CHEMBL5403607,0.8335,False
P09874_CHEMBL5403789,0.7935,False
P09874_CHEMBL5417924,0.5488,False
P09874_CHEMBL5437055,0.5698,False
P09874_CHEMBL5436743,0.5698,False
P09874_CHEMBL5412306,0.5664,False
P09874_CHEMBL5423216,0.561,False
P09874_CHEMBL5410501,0.5488,False
P09874_CHEMBL5432616,0.5488,False
P09874_CHEMBL5425729,0.542,False
P09874_CHEMBL5429957,0.5356,False
P09874_CHEMBL5401127,0.5293,False
P09874_CHEMBL5408163,0.5771,False
P09874_CHEMBL5416682,0.5488,False
P09874_CHEMBL5425393,0.5923,False
P09874_CHEMBL5421957,0.5923,False
P09874_CHEMBL5395197,0.6001,False
P09874_CHEMBL5397203,0.6104,False
P09874_CHEMBL5434897,0.5498,False
P09874_CHEMBL5414478,0.543,False
P09874_CHEMBL5439635,0.5444,False
P09874_CHEMBL5416806,0.5376,False
P09874_CHEMBL5423072,0.519,False
P09874_CHEMBL5428859,0.5396,False
P09874_CHEMBL5421933,0.5063,False
P09874_CHEMBL5419639,0.6187,False
P09874_CHEMBL5397373,0.5825,False
P09874_CHEMBL5421335,0.5752,False
P09874_CHEMBL5437813,0.5625,False
P09874_CHEMBL5414994,0.5,False
P09874_CHEMBL5418896,0.5259,False
P09874_CHEMBL5432033,0.3521,False
P09874_CHEMBL5428478,0.5,False
P09874_CHEMBL5408263,0.4883,False
P0DTD1_CHEMBL5401763,0.5,False
P0DTD1_CHEMBL5407849,0.3181,False
P0DTD1_CHEMBL5435659,0.2632,False
P0DTD1_CHEMBL5409319,0.25,False
P0DTD1_CHEMBL5396631,0.2708,False
P0DTD1_CHEMBL5401883,0.2549,False
P0DTD1_CHEMBL5406957,0.4321,False
P0DTD1_CHEMBL5399907,0.2947,False
P0DTD1_CHEMBL5423593,0.2881,False
P0DTD1_CHEMBL5430129,0.3333,False
P0DTD1_CHEMBL5408402,0.2932,False
P0DTD1_CHEMBL5441037,0.3447,False
P0DTD1_CHEMBL5418476,0.2856,False
P0DTD1_CHEMBL5429971,0.2976,False
P0DTD1_CHEMBL5429672,0.4026,False
P0DTD1_CHEMBL5412724,0.4512,False
P0DTD1_CHEMBL5441950,0.3086,False
P0DTD1_CHEMBL5441791,0.2935,False
P0DTD1_CHEMBL5411271,0.2812,False
P0DTD1_CHEMBL5441510,0.2737,False
P0DTD1_CHEMBL5441605,0.3418,False
P0DTD1_CHEMBL5441935,0.3386,False
P0DTD1_CHEMBL5441732,0.3225,False
P0DTD1_CHEMBL5441826,0.3125,False
P0DTD1_CHEMBL5426704,0.2903,False
P0DTD1_CHEMBL5415290,0.4055,False
P0DTD1_CHEMBL5427537,0.3333,False
P0DTD1_CHEMBL5434998,0.3044,False
P0DTD1_CHEMBL5414443,0.2571,False
P0DTD1_CHEMBL5438575,0.2754,False
P0DTD1_CHEMBL5409804,0.2727,False
P0DTD1_CHEMBL5403964,0.27,False
P0DTD1_CHEMBL5408555,0.3684,False
P0DTD1_CHEMBL5397992,0.2952,False
P0DTD1_CHEMBL5440889,0.3579,False
P0DTD1_CHEMBL5434494,0.4153,False
P0DTD1_CHEMBL5425267,0.3186,False
P0DTD1_CHEMBL5432119,0.2549,False
P0DTD1_CHEMBL5441539,0.2991,False
P0DTD1_CHEMBL5441427,0.2898,False
P0DTD1_CHEMBL5441471,0.3333,False
P0DTD1_CHEMBL5395936,0.25,False
P0DTD1_CHEMBL5410610,0.2522,False
P0DTD1_CHEMBL5403352,0.2642,False
P0DTD1_CHEMBL5441402,0.2991,False
P0DTD1_CHEMBL5441700,0.2898,False
P0DTD1_CHEMBL5424128,0.4341,False
P0DTD1_CHEMBL5407708,0.3257,False
P0DTD1_CHEMBL5432454,0.3201,False
P0DTD1_CHEMBL5413385,0.3301,False
P0DTD1_CHEMBL5396481,0.3301,False
P0DTD1_CHEMBL5414071,0.3181,False
P0DTD1_CHEMBL5420595,0.3181,False
P0DTD1_CHEMBL5428994,0.3364,False
P0DTD1_CHEMBL5426613,0.3428,False
P0DTD1_CHEMBL5393926,0.3271,False
P0DTD1_CHEMBL5405557,0.3154,False
P0DTD1_CHEMBL5408912,0.3154,False
P0DTD1_CHEMBL5433524,0.3125,False
P0DTD1_CHEMBL5405589,0.3179,False
P0DTD1_CHEMBL5426970,0.3333,False
P0DTD1_CHEMBL5402239,0.3186,False
P0DTD1_CHEMBL5415120,0.3396,False
P0DTD1_CHEMBL5421269,0.3008,False
P0DTD1_CHEMBL5438553,0.321,False
P0DTD1_CHEMBL5424235,0.3259,False
P0DTD1_CHEMBL5426938,0.3083,False
P0DTD1_CHEMBL5397697,0.4783,False
P0DTD1_CHEMBL5405842,0.4456,False
P0DTD1_CHEMBL5412571,0.2754,False
P0DTD1_CHEMBL5405273,0.3044,False
P0DTD1_CHEMBL5399660,0.2754,False
P0DTD1_CHEMBL5406891,0.3333,False
P0DTD1_CHEMBL5400991,0.3479,False
P0DTD1_CHEMBL5434000,0.3655,False
P0DTD1_CHEMBL5409249,0.3057,False
P0DTD1_CHEMBL5394410,0.3076,False
P0DTD1_CHEMBL5441563,0.3,False
P0DTD1_CHEMBL5442069,0.238,False
P0DTD1_CHEMBL5441727,0.2388,False
P0DTD1_CHEMBL5441819,0.2632,False
P0DTD1_CHEMBL5441643,0.2766,False
P0DTD1_CHEMBL5441930,0.2651,False
P0DTD1_CHEMBL5441856,0.2441,False
P0DTD1_CHEMBL5441587,0.3103,False
P0DTD1_CHEMBL5441883,0.2954,False
P0DTD1_CHEMBL5441871,0.2622,False
P0DTD1_CHEMBL5441794,0.3076,False
P0DTD1_CHEMBL5442006,0.3076,False
P0DTD1_CHEMBL5441473,0.3262,False
P0DTD1_CHEMBL5441829,0.2717,False
P0DTD1_CHEMBL5441570,0.2323,False
P0DTD1_CHEMBL5441961,0.3296,False
P0DTD1_CHEMBL5442039,0.3044,False
P0DTD1_CHEMBL5441517,0.3108,False
P0DTD1_CHEMBL5441425,0.2427,False
P0DTD1_CHEMBL5442027,0.301,False
P0DTD1_CHEMBL5441419,0.2524,False
P0DTD1_CHEMBL5441459,0.2568,False
P0DTD1_CHEMBL5442050,0.3462,False
P0DTD1_CHEMBL5441725,0.2976,False
P0DTD1_CHEMBL5441492,0.3406,False
P0DTD1_CHEMBL5441576,0.3086,False
P0DTD1_CHEMBL5441571,0.243,False
P0DTD1_CHEMBL5441705,0.2988,False
P0DTD1_CHEMBL5441765,0.2856,False
P0DTD1_CHEMBL5441896,0.25,False
P0DTD1_CHEMBL5441683,0.2922,False
P0DTD1_CHEMBL5442008,0.233,False
P0DTD1_CHEMBL5441956,0.2966,False
P0DTD1_CHEMBL5441812,0.3044,False
P0DTD1_CHEMBL5442158,0.2549,False
P0DTD1_CHEMBL5442144,0.2922,False
P0DTD1_CHEMBL5441580,0.2922,False
P0DTD1_CHEMBL5441781,0.2795,False
P0DTD1_CHEMBL5441515,0.2791,False
P0DTD1_CHEMBL5441630,0.2708,False
P0DTD1_CHEMBL5442110,0.314,False
P0DTD1_CHEMBL5441468,0.2827,False
P0DTD1_CHEMBL5441882,0.2842,False
P0DTD1_CHEMBL5441797,0.2842,False
P0DTD1_CHEMBL5441851,0.3069,False
P0DTD1_CHEMBL5442054,0.2727,False
P0DTD1_CHEMBL5441972,0.3,False
P0DTD1_CHEMBL5441687,0.2795,False
P0DTD1_CHEMBL5441689,0.2527,False
P0DTD1_CHEMBL5441716,0.2427,False
P0DTD1_CHEMBL5441822,0.3118,False
P0DTD1_CHEMBL5441987,0.25,False
P0DTD1_CHEMBL5441813,0.302,False
P0DTD1_CHEMBL5441802,0.2903,False
P0DTD1_CHEMBL5441724,0.3052,False
P0DTD1_CHEMBL5441780,0.2917,False
P0DTD1_CHEMBL5441426,0.2554,False
P0DTD1_CHEMBL5441609,0.3,False
P0DTD1_CHEMBL5441696,0.2554,False
P0DTD1_CHEMBL5441589,0.2783,False
P0DTD1_CHEMBL5442015,0.2966,False
P0DTD1_CHEMBL5441619,0.2708,False
P0DTD1_CHEMBL5442153,0.2827,False
P0DTD1_CHEMBL5441620,0.3035,False
P0DTD1_CHEMBL5441420,0.2766,False
P0DTD1_CHEMBL5441982,0.2947,False
P0DTD1_CHEMBL5441397,0.2683,False
P0DTD1_CHEMBL5441652,0.2974,False
P0DTD1_CHEMBL5441416,0.2708,False
P0DTD1_CHEMBL5441435,0.2407,False
P0DTD1_CHEMBL5441434,0.2404,False
P0DTD1_CHEMBL5441414,0.2441,False
P0DTD1_CHEMBL5441440,0.2856,False
P0DTD1_CHEMBL5441508,0.323,False
P0DTD1_CHEMBL5441634,0.2874,False
P0DTD1_CHEMBL5441938,0.2812,False
P0DTD1_CHEMBL5441952,0.2727,False
P0DTD1_CHEMBL5441432,0.3257,False
P0DTD1_CHEMBL5441433,0.3076,False
P0DTD1_CHEMBL5441823,0.3108,False
P0DTD1_CHEMBL5441441,0.3157,False
P0DTD1_CHEMBL5441429,0.2622,False
P0DTD1_CHEMBL5442036,0.2642,False
P0DTD1_CHEMBL5441422,0.271,False
P0DTD1_CHEMBL5442120,0.2646,False
P0DTD1_CHEMBL5442100,0.2783,False
P0DTD1_CHEMBL5441423,0.323,False
P0DTD1_CHEMBL5441764,0.3225,False
P0DTD1_CHEMBL5441555,0.3069,False
P0DTD1_CHEMBL5441739,0.2698,False
P0DTD1_CHEMBL5441990,0.3257,False
P0DTD1_CHEMBL5441486,0.3052,False
P0DTD1_CHEMBL5441835,0.3369,False
P0DTD1_CHEMBL5442087,0.3152,False
P0DTD1_CHEMBL5442049,0.2708,False
P0DTD1_CHEMBL5442072,0.3252,False
P0DTD1_CHEMBL5441575,0.3069,False
P0DTD1_CHEMBL5441844,0.3035,False
P0DTD1_CHEMBL5441506,0.3103,False
P0DTD1_CHEMBL5442037,0.3035,False
P0DTD1_CHEMBL5441954,0.3262,False
P0DTD1_CHEMBL5441893,0.311,False
P0DTD1_CHEMBL5441755,0.3372,False
P0DTD1_CHEMBL5441771,0.3176,False
P0DTD1_CHEMBL5442045,0.3296,False
P0DTD1_CHEMBL5441977,0.2966,False
P0DTD1_CHEMBL5442077,0.3364,False
P0DTD1_CHEMBL5441626,0.3,False
P0DTD1_CHEMBL5441647,0.3259,False
P0DTD1_CHEMBL5441754,0.3647,False
P0DTD1_CHEMBL5441533,0.3191,False
P0DTD1_CHEMBL5442070,0.3147,False
P0DTD1_CHEMBL5441495,0.3218,False
P0DTD1_CHEMBL5441892,0.3069,False
P0DTD1_CHEMBL5441936,0.3333,False
P0DTD1_CHEMBL5441983,0.3147,False
P0DTD1_CHEMBL5442057,0.3118,False
P0DTD1_CHEMBL5441396,0.3125,False
P0DTD1_CHEMBL5441387,0.3125,False
P0DTD1_CHEMBL5441595,0.3152,False
P0DTD1_CHEMBL5441627,0.3215,False
P0DTD1_CHEMBL5441513,0.3052,False
P0DTD1_CHEMBL5442114,0.3118,False
P0DTD1_CHEMBL5441672,0.3052,False
P0DTD1_CHEMBL5441913,0.3118,False
P0DTD1_CHEMBL5442017,0.3333,False
P0DTD1_CHEMBL5442067,0.3374,False
P0DTD1_CHEMBL5441428,0.3538,False
P0DTD1_CHEMBL5442119,0.2954,False
P0DTD1_CHEMBL5441776,0.2474,False
P0DTD1_CHEMBL5441991,0.2347,False
P0DTD1_CHEMBL5441465,0.3069,False
P0DTD1_CHEMBL5441992,0.2559,False
P0DTD1_CHEMBL5441525,0.2827,False
P0DTD1_CHEMBL5441516,0.2922,False
P0DTD1_CHEMBL5441546,0.2903,False
P0DTD1_CHEMBL5441714,0.3035,False
P0DTD1_CHEMBL5441511,0.2874,False
P0DTD1_CHEMBL5442116,0.2891,False
P0DTD1_CHEMBL5441746,0.3235,False
P0DTD1_CHEMBL5441708,0.2922,False
P0DTD1_CHEMBL5441418,0.3062,False
P0DTD1_CHEMBL5441613,0.3176,False
P0DTD1_CHEMBL5441702,0.2856,False
P0DTD1_CHEMBL5441788,0.282,False
P0DTD1_CHEMBL5442047,0.2874,False
P0DTD1_CHEMBL5442061,0.3818,False
P0DTD1_CHEMBL5441741,0.3684,False
P0DTD1_CHEMBL5441815,0.3333,False
P0DTD1_CHEMBL5442142,0.3386,False
P0DTD1_CHEMBL5441719,0.3281,False
P0DTD1_CHEMBL5441784,0.3684,False
P0DTD1_CHEMBL5441604,0.2957,False
P0DTD1_CHEMBL5441863,0.3274,False
P0DTD1_CHEMBL5441530,0.2974,False
P0DTD1_CHEMBL5442035,0.3098,False
P0DTD1_CHEMBL5441407,0.386,False
P0DTD1_CHEMBL5441733,0.3057,False
P0DTD1_CHEMBL5441464,0.3286,False
P0DTD1_CHEMBL5441545,0.3384,False
P0DTD1_CHEMBL5441386,0.3066,False
P0DTD1_CHEMBL5441406,0.3176,False
P0DTD1_CHEMBL5441482,0.3142,False
P0DTD1_CHEMBL5441891,0.2986,False
P0DTD1_CHEMBL5441737,0.3066,False
P0DTD1_CHEMBL5442154,0.3215,False
P0DTD1_CHEMBL5483082,0.3013,False
P0DTD1_CHEMBL5441878,0.3188,False
P0DTD1_CHEMBL5441489,0.3333,False
P0DTD1_CHEMBL5441738,0.3066,False
P0DTD1_CHEMBL5441849,0.3333,False
P0DTD1_CHEMBL5441676,0.3386,False
P0DTD1_CHEMBL5441610,0.3333,False
P0DTD1_CHEMBL5441978,0.3728,False
P0DTD1_CHEMBL5442012,0.3674,False
P0DTD1_CHEMBL5441645,0.3333,False
P0DTD1_CHEMBL5441527,0.3872,False
P0DTD1_CHEMBL5441476,0.325,False
P0DTD1_CHEMBL5441888,0.3176,False
P0DTD1_CHEMBL5442033,0.3667,False
P0DTD1_CHEMBL5441490,0.2556,False
P0DTD1_CHEMBL5442081,0.2461,False
P0DTD1_CHEMBL5441979,0.2206,False
P0DTD1_CHEMBL5441562,0.2986,False
P0DTD1_CHEMBL5441718,0.2959,False
P0DTD1_CHEMBL5441734,0.4546,False
P0DTD1_CHEMBL5441598,0.375,False
P0DTD1_CHEMBL5424014,0.3799,False
P0DTD1_CHEMBL5438782,0.3838,False
P0DTD1_CHEMBL5401358,0.4041,False
P0DTD1_CHEMBL5409791,0.3823,False
P0DTD1_CHEMBL5395225,0.3787,False
P0DTD1_CHEMBL5402990,0.3823,False
P0DTD1_CHEMBL5441879,0.2632,False
P0DTD1_CHEMBL5441412,0.2766,False
P0DTD1_CHEMBL5441410,0.2974,False
P0DTD1_CHEMBL5441989,0.2708,False
P0DTD1_CHEMBL5441400,0.2407,False
P0DTD1_CHEMBL5441404,0.2404,False
P0DTD1_CHEMBL5441415,0.2441,False
P0DTD1_CHEMBL5441778,0.3257,False
P0DTD1_CHEMBL5441960,0.3076,False
P0DTD1_CHEMBL5441608,0.3157,False
P0DTD1_CHEMBL5441394,0.2622,False
P0DTD1_CHEMBL5441761,0.271,False
P0DTD1_CHEMBL5441962,0.3125,False
P0DTD1_CHEMBL5441782,0.3125,False
P0DTD1_CHEMBL5441824,0.3062,False
P0DTD1_CHEMBL5441681,0.3384,False
P0DTD1_CHEMBL5441417,0.3066,False
P0DTD1_CHEMBL5441479,0.325,False
P0DTD1_CHEMBL5441567,0.2307,False
P0DTD1_CHEMBL5441859,0.2874,False
P0DTD1_CHEMBL5441663,0.2556,False
P0DTD1_CHEMBL5441759,0.2206,False
P0DTD1_CHEMBL5425140,0.377,False
P0DTD1_CHEMBL5441847,0.2856,False
P0DTD1_CHEMBL5427073,0.3257,False
P0DTD1_CHEMBL5427494,0.3462,False
P0DTD1_CHEMBL5435314,0.3333,False
P0DTD1_CHEMBL5414042,0.3044,False
P0DTD1_CHEMBL5410809,0.377,False
P0DTD1_CHEMBL5411183,0.3479,False
P0DTD1_CHEMBL5410459,0.2856,False
P0DTD1_CHEMBL5437930,0.3066,False
P0DTD1_CHEMBL5409154,0.2986,False
P0DTD1_CHEMBL5413108,0.2986,False
P0DTD1_CHEMBL5400538,0.2949,False
P0DTD1_CHEMBL5421327,0.2964,False
P0DTD1_CHEMBL5398813,0.3,False
P0DTD1_CHEMBL5414005,0.2856,False
P0DTD1_CHEMBL5415228,0.3513,False
P0DTD1_CHEMBL5435034,0.2581,False
P0DTD1_CHEMBL5425010,0.2791,False
P0DTD1_CHEMBL5440769,0.2474,False
P0DTD1_CHEMBL5398911,0.2455,False
P0DTD1_CHEMBL5433693,0.2942,False
P0DTD1_CHEMBL5409790,0.2942,False
P0DTD1_CHEMBL5417410,0.3831,False
P0DTD1_CHEMBL5410934,0.3193,False
P0DTD1_CHEMBL5437199,0.2917,False
P0DTD1_CHEMBL5433473,0.2949,False
P0DTD1_CHEMBL5402209,0.2949,False
P0DTD1_CHEMBL5419891,0.2957,False
P0DTD1_CHEMBL5395044,0.2876,False
P0DTD1_CHEMBL5401195,0.2876,False
P0DTD1_CHEMBL5394565,0.2837,False
P0DTD1_CHEMBL5395848,0.2585,False
P0DTD1_CHEMBL5429124,0.2856,False
P0DTD1_CHEMBL5417240,0.2556,False
P0DTD1_CHEMBL5439502,0.3049,False
P0DTD1_CHEMBL5398507,0.2834,False
P0DTD1_CHEMBL5411855,0.3242,False
P0DTD1_CHEMBL5402020,0.408,False
P0DTD1_CHEMBL5441706,0.2766,False
P0DTD1_CHEMBL5400055,0.5137,False
P0DTD1_CHEMBL5407468,0.4534,False
P0DTD1_CHEMBL5423096,0.4756,False
P0DTD1_CHEMBL5427053,0.4587,False
P0DTD1_CHEMBL5411560,0.4482,False
P0DTD1_CHEMBL5428251,0.4431,False
P0DTD1_CHEMBL5397764,0.28,False
P0DTD1_CHEMBL5441588,0.3538,False
P0DTD1_CHEMBL5441949,0.3494,False
P0DTD1_CHEMBL5442140,0.3333,False
P0DTD1_CHEMBL5441707,0.3972,False
P0DTD1_CHEMBL5441845,0.3977,False
P0DTD1_CHEMBL5441399,0.408,False
P0DTD1_CHEMBL5441390,0.3589,False
P0DTD1_CHEMBL5441838,0.353,False
P0DTD1_CHEMBL5441388,0.3779,False
P0DTD1_CHEMBL5441411,0.3589,False
P0DTD1_CHEMBL5441596,0.3704,False
P0DTD1_CHEMBL5441496,0.3635,False
P0DTD1_CHEMBL5441642,0.4211,False
P0DTD1_CHEMBL5442156,0.3647,False
P0DTD1_CHEMBL5441680,0.3972,False
P0DTD1_CHEMBL5441902,0.366,False
P0DTD1_CHEMBL5441439,0.408,False
P0DTD1_CHEMBL5442146,0.3589,False
P0DTD1_CHEMBL5441971,0.3545,False
P0DTD1_CHEMBL5441524,0.3735,False
P0DTD1_CHEMBL5441650,0.4119,False
P0DTD1_CHEMBL5441519,0.4329,False
P0DTD1_CHEMBL5441760,0.375,False
P0DTD1_CHEMBL5408081,0.3147,False
P0DTD1_CHEMBL5406269,0.2969,False
P0DTD1_CHEMBL5441748,0.3052,False
P0DTD1_CHEMBL5414300,0.6143,False
P0DTD1_CHEMBL5442084,0.3,False
P0DTD1_CHEMBL5442078,0.3,False
P0DTD1_CHEMBL5441584,0.2935,False
P0DTD1_CHEMBL5442029,0.2874,False
P0DTD1_CHEMBL5442086,0.2903,False
P0DTD1_CHEMBL5441629,0.2795,False
P0DTD1_CHEMBL5441467,0.2874,False
P0DTD1_CHEMBL5441474,0.2627,False
P0DTD1_CHEMBL5441504,0.2903,False
P0DTD1_CHEMBL5441749,0.2827,False
P0DTD1_CHEMBL5408911,0.4187,False
P0DTD1_CHEMBL5423458,0.3872,False
P0DTD1_CHEMBL5403236,0.3176,False
P0DTD1_CHEMBL5441614,0.3235,False
P0DTD1_CHEMBL5418521,0.2578,False
P0DTD1_CHEMBL5433055,0.234,False
P0DTD1_CHEMBL5441526,0.2991,False
P0DTD1_CHEMBL5441413,0.2455,False
P0DTD1_CHEMBL5441943,0.2991,False
P0DTD1_CHEMBL5441424,0.2455,False
P0DTD1_CHEMBL5441682,0.3384,False
P0DTD1_CHEMBL5441549,0.3103,False
P0DTD1_CHEMBL5441594,0.2654,False
P0DTD1_CHEMBL5441436,0.2654,False
P0DTD1_CHEMBL5441869,0.3438,False
P0DTD1_CHEMBL5441392,0.3452,False
P0DTD1_CHEMBL5441430,0.2688,False
P0DTD1_CHEMBL5442161,0.3438,False
P0DTD1_CHEMBL5441701,0.2688,False
P0DTD1_CHEMBL5441502,0.3789,False
P0DTD1_CHEMBL5441988,0.3406,False
P0DTD1_CHEMBL5441393,0.2913,False
P0DTD1_CHEMBL5441431,0.2913,False
P0DTD1_CHEMBL5441777,0.3767,False
P0DTD1_CHEMBL5441603,0.3057,False
P0DTD1_CHEMBL5441573,0.3044,False
P0DTD1_CHEMBL5441401,0.2573,False
P0DTD1_CHEMBL5441405,0.2573,False
P0DTD1_CHEMBL5441403,0.2573,False
P0DTD1_CHEMBL5441779,0.2959,False
P0DTD1_CHEMBL5439416,0.4583,False
P0DTD1_CHEMBL5441801,0.281,False
P0DTD1_CHEMBL5441726,0.2644,False
P0DTD1_CHEMBL5441757,0.2825,False
P0DTD1_CHEMBL5441976,0.2435,False
P0DTD1_CHEMBL5441484,0.3506,False
P0DTD1_CHEMBL5441842,0.3428,False
P0DTD1_CHEMBL5442103,0.2644,False
P0DTD1_CHEMBL5427720,0.47,False
P0DTD1_CHEMBL5424971,0.4937,False
P0DTD1_CHEMBL5415934,0.4756,False
P0DTD1_CHEMBL5438762,0.4644,False
P0DTD1_CHEMBL5394180,0.4587,False
P0DTD1_CHEMBL5411233,0.4458,False
P0DTD1_CHEMBL5402071,0.4065,False
P0DTD1_CHEMBL5442094,0.3044,False
P0DTD1_CHEMBL5441617,0.3281,False
P0DTD1_CHEMBL5441854,0.3118,False
P0DTD1_CHEMBL5441787,0.2932,False
P0DTD1_CHEMBL5441751,0.3293,False
P0DTD1_CHEMBL5428967,0.2715,False
P0DTD1_CHEMBL5441591,0.301,False
P0DTD1_CHEMBL5442095,0.3157,False
P0DTD1_CHEMBL5441810,0.2717,False
P0DTD1_CHEMBL5441980,0.2622,False
P0DTD1_CHEMBL5441900,0.2622,False
P0DTD1_CHEMBL5441825,0.311,False
P0DTD1_CHEMBL5441577,0.301,False
P0DTD1_CHEMBL5441612,0.3125,False
P0DTD1_CHEMBL5427783,0.3823,False
P0DTD1_CHEMBL5409350,0.3823,False
P0DTD1_CHEMBL5441632,0.4138,False
P0DTD1_CHEMBL5441886,0.2964,False
P0DTD1_CHEMBL5441800,0.3022,False
P0DTD1_CHEMBL5434910,0.3096,False
P0DTD1_CHEMBL5441793,0.3828,False
P0DTD1_CHEMBL5410076,0.5557,False
P0DTD1_CHEMBL5408097,0.3,False
P0DTD1_CHEMBL5405634,0.2639,False
P0DTD1_CHEMBL5423655,0.2749,False
P0DTD1_CHEMBL5428745,0.3293,False
P0DTD1_CHEMBL5401656,0.4468,False
P0DTD1_CHEMBL5393994,0.4092,False
P0DTD1_CHEMBL5396377,0.4019,False
P0DTD1_CHEMBL5413359,0.3789,False
P0DTD1_CHEMBL5421616,0.5225,False
P0DTD1_CHEMBL5442053,0.4478,False
P0DTD1_CHEMBL5441925,0.3462,False
P0DTD1_CHEMBL5441767,0.2778,False
P0DTD1_CHEMBL5441803,0.2778,False
P0DTD1_CHEMBL5441409,0.3176,False
P0DTD1_CHEMBL5441923,0.2986,False
P0DTD1_CHEMBL5441985,0.3037,False
P0DTD1_CHEMBL5441914,0.3442,False
P0DTD1_CHEMBL5441951,0.3914,False
P0DTD1_CHEMBL5442126,0.4478,False
P0DTD1_CHEMBL5442117,0.3462,False
P0DTD1_CHEMBL5441398,0.3176,False
P0DTD1_CHEMBL5441967,0.375,False
P0DTD1_CHEMBL5405232,0.3999,False
P0DTD1_CHEMBL5441578,0.3428,False
P0DTD1_CHEMBL5442060,0.3438,False
P0DTD1_CHEMBL5398479,0.2544,False
P0DTD1_CHEMBL5399253,0.25,False
P0DTD1_CHEMBL5431050,0.2883,False
P0DTD1_CHEMBL5424171,0.3218,False
P0DTD1_CHEMBL5442020,0.3623,False
P0DTD1_CHEMBL5397501,0.2871,False
P0DTD1_CHEMBL5414006,0.3428,False
P0DTD1_CHEMBL5433514,0.3022,False
P0DTD1_CHEMBL5411464,0.2888,False
P0DTD1_CHEMBL5442125,0.3125,False
P0DTD1_CHEMBL5441498,0.2874,False
P0DTD1_CHEMBL5441946,0.3125,False
P0DTD1_CHEMBL5442042,0.2874,False
P0DTD1_CHEMBL5441551,0.3972,False
P0DTD1_CHEMBL5441811,0.3333,False
P0DTD1_CHEMBL5441602,0.3494,False
P0DTD1_CHEMBL5397356,0.2632,False
P0DTD1_CHEMBL5441528,0.3333,False
P0DTD1_CHEMBL5441438,0.3333,False
P0DTD1_CHEMBL5441688,0.3223,False
P0DTD1_CHEMBL5430702,0.4905,False
P0DTD1_CHEMBL5421184,0.3606,False
P0DTD1_CHEMBL5397315,0.3545,False
P0DTD1_CHEMBL5441408,0.3333,False
P0DTD1_CHEMBL5442162,0.2766,False
P0DTD1_CHEMBL5441904,0.3152,False
P0DTD1_CHEMBL5442136,0.3076,False
P0DTD1_CHEMBL5442009,0.2576,False
P0DTD1_CHEMBL5441867,0.2639,False
P0DTD1_CHEMBL5441880,0.356,False
P0DTD1_CHEMBL5441766,0.2966,False
P0DTD1_CHEMBL5441520,0.2842,False
P0DTD1_CHEMBL5426089,0.3291,False
P0DTD1_CHEMBL5441690,0.3103,False
P0DTD1_CHEMBL5442076,0.3257,False
P0DTD1_CHEMBL5442019,0.3218,False
P0DTD1_CHEMBL5442085,0.3,False
P0DTD1_CHEMBL5441669,0.3,False
P0DTD1_CHEMBL5424318,0.3276,False
P0DTD1_CHEMBL5406997,0.3201,False
P0DTD1_CHEMBL5427453,0.3057,False
P0DTD1_CHEMBL5441550,0.3257,False
P0DTD1_CHEMBL5441942,0.3103,False
P0DTD1_CHEMBL5415275,0.5229,False
P0DTD1_CHEMBL5441906,0.3975,False
P0DTD1_CHEMBL5421429,0.3118,False
P0DTD1_CHEMBL5397709,0.2705,False
P0DTD1_CHEMBL5402611,0.2856,False
P0DTD1_CHEMBL5431675,0.439,False
P0DTD1_CHEMBL5412104,0.4236,False
P0DTD1_CHEMBL5400638,0.4045,False
P0DTD1_CHEMBL5427101,0.3914,False
P0DTD1_CHEMBL5410336,0.5615,False
P0DTD1_CHEMBL5406405,0.6177,False
P0DTD1_CHEMBL5442046,0.3601,False
P0DTD1_CHEMBL5441984,0.3284,False
P0DTD1_CHEMBL5436099,0.3999,False
P0DTD1_CHEMBL5405544,0.386,False
P0DTD1_CHEMBL5439047,0.3635,False
P0DTD1_CHEMBL5441723,0.3103,False
P0DTD1_CHEMBL5441958,0.3035,False
P0DTD1_CHEMBL5441736,0.3157,False
P0DTD1_CHEMBL5441908,0.3069,False
P0DTD1_CHEMBL5441639,0.3076,False
P0DTD1_CHEMBL5441830,0.3247,False
P0DTD1_CHEMBL5441860,0.2578,False
P0DTD1_CHEMBL5441538,0.2856,False
P0DTD1_CHEMBL5394734,0.4124,False
P0DTD1_CHEMBL5441970,0.3076,False
P0DTD1_CHEMBL5441421,0.3293,False
P0DTD1_CHEMBL5441874,0.3,False
P0DTD1_CHEMBL5441924,0.3069,False
P0DTD1_CHEMBL5442032,0.3157,False
P0DTD1_CHEMBL5441518,0.3191,False
P0DTD1_CHEMBL5442051,0.311,False
P0DTD1_CHEMBL5441389,0.2524,False
P0DTD1_CHEMBL5441395,0.2524,False
P0DTD1_CHEMBL5442004,0.3,False
P0DTD1_CHEMBL5442152,0.3125,False
P0DTD1_CHEMBL5441481,0.3157,False
P0DTD1_CHEMBL5441818,0.2949,False
P0DTD1_CHEMBL5441648,0.2949,False
P0DTD1_CHEMBL5441973,0.3103,False
P0DTD1_CHEMBL5441653,0.3,False
P0DTD1_CHEMBL5442055,0.2424,False
P0DTD1_CHEMBL5441922,0.3035,False
P0DTD1_CHEMBL5441625,0.301,False
P0DTD1_CHEMBL5441664,0.3103,False
P0DTD1_CHEMBL5437439,0.5933,False
P0DTD1_CHEMBL5412903,0.5815,False
P0DTD1_CHEMBL5427542,0.3762,False
P0DTD1_CHEMBL5431872,0.3958,False
P0DTD1_CHEMBL5441995,0.4058,False
P0DTD1_CHEMBL5442121,0.3118,False
P0DTD1_CHEMBL5442097,0.2935,False
P0DTD1_CHEMBL5441437,0.2551,False
P0DTD1_CHEMBL5441391,0.2336,False
P0DTD1_CHEMBL5441993,0.2336,False
P0DTD1_CHEMBL5441957,0.3247,False
P0DTD1_CHEMBL5441763,0.3181,False
P0DTD1_CHEMBL5433491,0.2363,False
P0DTD1_CHEMBL5439420,0.2837,False
P0DTD1_CHEMBL5409259,0.4036,False
P0DTD1_CHEMBL5436573,0.3062,False
P0DTD1_CHEMBL5412310,0.3196,False
P0DTD1_CHEMBL5396421,0.3164,False
P0DTD1_CHEMBL5439916,0.26,False
P0DTD1_CHEMBL5402227,0.28,False
P0DTD1_CHEMBL5400701,0.2886,False
P0DTD1_CHEMBL5394078,0.5493,False
P0DTD1_CHEMBL5409052,0.5913,False
P0DTD1_CHEMBL5399795,0.3147,False
P0DTD1_CHEMBL5405138,0.4304,False
P0DTD1_CHEMBL5421800,0.3384,False
P0DTD1_CHEMBL5426830,0.5557,False
P0DTD1_CHEMBL5395762,0.3333,False
P0DTD1_CHEMBL5438646,0.5278,False
P0DTD1_CHEMBL5439086,0.5366,False
P0DTD1_CHEMBL5420170,0.5674,False
P0DTD1_CHEMBL5403276,0.5913,False
P0DTD1_CHEMBL5411147,0.5386,False
P0DTD1_CHEMBL5423053,0.5913,False
P0DTD1_CHEMBL5437799,0.6377,False
P0DTD1_CHEMBL5418419,0.5889,False
P0DTD1_CHEMBL5407441,0.3455,False
P0DTD1_CHEMBL5408702,0.3176,False
P0DTD1_CHEMBL5414023,0.3176,False
P0DTD1_CHEMBL5418992,0.3113,False
P0DTD1_CHEMBL5403743,0.3301,False
P0DTD1_CHEMBL5417180,0.3333,False
P0DTD1_CHEMBL5430366,0.3147,False
P0DTD1_CHEMBL5412579,0.3367,False
P0DTD1_CHEMBL5441572,0.3264,False
P0DTD1_CHEMBL5396073,0.3215,False
P0DTD1_CHEMBL5442089,0.3491,False
P0DTD1_CHEMBL5441698,0.366,False
P0DTD1_CHEMBL5441841,0.3293,False
P0DTD1_CHEMBL5442135,0.3875,False
P0DTD1_CHEMBL5441921,0.3975,False
P0DTD1_CHEMBL5441785,0.4521,False
P0DTD1_CHEMBL5438913,0.3684,False
P0DTD1_CHEMBL5442079,0.3125,False
P0DTD1_CHEMBL5442059,0.2969,False
P0DTD1_CHEMBL5441675,0.2969,False
P0DTD1_CHEMBL5442099,0.3684,False
P0DTD1_CHEMBL5441699,0.3777,False
P0DTD1_CHEMBL5415241,0.3264,False
P0DTD1_CHEMBL5414823,0.3794,False
P0DTD1_CHEMBL5441646,0.4509,False
P0DTD1_CHEMBL5441899,0.4529,False
P0DTD1_CHEMBL5442056,0.3333,False
P0DTD1_CHEMBL5441865,0.3804,False
P0DTD1_CHEMBL5442104,0.3804,False
P0DTD1_CHEMBL5441937,0.3662,False
P0DTD1_CHEMBL5441832,0.3611,False
P0DTD1_CHEMBL5442068,0.2881,False
P0DTD1_CHEMBL5441711,0.3269,False
P0DTD1_CHEMBL5441695,0.2922,False
P0DTD1_CHEMBL5441466,0.3215,False
P0DTD1_CHEMBL5441975,0.2969,False
P0DTD1_CHEMBL5441821,0.2834,False
P0DTD1_CHEMBL5442106,0.2932,False
P0DTD1_CHEMBL5441804,0.3484,False
P0DTD1_CHEMBL5441918,0.457,False
P0DTD1_CHEMBL5441742,0.3601,False
P0DTD1_CHEMBL5441586,0.301,False
P0DTD1_CHEMBL5441514,0.3494,False
P0DTD1_CHEMBL5442159,0.3242,False
P0DTD1_CHEMBL5441684,0.3259,False
P0DTD1_CHEMBL5442134,0.314,False
P0DTD1_CHEMBL5441475,0.4167,False
P0DTD1_CHEMBL5441685,0.3906,False
P0DTD1_CHEMBL5441861,0.3594,False
P0DTD1_CHEMBL5441901,0.3611,False
P0DTD1_CHEMBL5441798,0.3601,False
P0DTD1_CHEMBL5441655,0.3699,False
P0DTD1_CHEMBL5441480,0.3965,False
P0DTD1_CHEMBL5441656,0.3635,False
P0DTD1_CHEMBL5441981,0.321,False
P0DTD1_CHEMBL5441789,0.3965,False
P0DTD1_CHEMBL5441768,0.3064,False
P0DTD1_CHEMBL5442031,0.3174,False
P0DTD1_CHEMBL5441641,0.3333,False
P0DTD1_CHEMBL5441622,0.3015,False
P0DTD1_CHEMBL5441560,0.2805,False
P0DTD1_CHEMBL5441907,0.2856,False
P0DTD1_CHEMBL5441894,0.2676,False
P0DTD1_CHEMBL5437572,0.2856,False
P0DTD1_CHEMBL5433579,0.2817,False
P0DTD1_CHEMBL5418478,0.2817,False
P0DTD1_CHEMBL5407311,0.2778,False
P0DTD1_CHEMBL5430369,0.2749,False
P0DTD1_CHEMBL5426918,0.2891,False
P0DTD1_CHEMBL5436025,0.2651,False
P0DTD1_CHEMBL5406509,0.3289,False
P0DTD1_CHEMBL5415422,0.2764,False
P0DTD1_CHEMBL5426064,0.4341,False
P0DTD1_CHEMBL5435470,0.3076,False
P0DTD1_CHEMBL5437518,0.3022,False
P0DTD1_CHEMBL5398423,0.3201,False
P0DTD1_CHEMBL5438286,0.3118,False
P0DTD1_CHEMBL5427578,0.3411,False
P0DTD1_CHEMBL5416515,0.2808,False
P0DTD1_CHEMBL5433628,0.5229,False
P0DTD1_CHEMBL5433083,0.4255,False
P0DTD1_CHEMBL5406209,0.3877,False
P0DTD1_CHEMBL5410698,0.4255,False
P0DTD1_CHEMBL5436202,0.353,False
P0DTD1_CHEMBL5430534,0.4375,False
P0DTD1_CHEMBL5418838,0.3999,False
P0DTD1_CHEMBL5428437,0.3794,False
P0DTD1_CHEMBL5423390,0.4509,False
P0DTD1_CHEMBL5436067,0.3831,False
P0DTD1_CHEMBL5400454,0.3618,False
P0DTD1_CHEMBL5418540,0.353,False
P0DTD1_CHEMBL5397302,0.5386,False
P0DTD1_CHEMBL5416294,0.3635,False
P0DTD1_CHEMBL5408630,0.3447,False
P0DTD1_CHEMBL5418940,0.3833,False
P0DTD1_CHEMBL5395882,0.3704,False
P0DTD1_CHEMBL5405838,0.4695,False
P0DTD1_CHEMBL5417362,0.3684,False
P0DTD1_CHEMBL5401478,0.3455,False
P0DTD1_CHEMBL5435180,0.4043,False
P0DTD1_CHEMBL5405362,0.3555,False
P0DTD1_CHEMBL5396109,0.3181,False
P0DTD1_CHEMBL5413101,0.3044,False
P0DTD1_CHEMBL5412979,0.3137,False
P0DTD1_CHEMBL5416685,0.415,False
P0DTD1_CHEMBL5420763,0.3889,False
P0DTD1_CHEMBL5402360,0.5557,False
P0DTD1_CHEMBL5428134,0.3936,False
P0DTD1_CHEMBL5439438,0.3564,False
P0DTD1_CHEMBL5399537,0.375,False
P0DTD1_CHEMBL5406180,0.4631,False
P0DTD1_CHEMBL5423178,0.4185,False
P0DTD1_CHEMBL5419145,0.3655,False
P0DTD1_CHEMBL5425241,0.3438,False
P0DTD1_CHEMBL5418627,0.3584,False
P0DTD1_CHEMBL5439575,0.3442,False
P0DTD1_CHEMBL5400303,0.3928,False
P0DTD1_CHEMBL5423618,0.3333,False
P0DTD1_CHEMBL5398166,0.3276,False
P0DTD1_CHEMBL5429980,0.3584,False
P0DTD1_CHEMBL5406114,0.3455,False
P0DTD1_CHEMBL5425758,0.3394,False
P0DTD1_CHEMBL5418919,0.3799,False
P0DTD1_CHEMBL5422331,0.3667,False
P0DTD1_CHEMBL5418023,0.2856,False
P0DTD1_CHEMBL5394951,0.2622,False
P0DTD1_CHEMBL5398922,0.3333,False
P0DTD1_CHEMBL5404766,0.366,False
P0DTD1_CHEMBL5442074,0.46,False
P0DTD1_CHEMBL5434729,0.5,False
P0DTD1_CHEMBL5435359,0.26,False
P0DTD1_CHEMBL5441828,0.3728,False
P0DTD1_CHEMBL5441635,0.3281,False
P0DTD1_CHEMBL5442149,0.3491,False
P10275_CHEMBL5423257,0.5195,False
P10275_CHEMBL5399353,0.3418,False
P10275_CHEMBL5430612,0.3462,False
P10275_CHEMBL5398564,0.3418,False
P10275_CHEMBL5422234,0.3484,False
P10275_CHEMBL5421324,0.3284,False
P10275_CHEMBL5424470,0.3433,False
P10275_CHEMBL5398752,0.3538,False
P10275_CHEMBL5398420,0.395,False
P10275_CHEMBL5431700,0.3928,False
P10275_CHEMBL5405109,0.3049,False
P10275_CHEMBL5401872,0.3215,False
P10275_CHEMBL5394108,0.4443,False
P10275_CHEMBL5424031,0.3901,False
P10275_CHEMBL5439835,0.3889,False
P10275_CHEMBL5409469,0.4187,False
P10275_CHEMBL5416202,0.449,False
P10275_CHEMBL5416819,0.3542,False
P10275_CHEMBL5395364,0.3484,False
P10275_CHEMBL5421312,0.3877,False
P10275_CHEMBL5440496,0.3484,False
P10275_CHEMBL5395976,0.3403,False
P10275_CHEMBL5394445,0.4707,False
P10275_CHEMBL5430613,0.3137,False
P10275_CHEMBL5423482,0.3584,False
P10275_CHEMBL5429958,0.3618,False
P10275_CHEMBL5423748,0.3403,False
P10275_CHEMBL5435387,0.5269,False
P10275_CHEMBL5440678,0.3855,False
P10275_CHEMBL5421919,0.5439,False
P10275_CHEMBL5399091,0.3999,False
P10275_CHEMBL5405995,0.3655,False
P10275_CHEMBL5416300,0.3625,False
P10275_CHEMBL5433104,0.4238,False
P10275_CHEMBL5395092,0.322,False
P10275_CHEMBL5393933,0.3547,False
P14416_CHEMBL5399833,0.3374,False
P14416_CHEMBL5435325,0.2966,False
P14416_CHEMBL5415842,0.2827,False
P14416_CHEMBL5415691,0.3809,False
P14416_CHEMBL5407845,0.2299,False
P14416_CHEMBL5410716,0.3049,False
P14416_CHEMBL5399568,0.3086,False
P14416_CHEMBL5425375,0.2805,False
P14416_CHEMBL5399166,0.3125,False
P14416_CHEMBL5397609,0.2715,False
P14416_CHEMBL5411545,0.3928,False
P14416_CHEMBL5410387,0.3164,False
P14416_CHEMBL5438487,0.2913,False
P14416_CHEMBL5396616,0.2705,False
P14416_CHEMBL5433001,0.3491,False
P14416_CHEMBL5430494,0.3035,False
P14416_CHEMBL5440936,0.4075,False
P14416_CHEMBL5406355,0.4023,False
P14416_CHEMBL5414152,0.2693,False
P14416_CHEMBL5418890,0.2683,False
P14416_CHEMBL5424038,0.4075,False
P14416_CHEMBL5421574,0.2856,False
P14416_CHEMBL5441140,0.2727,False
P14416_CHEMBL5418748,0.3157,False
P14416_CHEMBL5414422,0.2686,False
P14416_CHEMBL5417227,0.2837,False
P14416_CHEMBL5401818,0.395,False
P14416_CHEMBL5426286,0.262,False
P14416_CHEMBL5412359,0.2749,False
P14416_CHEMBL5435054,0.2693,False
P14416_CHEMBL5438433,0.2949,False
P14416_CHEMBL5412886,0.4167,False
P14416_CHEMBL5427065,0.259,False
P14416_CHEMBL5424897,0.2952,False
P14416_CHEMBL5409134,0.2942,False
P14416_CHEMBL5437660,0.3037,False
P14416_CHEMBL5424241,0.2874,False
P14416_CHEMBL5409755,0.2886,False
P14416_CHEMBL5421925,0.27,False
P14416_CHEMBL5408223,0.3101,False
P14416_CHEMBL5415846,0.2988,False
P14416_CHEMBL5404807,0.3059,False
P14416_CHEMBL5425134,0.3242,False
P14416_CHEMBL5440422,0.3625,False
P14416_CHEMBL5404054,0.3044,False
P14416_CHEMBL5410159,0.2715,False
P14416_CHEMBL5409322,0.2837,False
P14416_CHEMBL5412606,0.3076,False
P14416_CHEMBL5421714,0.3298,False
P14416_CHEMBL5395539,0.2686,False
P14416_CHEMBL5398913,0.3015,False
P14416_CHEMBL5436551,0.3015,False
P14416_CHEMBL5436957,0.3918,False
P14416_CHEMBL5400528,0.3647,False
P14416_CHEMBL5420316,0.3948,False
P14416_CHEMBL5426620,0.4055,False
P14416_CHEMBL5402212,0.3333,False
P14416_CHEMBL5396600,0.3135,False
P14416_CHEMBL5433284,0.3552,False
P14416_CHEMBL5438081,0.408,False
P14416_CHEMBL5435745,0.3816,False
P14416_CHEMBL5399129,0.4102,False
P14416_CHEMBL5421827,0.4211,False
P14416_CHEMBL5434229,0.3164,False
P14416_CHEMBL5431103,0.3672,False
P14416_CHEMBL5403268,0.3259,False
P14416_CHEMBL5422870,0.3333,False
P14416_CHEMBL5428803,0.3462,False
P14416_CHEMBL5403204,0.3447,False
P14416_CHEMBL5439853,0.3333,False
P14416_CHEMBL5407341,0.3401,False
P14416_CHEMBL5417643,0.3281,False
P14416_CHEMBL5399720,0.3691,False
P14416_CHEMBL5416644,0.3438,False
P14416_CHEMBL5411404,0.3635,False
P14416_CHEMBL5409227,0.4167,False
P14416_CHEMBL5427695,0.2942,False
P14416_CHEMBL5414097,0.25,False
P14416_CHEMBL5415178,0.4268,False
P14416_CHEMBL5409419,0.5,False
P14416_CHEMBL5426242,0.3069,False
P14416_CHEMBL5395417,0.2922,False
P14416_CHEMBL5393856,0.2954,False
P14416_CHEMBL5402456,0.3479,False
P14416_CHEMBL5410217,0.323,False
P14416_CHEMBL5433201,0.4683,False
P14416_CHEMBL5427288,0.2856,False
P14416_CHEMBL5425434,0.4126,False
P14416_CHEMBL5417857,0.2842,False
P14416_CHEMBL5396612,0.28,False
P14416_CHEMBL5405133,0.2786,False
P14416_CHEMBL5415412,0.4312,False
P14416_CHEMBL5421272,0.3447,False
P14416_CHEMBL5433509,0.3489,False
P14416_CHEMBL5438205,0.3333,False
P14416_CHEMBL5412718,0.3296,False
P14416_CHEMBL5405333,0.3572,False
P14416_CHEMBL5396317,0.3474,False
P14416_CHEMBL5427937,0.3403,False
P14416_CHEMBL5395187,0.3403,False
P14416_CHEMBL5405086,0.3401,False
P14416_CHEMBL5425252,0.3516,False
P14416_CHEMBL5415335,0.3457,False
P14416_CHEMBL5394431,0.3552,False
P14416_CHEMBL5431474,0.3833,False
P14416_CHEMBL5416728,0.3196,False
P14416_CHEMBL5410179,0.3489,False
P14416_CHEMBL5436809,0.3298,False
P14416_CHEMBL5400232,0.3538,False
P14416_CHEMBL5403504,0.356,False
P14416_CHEMBL5404031,0.4312,False
P14416_CHEMBL5418730,0.2466,False
P14416_CHEMBL5407747,0.3828,False
P14416_CHEMBL5425944,0.4211,False
P14416_CHEMBL5413807,0.2891,False
P14416_CHEMBL5429207,0.3157,False
P14416_CHEMBL5423250,0.2922,False
P14416_CHEMBL5400356,0.3013,False
P14416_CHEMBL5417351,0.3647,False
P14416_CHEMBL5435580,0.405,False
P14416_CHEMBL5411002,0.4067,False
P14416_CHEMBL5424052,0.4067,False
P14416_CHEMBL5422196,0.4363,False
P14416_CHEMBL5429491,0.4285,False
P14416_CHEMBL5395668,0.4375,False
P14416_CHEMBL5420627,0.4138,False
P14416_CHEMBL5439203,0.4443,False
P14416_CHEMBL5436641,0.3416,False
P14416_CHEMBL5395965,0.3218,False
P14416_CHEMBL5398100,0.3447,False
P14416_CHEMBL5429048,0.3596,False
P14416_CHEMBL5429826,0.3257,False
P14416_CHEMBL5414943,0.4268,False
P14416_CHEMBL5438499,0.2949,False
P17931_CHEMBL5437841,0.4531,False
P17931_CHEMBL5402838,0.3625,False
P17931_CHEMBL5400634,0.4443,False
P17931_CHEMBL5431444,0.5791,False
P17931_CHEMBL5406384,0.6323,False
P17931_CHEMBL5401732,0.4783,False
P17931_CHEMBL5429754,0.4783,False
P17931_CHEMBL5415297,0.6284,False
P17931_CHEMBL5430941,0.6284,False
P17931_CHEMBL5421500,0.4517,False
P17931_CHEMBL5439240,0.4307,False
P17931_CHEMBL5427260,0.4119,False
P17931_CHEMBL5430273,0.4746,False
P17931_CHEMBL5441028,0.2913,False
P17931_CHEMBL5417087,0.4243,False
P17931_CHEMBL5394601,0.4443,False
P17931_CHEMBL5419357,0.4243,False
P17931_CHEMBL5412010,0.4666,False
P17931_CHEMBL5396404,0.4746,False
P17931_CHEMBL5406006,0.5,False
P17931_CHEMBL5436075,0.4827,False
P17931_CHEMBL5422699,0.4243,False
P17931_CHEMBL5406342,0.459,False
P17931_CHEMBL5433343,0.459,False
P17931_CHEMBL5415648,0.418,False
P17931_CHEMBL5436399,0.4243,False
P17931_CHEMBL5440690,0.5,False
P17931_CHEMBL5436088,0.4912,False
P17931_CHEMBL5437593,0.4924,False
P17931_CHEMBL5434120,0.4375,False
P17931_CHEMBL5436190,0.4058,False
P17931_CHEMBL5440430,0.4736,False
P17931_CHEMBL5411478,0.6196,False
P17931_CHEMBL5432913,0.6812,False
P17931_CHEMBL5395001,0.6914,False
P17931_CHEMBL5397280,0.6914,False
P17931_CHEMBL5399144,0.6914,False
P17931_CHEMBL5395141,0.6724,False
P21728_CHEMBL5398357,0.2703,False
P21728_CHEMBL5420515,0.2739,False
P21728_CHEMBL5436253,0.2703,False
P21728_CHEMBL5399393,0.2703,False
P21728_CHEMBL5412881,0.2739,False
P21728_CHEMBL5423775,0.2778,False
P21728_CHEMBL5439661,0.2778,False
P21728_CHEMBL5394838,0.2563,False
P21728_CHEMBL5410716,0.3049,False
P21728_CHEMBL5439212,0.2739,False
P21728_CHEMBL5399422,0.2739,False
P21728_CHEMBL5437148,0.2805,False
P21728_CHEMBL5399933,0.2805,False
P21728_CHEMBL5423880,0.2705,False
P21728_CHEMBL5409939,0.2771,False
P21728_CHEMBL5399568,0.3086,False
P21728_CHEMBL5416700,0.2739,False
P21728_CHEMBL5425375,0.2805,False
P21728_CHEMBL5399166,0.3125,False
P21728_CHEMBL5402269,0.2839,False
P21728_CHEMBL5420387,0.2644,False
P21728_CHEMBL5410387,0.3164,False
P21728_CHEMBL5395272,0.2839,False
P21728_CHEMBL5438487,0.2913,False
P21728_CHEMBL5396616,0.2705,False
P21728_CHEMBL5433001,0.3491,False
P21728_CHEMBL5437660,0.3037,False
P21728_CHEMBL5408223,0.3101,False
P21728_CHEMBL5404054,0.3044,False
P21728_CHEMBL5431103,0.3672,False
P21728_CHEMBL5422870,0.3333,False
P21728_CHEMBL5428803,0.3462,False
P21728_CHEMBL5403204,0.3447,False
P21728_CHEMBL5409419,0.5,False
P21728_CHEMBL5426242,0.3069,False
P21728_CHEMBL5425252,0.3516,False
P21728_CHEMBL5400232,0.3538,False
P22303_CHEMBL5394478,0.3691,False
P22303_CHEMBL5400593,0.3779,False
P22303_CHEMBL5428978,0.3735,False
P22303_CHEMBL5410208,0.375,False
P22303_CHEMBL5431791,0.375,False
P22303_CHEMBL5399188,0.375,False
P22303_CHEMBL5421921,0.3779,False
P22303_CHEMBL5406712,0.3572,False
P22303_CHEMBL5430507,0.2969,False
P22303_CHEMBL5394683,0.4133,False
P22303_CHEMBL5407856,0.4133,False
P22303_CHEMBL5440735,0.408,False
P22303_CHEMBL5407180,0.6479,False
P22303_CHEMBL5417332,0.3733,False
P22303_CHEMBL5395691,0.4133,False
P22303_CHEMBL5405929,0.4133,False
P22303_CHEMBL5424787,0.3088,False
P22303_CHEMBL5395270,0.311,False
P22303_CHEMBL5416421,0.3147,False
P22303_CHEMBL5425753,0.3259,False
P22303_CHEMBL5411758,0.3552,False
P22303_CHEMBL5419644,0.4919,False
P22303_CHEMBL5414144,0.6362,False
P22303_CHEMBL5407164,0.6143,False
P22303_CHEMBL5434888,0.5737,False
P22303_CHEMBL5406359,0.3467,False
P22303_CHEMBL5407691,0.3684,False
P22303_CHEMBL5420040,0.3301,False
P22303_CHEMBL5433354,0.3572,False
P22303_CHEMBL5421943,0.3367,False
P22303_CHEMBL5402496,0.3401,False
P22303_CHEMBL5426913,0.3506,False
P22303_CHEMBL5407606,0.3267,False
P22303_CHEMBL5412970,0.3401,False
P22303_CHEMBL5424767,0.3301,False
P22303_CHEMBL5433166,0.3401,False
P22303_CHEMBL5429003,0.3511,False
P22303_CHEMBL5424712,0.3301,False
P22303_CHEMBL5419243,0.2644,False
P22303_CHEMBL5417346,0.2561,False
P22303_CHEMBL5426103,0.2644,False
P22303_CHEMBL5440753,0.2561,False
P22303_CHEMBL5417632,0.2644,False
P22303_CHEMBL5434553,0.2561,False
P22303_CHEMBL5418455,0.2615,False
P22303_CHEMBL5396497,0.2529,False
P22303_CHEMBL5433692,0.2878,False
P22303_CHEMBL5427383,0.3484,False
P22303_CHEMBL5416845,0.2942,False
P22303_CHEMBL5401085,0.3181,False
P22303_CHEMBL5424185,0.3091,False
P22303_CHEMBL5429608,0.3948,False
P22303_CHEMBL5396394,0.3975,False
P22303_CHEMBL5435599,0.3999,False
P22303_CHEMBL5426763,0.3896,False
P22303_CHEMBL5407369,0.3704,False
P22303_CHEMBL5405546,0.4109,False
P22303_CHEMBL5413217,0.3125,False
P22303_CHEMBL5414511,0.2908,False
P22303_CHEMBL5396214,0.3,False
P22303_CHEMBL5436875,0.2957,False
P22303_CHEMBL5435812,0.3,False
P22303_CHEMBL5397159,0.3044,False
P22303_CHEMBL5412278,0.3193,False
P22303_CHEMBL5412829,0.3948,False
P22303_CHEMBL5425561,0.3623,False
P22303_CHEMBL5407081,0.2927,False
P22303_CHEMBL5416407,0.2534,False
P22303_CHEMBL5404812,0.3562,False
P22303_CHEMBL5419364,0.3049,False
P22303_CHEMBL5436261,0.3013,False
P22303_CHEMBL5405496,0.2874,False
P22303_CHEMBL5415210,0.2874,False
P22303_CHEMBL5424891,0.325,False
P22303_CHEMBL5429752,0.3076,False
P22303_CHEMBL5428266,0.2913,False
P22303_CHEMBL5411628,0.3193,False
P22303_CHEMBL5424094,0.3835,False
P22303_CHEMBL5423918,0.4443,False
P22303_CHEMBL5400395,0.5669,False
P22303_CHEMBL5408925,0.4285,False
P22303_CHEMBL5417392,0.4065,False
P22303_CHEMBL5433956,0.5083,False
P22303_CHEMBL5430903,0.2827,False
P22303_CHEMBL5426478,0.3845,False
P22303_CHEMBL5438801,0.2839,False
P22303_CHEMBL5431870,0.3291,False
P22303_CHEMBL5433193,0.686,False
P22303_CHEMBL5414221,0.2615,False
P22303_CHEMBL5433082,0.25,False
P22303_CHEMBL5397824,0.2983,False
P22303_CHEMBL5412564,0.5425,False
P22303_CHEMBL5409365,0.3943,False
P22303_CHEMBL5396781,0.3835,False
P22303_CHEMBL5437711,0.2793,False
P22303_CHEMBL5411077,0.3809,False
P22303_CHEMBL5401627,0.3809,False
P22303_CHEMBL5426401,0.283,False
P22303_CHEMBL5408201,0.4565,False
P22303_CHEMBL5401178,0.4312,False
P22303_CHEMBL5432462,0.3975,False
P22303_CHEMBL5415532,0.3384,False
P22303_CHEMBL5413533,0.2754,False
P22303_CHEMBL5427748,0.3013,False
P22303_CHEMBL5428301,0.375,False
P22303_CHEMBL5429288,0.3193,False
P22303_CHEMBL5409352,0.5,False
P22303_CHEMBL5433139,0.6182,False
P22303_CHEMBL5435163,0.3289,False
P23458_CHEMBL5408535,0.3442,False
P23458_CHEMBL5396134,0.3425,False
P23458_CHEMBL5440598,0.3416,False
P23458_CHEMBL5438309,0.5063,False
P23458_CHEMBL5396692,0.3975,False
P23458_CHEMBL5433067,0.3625,False
P23458_CHEMBL5406170,0.3411,False
P23458_CHEMBL5397997,0.356,False
P23458_CHEMBL5424439,0.457,False
P23458_CHEMBL5419924,0.375,False
P23458_CHEMBL5426253,0.3572,False
P23458_CHEMBL5426809,0.481,False
P23458_CHEMBL5407349,0.5278,False
P23458_CHEMBL5431607,0.3049,False
P23458_CHEMBL5437567,0.3501,False
P23458_CHEMBL5413174,0.3333,False
P23458_CHEMBL5398468,0.3521,False
P23458_CHEMBL5419274,0.5698,False
P23458_CHEMBL5440065,0.3442,False
P23458_CHEMBL5426703,0.5571,False
P23458_CHEMBL5429376,0.6001,False
P23458_CHEMBL5431099,0.5127,False
P23458_CHEMBL5429154,0.3376,False
P23458_CHEMBL5436045,0.356,False
P23458_CHEMBL5417474,0.4507,False
P23458_CHEMBL5395839,0.457,False
P23458_CHEMBL5403897,0.4639,False
P23458_CHEMBL5420083,0.4783,False
P23458_CHEMBL5420971,0.4775,False
P23458_CHEMBL5399325,0.3418,False
P23458_CHEMBL5424098,0.3333,False
P23458_CHEMBL5405262,0.3059,False
P23458_CHEMBL5439485,0.375,False
P23458_CHEMBL5423387,0.3374,False
P23458_CHEMBL5430795,0.3293,False
P23458_CHEMBL5405043,0.3293,False
P23458_CHEMBL5410919,0.3293,False
P23458_CHEMBL5435417,0.3293,False
P23458_CHEMBL5439582,0.3545,False
P23458_CHEMBL5427932,0.3457,False
P23458_CHEMBL5405140,0.3501,False
P23458_CHEMBL5404261,0.3416,False
P23458_CHEMBL5441087,0.3372,False
P23458_CHEMBL5440017,0.3218,False
P23458_CHEMBL5434116,0.366,False
P23458_CHEMBL5396523,0.3333,False
P23458_CHEMBL5423894,0.3416,False
P23458_CHEMBL5424497,0.3691,False
P23458_CHEMBL5409953,0.4849,False
P23458_CHEMBL5422886,0.4856,False
P23458_CHEMBL5412967,0.446,False
P23458_CHEMBL5417371,0.3975,False
P23458_CHEMBL5440832,0.321,False
P23458_CHEMBL5417190,0.3333,False
P23458_CHEMBL5404411,0.3975,False
P23458_CHEMBL5436647,0.3027,False
P23458_CHEMBL5431456,0.324,False
P23458_CHEMBL5396190,0.3381,False
P23458_CHEMBL5438882,0.3333,False
P23458_CHEMBL5424372,0.3333,False
P23458_CHEMBL5436482,0.321,False
P23458_CHEMBL5407329,0.5078,False
P23458_CHEMBL5407260,0.4231,False
P23458_CHEMBL5396554,0.4231,False
P23458_CHEMBL5415586,0.4844,False
P23458_CHEMBL5409666,0.5332,False
P23458_CHEMBL5433426,0.4844,False
P23458_CHEMBL5395378,0.4058,False
P23458_CHEMBL5420468,0.5952,False
P23458_CHEMBL5408994,0.375,False
P23458_CHEMBL5419978,0.3206,False
P23458_CHEMBL5435482,0.425,False
P23458_CHEMBL5398464,0.5557,False
P23458_CHEMBL5440510,0.3972,False
P23458_CHEMBL5438892,0.375,False
P23458_CHEMBL5412619,0.3718,False
P23458_CHEMBL5400209,0.5635,False
P23458_CHEMBL5437261,0.4126,False
P23458_CHEMBL5428461,0.4546,False
P23458_CHEMBL5419271,0.3462,False
P23458_CHEMBL5436383,0.3601,False
P23458_CHEMBL5431257,0.4844,False
P23458_CHEMBL5440264,0.366,False
P23458_CHEMBL5420928,0.325,False
P23458_CHEMBL5413489,0.2988,False
P23458_CHEMBL5417745,0.3442,False
P23458_CHEMBL5414410,0.3425,False
P23458_CHEMBL5431565,0.3293,False
P23458_CHEMBL5398705,0.3506,False
P23458_CHEMBL5423237,0.4133,False
P23458_CHEMBL5411082,0.3462,False
P23458_CHEMBL5424761,0.4639,False
P23458_CHEMBL5394914,0.3442,False
P23458_CHEMBL5421116,0.623,False
P23458_CHEMBL5422793,0.623,False
P23458_CHEMBL5418073,0.2976,False
P23458_CHEMBL5407116,0.3164,False
P23458_CHEMBL5422110,0.4119,False
P23458_CHEMBL5430869,0.4038,False
P24941_CHEMBL5416233,0.4707,False
P24941_CHEMBL5414905,0.6001,False
P24941_CHEMBL5399420,0.407,False
P24941_CHEMBL5428330,0.4067,False
P24941_CHEMBL5417371,0.3975,False
P24941_CHEMBL5440832,0.321,False
P24941_CHEMBL5417190,0.3333,False
P24941_CHEMBL5404411,0.3975,False
P24941_CHEMBL5436647,0.3027,False
P24941_CHEMBL5431456,0.324,False
P24941_CHEMBL5396190,0.3381,False
P24941_CHEMBL5438882,0.3333,False
P24941_CHEMBL5424372,0.3333,False
P24941_CHEMBL5427047,0.5356,False
P24941_CHEMBL5436482,0.321,False
P24941_CHEMBL5401267,0.4482,False
P24941_CHEMBL5413620,0.5454,False
P24941_CHEMBL5407688,0.4285,False
P24941_CHEMBL5434594,0.5264,False
P24941_CHEMBL5440790,0.5264,False
P24941_CHEMBL5428382,0.5171,False
P24941_CHEMBL5410597,0.5171,False
P24941_CHEMBL5427324,0.5083,False
P24941_CHEMBL5421310,0.5171,False
P24941_CHEMBL5406341,0.5171,False
P24941_CHEMBL5439522,0.5171,False
P24941_CHEMBL5421048,0.5171,False
P24941_CHEMBL5394608,0.5083,False
P24941_CHEMBL5394312,0.5454,False
P24941_CHEMBL5412165,0.4614,False
P24941_CHEMBL5439308,0.3235,False
P24941_CHEMBL5407777,0.4285,False
P24941_CHEMBL5414410,0.3425,False
P24941_CHEMBL5431565,0.3293,False
P24941_CHEMBL5435746,0.3472,False
P24941_CHEMBL5398705,0.3506,False
P24941_CHEMBL5435410,0.4897,False
P24941_CHEMBL5432928,0.3728,False
P24941_CHEMBL5400738,0.4897,False
P24941_CHEMBL5427192,0.4443,False
P24941_CHEMBL5423185,0.4614,False
P24941_CHEMBL5423683,0.4285,False
P24941_CHEMBL5412113,0.5659,False
P24941_CHEMBL5404611,0.4897,False
P24941_CHEMBL5401897,0.4561,False
P24941_CHEMBL5432063,0.4614,False
P24941_CHEMBL5423237,0.4133,False
P24941_CHEMBL5424761,0.4639,False
P24941_CHEMBL5418073,0.2976,False
P24941_CHEMBL5407116,0.3164,False
P27338_CHEMBL5417937,0.3923,False
P27338_CHEMBL5428315,0.3242,False
P27338_CHEMBL5434825,0.3037,False
P27338_CHEMBL5395648,0.2903,False
P27338_CHEMBL5402309,0.4629,False
P27338_CHEMBL5399743,0.353,False
P27338_CHEMBL5400613,0.3921,False
P27338_CHEMBL5411972,0.3269,False
P27338_CHEMBL5434514,0.3506,False
P27338_CHEMBL5425979,0.3479,False
P27338_CHEMBL5440858,0.3333,False
P27338_CHEMBL5427590,0.3428,False
P27338_CHEMBL5419792,0.3635,False
P27338_CHEMBL5414346,0.323,False
P27338_CHEMBL5423119,0.323,False
P27338_CHEMBL5430666,0.4126,False
P27338_CHEMBL5399671,0.3384,False
P27338_CHEMBL5409741,0.4155,False
P27338_CHEMBL5433292,0.3333,False
P27338_CHEMBL5402353,0.4231,False
P27338_CHEMBL5404978,0.4033,False
P27338_CHEMBL5406273,0.4204,False
P27338_CHEMBL5428685,0.6514,False
P27338_CHEMBL5399314,0.3384,False
P27338_CHEMBL5416870,0.3049,False
P27338_CHEMBL5438815,0.4243,False
P27338_CHEMBL5427855,0.3374,False
P27338_CHEMBL5438218,0.3333,False
P27338_CHEMBL5393927,0.3928,False
P27338_CHEMBL5436279,0.3799,False
P27338_CHEMBL5422519,0.7002,False
P27338_CHEMBL5406099,0.3684,False
P27338_CHEMBL5415952,0.3447,False
P27338_CHEMBL5416702,0.3674,False
P27338_CHEMBL5403831,0.3921,False
P27338_CHEMBL5415563,0.3867,False
P27338_CHEMBL5413841,0.4067,False
P27338_CHEMBL5403156,0.4363,False
P27338_CHEMBL5398332,0.3726,False
P27338_CHEMBL5404106,0.3167,False
P27338_CHEMBL5423573,0.2708,False
P27338_CHEMBL5400090,0.3921,False
P27338_CHEMBL5403314,0.3333,False
P27338_CHEMBL5403469,0.3704,False
P27338_CHEMBL5404959,0.3491,False
P27338_CHEMBL5395261,0.4067,False
P27338_CHEMBL5416897,0.4167,False
P27338_CHEMBL5396287,0.3845,False
P27338_CHEMBL5394729,0.3713,False
P27338_CHEMBL5436440,0.3333,False
P27338_CHEMBL5430903,0.2827,False
P27338_CHEMBL5399676,0.3108,False
P27338_CHEMBL5419856,0.3518,False
P27338_CHEMBL5416185,0.375,False
P27338_CHEMBL5423045,0.386,False
P27338_CHEMBL5417198,0.4465,False
P27338_CHEMBL5425546,0.5688,False
P27338_CHEMBL5415156,0.7446,False
P27338_CHEMBL5416761,0.5093,False
P27338_CHEMBL5431945,0.6938,False
P27338_CHEMBL5395527,0.4341,False
P27338_CHEMBL5396512,0.4695,False
P27338_CHEMBL5424650,0.3728,False
P27338_CHEMBL5423810,0.4106,False
P27338_CHEMBL5415650,0.5488,False
P27338_CHEMBL5431708,0.3547,False
P27338_CHEMBL5414093,0.3582,False
P27338_CHEMBL5434761,0.4385,False
P27338_CHEMBL5399687,0.3479,False
P27338_CHEMBL5399540,0.3333,False
P27338_CHEMBL5436231,0.3438,False
P27338_CHEMBL5408055,0.3333,False
P27338_CHEMBL5404165,0.3438,False
P27338_CHEMBL5395788,0.3923,False
P27338_CHEMBL5398537,0.3923,False
P27338_CHEMBL5408318,0.3923,False
P27338_CHEMBL5410682,0.449,False
P27338_CHEMBL5421285,0.449,False
P27338_CHEMBL5425310,0.3491,False
P27338_CHEMBL5417092,0.4285,False
P27338_CHEMBL5437538,0.3333,False
P27338_CHEMBL5422460,0.3518,False
P27338_CHEMBL5422732,0.2881,False
P27338_CHEMBL5438053,0.2812,False
P27338_CHEMBL5402945,0.2742,False
P27338_CHEMBL5434678,0.3381,False
P27338_CHEMBL5418924,0.4167,False
P27338_CHEMBL5428671,0.366,False
P27338_CHEMBL5428196,0.4199,False
P27338_CHEMBL5433019,0.4363,False
P27338_CHEMBL5399496,0.3958,False
P27338_CHEMBL5413087,0.3831,False
P27338_CHEMBL5433787,0.3293,False
P27338_CHEMBL5429656,0.377,False
P27338_CHEMBL5421246,0.5801,False
P27338_CHEMBL5437543,0.5488,False
P27338_CHEMBL5423398,0.4036,False
P27338_CHEMBL5423186,0.5508,False
P27338_CHEMBL5426795,0.4807,False
P27338_CHEMBL5434275,0.4482,False
P27338_CHEMBL5400189,0.4727,False
P27338_CHEMBL5404200,0.7827,False
P27338_CHEMBL5431507,0.7021,False
P27338_CHEMBL5406057,0.426,False
P27338_CHEMBL5432117,0.604,False
P27338_CHEMBL5403995,0.5508,False
P27338_CHEMBL5401875,0.4375,False
P27338_CHEMBL5401572,0.4221,False
P27338_CHEMBL5407170,0.311,False
P27338_CHEMBL5440632,0.2979,False
P27338_CHEMBL5394801,0.3708,False
P27338_CHEMBL5441072,0.4167,False
P27338_CHEMBL5430381,0.375,False
P27338_CHEMBL5414652,0.3809,False
P27338_CHEMBL5415223,0.3401,False
P27338_CHEMBL5398247,0.3401,False
P27338_CHEMBL5418090,0.3691,False
P27338_CHEMBL5426461,0.4426,False
P27338_CHEMBL5400685,0.3936,False
P27338_CHEMBL5428123,0.4348,False
P27338_CHEMBL5438301,0.3225,False
P27338_CHEMBL5394462,0.3333,False
P27338_CHEMBL5427279,0.3381,False
P27338_CHEMBL5432246,0.4167,False
P28223_CHEMBL5433300,0.3157,False
P28223_CHEMBL5405562,0.3438,False
P28223_CHEMBL5406900,0.2744,False
P28223_CHEMBL5397704,0.3076,False
P28223_CHEMBL5405414,0.2898,False
P28223_CHEMBL5419441,0.3284,False
P28223_CHEMBL5416678,0.2771,False
P28223_CHEMBL5433857,0.2949,False
P28223_CHEMBL5400892,0.2817,False
P28223_CHEMBL5410706,0.3521,False
P28223_CHEMBL5420304,0.2876,False
P28223_CHEMBL5434373,0.2805,False
P28223_CHEMBL5416642,0.4036,False
P28223_CHEMBL5412886,0.4167,False
P28223_CHEMBL5424897,0.2952,False
P28223_CHEMBL5409134,0.2942,False
P28223_CHEMBL5437660,0.3037,False
P28223_CHEMBL5408223,0.3101,False
P28223_CHEMBL5404054,0.3044,False
P28223_CHEMBL5436003,0.3384,False
P28223_CHEMBL5423649,0.2708,False
P28223_CHEMBL5395867,0.3,False
P28223_CHEMBL5406837,0.2749,False
P28223_CHEMBL5397523,0.3201,False
P28223_CHEMBL5434229,0.3164,False
P28223_CHEMBL5431103,0.3672,False
P28223_CHEMBL5422870,0.3333,False
P28223_CHEMBL5403204,0.3447,False
P28223_CHEMBL5418283,0.4312,False
P28223_CHEMBL5409227,0.4167,False
P28223_CHEMBL5409419,0.5,False
P28223_CHEMBL5426242,0.3069,False
P28223_CHEMBL5415412,0.4312,False
P28223_CHEMBL5425252,0.3516,False
P28223_CHEMBL5400232,0.3538,False
P28223_CHEMBL5404031,0.4312,False
P28223_CHEMBL5407925,0.2793,False
P28223_CHEMBL5402096,0.303,False
P28223_CHEMBL5409782,0.3691,False
P28223_CHEMBL5419552,0.375,False
P28223_CHEMBL5422180,0.3809,False
P28223_CHEMBL5435580,0.405,False
P28223_CHEMBL5411002,0.4067,False
P28223_CHEMBL5424052,0.4067,False
P28223_CHEMBL5422196,0.4363,False
P28223_CHEMBL5429491,0.4285,False
P28223_CHEMBL5395668,0.4375,False
P28223_CHEMBL5439203,0.4443,False
P28223_CHEMBL5436641,0.3416,False
P28223_CHEMBL5429826,0.3257,False
P28223_CHEMBL5409331,0.2708,False
P28223_CHEMBL5428071,0.2708,False
P28223_CHEMBL5394464,0.2769,False
P28223_CHEMBL5429818,0.2754,False
P28335_CHEMBL5424897,0.2952,False
P28335_CHEMBL5409134,0.2942,False
P28335_CHEMBL5437660,0.3037,False
P28335_CHEMBL5408223,0.3101,False
P28335_CHEMBL5404054,0.3044,False
P28335_CHEMBL5434229,0.3164,False
P28335_CHEMBL5431103,0.3672,False
P28335_CHEMBL5418283,0.4312,False
P28335_CHEMBL5430057,0.3,False
P28335_CHEMBL5409227,0.4167,False
P28335_CHEMBL5427640,0.2764,False
P28335_CHEMBL5409419,0.5,False
P28335_CHEMBL5426242,0.3069,False
P28335_CHEMBL5395233,0.2622,False
P28335_CHEMBL5436641,0.3416,False
P28335_CHEMBL5429826,0.3257,False
P28335_CHEMBL5409331,0.2708,False
P28335_CHEMBL5435945,0.2708,False
P28335_CHEMBL5428071,0.2708,False
P28335_CHEMBL5394464,0.2769,False
P28335_CHEMBL5441076,0.2983,False
P28335_CHEMBL5432740,0.2463,False
P28907_CHEMBL5423247,0.3044,False
P28907_CHEMBL5397412,0.2898,False
P28907_CHEMBL5403659,0.2986,False
P28907_CHEMBL5395994,0.2856,False
P28907_CHEMBL5421625,0.2874,False
P28907_CHEMBL5405886,0.3,False
P28907_CHEMBL5404154,0.3059,False
P28907_CHEMBL5415804,0.3333,False
P28907_CHEMBL5432974,0.3125,False
P28907_CHEMBL5434557,0.3125,False
P28907_CHEMBL5427100,0.2969,False
P28907_CHEMBL5395515,0.3125,False
P28907_CHEMBL5415574,0.3647,False
P28907_CHEMBL5430964,0.3279,False
P28907_CHEMBL5429970,0.3279,False
P28907_CHEMBL5440312,0.3538,False
P28907_CHEMBL5405079,0.4194,False
P28907_CHEMBL5434460,0.3333,False
P28907_CHEMBL5431367,0.3044,False
P28907_CHEMBL5436110,0.3276,False
P28907_CHEMBL5417850,0.3333,False
P28907_CHEMBL5434181,0.3333,False
P28907_CHEMBL5436403,0.3108,False
P28907_CHEMBL5426011,0.3704,False
P28907_CHEMBL5401022,0.3538,False
P28907_CHEMBL5440681,0.3384,False
P28907_CHEMBL5398114,0.3066,False
P28907_CHEMBL5425216,0.3333,False
P28907_CHEMBL5418653,0.3606,False
P28907_CHEMBL5424500,0.3684,False
P28907_CHEMBL5410644,0.3538,False
P28907_CHEMBL5396888,0.3733,False
P28907_CHEMBL5414411,0.375,False
P28907_CHEMBL5427901,0.3384,False
P28907_CHEMBL5420517,0.3552,False
P28907_CHEMBL5437449,0.3513,False
P28907_CHEMBL5424631,0.3,False
P29274_CHEMBL5416209,0.25,False
P29274_CHEMBL5405570,0.2693,False
P29274_CHEMBL5393920,0.2693,False
P29274_CHEMBL5436220,0.2354,False
P29274_CHEMBL5421109,0.2366,False
P29274_CHEMBL5427211,0.2316,False
P29274_CHEMBL5422711,0.2255,False
P29274_CHEMBL5437109,0.2837,False
P29274_CHEMBL5395897,0.2856,False
P29274_CHEMBL5399921,0.4075,False
P29274_CHEMBL5439422,0.2842,False
P29274_CHEMBL5404268,0.3333,False
P29274_CHEMBL5402843,0.3,False
P29274_CHEMBL5416491,0.3044,False
P29274_CHEMBL5416911,0.3333,False
P29274_CHEMBL5429151,0.2913,False
P29274_CHEMBL5410668,0.2974,False
P29274_CHEMBL5430246,0.3684,False
P29274_CHEMBL5426841,0.25,False
P29274_CHEMBL5413371,0.2559,False
P29274_CHEMBL5438060,0.2825,False
P29274_CHEMBL5439885,0.3066,False
P29274_CHEMBL5399566,0.2986,False
P29274_CHEMBL5433808,0.3027,False
P29274_CHEMBL5415792,0.2842,False
P29274_CHEMBL5437168,0.2727,False
P29274_CHEMBL5401706,0.2986,False
P29274_CHEMBL5398651,0.2986,False
P29274_CHEMBL5401410,0.2986,False
P29274_CHEMBL5408699,0.2986,False
P29274_CHEMBL5426226,0.3293,False
P29274_CHEMBL5422621,0.2876,False
P29274_CHEMBL5408447,0.3103,False
P29274_CHEMBL5397080,0.3152,False
P29274_CHEMBL5400341,0.302,False
P29274_CHEMBL5417712,0.3108,False
P29274_CHEMBL5412117,0.3333,False
P29274_CHEMBL5422530,0.3425,False
P29274_CHEMBL5415529,0.3333,False
P29274_CHEMBL5408468,0.3965,False
P29274_CHEMBL5405584,0.2876,False
P29274_CHEMBL5420888,0.2749,False
P29274_CHEMBL5427931,0.4546,False
P29274_CHEMBL5419573,0.3215,False
P29274_CHEMBL5395100,0.2942,False
P29274_CHEMBL5438754,0.2844,False
P29597_CHEMBL5418687,0.2896,False
P29597_CHEMBL5396134,0.3425,False
P29597_CHEMBL5414765,0.3376,False
P29597_CHEMBL5394367,0.3098,False
P29597_CHEMBL5424439,0.457,False
P29597_CHEMBL5417474,0.4507,False
P29597_CHEMBL5395839,0.457,False
P29597_CHEMBL5403897,0.4639,False
P29597_CHEMBL5420083,0.4783,False
P29597_CHEMBL5420971,0.4775,False
P29597_CHEMBL5424098,0.3333,False
P29597_CHEMBL5403272,0.3142,False
P29597_CHEMBL5423387,0.3374,False
P29597_CHEMBL5430795,0.3293,False
P29597_CHEMBL5405043,0.3293,False
P29597_CHEMBL5410919,0.3293,False
P29597_CHEMBL5435417,0.3293,False
P29597_CHEMBL5439582,0.3545,False
P29597_CHEMBL5427932,0.3457,False
P29597_CHEMBL5405140,0.3501,False
P29597_CHEMBL5404261,0.3416,False
P29597_CHEMBL5441087,0.3372,False
P29597_CHEMBL5440017,0.3218,False
P29597_CHEMBL5434116,0.366,False
P29597_CHEMBL5396523,0.3333,False
P29597_CHEMBL5423894,0.3416,False
P29597_CHEMBL5424497,0.3691,False
P29597_CHEMBL5438635,0.3296,False
P29597_CHEMBL5409953,0.4849,False
P29597_CHEMBL5422886,0.4856,False
P29597_CHEMBL5412967,0.446,False
P29597_CHEMBL5407329,0.5078,False
P29597_CHEMBL5407260,0.4231,False
P29597_CHEMBL5396554,0.4231,False
P29597_CHEMBL5415586,0.4844,False
P29597_CHEMBL5409666,0.5332,False
P29597_CHEMBL5433426,0.4844,False
P29597_CHEMBL5408994,0.375,False
P29597_CHEMBL5419978,0.3206,False
P29597_CHEMBL5435482,0.425,False
P29597_CHEMBL5440510,0.3972,False
P29597_CHEMBL5438892,0.375,False
P29597_CHEMBL5412619,0.3718,False
P29597_CHEMBL5437653,0.5635,False
P29597_CHEMBL5400209,0.5635,False
P29597_CHEMBL5437261,0.4126,False
P29597_CHEMBL5431257,0.4844,False
P29597_CHEMBL5440264,0.366,False
P29597_CHEMBL5413489,0.2988,False
P29597_CHEMBL5429461,0.3572,False
P29597_CHEMBL5422793,0.623,False
P31153_CHEMBL5405042,0.303,False
P31153_CHEMBL5402991,0.2637,False
P31153_CHEMBL5395201,0.3718,False
P31153_CHEMBL5415073,0.3113,False
P31153_CHEMBL5400994,0.281,False
P31153_CHEMBL5412431,0.2637,False
P31153_CHEMBL5437430,0.3,False
P31153_CHEMBL5419227,0.26,False
P31153_CHEMBL5418094,0.2888,False
P31153_CHEMBL5440991,0.25,False
P31153_CHEMBL5412125,0.2554,False
P31153_CHEMBL5425823,0.3069,False
P31153_CHEMBL5401515,0.3035,False
P31153_CHEMBL5430139,0.2971,False
P31153_CHEMBL5434352,0.2449,False
P31153_CHEMBL5423083,0.25,False
P31153_CHEMBL5432232,0.2578,False
P31153_CHEMBL5397124,0.2717,False
P31153_CHEMBL5405749,0.3,False
P31153_CHEMBL5435278,0.3718,False
P31153_CHEMBL5419203,0.4167,False
P31153_CHEMBL5413291,0.3948,False
P31153_CHEMBL5406558,0.3672,False
P31153_CHEMBL5409231,0.3718,False
P31153_CHEMBL5405041,0.3672,False
P31153_CHEMBL5422027,0.3672,False
P31153_CHEMBL5399691,0.3672,False
P31153_CHEMBL5426479,0.3718,False
P31153_CHEMBL5399738,0.2527,False
P31153_CHEMBL5413811,0.2686,False
P31153_CHEMBL5427061,0.3027,False
P31153_CHEMBL5426003,0.2581,False
P31153_CHEMBL5419023,0.2656,False
P31153_CHEMBL5413791,0.2969,False
P31153_CHEMBL5422860,0.2969,False
P31153_CHEMBL5401688,0.2922,False
P31153_CHEMBL5399741,0.3142,False
P31153_CHEMBL5411162,0.2817,False
P31153_CHEMBL5439586,0.2676,False
P31153_CHEMBL5407969,0.2969,False
P31153_CHEMBL5420391,0.2537,False
P31153_CHEMBL5393737,0.2527,False
P31153_CHEMBL5403351,0.3572,False
P31153_CHEMBL5436630,0.3076,False
P31153_CHEMBL5425116,0.3472,False
P31153_CHEMBL5439496,0.2986,False
P31153_CHEMBL5398803,0.2974,False
P31153_CHEMBL5431494,0.3242,False
P31153_CHEMBL5433315,0.2942,False
P31153_CHEMBL5438211,0.2676,False
P34913_CHEMBL5433817,0.2949,False
P34913_CHEMBL5435984,0.2546,False
P34913_CHEMBL5404981,0.2455,False
P34913_CHEMBL5430033,0.2917,False
P34913_CHEMBL5432207,0.2783,False
P34913_CHEMBL5414017,0.2871,False
P34913_CHEMBL5405712,0.3289,False
P34913_CHEMBL5419231,0.2874,False
P34913_CHEMBL5438968,0.2891,False
P34913_CHEMBL5406085,0.29,False
P34913_CHEMBL5396859,0.2749,False
P34913_CHEMBL5423765,0.3076,False
P34913_CHEMBL5402713,0.2783,False
P34913_CHEMBL5394017,0.2954,False
P34913_CHEMBL5427173,0.2778,False
P34913_CHEMBL5429531,0.2888,False
P34913_CHEMBL5425833,0.2595,False
P34913_CHEMBL5430521,0.301,False
P34913_CHEMBL5431410,0.2605,False
P34913_CHEMBL5431664,0.2771,False
P34913_CHEMBL5435879,0.2559,False
P34913_CHEMBL5434178,0.2477,False
P34913_CHEMBL5399542,0.2727,False
P34913_CHEMBL5420723,0.2578,False
P34913_CHEMBL5435557,0.2654,False
P34913_CHEMBL5423755,0.2632,False
P34913_CHEMBL5410246,0.3235,False
P34913_CHEMBL5421307,0.3052,False
P34913_CHEMBL5395369,0.3999,False
P34913_CHEMBL5437028,0.2727,False
P34913_CHEMBL5397730,0.282,False
P34913_CHEMBL5422052,0.2688,False
P34913_CHEMBL5414179,0.3076,False
P34913_CHEMBL5431497,0.3066,False
P34913_CHEMBL5425040,0.293,False
P34913_CHEMBL5433621,0.3101,False
P34913_CHEMBL5424246,0.3069,False
P34913_CHEMBL5421374,0.293,False
P34913_CHEMBL5399478,0.3164,False
P34913_CHEMBL5417426,0.3171,False
P34913_CHEMBL5412026,0.2759,False
P34913_CHEMBL5433624,0.2981,False
P34913_CHEMBL5429004,0.3235,False
P34913_CHEMBL5415121,0.3066,False
P34913_CHEMBL5429256,0.2524,False
P34913_CHEMBL5404352,0.2737,False
P34913_CHEMBL5435276,0.2637,False
P34913_CHEMBL5403016,0.2637,False
P34913_CHEMBL5417008,0.2871,False
P34913_CHEMBL5410521,0.2588,False
P34913_CHEMBL5414609,0.2786,False
P34913_CHEMBL5428998,0.2913,False
P34913_CHEMBL5437010,0.261,False
P34913_CHEMBL5410982,0.2727,False
P34913_CHEMBL5437647,0.2788,False
P34913_CHEMBL5406849,0.3384,False
P34913_CHEMBL5428089,0.373,False
P34913_CHEMBL5411642,0.324,False
P34913_CHEMBL5415470,0.3286,False
P34913_CHEMBL5418650,0.3479,False
P34913_CHEMBL5420193,0.3235,False
P34913_CHEMBL5426753,0.3142,False
P34913_CHEMBL5411340,0.3691,False
P34913_CHEMBL5435336,0.3572,False
P34913_CHEMBL5438483,0.3333,False
P34913_CHEMBL5411847,0.3333,False
P34913_CHEMBL5415175,0.3135,False
P34913_CHEMBL5408127,0.4153,False
P34913_CHEMBL5407621,0.4219,False
P34913_CHEMBL5439306,0.3384,False
P34972_CHEMBL5420560,0.2522,False
P34972_CHEMBL5423328,0.25,False
P34972_CHEMBL5406438,0.2703,False
P34972_CHEMBL5403405,0.2927,False
P34972_CHEMBL5411459,0.3552,False
P34972_CHEMBL5415690,0.356,False
P34972_CHEMBL5421210,0.3289,False
P34972_CHEMBL5418589,0.356,False
P34972_CHEMBL5437097,0.3125,False
P34972_CHEMBL5422404,0.3201,False
P34972_CHEMBL5409471,0.3289,False
P34972_CHEMBL5428372,0.2898,False
P34972_CHEMBL5419335,0.3188,False
P34972_CHEMBL5406967,0.3064,False
P34972_CHEMBL5410025,0.3621,False
P34972_CHEMBL5422557,0.3242,False
P34972_CHEMBL5430360,0.3188,False
P34972_CHEMBL5421463,0.2917,False
P34972_CHEMBL5409303,0.3044,False
P34972_CHEMBL5395270,0.311,False
P34972_CHEMBL5416421,0.3147,False
P34972_CHEMBL5429476,0.3091,False
P34972_CHEMBL5430169,0.3167,False
P34972_CHEMBL5411397,0.3064,False
P34972_CHEMBL5412500,0.3015,False
P34972_CHEMBL5414873,0.314,False
P34972_CHEMBL5409074,0.2969,False
P34972_CHEMBL5405774,0.3188,False
P34972_CHEMBL5417553,0.342,False
P34972_CHEMBL5415150,0.3733,False
P35372_CHEMBL5413043,0.6978,False
P35372_CHEMBL5435390,0.4919,False
P35372_CHEMBL5402755,0.5576,False
P35372_CHEMBL5398409,0.324,False
P35372_CHEMBL5408683,0.324,False
P35372_CHEMBL5406692,0.6978,False
P35372_CHEMBL5435537,0.75,False
P35372_CHEMBL5403243,0.3386,False
P35372_CHEMBL5435711,0.3501,False
P35372_CHEMBL5415842,0.2827,False
P35372_CHEMBL5415691,0.3809,False
P35372_CHEMBL5413237,0.2791,False
P35372_CHEMBL5407845,0.2299,False
P35372_CHEMBL5413536,0.3157,False
P35372_CHEMBL5397609,0.2715,False
P35372_CHEMBL5410159,0.2715,False
P35372_CHEMBL5409322,0.2837,False
P35372_CHEMBL5412606,0.3076,False
P35372_CHEMBL5421714,0.3298,False
P35372_CHEMBL5395539,0.2686,False
P35372_CHEMBL5398913,0.3015,False
P35372_CHEMBL5436551,0.3015,False
P35372_CHEMBL5407379,0.323,False
P35372_CHEMBL5421526,0.3667,False
P35372_CHEMBL5429557,0.3147,False
P35372_CHEMBL5437720,0.3582,False
P35372_CHEMBL5417643,0.3281,False
P35372_CHEMBL5418730,0.2466,False
P35372_CHEMBL5407747,0.3828,False
P35372_CHEMBL5425944,0.4211,False
P35372_CHEMBL5413807,0.2891,False
P35372_CHEMBL5429207,0.3157,False
P35372_CHEMBL5423250,0.2922,False
P35372_CHEMBL5400356,0.3013,False
P35372_CHEMBL5401204,0.2314,False
P35408_CHEMBL5436396,0.4028,False
P35408_CHEMBL5429723,0.4324,False
P35408_CHEMBL5414713,0.5693,False
P35408_CHEMBL5426459,0.5537,False
P35408_CHEMBL5416297,0.446,False
P35408_CHEMBL5408721,0.4268,False
P35408_CHEMBL5395204,0.4329,False
P35408_CHEMBL5421486,0.4729,False
P35408_CHEMBL5437320,0.5142,False
P35408_CHEMBL5430051,0.5078,False
P35408_CHEMBL5405516,0.4348,False
P35408_CHEMBL5407123,0.4265,False
P35408_CHEMBL5433739,0.4265,False
P35408_CHEMBL5435929,0.4478,False
P35408_CHEMBL5426990,0.4478,False
P35408_CHEMBL5427471,0.4226,False
P35408_CHEMBL5394316,0.4265,False
P35408_CHEMBL5431483,0.4531,False
P35408_CHEMBL5419736,0.446,False
P35408_CHEMBL5413066,0.4458,False
P35408_CHEMBL5427264,0.4478,False
P35408_CHEMBL5410514,0.4204,False
P35408_CHEMBL5430749,0.4546,False
P35408_CHEMBL5426152,0.3206,False
P35408_CHEMBL5402258,0.3242,False
P35408_CHEMBL5434593,0.3936,False
P35408_CHEMBL5401228,0.4119,False
P35408_CHEMBL5411028,0.4285,False
P35408_CHEMBL5411223,0.4189,False
P35408_CHEMBL5401935,0.3999,False
P35408_CHEMBL5408723,0.3816,False
P35408_CHEMBL5414398,0.4507,False
P35408_CHEMBL5394484,0.3672,False
P35408_CHEMBL5428393,0.3611,False
P35408_CHEMBL5427544,0.3948,False
P35408_CHEMBL5402938,0.3948,False
P35408_CHEMBL5393749,0.3918,False
P35408_CHEMBL5426943,0.4285,False
P35408_CHEMBL5427672,0.4246,False
P35408_CHEMBL5433721,0.3896,False
P35408_CHEMBL5395138,0.4167,False
P35408_CHEMBL5435216,0.5073,False
P35408_CHEMBL5417603,0.4243,False
P35408_CHEMBL5438025,0.3972,False
P35408_CHEMBL5436556,0.4285,False
P35408_CHEMBL5407788,0.4429,False
P35408_CHEMBL5427584,0.4385,False
P35408_CHEMBL5403528,0.4026,False
P35408_CHEMBL5426457,0.4365,False
P35408_CHEMBL5405242,0.522,False
P35408_CHEMBL5411952,0.4395,False
P35408_CHEMBL5424332,0.3708,False
P35408_CHEMBL5399302,0.4033,False
P35408_CHEMBL5397734,0.3967,False
P35462_CHEMBL5399833,0.3374,False
P35462_CHEMBL5415691,0.3809,False
P35462_CHEMBL5413237,0.2791,False
P35462_CHEMBL5407845,0.2299,False
P35462_CHEMBL5420515,0.2739,False
P35462_CHEMBL5394838,0.2563,False
P35462_CHEMBL5410716,0.3049,False
P35462_CHEMBL5439212,0.2739,False
P35462_CHEMBL5399422,0.2739,False
P35462_CHEMBL5414499,0.2771,False
P35462_CHEMBL5437148,0.2805,False
P35462_CHEMBL5399933,0.2805,False
P35462_CHEMBL5409939,0.2771,False
P35462_CHEMBL5399568,0.3086,False
P35462_CHEMBL5425375,0.2805,False
P35462_CHEMBL5399166,0.3125,False
P35462_CHEMBL5402269,0.2839,False
P35462_CHEMBL5420387,0.2644,False
P35462_CHEMBL5410387,0.3164,False
P35462_CHEMBL5395272,0.2839,False
P35462_CHEMBL5438487,0.2913,False
P35462_CHEMBL5396616,0.2705,False
P35462_CHEMBL5433001,0.3491,False
P35462_CHEMBL5427065,0.259,False
P35462_CHEMBL5424241,0.2874,False
P35462_CHEMBL5409755,0.2886,False
P35462_CHEMBL5421925,0.27,False
P35462_CHEMBL5415846,0.2988,False
P35462_CHEMBL5404807,0.3059,False
P35462_CHEMBL5425134,0.3242,False
P35462_CHEMBL5440422,0.3625,False
P35462_CHEMBL5410159,0.2715,False
P35462_CHEMBL5409322,0.2837,False
P35462_CHEMBL5421714,0.3298,False
P35462_CHEMBL5436551,0.3015,False
P35462_CHEMBL5436957,0.3918,False
P35462_CHEMBL5420316,0.3948,False
P35462_CHEMBL5426620,0.4055,False
P35462_CHEMBL5402212,0.3333,False
P35462_CHEMBL5433284,0.3552,False
P35462_CHEMBL5399129,0.4102,False
P35462_CHEMBL5421827,0.4211,False
P35462_CHEMBL5422870,0.3333,False
P35462_CHEMBL5428803,0.3462,False
P35462_CHEMBL5403204,0.3447,False
P35462_CHEMBL5439853,0.3333,False
P35462_CHEMBL5407341,0.3401,False
P35462_CHEMBL5417643,0.3281,False
P35462_CHEMBL5416644,0.3438,False
P35462_CHEMBL5411404,0.3635,False
P35462_CHEMBL5421272,0.3447,False
P35462_CHEMBL5433509,0.3489,False
P35462_CHEMBL5438205,0.3333,False
P35462_CHEMBL5412718,0.3296,False
P35462_CHEMBL5405333,0.3572,False
P35462_CHEMBL5396317,0.3474,False
P35462_CHEMBL5427937,0.3403,False
P35462_CHEMBL5395187,0.3403,False
P35462_CHEMBL5405086,0.3401,False
P35462_CHEMBL5425252,0.3516,False
P35462_CHEMBL5415335,0.3457,False
P35462_CHEMBL5394431,0.3552,False
P35462_CHEMBL5431474,0.3833,False
P35462_CHEMBL5416728,0.3196,False
P35462_CHEMBL5410179,0.3489,False
P35462_CHEMBL5436809,0.3298,False
P35462_CHEMBL5400232,0.3538,False
P35462_CHEMBL5418730,0.2466,False
P35462_CHEMBL5407747,0.3828,False
P35462_CHEMBL5425944,0.4211,False
P35462_CHEMBL5413807,0.2891,False
P35462_CHEMBL5429207,0.3157,False
P35462_CHEMBL5423250,0.2922,False
P35462_CHEMBL5400356,0.3013,False
P35462_CHEMBL5417351,0.3647,False
P35462_CHEMBL5395965,0.3218,False
P35462_CHEMBL5398100,0.3447,False
P35462_CHEMBL5429048,0.3596,False
P35462_CHEMBL5429826,0.3257,False
P36544_CHEMBL5435510,0.3181,False
P36544_CHEMBL5428848,0.3103,False
P36544_CHEMBL5428298,0.2522,False
P36544_CHEMBL5401803,0.2976,False
P36544_CHEMBL5417751,0.4419,False
P36544_CHEMBL5409285,0.3674,False
P36544_CHEMBL5423336,0.3333,False
P36544_CHEMBL5400651,0.2791,False
P36544_CHEMBL5415482,0.375,False
P36544_CHEMBL5435415,0.3845,False
P36544_CHEMBL5433741,0.4509,False
P36544_CHEMBL5416962,0.3491,False
P36544_CHEMBL5403618,0.4722,False
P36544_CHEMBL5428774,0.3479,False
P36544_CHEMBL5415576,0.3,False
P36544_CHEMBL5407945,0.4167,False
P36544_CHEMBL5395819,0.3262,False
P36544_CHEMBL5412463,0.3125,False
P36544_CHEMBL5425014,0.3076,False
P36544_CHEMBL5406306,0.3333,False
P36544_CHEMBL5418191,0.3542,False
P36544_CHEMBL5415738,0.2917,False
P36544_CHEMBL5416363,0.2881,False
P36544_CHEMBL5396300,0.3076,False
P36544_CHEMBL5408237,0.449,False
P36544_CHEMBL5415788,0.3721,False
P36544_CHEMBL5436520,0.4199,False
P36544_CHEMBL5399641,0.4146,False
P36544_CHEMBL5432840,0.4871,False
P36544_CHEMBL5396579,0.4221,False
P36544_CHEMBL5415255,0.5,False
P36544_CHEMBL5440131,0.3037,False
P36544_CHEMBL5393773,0.4319,False
P37231_CHEMBL5403200,0.1882,False
P37231_CHEMBL5421425,0.3369,False
P37231_CHEMBL5407583,0.344,False
P37231_CHEMBL5406591,0.3369,False
P37231_CHEMBL5406898,0.3201,False
P37231_CHEMBL5408470,0.3667,False
P37231_CHEMBL5397940,0.3667,False
P37231_CHEMBL5427431,0.3333,False
P37231_CHEMBL5439812,0.3586,False
P37231_CHEMBL5432530,0.3618,False
P37231_CHEMBL5431536,0.3586,False
P37231_CHEMBL5429976,0.3289,False
P37231_CHEMBL5395286,0.3406,False
P37231_CHEMBL5427888,0.3625,False
P37231_CHEMBL5431290,0.3625,False
P37231_CHEMBL5429911,0.3521,False
P41143_CHEMBL5427274,0.2389,False
P41143_CHEMBL5399596,0.2389,False
P41143_CHEMBL5434134,0.3037,False
P41143_CHEMBL5432205,0.3037,False
P41143_CHEMBL5426012,0.2625,False
P41143_CHEMBL5404274,0.2676,False
P41143_CHEMBL5405339,0.2532,False
P41143_CHEMBL5415010,0.2615,False
P41143_CHEMBL5423260,0.2812,False
P41143_CHEMBL5405519,0.2433,False
P41143_CHEMBL5403273,0.2433,False
P41143_CHEMBL5432317,0.2477,False
P41143_CHEMBL5411900,0.2477,False
P41143_CHEMBL5432174,0.2477,False
P41143_CHEMBL5432371,0.2477,False
P41143_CHEMBL5416619,0.2433,False
P41143_CHEMBL5425838,0.2433,False
P41143_CHEMBL5438077,0.2411,False
P41143_CHEMBL5427896,0.2411,False
P41143_CHEMBL5426498,0.3181,False
P41143_CHEMBL5401204,0.2314,False
P41143_CHEMBL5434911,0.2546,False
P41143_CHEMBL5401578,0.2477,False
P41143_CHEMBL5398970,0.2411,False
P41143_CHEMBL5406491,0.2389,False
P41143_CHEMBL5440937,0.2544,False
P41143_CHEMBL5420457,0.2389,False
P41143_CHEMBL5419838,0.2546,False
P41143_CHEMBL5417637,0.2477,False
P41143_CHEMBL5431128,0.2477,False
P41143_CHEMBL5429587,0.2546,False
P41143_CHEMBL5405800,0.2477,False
P41143_CHEMBL5424642,0.2411,False
P41143_CHEMBL5396504,0.2389,False
P41143_CHEMBL5425108,0.2544,False
P41143_CHEMBL5417814,0.2389,False
P41143_CHEMBL5424438,0.2546,False
P41143_CHEMBL5426766,0.2477,False
P41143_CHEMBL5415668,0.2477,False
P41143_CHEMBL5434721,0.2433,False
P41143_CHEMBL5423403,0.2433,False
P41145_CHEMBL5402380,0.2354,False
P41145_CHEMBL5412738,0.3086,False
P41145_CHEMBL5428706,0.3416,False
P41145_CHEMBL5426627,0.3591,False
P41145_CHEMBL5404274,0.2676,False
P41145_CHEMBL5405339,0.2532,False
P41145_CHEMBL5416582,0.3086,False
P41145_CHEMBL5415010,0.2615,False
P41145_CHEMBL5394355,0.3035,False
P41145_CHEMBL5423260,0.2812,False
P41145_CHEMBL5403724,0.2754,False
P41145_CHEMBL5418013,0.4131,False
P41145_CHEMBL5428920,0.2563,False
P41145_CHEMBL5405248,0.2391,False
P41145_CHEMBL5419235,0.3013,False
P41145_CHEMBL5433205,0.3943,False
P41145_CHEMBL5440141,0.3889,False
P41145_CHEMBL5405049,0.3606,False
P41145_CHEMBL5439837,0.3508,False
P41145_CHEMBL5398392,0.3247,False
P41145_CHEMBL5419716,0.3552,False
P41145_CHEMBL5424523,0.3647,False
P41145_CHEMBL5417743,0.5103,False
P41145_CHEMBL5437720,0.3582,False
P41145_CHEMBL5403335,0.3442,False
P41145_CHEMBL5416937,0.3281,False
P41145_CHEMBL5405776,0.2856,False
P41145_CHEMBL5425679,0.2856,False
P41145_CHEMBL5429995,0.3684,False
P41145_CHEMBL5426289,0.3621,False
P41145_CHEMBL5397467,0.4707,False
P41145_CHEMBL5401204,0.2314,False
P41145_CHEMBL5419132,0.582,False
P41145_CHEMBL5409958,0.4922,False
P42330_CHEMBL5403375,0.3508,False
P42330_CHEMBL5409789,0.3508,False
P42330_CHEMBL5393766,0.5,False
P42330_CHEMBL5426283,0.7178,False
P42330_CHEMBL5406588,0.4893,False
P42330_CHEMBL5413682,0.4695,False
P42330_CHEMBL5404373,0.5107,False
P42330_CHEMBL5398882,0.6089,False
P42330_CHEMBL5418560,0.7437,False
P42330_CHEMBL5409918,0.3284,False
P42330_CHEMBL5411983,0.3135,False
P42330_CHEMBL5395406,0.4583,False
P42330_CHEMBL5419024,0.3208,False
P42330_CHEMBL5406928,0.4888,False
P42330_CHEMBL5436517,0.3677,False
P42330_CHEMBL5416628,0.3396,False
P42330_CHEMBL5421222,0.3455,False
P42330_CHEMBL5422601,0.3091,False
P42330_CHEMBL5428274,0.2932,False
P42330_CHEMBL5439918,0.3333,False
P42330_CHEMBL5396002,0.3818,False
P42330_CHEMBL5405863,0.4424,False
P42330_CHEMBL5431359,0.4695,False
P42330_CHEMBL5423363,0.3086,False
P42330_CHEMBL5427755,0.4199,False
P42330_CHEMBL5436664,0.375,False
P42330_CHEMBL5427069,0.5078,False
P42330_CHEMBL5437831,0.3872,False
P42330_CHEMBL5401215,0.4707,False
P42330_CHEMBL5408142,0.2974,False
P42330_CHEMBL5405175,0.468,False
P42330_CHEMBL5412756,0.2678,False
P42330_CHEMBL5401567,0.3733,False
P42330_CHEMBL5435345,0.3635,False
P42330_CHEMBL5411601,0.3442,False
P42330_CHEMBL5425839,0.3333,False
P42330_CHEMBL5409615,0.4583,False
P42330_CHEMBL5434084,0.4893,False
P42330_CHEMBL5426142,0.4666,False
P42330_CHEMBL5397312,0.4897,False
P42330_CHEMBL5419252,0.4783,False
P42330_CHEMBL5436866,0.3401,False
P42330_CHEMBL5421383,0.4167,False
P42330_CHEMBL5431806,0.3635,False
P42330_CHEMBL5407337,0.3857,False
P42330_CHEMBL5422118,0.3333,False
P42330_CHEMBL5412169,0.3662,False
P42330_CHEMBL5423738,0.3804,False
P42330_CHEMBL5434454,0.3835,False
P42330_CHEMBL5395625,0.3384,False
P42330_CHEMBL5397522,0.4888,False
P42330_CHEMBL5430302,0.4792,False
P42330_CHEMBL5401700,0.4773,False
P42330_CHEMBL5439018,0.5713,False
P42330_CHEMBL5403302,0.6001,False
P42330_CHEMBL5425327,0.5229,False
P42330_CHEMBL5422070,0.3601,False
P42330_CHEMBL5427727,0.375,False
P42330_CHEMBL5430200,0.4067,False
P42330_CHEMBL5399095,0.342,False
P42330_CHEMBL5438808,0.3635,False
P42330_CHEMBL5432550,0.3965,False
P42330_CHEMBL5422271,0.3835,False
P42330_CHEMBL5402185,0.3484,False
P42330_CHEMBL5438117,0.3479,False
P42330_CHEMBL5427049,0.3281,False
P42330_CHEMBL5403238,0.3918,False
P42330_CHEMBL5407493,0.3684,False
P42330_CHEMBL5402839,0.3257,False
P42330_CHEMBL5412889,0.3442,False
P42330_CHEMBL5437220,0.4211,False
P42330_CHEMBL5397612,0.3828,False
P42330_CHEMBL5427873,0.3809,False
P42330_CHEMBL5411768,0.3333,False
P42330_CHEMBL5408158,0.3442,False
P42330_CHEMBL5440460,0.375,False
P42330_CHEMBL5408308,0.4375,False
P42330_CHEMBL5401206,0.3381,False
P42330_CHEMBL5417484,0.3889,False
P42330_CHEMBL5411357,0.3818,False
P42330_CHEMBL5405662,0.3684,False
P42330_CHEMBL5424035,0.3501,False
P42330_CHEMBL5410143,0.3691,False
P42330_CHEMBL5436263,0.3333,False
P42330_CHEMBL5397146,0.3281,False
P42330_CHEMBL5417285,0.3606,False
P42330_CHEMBL5441078,0.3,False
P42330_CHEMBL5412832,0.3621,False
P42330_CHEMBL5403464,0.4031,False
P42330_CHEMBL5439765,0.5,False
P42330_CHEMBL5427074,0.3906,False
P42330_CHEMBL5405458,0.3713,False
P42330_CHEMBL5437111,0.4431,False
P42330_CHEMBL5396688,0.459,False
P42330_CHEMBL5415646,0.4268,False
P42330_CHEMBL5408394,0.5,False
P42330_CHEMBL5434555,0.3733,False
P42330_CHEMBL5398653,0.3076,False
P42330_CHEMBL5436838,0.3635,False
P42336_CHEMBL5406770,0.3411,False
P42336_CHEMBL5439362,0.3396,False
P42336_CHEMBL5396795,0.3447,False
P42336_CHEMBL5410207,0.3201,False
P42336_CHEMBL5409119,0.3457,False
P42336_CHEMBL5440155,0.4133,False
P42336_CHEMBL5398799,0.4246,False
P42336_CHEMBL5431031,0.3733,False
P42336_CHEMBL5421377,0.4492,False
P42336_CHEMBL5436787,0.3545,False
P42336_CHEMBL5432847,0.3545,False
P42336_CHEMBL5408043,0.3635,False
P42336_CHEMBL5419087,0.3374,False
P42336_CHEMBL5407800,0.3293,False
P42336_CHEMBL5399382,0.3293,False
P42336_CHEMBL5403875,0.3257,False
P42336_CHEMBL5429468,0.3635,False
P42336_CHEMBL5428670,0.3635,False
P42336_CHEMBL5441102,0.3545,False
P42336_CHEMBL5408035,0.3684,False
P42336_CHEMBL5431418,0.4246,False
P42336_CHEMBL5410806,0.4246,False
P42336_CHEMBL5427579,0.4189,False
P42336_CHEMBL5417620,0.3923,False
P42336_CHEMBL5419197,0.4365,False
P42336_CHEMBL5431690,0.4026,False
P42336_CHEMBL5403052,0.3923,False
P42336_CHEMBL5417605,0.3923,False
P42336_CHEMBL5406079,0.3875,False
P42336_CHEMBL5400165,0.4365,False
P42336_CHEMBL5403409,0.4365,False
P42336_CHEMBL5396289,0.4307,False
P42336_CHEMBL5414482,0.4246,False
P42336_CHEMBL5425104,0.4246,False
P42336_CHEMBL5399051,0.4429,False
P42336_CHEMBL5426265,0.2727,False
P42336_CHEMBL5430177,0.3223,False
P42336_CHEMBL5415741,0.3223,False
P42336_CHEMBL5415865,0.3303,False
P42336_CHEMBL5417402,0.3274,False
P42336_CHEMBL5428411,0.3394,False
P42336_CHEMBL5428160,0.3125,False
P42336_CHEMBL5409142,0.3245,False
P42336_CHEMBL5401298,0.3303,False
P42336_CHEMBL5440536,0.321,False
P42336_CHEMBL5432324,0.3918,False
P42336_CHEMBL5400439,0.3428,False
P42336_CHEMBL5413309,0.3364,False
P42336_CHEMBL5415726,0.3457,False
P42336_CHEMBL5422635,0.3428,False
P42336_CHEMBL5431325,0.3259,False
P42336_CHEMBL5398514,0.325,False
P42336_CHEMBL5405706,0.3333,False
P42336_CHEMBL5403717,0.3591,False
P42336_CHEMBL5421477,0.3523,False
P42336_CHEMBL5407573,0.3655,False
P42336_CHEMBL5401801,0.3457,False
P42336_CHEMBL5405623,0.3398,False
P42336_CHEMBL5402186,0.3462,False
P42336_CHEMBL5394535,0.311,False
P42336_CHEMBL5429174,0.3215,False
P42336_CHEMBL5407812,0.3027,False
P42336_CHEMBL5417926,0.3152,False
P42336_CHEMBL5425498,0.4565,False
P42336_CHEMBL5433100,0.3457,False
P42336_CHEMBL5396655,0.3176,False
P42336_CHEMBL5406219,0.325,False
P42336_CHEMBL5426885,0.2976,False
P42336_CHEMBL5421875,0.3457,False
P42336_CHEMBL5396454,0.3176,False
P42336_CHEMBL5409346,0.3472,False
P42336_CHEMBL5397877,0.3372,False
P42336_CHEMBL5425756,0.3562,False
P42336_CHEMBL5420261,0.3201,False
P42336_CHEMBL5414369,0.3152,False
P42336_CHEMBL5413496,0.4092,False
P42336_CHEMBL5410758,0.6465,False
P42336_CHEMBL5435973,0.6465,False
P42336_CHEMBL5418257,0.6387,False
P42336_CHEMBL5410409,0.6162,False
P42336_CHEMBL5400641,0.6626,False
P42336_CHEMBL5420057,0.6162,False
P42336_CHEMBL5406498,0.6235,False
P42336_CHEMBL5422044,0.6309,False
P42336_CHEMBL5438456,0.6387,False
P42336_CHEMBL5437417,0.3635,False
P42336_CHEMBL5432408,0.3479,False
P42336_CHEMBL5424200,0.3059,False
P42336_CHEMBL5420950,0.2952,False
P42336_CHEMBL5425386,0.2917,False
P42336_CHEMBL5426665,0.282,False
P42336_CHEMBL5405376,0.2786,False
P42336_CHEMBL5396108,0.3433,False
P42336_CHEMBL5430685,0.3242,False
P42336_CHEMBL5419036,0.582,False
P42336_CHEMBL5431144,0.6094,False
P42336_CHEMBL5426327,0.2942,False
P42336_CHEMBL5412575,0.3718,False
P42336_CHEMBL5430194,0.4189,False
P42336_CHEMBL5400572,0.325,False
P42336_CHEMBL5432177,0.4055,False
P42336_CHEMBL5408589,0.4507,False
P42336_CHEMBL5438874,0.3379,False
P42336_CHEMBL5434108,0.3662,False
P42336_CHEMBL5415298,0.3999,False
P42336_CHEMBL5437258,0.3506,False
P42336_CHEMBL5413191,0.3948,False
P42336_CHEMBL5435788,0.4167,False
P42336_CHEMBL5435423,0.3784,False
P42336_CHEMBL5405438,0.4109,False
P42336_CHEMBL5431132,0.3242,False
P42345_CHEMBL5440718,0.5122,False
P42345_CHEMBL5406770,0.3411,False
P42345_CHEMBL5439362,0.3396,False
P42345_CHEMBL5396795,0.3447,False
P42345_CHEMBL5407152,0.3784,False
P42345_CHEMBL5429700,0.4194,False
P42345_CHEMBL5417722,0.3494,False
P42345_CHEMBL5402160,0.5308,False
P42345_CHEMBL5425498,0.4565,False
P42345_CHEMBL5433100,0.3457,False
P42345_CHEMBL5396655,0.3176,False
P42345_CHEMBL5406219,0.325,False
P42345_CHEMBL5426885,0.2976,False
P42345_CHEMBL5421875,0.3457,False
P42345_CHEMBL5396454,0.3176,False
P42345_CHEMBL5399022,0.2683,False
P42345_CHEMBL5410824,0.2683,False
P42345_CHEMBL5433283,0.2666,False
P42345_CHEMBL5416106,0.303,False
P42345_CHEMBL5427469,0.303,False
P42345_CHEMBL5437417,0.3635,False
P42345_CHEMBL5432408,0.3479,False
P42345_CHEMBL5419036,0.582,False
P42345_CHEMBL5431144,0.6094,False
P42345_CHEMBL5426327,0.2942,False
P42345_CHEMBL5412575,0.3718,False
P42345_CHEMBL5430194,0.4189,False
P42345_CHEMBL5400572,0.325,False
P42345_CHEMBL5432177,0.4055,False
P42345_CHEMBL5408589,0.4507,False
P42345_CHEMBL5438874,0.3379,False
P42345_CHEMBL5434108,0.3662,False
P42345_CHEMBL5436508,0.3872,False
P42345_CHEMBL5427223,0.3872,False
P42345_CHEMBL5415288,0.3831,False
P42345_CHEMBL5432272,0.4675,False
P42345_CHEMBL5429925,0.3914,False
P42345_CHEMBL5406842,0.4675,False
P42345_CHEMBL5415471,0.3914,False
P42345_CHEMBL5427732,0.4736,False
P42345_CHEMBL5423546,0.3955,False
P42345_CHEMBL5420541,0.4736,False
P42345_CHEMBL5404075,0.3955,False
P42345_CHEMBL5418348,0.3831,False
P42345_CHEMBL5424956,0.48,False
P42345_CHEMBL5440263,0.3955,False
P42345_CHEMBL5437216,0.4338,False
P42345_CHEMBL5408143,0.3872,False
P42345_CHEMBL5424193,0.3955,False
P42345_CHEMBL5415298,0.3999,False
P42345_CHEMBL5437258,0.3506,False
P42345_CHEMBL5413191,0.3948,False
P42345_CHEMBL5435788,0.4167,False
P42345_CHEMBL5435423,0.3784,False
P42345_CHEMBL5405438,0.4109,False
P42866_CHEMBL5427274,0.2389,False
P42866_CHEMBL5399596,0.2389,False
P42866_CHEMBL5432205,0.3037,False
P42866_CHEMBL5405519,0.2433,False
P42866_CHEMBL5403273,0.2433,False
P42866_CHEMBL5432317,0.2477,False
P42866_CHEMBL5411900,0.2477,False
P42866_CHEMBL5432174,0.2477,False
P42866_CHEMBL5416619,0.2433,False
P42866_CHEMBL5425838,0.2433,False
P42866_CHEMBL5438077,0.2411,False
P42866_CHEMBL5427896,0.2411,False
P42866_CHEMBL5434911,0.2546,False
P42866_CHEMBL5401578,0.2477,False
P42866_CHEMBL5398970,0.2411,False
P42866_CHEMBL5406491,0.2389,False
P42866_CHEMBL5440937,0.2544,False
P42866_CHEMBL5420457,0.2389,False
P42866_CHEMBL5419838,0.2546,False
P42866_CHEMBL5417637,0.2477,False
P42866_CHEMBL5431128,0.2477,False
P42866_CHEMBL5429587,0.2546,False
P42866_CHEMBL5405800,0.2477,False
P42866_CHEMBL5424642,0.2411,False
P42866_CHEMBL5396504,0.2389,False
P42866_CHEMBL5425108,0.2544,False
P42866_CHEMBL5417814,0.2389,False
P42866_CHEMBL5424438,0.2546,False
P42866_CHEMBL5426766,0.2477,False
P42866_CHEMBL5415668,0.2477,False
P42866_CHEMBL5434721,0.2433,False
P42866_CHEMBL5423403,0.2433,False
P43166_CHEMBL5433200,0.5083,False
P43166_CHEMBL5418092,0.5083,False
P43166_CHEMBL5431609,0.4211,False
P43166_CHEMBL5434405,0.4211,False
P43166_CHEMBL5414353,0.3494,False
P43166_CHEMBL5399412,0.3767,False
P43166_CHEMBL5410769,0.3767,False
P43166_CHEMBL5430974,0.3936,False
P43166_CHEMBL5420563,0.3936,False
P43166_CHEMBL5394374,0.418,False
P43166_CHEMBL5439211,0.418,False
P43166_CHEMBL5420568,0.3965,False
P43166_CHEMBL5429492,0.4106,False
P43166_CHEMBL5406311,0.3965,False
P43166_CHEMBL5418946,0.2942,False
P43166_CHEMBL5412006,0.3,False
P43166_CHEMBL5399183,0.4265,False
P43166_CHEMBL5437429,0.4856,False
P43166_CHEMBL5418551,0.3425,False
P43166_CHEMBL5417736,0.3333,False
P43166_CHEMBL5431631,0.4238,False
P43166_CHEMBL5411887,0.4263,False
P43166_CHEMBL5408930,0.4058,False
P43166_CHEMBL5406683,0.3943,False
P43166_CHEMBL5414681,0.353,False
P43166_CHEMBL5405122,0.397,False
P43166_CHEMBL5402391,0.3906,False
P43166_CHEMBL5438178,0.4143,False
P43166_CHEMBL5438727,0.3601,False
P43166_CHEMBL5433495,0.4333,False
P43166_CHEMBL5440256,0.4058,False
P43166_CHEMBL5433631,0.3635,False
P43166_CHEMBL5406460,0.394,False
P43166_CHEMBL5402861,0.4844,False
P43166_CHEMBL5422807,0.4844,False
P43166_CHEMBL5416544,0.3582,False
P43166_CHEMBL5413914,0.3899,False
P43166_CHEMBL5435567,0.3999,False
P43166_CHEMBL5423723,0.4443,False
P43166_CHEMBL5418256,0.5635,False
P43166_CHEMBL5408414,0.5635,False
P43166_CHEMBL5439333,0.5669,False
P43166_CHEMBL5435748,0.4546,False
P43166_CHEMBL5422747,0.5,False
P43166_CHEMBL5398061,0.3635,False
P43166_CHEMBL5422153,0.3333,False
P43166_CHEMBL5395857,0.3635,False
P43166_CHEMBL5397659,0.4194,False
P43166_CHEMBL5419752,0.4746,False
P43166_CHEMBL5404038,0.4597,False
P43166_CHEMBL5439318,0.4575,False
P43166_CHEMBL5405279,0.5,False
P43166_CHEMBL5437142,0.4604,False
P43166_CHEMBL5420020,0.4746,False
P43166_CHEMBL5432770,0.4355,False
P43166_CHEMBL5395679,0.3872,False
P43166_CHEMBL5424727,0.3872,False
P43166_CHEMBL5425125,0.3809,False
P43166_CHEMBL5412351,0.5,False
P43166_CHEMBL5424664,0.3936,False
P43166_CHEMBL5420931,0.3647,False
P43166_CHEMBL5417084,0.3333,False
P43166_CHEMBL5430482,0.3635,False
P43166_CHEMBL5414077,0.4194,False
P43166_CHEMBL5402143,0.4746,False
P43166_CHEMBL5426216,0.4597,False
P43166_CHEMBL5413021,0.4575,False
P43166_CHEMBL5402145,0.5,False
P43166_CHEMBL5438010,0.4604,False
P43166_CHEMBL5421531,0.4746,False
P43166_CHEMBL5411936,0.4355,False
P43166_CHEMBL5419447,0.3872,False
P43166_CHEMBL5396393,0.3872,False
P43166_CHEMBL5409658,0.3809,False
P43166_CHEMBL5413693,0.5,False
P43166_CHEMBL5429073,0.3936,False
P43166_CHEMBL5401434,0.3647,False
P43166_CHEMBL5422706,0.5,False
P43166_CHEMBL5425202,0.5,False
P43166_CHEMBL5433765,0.5474,False
P43166_CHEMBL5420539,0.5,False
P43166_CHEMBL5395423,0.5,False
P43166_CHEMBL5405733,0.4426,False
P43166_CHEMBL5403355,0.4312,False
P43166_CHEMBL5407842,0.3999,False
P43166_CHEMBL5396530,0.4106,False
P43166_CHEMBL5397521,0.3999,False
P43166_CHEMBL5439370,0.585,False
P43166_CHEMBL5415949,0.585,False
P43166_CHEMBL5433722,0.6138,False
P43166_CHEMBL5416307,0.5747,False
P43166_CHEMBL5402383,0.6089,False
P43166_CHEMBL5397739,0.6089,False
P43166_CHEMBL5440906,0.4385,False
P43166_CHEMBL5440763,0.4243,False
P43166_CHEMBL5436282,0.4167,False
P43166_CHEMBL5411702,0.4385,False
P43166_CHEMBL5414836,0.4243,False
P43166_CHEMBL5418786,0.4243,False
P43166_CHEMBL5412077,0.4243,False
P43166_CHEMBL5433578,0.4243,False
P43166_CHEMBL5399204,0.3494,False
P43166_CHEMBL5433154,0.3677,False
P43166_CHEMBL5409881,0.375,False
P43166_CHEMBL5403938,0.3494,False
P43166_CHEMBL5421790,0.3677,False
P43166_CHEMBL5433629,0.3521,False
P43166_CHEMBL5425764,0.3447,False
P43166_CHEMBL5420500,0.3804,False
P43166_CHEMBL5422467,0.3572,False
P43166_CHEMBL5402892,0.3472,False
P43166_CHEMBL5421078,0.3064,False
P43166_CHEMBL5435151,0.2778,False
P43166_CHEMBL5404239,0.3906,False
P43166_CHEMBL5440220,0.5,False
P43166_CHEMBL5400662,0.3157,False
P43166_CHEMBL5436091,0.3799,False
P43166_CHEMBL5415766,0.4888,False
P43166_CHEMBL5431518,0.186,False
P43490_CHEMBL5396898,0.4131,False
P43490_CHEMBL5438473,0.4375,False
P43490_CHEMBL5396943,0.491,False
P43490_CHEMBL5401852,0.491,False
P43490_CHEMBL5401142,0.4407,False
P43490_CHEMBL5402956,0.491,False
P43490_CHEMBL5408297,0.4407,False
P43490_CHEMBL5428751,0.4407,False
P43490_CHEMBL5394965,0.491,False
P43490_CHEMBL5398077,0.4407,False
P43490_CHEMBL5394343,0.4407,False
P43490_CHEMBL5404254,0.4443,False
P43490_CHEMBL5408614,0.4443,False
P43490_CHEMBL5423357,0.4868,False
P43490_CHEMBL5405525,0.4783,False
P43490_CHEMBL5425579,0.4783,False
P43490_CHEMBL5418877,0.4783,False
P43490_CHEMBL5405720,0.4783,False
P43490_CHEMBL5412973,0.4297,False
P43490_CHEMBL5406636,0.4297,False
P43490_CHEMBL5403078,0.4297,False
P43490_CHEMBL5431029,0.4297,False
P43490_CHEMBL5408654,0.4365,False
P43490_CHEMBL5414864,0.491,False
P43490_CHEMBL5421145,0.3076,False
P43490_CHEMBL5428441,0.24,False
P43490_CHEMBL5416318,0.234,False
P43490_CHEMBL5435058,0.3157,False
P43490_CHEMBL5416477,0.2922,False
P43490_CHEMBL5401891,0.3882,False
P43490_CHEMBL5419623,0.3489,False
P43490_CHEMBL5425412,0.5317,False
P43490_CHEMBL5440085,0.5,False
P43490_CHEMBL5434036,0.5386,False
P43490_CHEMBL5400956,0.5386,False
P43490_CHEMBL5429647,0.5,False
P43490_CHEMBL5396894,0.2605,False
P43490_CHEMBL5430220,0.3059,False
P45983_CHEMBL5403621,0.5801,False
P45983_CHEMBL5437287,0.5474,False
P45983_CHEMBL5433461,0.6001,False
P45983_CHEMBL5428484,0.6523,False
P45983_CHEMBL5434662,0.5474,False
P45983_CHEMBL5410870,0.5918,False
P45983_CHEMBL5395579,0.6172,False
P45983_CHEMBL5411353,0.5386,False
P45983_CHEMBL5418224,0.5386,False
P45983_CHEMBL5411160,0.5161,False
P45983_CHEMBL5429577,0.5161,False
P45983_CHEMBL5401511,0.6396,False
P45983_CHEMBL5436023,0.6396,False
P45983_CHEMBL5415503,0.4536,False
P45983_CHEMBL5410247,0.4688,False
P45983_CHEMBL5408675,0.5332,False
P45983_CHEMBL5424946,0.6626,False
P45983_CHEMBL5423620,0.6626,False
P45983_CHEMBL5396069,0.5181,False
P45983_CHEMBL5408918,0.3601,False
P45983_CHEMBL5411375,0.3086,False
P45983_CHEMBL5405404,0.5,False
P45983_CHEMBL5394033,0.6665,False
P45983_CHEMBL5398642,0.5454,False
P45983_CHEMBL5432138,0.3381,False
P45983_CHEMBL5430912,0.7793,False
P45983_CHEMBL5410090,0.3635,False
P45983_CHEMBL5437898,0.3545,False
P45983_CHEMBL5439708,0.3381,False
P45983_CHEMBL5424933,0.3999,False
P45983_CHEMBL5423218,0.3999,False
P45983_CHEMBL5437251,0.3625,False
P45983_CHEMBL5435391,0.3828,False
P45983_CHEMBL5433156,0.3708,False
P45983_CHEMBL5403784,0.4133,False
P45983_CHEMBL5425117,0.3809,False
P45983_CHEMBL5434519,0.3572,False
P45983_CHEMBL5434537,0.3875,False
P45983_CHEMBL5397012,0.4177,False
P45983_CHEMBL5405579,0.3789,False
P45983_CHEMBL5432287,0.3713,False
P45983_CHEMBL5427329,0.3447,False
P45983_CHEMBL5437584,0.3611,False
P45983_CHEMBL5408361,0.3733,False
P45983_CHEMBL5438169,0.3713,False
P45983_CHEMBL5428091,0.3767,False
P45983_CHEMBL5423687,0.3699,False
P45983_CHEMBL5441132,0.3721,False
P45983_CHEMBL5432496,0.3647,False
P45983_CHEMBL5415366,0.4746,False
P45983_CHEMBL5437979,0.3779,False
P45983_CHEMBL5441124,0.3523,False
P45983_CHEMBL5413463,0.3625,False
P45983_CHEMBL5428502,0.3828,False
P45983_CHEMBL5413820,0.4333,False
P45983_CHEMBL5432722,0.3625,False
P45983_CHEMBL5433711,0.3545,False
P45983_CHEMBL5434414,0.3152,False
P45983_CHEMBL5411091,0.3333,False
P45983_CHEMBL5425539,0.3896,False
P45983_CHEMBL5432224,0.3152,False
P45983_CHEMBL5398897,0.3333,False
P45983_CHEMBL5409834,0.3589,False
P45983_CHEMBL5436859,0.3176,False
P45983_CHEMBL5403866,0.3562,False
P45983_CHEMBL5439622,0.3901,False
P45983_CHEMBL5402580,0.3604,False
P45983_CHEMBL5436065,0.3765,False
P49759_CHEMBL5410811,0.491,False
P49759_CHEMBL5403328,0.5093,False
P49759_CHEMBL5416086,0.446,False
P49759_CHEMBL5417336,0.446,False
P49759_CHEMBL5401513,0.446,False
P49759_CHEMBL5401218,0.4204,False
P49759_CHEMBL5395267,0.3472,False
P49759_CHEMBL5414801,0.3333,False
P49759_CHEMBL5429707,0.2474,False
P49759_CHEMBL5428562,0.2474,False
P49759_CHEMBL5401556,0.2639,False
P49759_CHEMBL5432405,0.2747,False
P49759_CHEMBL5417699,0.2834,False
P49759_CHEMBL5429691,0.2742,False
P49759_CHEMBL5432194,0.2769,False
P49759_CHEMBL5415554,0.2693,False
P49759_CHEMBL5395833,0.2581,False
P49759_CHEMBL5415238,0.2603,False
P49759_CHEMBL5428750,0.3276,False
P49759_CHEMBL5406864,0.322,False
P49759_CHEMBL5421052,0.3157,False
P49759_CHEMBL5429359,0.2532,False
P49759_CHEMBL5406490,0.2561,False
P49759_CHEMBL5426876,0.2676,False
P49759_CHEMBL5396081,0.2783,False
P49759_CHEMBL5429086,0.3147,False
P49759_CHEMBL5411649,0.4348,False
P49759_CHEMBL5432630,0.375,False
P49759_CHEMBL5413622,0.3538,False
P49759_CHEMBL5423818,0.3691,False
P49759_CHEMBL5416942,0.3418,False
P49759_CHEMBL5420179,0.3091,False
P49759_CHEMBL5426802,0.3091,False
P49759_CHEMBL5414189,0.2964,False
P49759_CHEMBL5421447,0.2932,False
P49759_CHEMBL5439262,0.3035,False
P49759_CHEMBL5420003,0.2964,False
P49759_CHEMBL5411288,0.3274,False
P49759_CHEMBL5402166,0.2974,False
P49759_CHEMBL5424488,0.3167,False
P49759_CHEMBL5417563,0.3157,False
P49759_CHEMBL5411227,0.3167,False
P49759_CHEMBL5435820,0.3125,False
P49759_CHEMBL5402730,0.4226,False
P49759_CHEMBL5400814,0.3394,False
P49759_CHEMBL5437281,0.3394,False
P49759_CHEMBL5434309,0.3115,False
P49759_CHEMBL5421375,0.3635,False
P49759_CHEMBL5399401,0.3333,False
P49759_CHEMBL5411169,0.3542,False
P49759_CHEMBL5417631,0.3796,False
P49759_CHEMBL5418822,0.4055,False
P49759_CHEMBL5439632,0.3623,False
P49759_CHEMBL5395734,0.3823,False
P49759_CHEMBL5416327,0.342,False
P49759_CHEMBL5424114,0.4412,False
P49759_CHEMBL5435495,0.2441,False
P49759_CHEMBL5396725,0.3044,False
P49759_CHEMBL5414359,0.3076,False
P49759_CHEMBL5434183,0.3115,False
P49759_CHEMBL5416758,0.2698,False
P49759_CHEMBL5425043,0.342,False
P49759_CHEMBL5426335,0.446,False
P49759_CHEMBL5440916,0.3188,False
P49759_CHEMBL5397989,0.394,False
P49759_CHEMBL5429415,0.3572,False
P49759_CHEMBL5410464,0.4834,False
P49759_CHEMBL5426304,0.28,False
P49759_CHEMBL5425642,0.3284,False
P49759_CHEMBL5416749,0.353,False
P49759_CHEMBL5401689,0.4917,False
P49759_CHEMBL5438084,0.375,False
P49759_CHEMBL5436022,0.3936,False
P49759_CHEMBL5402600,0.3538,False
P49759_CHEMBL5412760,0.377,False
P49759_CHEMBL5440179,0.3286,False
P49759_CHEMBL5404932,0.4412,False
P49759_CHEMBL5412339,0.5,False
P49759_CHEMBL5411492,0.3999,False
P49759_CHEMBL5411512,0.3684,False
P49759_CHEMBL5418042,0.2778,False
P49759_CHEMBL5404416,0.3147,False
P49759_CHEMBL5405572,0.3052,False
P49759_CHEMBL5394613,0.2563,False
P49759_CHEMBL5420724,0.3726,False
P49759_CHEMBL5437222,0.3147,False
P49759_CHEMBL5422413,0.3103,False
P49759_CHEMBL5419006,0.2698,False
P49759_CHEMBL5395680,0.3799,False
P49759_CHEMBL5408457,0.3147,False
P49759_CHEMBL5413427,0.3103,False
P49759_CHEMBL5425748,0.2698,False
P49759_CHEMBL5410991,0.3799,False
P49759_CHEMBL5428651,0.3462,False
P49759_CHEMBL5422936,0.3257,False
P49759_CHEMBL5416971,0.4355,False
P49759_CHEMBL5415866,0.4265,False
P49841_CHEMBL5419581,0.3501,False
P49841_CHEMBL5411160,0.5161,False
P49841_CHEMBL5429577,0.5161,False
P49841_CHEMBL5401511,0.6396,False
P49841_CHEMBL5436023,0.6396,False
P49841_CHEMBL5414801,0.3333,False
P49841_CHEMBL5429707,0.2474,False
P49841_CHEMBL5424946,0.6626,False
P49841_CHEMBL5423620,0.6626,False
P49841_CHEMBL5438428,0.6377,False
P49841_CHEMBL5396081,0.2783,False
P49841_CHEMBL5429086,0.3147,False
P49841_CHEMBL5394559,0.395,False
P49841_CHEMBL5438491,0.3401,False
P49841_CHEMBL5422975,0.564,False
P49841_CHEMBL5409743,0.4524,False
P49841_CHEMBL5424793,0.6113,False
P49841_CHEMBL5417641,0.4871,False
P49841_CHEMBL5407410,0.5571,False
P49841_CHEMBL5394929,0.4871,False
P49841_CHEMBL5421040,0.5,False
P49841_CHEMBL5409378,0.5366,False
P49841_CHEMBL5399975,0.5508,False
P49841_CHEMBL5434153,0.4526,False
P49841_CHEMBL5419215,0.5566,False
P49841_CHEMBL5402499,0.4575,False
P49841_CHEMBL5410665,0.4832,False
P49841_CHEMBL5416942,0.3418,False
P49841_CHEMBL5415003,0.3647,False
P49841_CHEMBL5423339,0.3691,False
P49841_CHEMBL5425787,0.3647,False
P49841_CHEMBL5440008,0.3718,False
P49841_CHEMBL5432523,0.3691,False
P49841_CHEMBL5397959,0.3835,False
P49841_CHEMBL5401424,0.4648,False
P49841_CHEMBL5431187,0.3999,False
P49841_CHEMBL5440396,0.3545,False
P49841_CHEMBL5426515,0.3501,False
P49841_CHEMBL5416124,0.375,False
P49841_CHEMBL5422902,0.3896,False
P49841_CHEMBL5413978,0.3999,False
P49841_CHEMBL5402529,0.3896,False
P49841_CHEMBL5403557,0.366,False
P49841_CHEMBL5434053,0.3845,False
P49841_CHEMBL5396759,0.3845,False
P49841_CHEMBL5404640,0.3896,False
P49841_CHEMBL5411871,0.4783,False
P49841_CHEMBL5435495,0.2441,False
P49841_CHEMBL5403701,0.3589,False
P49841_CHEMBL5403288,0.3037,False
P49841_CHEMBL5430060,0.2666,False
P49841_CHEMBL5432029,0.2637,False
P49841_CHEMBL5436997,0.2396,False
P49841_CHEMBL5417435,0.2705,False
P49841_CHEMBL5432284,0.2651,False
P49841_CHEMBL5402797,0.2727,False
P49841_CHEMBL5405344,0.281,False
P49841_CHEMBL5410239,0.281,False
P49841_CHEMBL5404765,0.2888,False
P49841_CHEMBL5434965,0.2791,False
P49841_CHEMBL5429675,0.2581,False
P49841_CHEMBL5402554,0.3115,False
P49841_CHEMBL5415481,0.2581,False
P49841_CHEMBL5429353,0.375,False
P49841_CHEMBL5412373,0.3635,False
P49841_CHEMBL5399860,0.3835,False
P49841_CHEMBL5418046,0.3635,False
P49841_CHEMBL5406211,0.3835,False
P49841_CHEMBL5439681,0.4854,False
P49841_CHEMBL5413227,0.3845,False
P49841_CHEMBL5395317,0.3796,False
P49841_CHEMBL5424881,0.3635,False
P49841_CHEMBL5396368,0.3845,False
P49841_CHEMBL5436993,0.4109,False
P49841_CHEMBL5395945,0.4167,False
P49841_CHEMBL5432131,0.3796,False
P49841_CHEMBL5410629,0.3999,False
P49841_CHEMBL5432557,0.3999,False
P49841_CHEMBL5409837,0.5,False
P49841_CHEMBL5414095,0.3767,False
P49841_CHEMBL5412619,0.3718,False
P49841_CHEMBL5396725,0.3044,False
P49841_CHEMBL5414359,0.3076,False
P49841_CHEMBL5434183,0.3115,False
P49841_CHEMBL5416758,0.2698,False
P49841_CHEMBL5425043,0.342,False
P49841_CHEMBL5398642,0.5454,False
P49841_CHEMBL5409415,0.4219,False
P49841_CHEMBL5408273,0.4153,False
P49841_CHEMBL5434002,0.3262,False
P49841_CHEMBL5434004,0.2417,False
P49841_CHEMBL5405586,0.3601,False
P49841_CHEMBL5408371,0.3816,False
P49841_CHEMBL5417729,0.4167,False
P49841_CHEMBL5402699,0.3462,False
P49841_CHEMBL5398463,0.3835,False
P49841_CHEMBL5436334,0.3601,False
P49841_CHEMBL5439156,0.3333,False
P49841_CHEMBL5437713,0.3816,False
P49841_CHEMBL5396027,0.4084,False
P49841_CHEMBL5426638,0.4167,False
P49841_CHEMBL5421548,0.3767,False
P49841_CHEMBL5440304,0.3684,False
P49841_CHEMBL5409643,0.7017,False
P49841_CHEMBL5425548,0.4707,False
P49841_CHEMBL5425419,0.5239,False
P49841_CHEMBL5403368,0.4707,False
P49841_CHEMBL5405572,0.3052,False
P49841_CHEMBL5395680,0.3799,False
P49841_CHEMBL5413427,0.3103,False
P49841_CHEMBL5428651,0.3462,False
P49841_CHEMBL5422936,0.3257,False
P49841_CHEMBL5410800,0.7749,False
P50406_CHEMBL5417937,0.3923,False
P50406_CHEMBL5433300,0.3157,False
P50406_CHEMBL5405562,0.3438,False
P50406_CHEMBL5406900,0.2744,False
P50406_CHEMBL5397704,0.3076,False
P50406_CHEMBL5405414,0.2898,False
P50406_CHEMBL5419441,0.3284,False
P50406_CHEMBL5416678,0.2771,False
P50406_CHEMBL5433857,0.2949,False
P50406_CHEMBL5400892,0.2817,False
P50406_CHEMBL5410706,0.3521,False
P50406_CHEMBL5420304,0.2876,False
P50406_CHEMBL5434373,0.2805,False
P50406_CHEMBL5440858,0.3333,False
P50406_CHEMBL5427590,0.3428,False
P50406_CHEMBL5397703,0.2954,False
P50406_CHEMBL5394412,0.3181,False
P50406_CHEMBL5398629,0.3381,False
P50406_CHEMBL5410304,0.2974,False
P50406_CHEMBL5395448,0.353,False
P50406_CHEMBL5422803,0.3286,False
P50406_CHEMBL5397729,0.3472,False
P50406_CHEMBL5435404,0.3276,False
P50406_CHEMBL5403068,0.3872,False
P50406_CHEMBL5396600,0.3135,False
P50406_CHEMBL5398978,0.3384,False
P50406_CHEMBL5436003,0.3384,False
P50406_CHEMBL5423649,0.2708,False
P50406_CHEMBL5395867,0.3,False
P50406_CHEMBL5406837,0.2749,False
P50406_CHEMBL5397523,0.3201,False
P50406_CHEMBL5419792,0.3635,False
P50406_CHEMBL5433407,0.3513,False
P50406_CHEMBL5405092,0.2932,False
P50406_CHEMBL5417779,0.3572,False
P50406_CHEMBL5397033,0.3333,False
P50406_CHEMBL5422674,0.3572,False
P50406_CHEMBL5415563,0.3867,False
P50406_CHEMBL5407925,0.2793,False
P50406_CHEMBL5402096,0.303,False
P50406_CHEMBL5395527,0.4341,False
P50406_CHEMBL5396512,0.4695,False
P50406_CHEMBL5424650,0.3728,False
P50406_CHEMBL5423810,0.4106,False
P50406_CHEMBL5415650,0.5488,False
P50406_CHEMBL5431708,0.3547,False
P50406_CHEMBL5414093,0.3582,False
P50406_CHEMBL5434761,0.4385,False
P50406_CHEMBL5399687,0.3479,False
P50406_CHEMBL5399540,0.3333,False
P50406_CHEMBL5436231,0.3438,False
P50406_CHEMBL5408055,0.3333,False
P50406_CHEMBL5404165,0.3438,False
P50406_CHEMBL5395788,0.3923,False
P50406_CHEMBL5398537,0.3923,False
P50406_CHEMBL5408318,0.3923,False
P50406_CHEMBL5430776,0.2954,False
P50406_CHEMBL5398411,0.2817,False
P50406_CHEMBL5438160,0.2947,False
P50406_CHEMBL5438068,0.3699,False
P50406_CHEMBL5421970,0.2812,False
P50406_CHEMBL5407451,0.3013,False
P50406_CHEMBL5413373,0.3044,False
P50406_CHEMBL5412404,0.2715,False
P50406_CHEMBL5431767,0.2727,False
P50406_CHEMBL5434678,0.3381,False
P50406_CHEMBL5420301,0.3,False
P50406_CHEMBL5415139,0.2817,False
P50406_CHEMBL5407728,0.2898,False
P50406_CHEMBL5425363,0.3,False
P50406_CHEMBL5412771,0.3064,False
P50406_CHEMBL5420285,0.4099,False
P50406_CHEMBL5399533,0.2837,False
P50406_CHEMBL5408240,0.3279,False
P50406_CHEMBL5404597,0.2881,False
P50406_CHEMBL5409958,0.4922,False
P50406_CHEMBL5432246,0.4167,False
P51449_CHEMBL5394152,0.3218,False
P51449_CHEMBL5429640,0.3333,False
P51449_CHEMBL5395911,0.394,False
P51449_CHEMBL5396613,0.3767,False
P51449_CHEMBL5396729,0.3999,False
P51449_CHEMBL5432429,0.394,False
P51449_CHEMBL5414614,0.6885,False
P51449_CHEMBL5417941,0.7119,False
P51449_CHEMBL5440036,0.6772,False
P51449_CHEMBL5396035,0.3372,False
P51449_CHEMBL5402404,0.3374,False
P51449_CHEMBL5437263,0.3191,False
P51449_CHEMBL5398187,0.3462,False
P51449_CHEMBL5431798,0.3552,False
P51449_CHEMBL5404381,0.3333,False
P51449_CHEMBL5439257,0.325,False
P51449_CHEMBL5420402,0.3291,False
P51449_CHEMBL5434892,0.3291,False
P51449_CHEMBL5397746,0.3381,False
P51449_CHEMBL5440007,0.3845,False
P51449_CHEMBL5440564,0.3845,False
P51449_CHEMBL5398120,0.3677,False
P51449_CHEMBL5433753,0.3943,False
P51449_CHEMBL5395586,0.3821,False
P51449_CHEMBL5424578,0.3977,False
P51449_CHEMBL5401786,0.3999,False
P51449_CHEMBL5439216,0.3999,False
P51449_CHEMBL5430083,0.3333,False
P51449_CHEMBL5434677,0.377,False
P51449_CHEMBL5406131,0.3296,False
P51449_CHEMBL5432030,0.3699,False
P51449_CHEMBL5426893,0.4648,False
P51449_CHEMBL5424743,0.3816,False
P51449_CHEMBL5420369,0.3147,False
P51449_CHEMBL5419000,0.356,False
P51449_CHEMBL5428273,0.3333,False
P51449_CHEMBL5421964,0.3086,False
P51449_CHEMBL5395381,0.3247,False
P51449_CHEMBL5403029,0.418,False
P51449_CHEMBL5405523,0.4465,False
P51449_CHEMBL5416908,0.3,False
P51449_CHEMBL5406682,0.4126,False
P51449_CHEMBL5394376,0.3999,False
P51449_CHEMBL5419865,0.4285,False
P51449_CHEMBL5403683,0.3257,False
P51449_CHEMBL5421876,0.3118,False
P51449_CHEMBL5403342,0.3809,False
P51449_CHEMBL5440342,0.4092,False
P51449_CHEMBL5424483,0.395,False
P51449_CHEMBL5439764,0.394,False
P51449_CHEMBL5410860,0.4167,False
P51449_CHEMBL5414926,0.4263,False
P51449_CHEMBL5406497,0.4126,False
P51449_CHEMBL5433456,0.4656,False
P51449_CHEMBL5403597,0.4348,False
P51449_CHEMBL5440870,0.4285,False
P51449_CHEMBL5427851,0.4167,False
P51449_CHEMBL5401704,0.3999,False
P51449_CHEMBL5422805,0.446,False
P52333_CHEMBL5420469,0.5225,False
P52333_CHEMBL5426399,0.5166,False
P52333_CHEMBL5427093,0.5215,False
P52333_CHEMBL5439377,0.6045,False
P52333_CHEMBL5431720,0.5146,False
P52333_CHEMBL5394800,0.6172,False
P52333_CHEMBL5440136,0.5508,False
P52333_CHEMBL5435684,0.5308,False
P52333_CHEMBL5417273,0.5308,False
P52333_CHEMBL5415543,0.5298,False
P52333_CHEMBL5412767,0.5146,False
P52333_CHEMBL5436699,0.5444,False
P52333_CHEMBL5413492,0.562,False
P52333_CHEMBL5428711,0.5332,False
P52333_CHEMBL5402002,0.5874,False
P52333_CHEMBL5415887,0.5859,False
P52333_CHEMBL5411595,0.5107,False
P52333_CHEMBL5396054,0.5952,False
P52333_CHEMBL5403745,0.5508,False
P52333_CHEMBL5440675,0.5386,False
P52333_CHEMBL5403374,0.5815,False
P52333_CHEMBL5427871,0.5396,False
P52333_CHEMBL5396925,0.5332,False
P52333_CHEMBL5404479,0.5103,False
P52333_CHEMBL5412059,0.3508,False
P52333_CHEMBL5428573,0.4695,False
P52333_CHEMBL5424439,0.457,False
P52333_CHEMBL5417474,0.4507,False
P52333_CHEMBL5395839,0.457,False
P52333_CHEMBL5403897,0.4639,False
P52333_CHEMBL5420083,0.4783,False
P52333_CHEMBL5420971,0.4775,False
P52333_CHEMBL5424098,0.3333,False
P52333_CHEMBL5423387,0.3374,False
P52333_CHEMBL5430795,0.3293,False
P52333_CHEMBL5405043,0.3293,False
P52333_CHEMBL5410919,0.3293,False
P52333_CHEMBL5435417,0.3293,False
P52333_CHEMBL5439582,0.3545,False
P52333_CHEMBL5427932,0.3457,False
P52333_CHEMBL5405140,0.3501,False
P52333_CHEMBL5404261,0.3416,False
P52333_CHEMBL5441087,0.3372,False
P52333_CHEMBL5440017,0.3218,False
P52333_CHEMBL5434116,0.366,False
P52333_CHEMBL5396523,0.3333,False
P52333_CHEMBL5423894,0.3416,False
P52333_CHEMBL5409953,0.4849,False
P52333_CHEMBL5422886,0.4856,False
P52333_CHEMBL5412967,0.446,False
P52333_CHEMBL5407329,0.5078,False
P52333_CHEMBL5407260,0.4231,False
P52333_CHEMBL5396554,0.4231,False
P52333_CHEMBL5415586,0.4844,False
P52333_CHEMBL5409666,0.5332,False
P52333_CHEMBL5433426,0.4844,False
P52333_CHEMBL5433159,0.3635,False
P52333_CHEMBL5408994,0.375,False
P52333_CHEMBL5419978,0.3206,False
P52333_CHEMBL5435482,0.425,False
P52333_CHEMBL5440510,0.3972,False
P52333_CHEMBL5438892,0.375,False
P52333_CHEMBL5412619,0.3718,False
P52333_CHEMBL5437261,0.4126,False
P52333_CHEMBL5406535,0.4187,False
P52333_CHEMBL5431257,0.4844,False
P52333_CHEMBL5440264,0.366,False
P52333_CHEMBL5420928,0.325,False
P52333_CHEMBL5413489,0.2988,False
P52333_CHEMBL5422793,0.623,False
P53350_CHEMBL5431802,0.5605,False
P53350_CHEMBL5432090,0.5625,False
P53350_CHEMBL5427326,0.5527,False
P53350_CHEMBL5405576,0.5249,False
P53350_CHEMBL5414912,0.5835,False
P53350_CHEMBL5403903,0.5835,False
P53350_CHEMBL5440440,0.5889,False
P53350_CHEMBL5406356,0.5889,False
P53350_CHEMBL5440332,0.5674,False
P53350_CHEMBL5403604,0.5674,False
P53350_CHEMBL5420142,0.5674,False
P53350_CHEMBL5434663,0.5674,False
P53350_CHEMBL5393910,0.6216,False
P53350_CHEMBL5403446,0.5762,False
P53350_CHEMBL5410968,0.5933,False
P53350_CHEMBL5412127,0.6143,False
P53350_CHEMBL5421238,0.6431,False
P53350_CHEMBL5434467,0.6069,False
P53350_CHEMBL5418320,0.5933,False
P53350_CHEMBL5408013,0.5933,False
P53350_CHEMBL5402704,0.5747,False
P53350_CHEMBL5408583,0.6138,False
P53350_CHEMBL5395241,0.6069,False
P53350_CHEMBL5402431,0.5806,False
P53350_CHEMBL5402922,0.5806,False
P53350_CHEMBL5405036,0.4753,False
P53350_CHEMBL5422245,0.4707,False
P53350_CHEMBL5426693,0.5601,False
P53350_CHEMBL5430428,0.4717,False
P53350_CHEMBL5437467,0.5747,False
P53350_CHEMBL5415794,0.625,False
P53350_CHEMBL5410310,0.5933,False
P53350_CHEMBL5422930,0.6001,False
P53350_CHEMBL5417441,0.5869,False
P53350_CHEMBL5417454,0.5747,False
P53350_CHEMBL5428017,0.5869,False
P53350_CHEMBL5440739,0.5869,False
P53350_CHEMBL5412529,0.5747,False
P53350_CHEMBL5409700,0.6138,False
P53350_CHEMBL5428087,0.6001,False
P53350_CHEMBL5403358,0.6206,False
P53350_CHEMBL5426964,0.6138,False
P53350_CHEMBL5427957,0.5869,False
P53350_CHEMBL5438409,0.5869,False
P53350_CHEMBL5403473,0.5806,False
P53350_CHEMBL5406467,0.4753,False
P53350_CHEMBL5437723,0.4761,False
P53350_CHEMBL5419367,0.6323,False
P53350_CHEMBL5394764,0.5933,False
P53350_CHEMBL5401381,0.5806,False
P53350_CHEMBL5418129,0.5933,False
P53350_CHEMBL5417495,0.5869,False
P53350_CHEMBL5421723,0.5483,False
P53350_CHEMBL5408776,0.4849,False
P53350_CHEMBL5415796,0.48,False
P53350_CHEMBL5400502,0.5532,False
P53350_CHEMBL5409453,0.4712,False
P53350_CHEMBL5395480,0.6045,False
P53350_CHEMBL5398977,0.5933,False
P53350_CHEMBL5429440,0.5806,False
P53350_CHEMBL5422122,0.6323,False
P53350_CHEMBL5416208,0.6514,False
P53350_CHEMBL5438707,0.5957,False
P53350_CHEMBL5439937,0.5806,False
P53350_CHEMBL5404388,0.5684,False
P53350_CHEMBL5401755,0.5977,False
P53350_CHEMBL5434561,0.6069,False
P53350_CHEMBL5395023,0.6001,False
P53350_CHEMBL5402308,0.5625,False
P53350_CHEMBL5433401,0.5791,False
P53350_CHEMBL5412655,0.6294,False
P53350_CHEMBL5438696,0.5869,False
P53350_CHEMBL5400707,0.5933,False
P53350_CHEMBL5416239,0.5747,False
P53350_CHEMBL5394854,0.5913,False
P53350_CHEMBL5429110,0.5806,False
P53350_CHEMBL5426743,0.5869,False
P53350_CHEMBL5435649,0.5581,False
P53350_CHEMBL5430202,0.6069,False
P53350_CHEMBL5419732,0.6182,False
P53350_CHEMBL5437785,0.625,False
P53350_CHEMBL5421113,0.6704,False
P53350_CHEMBL5396078,0.6001,False
P53350_CHEMBL5423798,0.6138,False
P53350_CHEMBL5426933,0.5977,False
P53350_CHEMBL5423881,0.6152,False
P53350_CHEMBL5435085,0.5791,False
P53350_CHEMBL5433215,0.5957,False
P53350_CHEMBL5405803,0.6479,False
P53350_CHEMBL5440471,0.6113,False
P53350_CHEMBL5415945,0.6089,False
P53350_CHEMBL5426079,0.6045,False
P53350_CHEMBL5398211,0.5747,False
P53350_CHEMBL5399905,0.6895,False
P53350_CHEMBL5413543,0.6743,False
P53350_CHEMBL5437669,0.5518,False
P53779_CHEMBL5406652,0.3379,False
P53779_CHEMBL5399045,0.2903,False
P53779_CHEMBL5440695,0.3262,False
P53779_CHEMBL5411160,0.5161,False
P53779_CHEMBL5438506,0.4631,False
P53779_CHEMBL5429577,0.5161,False
P53779_CHEMBL5402048,0.4631,False
P53779_CHEMBL5399618,0.4897,False
P53779_CHEMBL5426262,0.4399,False
P53779_CHEMBL5436272,0.4897,False
P53779_CHEMBL5398830,0.4399,False
P53779_CHEMBL5414227,0.4849,False
P53779_CHEMBL5401605,0.4355,False
P53779_CHEMBL5431146,0.4849,False
P53779_CHEMBL5428039,0.4355,False
P53779_CHEMBL5431060,0.5,False
P53779_CHEMBL5416188,0.449,False
P53779_CHEMBL5413870,0.5,False
P53779_CHEMBL5439571,0.449,False
P53779_CHEMBL5401511,0.6396,False
P53779_CHEMBL5405705,0.5796,False
P53779_CHEMBL5436023,0.6396,False
P53779_CHEMBL5403970,0.5796,False
P53779_CHEMBL5415503,0.4536,False
P53779_CHEMBL5422182,0.3467,False
P53779_CHEMBL5422757,0.3191,False
P53779_CHEMBL5419547,0.2698,False
P53779_CHEMBL5432203,0.3125,False
P53779_CHEMBL5407304,0.3635,False
P53779_CHEMBL5424892,0.5332,False
P53779_CHEMBL5436510,0.4783,False
P53779_CHEMBL5408675,0.5332,False
P53779_CHEMBL5412347,0.4783,False
P53779_CHEMBL5423272,0.5054,False
P53779_CHEMBL5425684,0.4536,False
P53779_CHEMBL5433276,0.5054,False
P53779_CHEMBL5415588,0.4536,False
P53779_CHEMBL5423313,0.468,False
P53779_CHEMBL5406704,0.468,False
P53779_CHEMBL5424946,0.6626,False
P53779_CHEMBL5423620,0.6626,False
P53779_CHEMBL5404265,0.3521,False
P53779_CHEMBL5408918,0.3601,False
P53779_CHEMBL5423835,0.3015,False
P53779_CHEMBL5405861,0.2932,False
P53779_CHEMBL5409831,0.281,False
P53779_CHEMBL5425080,0.3406,False
P53779_CHEMBL5411375,0.3086,False
P53779_CHEMBL5410441,0.3677,False
P53779_CHEMBL5426038,0.2834,False
P53779_CHEMBL5398682,0.353,False
P53779_CHEMBL5416681,0.5054,False
P53779_CHEMBL5405404,0.5,False
P53779_CHEMBL5394033,0.6665,False
P53779_CHEMBL5429268,0.5518,False
P53779_CHEMBL5396830,0.4434,False
P53779_CHEMBL5439223,0.4434,False
P53779_CHEMBL5398642,0.5454,False
P53779_CHEMBL5420339,0.4888,False
P53779_CHEMBL5423677,0.4888,False
P53779_CHEMBL5403762,0.5161,False
P53779_CHEMBL5397833,0.4631,False
P53779_CHEMBL5425334,0.5161,False
P53779_CHEMBL5410846,0.4631,False
P53779_CHEMBL5419594,0.5161,False
P53779_CHEMBL5418507,0.4631,False
P53779_CHEMBL5435809,0.5161,False
P53779_CHEMBL5424108,0.4631,False
P53779_CHEMBL5427166,0.5273,False
P53779_CHEMBL5422901,0.4731,False
P53779_CHEMBL5401592,0.5273,False
P53779_CHEMBL5407257,0.4731,False
P53779_CHEMBL5430858,0.6792,False
P53779_CHEMBL5395372,0.6143,False
P53779_CHEMBL5399794,0.6792,False
P53779_CHEMBL5436937,0.6143,False
P53779_CHEMBL5408056,0.6587,False
P53779_CHEMBL5430912,0.7793,False
P53779_CHEMBL5401113,0.2773,False
P53779_CHEMBL5429870,0.2986,False
P53779_CHEMBL5440479,0.3118,False
P53779_CHEMBL5410090,0.3635,False
P53779_CHEMBL5437898,0.3545,False
P53779_CHEMBL5410780,0.3506,False
P53779_CHEMBL5439708,0.3381,False
P53779_CHEMBL5424933,0.3999,False
P53779_CHEMBL5423218,0.3999,False
P53779_CHEMBL5437251,0.3625,False
P53779_CHEMBL5435391,0.3828,False
P53779_CHEMBL5397816,0.3691,False
P53779_CHEMBL5433156,0.3708,False
P53779_CHEMBL5403784,0.4133,False
P53779_CHEMBL5425117,0.3809,False
P53779_CHEMBL5434519,0.3572,False
P53779_CHEMBL5419083,0.353,False
P53779_CHEMBL5434537,0.3875,False
P53779_CHEMBL5397012,0.4177,False
P53779_CHEMBL5405579,0.3789,False
P53779_CHEMBL5432287,0.3713,False
P53779_CHEMBL5427329,0.3447,False
P53779_CHEMBL5405264,0.3906,False
P53779_CHEMBL5437584,0.3611,False
P53779_CHEMBL5408361,0.3733,False
P53779_CHEMBL5439566,0.3789,False
P53779_CHEMBL5438169,0.3713,False
P53779_CHEMBL5403120,0.4026,False
P53779_CHEMBL5428091,0.3767,False
P53779_CHEMBL5423687,0.3699,False
P53779_CHEMBL5441132,0.3721,False
P53779_CHEMBL5432496,0.3647,False
P53779_CHEMBL5415366,0.4746,False
P53779_CHEMBL5431122,0.4055,False
P53779_CHEMBL5437979,0.3779,False
P53779_CHEMBL5441124,0.3523,False
P53779_CHEMBL5431131,0.3494,False
P53779_CHEMBL5436019,0.4399,False
P53779_CHEMBL5413463,0.3625,False
P53779_CHEMBL5428502,0.3828,False
P53779_CHEMBL5413820,0.4333,False
P53779_CHEMBL5432722,0.3625,False
P53779_CHEMBL5433711,0.3545,False
P53779_CHEMBL5434414,0.3152,False
P53779_CHEMBL5411091,0.3333,False
P53779_CHEMBL5425539,0.3896,False
P53779_CHEMBL5432224,0.3152,False
P53779_CHEMBL5398897,0.3333,False
P53779_CHEMBL5393904,0.3293,False
P53779_CHEMBL5409834,0.3589,False
P53779_CHEMBL5436859,0.3176,False
P53779_CHEMBL5403866,0.3562,False
P53779_CHEMBL5407894,0.3691,False
P53779_CHEMBL5439622,0.3901,False
P53779_CHEMBL5402580,0.3604,False
P53779_CHEMBL5414065,0.3635,False
P53779_CHEMBL5436065,0.3765,False
P53779_CHEMBL5440610,0.4038,False
P53779_CHEMBL5439929,0.2708,False
P53779_CHEMBL5419312,0.28,False
P53779_CHEMBL5426371,0.2983,False
P53779_CHEMBL5423129,0.3704,False
P53779_CHEMBL5404244,0.3052,False
P53779_CHEMBL5426261,0.4119,False
P53779_CHEMBL5402716,0.3635,False
P53779_CHEMBL5416936,0.2834,False
P53779_CHEMBL5406765,0.2881,False
P53779_CHEMBL5429978,0.3069,False
P53779_CHEMBL5395599,0.2837,False
P53779_CHEMBL5426713,0.2834,False
P53779_CHEMBL5421436,0.2834,False
P53779_CHEMBL5410221,0.2903,False
P53779_CHEMBL5416863,0.4546,False
P53779_CHEMBL5408939,0.4038,False
P53779_CHEMBL5420689,0.3215,False
P53779_CHEMBL5407582,0.3098,False
P53779_CHEMBL5405724,0.3921,False
P53779_CHEMBL5410150,0.3889,False
P53779_CHEMBL5439177,0.322,False
P53779_CHEMBL5430890,0.3181,False
P53779_CHEMBL5410493,0.3501,False
Q00987_CHEMBL5430787,0.3044,False
Q00987_CHEMBL5415331,0.3015,False
Q00987_CHEMBL5439046,0.29,False
Q00987_CHEMBL5400500,0.3125,False
Q00987_CHEMBL5425065,0.2869,False
Q00987_CHEMBL5395151,0.2869,False
Q00987_CHEMBL5410760,0.2869,False
Q00987_CHEMBL5405147,0.4285,False
Q00987_CHEMBL5403772,0.3794,False
Q00987_CHEMBL5413376,0.4363,False
Q00987_CHEMBL5405110,0.386,False
Q00987_CHEMBL5437839,0.2979,False
Q00987_CHEMBL5400878,0.3274,False
Q00987_CHEMBL5406959,0.3303,False
Q00987_CHEMBL5436528,0.375,False
Q00987_CHEMBL5438520,0.4443,False
Q00987_CHEMBL5431530,0.3508,False
Q00987_CHEMBL5395046,0.3928,False
Q00987_CHEMBL5398827,0.3303,False
Q00987_CHEMBL5394717,0.3694,False
Q00987_CHEMBL5403609,0.3628,False
Q00987_CHEMBL5423147,0.375,False
Q00987_CHEMBL5408617,0.3394,False
Q00987_CHEMBL5430850,0.8481,False
Q00987_CHEMBL5434688,0.2277,False
Q00987_CHEMBL5426939,0.3191,False
Q00987_CHEMBL5440363,0.5557,False
Q00987_CHEMBL5413250,0.2917,False
Q00987_CHEMBL5407048,0.2896,False
Q00987_CHEMBL5439641,0.282,False
Q00987_CHEMBL5395339,0.282,False
Q00987_CHEMBL5400761,0.3076,False
Q00987_CHEMBL5396791,0.2771,False
Q00987_CHEMBL5405392,0.4412,False
Q00987_CHEMBL5423725,0.4299,False
Q00987_CHEMBL5433398,0.4285,False
Q00987_CHEMBL5414460,0.4851,False
Q00987_CHEMBL5404903,0.4519,False
Q00987_CHEMBL5424005,0.5049,False
Q00987_CHEMBL5405535,0.4299,False
Q00987_CHEMBL5411415,0.4741,False
Q00987_CHEMBL5425619,0.4849,False
Q00987_CHEMBL5403414,0.5308,False
Q00987_CHEMBL5438048,0.5259,False
Q00987_CHEMBL5402026,0.4546,False
Q00987_CHEMBL5430636,0.4456,False
Q00987_CHEMBL5417541,0.4434,False
Q00987_CHEMBL5400925,0.4519,False
Q00987_CHEMBL5394822,0.4653,False
Q00987_CHEMBL5415765,0.5098,False
Q00987_CHEMBL5413325,0.4563,False
Q00987_CHEMBL5413534,0.5151,False
Q00987_CHEMBL5397420,0.5049,False
Q00987_CHEMBL5396529,0.48,False
Q00987_CHEMBL5402394,0.4529,False
Q00987_CHEMBL5421232,0.3999,False
Q00987_CHEMBL5422314,0.3333,False
Q00987_CHEMBL5433819,0.3235,False
Q00987_CHEMBL5411406,0.397,False
Q00987_CHEMBL5441014,0.4285,False
Q00987_CHEMBL5421177,0.4519,False
Q00987_CHEMBL5426013,0.3674,False
Q00987_CHEMBL5419081,0.3601,False
Q00987_CHEMBL5416506,0.4153,False
Q00987_CHEMBL5417713,0.3296,False
Q00987_CHEMBL5418384,0.3091,False
Q00987_CHEMBL5394884,0.2764,False
Q00987_CHEMBL5409375,0.2693,False
Q00987_CHEMBL5428948,0.2693,False
Q00987_CHEMBL5416654,0.3333,False
Q00987_CHEMBL5408349,0.3618,False
Q00987_CHEMBL5420765,0.3872,False
Q00987_CHEMBL5393753,0.3242,False
Q00987_CHEMBL5425009,0.3594,False
Q00987_CHEMBL5437348,0.377,False
Q00987_CHEMBL5430323,0.3333,False
Q00987_CHEMBL5437425,0.4058,False
Q00987_CHEMBL5401649,0.5083,False
Q00987_CHEMBL5410291,0.4426,False
Q00987_CHEMBL5430014,0.3484,False
Q00987_CHEMBL5439015,0.3381,False
Q00987_CHEMBL5439731,0.3831,False
Q00987_CHEMBL5403978,0.3191,False
Q00987_CHEMBL5422264,0.4878,False
Q00987_CHEMBL5403465,0.3479,False
Q00987_CHEMBL5394970,0.3333,False
Q00987_CHEMBL5408490,0.4285,False
Q00987_CHEMBL5422030,0.3403,False
Q00987_CHEMBL5403300,0.3333,False
Q00987_CHEMBL5416279,0.3274,False
Q00987_CHEMBL5413374,0.3333,False
Q00987_CHEMBL5434849,0.4419,False
Q00987_CHEMBL5422731,0.2856,False
Q00987_CHEMBL5420518,0.3555,False
Q02127_CHEMBL5411122,0.4265,False
Q02127_CHEMBL5430092,0.3867,False
Q02127_CHEMBL5424393,0.3906,False
Q02127_CHEMBL5394812,0.3896,False
Q02127_CHEMBL5424051,0.373,False
Q02127_CHEMBL5426182,0.4028,False
Q02127_CHEMBL5416733,0.4028,False
Q02127_CHEMBL5399005,0.5732,False
Q02127_CHEMBL5398316,0.4092,False
Q02127_CHEMBL5408286,0.6948,False
Q02127_CHEMBL5408707,0.7456,False
Q02127_CHEMBL5421173,0.5542,False
Q02127_CHEMBL5439442,0.5923,False
Q02127_CHEMBL5401192,0.4028,False
Q02127_CHEMBL5404114,0.5771,False
Q02127_CHEMBL5426062,0.561,False
Q02127_CHEMBL5399532,0.5771,False
Q02127_CHEMBL5394449,0.6948,False
Q02127_CHEMBL5428012,0.4719,False
Q02127_CHEMBL5398296,0.4885,False
Q02127_CHEMBL5404750,0.707,False
Q02127_CHEMBL5431965,0.5669,False
Q02127_CHEMBL5427377,0.5576,False
Q02127_CHEMBL5396928,0.3896,False
Q02127_CHEMBL5423878,0.5444,False
Q02127_CHEMBL5415127,0.5322,False
Q02127_CHEMBL5432354,0.5156,False
Q02127_CHEMBL5412179,0.4807,False
Q02127_CHEMBL5423324,0.5601,False
Q02127_CHEMBL5427310,0.4717,False
Q02127_CHEMBL5419515,0.5317,False
Q03111_CHEMBL5427429,0.3555,False
Q03111_CHEMBL5403490,0.9062,False
Q03111_CHEMBL5395585,0.6123,False
Q03111_CHEMBL5397340,0.7104,False
Q03111_CHEMBL5439514,0.3398,False
Q03111_CHEMBL5429534,0.6235,False
Q03111_CHEMBL5404010,0.7261,False
Q03111_CHEMBL5429859,0.3672,False
Q03111_CHEMBL5394853,0.3655,False
Q03111_CHEMBL5437942,0.6763,False
Q03111_CHEMBL5395927,0.6763,False
Q03111_CHEMBL5396023,0.4131,False
Q03111_CHEMBL5435284,0.7573,False
Q03111_CHEMBL5430048,0.3979,False
Q03111_CHEMBL5434666,0.3708,False
Q03111_CHEMBL5411970,0.8506,False
Q03111_CHEMBL5416453,0.519,False
Q03111_CHEMBL5437279,0.5557,False
Q03111_CHEMBL5423179,0.4719,False
Q03111_CHEMBL5434752,0.5752,False
Q03111_CHEMBL5410133,0.4885,False
Q03111_CHEMBL5440223,0.5249,False
Q03111_CHEMBL5430847,0.5835,False
Q03111_CHEMBL5414763,0.6069,False
Q03111_CHEMBL5403698,0.5684,False
Q03111_CHEMBL5428707,0.6206,False
Q03111_CHEMBL5427068,0.6665,False
Q03111_CHEMBL5421344,0.5928,False
Q03111_CHEMBL5420860,0.6152,False
Q03111_CHEMBL5416650,0.6621,False
Q03111_CHEMBL5419393,0.6284,False
Q03111_CHEMBL5411777,0.6201,False
Q03111_CHEMBL5417838,0.5566,False
Q03111_CHEMBL5395504,0.4556,False
Q03111_CHEMBL5406254,0.5767,False
Q03111_CHEMBL5438461,0.6353,False
Q03111_CHEMBL5422917,0.5625,False
Q03111_CHEMBL5404615,0.5752,False
Q03111_CHEMBL5428403,0.5713,False
Q03111_CHEMBL5396726,0.4644,False
Q03111_CHEMBL5420102,0.7041,False
Q03111_CHEMBL5413088,0.3943,False
Q03111_CHEMBL5422965,0.3835,False
Q03111_CHEMBL5421606,0.3547,False
Q03111_CHEMBL5398308,0.3733,False
Q03111_CHEMBL5427853,0.4583,False
Q03111_CHEMBL5394670,0.4167,False
Q03111_CHEMBL5416530,0.3594,False
Q03181_CHEMBL5399608,0.3618,False
Q03181_CHEMBL5421425,0.3369,False
Q03181_CHEMBL5407583,0.344,False
Q03181_CHEMBL5406591,0.3369,False
Q03181_CHEMBL5406898,0.3201,False
Q03181_CHEMBL5408470,0.3667,False
Q03181_CHEMBL5404338,0.375,False
Q03181_CHEMBL5397940,0.3667,False
Q03181_CHEMBL5427431,0.3333,False
Q03181_CHEMBL5414029,0.3596,False
Q03181_CHEMBL5439812,0.3586,False
Q03181_CHEMBL5432530,0.3618,False
Q03181_CHEMBL5435944,0.3667,False
Q03181_CHEMBL5431536,0.3586,False
Q03181_CHEMBL5429976,0.3289,False
Q03181_CHEMBL5427888,0.3625,False
Q03181_CHEMBL5406301,0.3708,False
Q03181_CHEMBL5431290,0.3625,False
Q03181_CHEMBL5429911,0.3521,False
Q06124_CHEMBL5409502,0.5,False
Q06124_CHEMBL5436458,0.6001,False
Q06124_CHEMBL5427793,0.5645,False
Q06124_CHEMBL5429374,0.3728,False
Q06124_CHEMBL5426696,0.5312,False
Q06124_CHEMBL5427689,0.4443,False
Q06124_CHEMBL5396927,0.3953,False
Q06124_CHEMBL5430697,0.4565,False
Q06124_CHEMBL5432361,0.48,False
Q06124_CHEMBL5425562,0.4783,False
Q06124_CHEMBL5417898,0.4307,False
Q06124_CHEMBL5430876,0.415,False
Q06124_CHEMBL5410478,0.4167,False
Q06124_CHEMBL5434597,0.4119,False
Q06124_CHEMBL5401484,0.4443,False
Q06124_CHEMBL5405120,0.522,False
Q06124_CHEMBL5431213,0.5293,False
Q06124_CHEMBL5397714,0.5625,False
Q06124_CHEMBL5423012,0.5454,False
Q06124_CHEMBL5417082,0.5537,False
Q06124_CHEMBL5426862,0.2842,False
Q06124_CHEMBL5396396,0.5293,False
Q06124_CHEMBL5415136,0.5386,False
Q06124_CHEMBL5431659,0.5225,False
Q06124_CHEMBL5426966,0.3472,False
Q06124_CHEMBL5396867,0.3579,False
Q06124_CHEMBL5416146,0.5386,False
Q06124_CHEMBL5421651,0.5386,False
Q06124_CHEMBL5424940,0.5645,False
Q06124_CHEMBL5416270,0.5933,False
Q06124_CHEMBL5408024,0.5645,False
Q06124_CHEMBL5433260,0.5557,False
Q06124_CHEMBL5402661,0.5557,False
Q06124_CHEMBL5435971,0.5737,False
Q06124_CHEMBL5430657,0.5713,False
Q06124_CHEMBL5400948,0.5557,False
Q06124_CHEMBL5424837,0.5737,False
Q06124_CHEMBL5410896,0.5933,False
Q06124_CHEMBL5422106,0.6602,False
Q06124_CHEMBL5434296,0.6479,False
Q06124_CHEMBL5412197,0.25,False
Q06124_CHEMBL5416159,0.408,False
Q06187_CHEMBL5431246,0.3333,False
Q06187_CHEMBL5421073,0.3889,False
Q06187_CHEMBL5405186,0.3333,False
Q06187_CHEMBL5398916,0.301,False
Q06187_CHEMBL5418333,0.3027,False
Q06187_CHEMBL5427890,0.3462,False
Q06187_CHEMBL5399884,0.3247,False
Q06187_CHEMBL5414595,0.375,False
Q06187_CHEMBL5400359,0.353,False
Q06187_CHEMBL5425932,0.3667,False
Q06187_CHEMBL5424119,0.3406,False
Q06187_CHEMBL5436135,0.3625,False
Q06187_CHEMBL5424490,0.3479,False
Q06187_CHEMBL5423586,0.3765,False
Q06187_CHEMBL5396734,0.4458,False
Q06187_CHEMBL5403299,0.4111,False
Q06187_CHEMBL5432647,0.4302,False
Q06187_CHEMBL5419265,0.3777,False
Q06187_CHEMBL5432321,0.3889,False
Q06187_CHEMBL5429118,0.3865,False
Q06187_CHEMBL5399333,0.3655,False
Q06187_CHEMBL5439205,0.4138,False
Q06187_CHEMBL5421117,0.3613,False
Q06187_CHEMBL5427653,0.5059,False
Q06187_CHEMBL5406313,0.4546,False
Q06187_CHEMBL5420469,0.5225,False
Q06187_CHEMBL5426399,0.5166,False
Q06187_CHEMBL5429719,0.5342,False
Q06187_CHEMBL5427093,0.5215,False
Q06187_CHEMBL5439377,0.6045,False
Q06187_CHEMBL5431720,0.5146,False
Q06187_CHEMBL5394800,0.6172,False
Q06187_CHEMBL5440136,0.5508,False
Q06187_CHEMBL5435684,0.5308,False
Q06187_CHEMBL5417273,0.5308,False
Q06187_CHEMBL5415543,0.5298,False
Q06187_CHEMBL5412767,0.5146,False
Q06187_CHEMBL5436699,0.5444,False
Q06187_CHEMBL5413492,0.562,False
Q06187_CHEMBL5428711,0.5332,False
Q06187_CHEMBL5402002,0.5874,False
Q06187_CHEMBL5415887,0.5859,False
Q06187_CHEMBL5411595,0.5107,False
Q06187_CHEMBL5396054,0.5952,False
Q06187_CHEMBL5403745,0.5508,False
Q06187_CHEMBL5440675,0.5386,False
Q06187_CHEMBL5403374,0.5815,False
Q06187_CHEMBL5427871,0.5396,False
Q06187_CHEMBL5396925,0.5332,False
Q06187_CHEMBL5404479,0.5103,False
Q06187_CHEMBL5412059,0.3508,False
Q06187_CHEMBL5409885,0.4482,False
Q06187_CHEMBL5437618,0.3596,False
Q06187_CHEMBL5440116,0.3579,False
Q06187_CHEMBL5408188,0.3062,False
Q06187_CHEMBL5428869,0.4707,False
Q06187_CHEMBL5404802,0.4653,False
Q06187_CHEMBL5422506,0.3511,False
Q06187_CHEMBL5439043,0.375,False
Q06187_CHEMBL5437508,0.6279,False
Q06187_CHEMBL5403472,0.6475,False
Q06187_CHEMBL5432494,0.4285,False
Q06187_CHEMBL5409412,0.3999,False
Q06187_CHEMBL5421817,0.4167,False
Q06187_CHEMBL5423384,0.4692,False
Q06187_CHEMBL5438302,0.4387,False
Q06187_CHEMBL5411895,0.4421,False
Q06187_CHEMBL5399172,0.3367,False
Q06187_CHEMBL5420562,0.3618,False
Q12809_CHEMBL5417318,0.3062,False
Q12809_CHEMBL5415543,0.5298,False
Q12809_CHEMBL5403519,0.2456,False
Q12809_CHEMBL5421645,0.3291,False
Q12809_CHEMBL5403690,0.4719,False
Q12809_CHEMBL5413826,0.281,False
Q12809_CHEMBL5441414,0.2441,False
Q12809_CHEMBL5441415,0.2441,False
Q12809_CHEMBL5402908,0.3257,False
Q12809_CHEMBL5430371,0.2986,False
Q12809_CHEMBL5433689,0.311,False
Q12809_CHEMBL5439307,0.2622,False
Q12809_CHEMBL5417342,0.219,False
Q12809_CHEMBL5427289,0.2842,False
Q12809_CHEMBL5430110,0.233,False
Q12809_CHEMBL5425931,0.2544,False
Q12809_CHEMBL5396337,0.3176,False
Q12809_CHEMBL5402348,0.3279,False
Q12809_CHEMBL5397585,0.2747,False
Q12809_CHEMBL5432083,0.27,False
Q12809_CHEMBL5439506,0.2769,False
Q12809_CHEMBL5439842,0.2842,False
Q12809_CHEMBL5435884,0.2891,False
Q12809_CHEMBL5439514,0.3398,False
Q12809_CHEMBL5434894,0.2935,False
Q12809_CHEMBL5429949,0.3035,False
Q12809_CHEMBL5437318,0.2927,False
Q12809_CHEMBL5416588,0.6128,False
Q12809_CHEMBL5435085,0.5791,False
Q12809_CHEMBL5433025,0.2546,False
Q12809_CHEMBL5405483,0.3635,False
Q12809_CHEMBL5404028,0.3069,False
Q12809_CHEMBL5418451,0.2827,False
Q12809_CHEMBL5410897,0.2659,False
Q12809_CHEMBL5398558,0.2986,False
Q12809_CHEMBL5436003,0.3384,False
Q12809_CHEMBL5399557,0.2825,False
Q12809_CHEMBL5413078,0.2546,False
Q12809_CHEMBL5426169,0.3196,False
Q12809_CHEMBL5404509,0.2666,False
Q12809_CHEMBL5427278,0.2661,False
Q12809_CHEMBL5398152,0.2686,False
Q12809_CHEMBL5395542,0.2522,False
Q12809_CHEMBL5409192,0.2439,False
Q12809_CHEMBL5434324,0.2477,False
Q12809_CHEMBL5422863,0.2524,False
Q12809_CHEMBL5419489,0.261,False
Q12809_CHEMBL5435819,0.8062,False
Q12809_CHEMBL5432266,0.28,False
Q12809_CHEMBL5437236,0.2988,False
Q12809_CHEMBL5411999,0.2988,False
Q12809_CHEMBL5420585,0.5923,False
Q12809_CHEMBL5432553,0.2446,False
Q12809_CHEMBL5416399,0.2433,False
Q12809_CHEMBL5419365,0.2363,False
Q12809_CHEMBL5395781,0.3276,False
Q12809_CHEMBL5416581,0.3589,False
Q12809_CHEMBL5428752,0.2812,False
Q12809_CHEMBL5441103,0.3562,False
Q12809_CHEMBL5395597,0.3562,False
Q12809_CHEMBL5420593,0.3679,False
Q12809_CHEMBL5417501,0.2654,False
Q12809_CHEMBL5402120,0.3176,False
Q12809_CHEMBL5440764,0.2922,False
Q12809_CHEMBL5399120,0.3394,False
Q12809_CHEMBL5428394,0.2404,False
Q12809_CHEMBL5396961,0.2693,False
Q12809_CHEMBL5396547,0.2637,False
Q12809_CHEMBL5400861,0.2778,False
Q12809_CHEMBL5426862,0.2842,False
Q12809_CHEMBL5400148,0.2688,False
Q12809_CHEMBL5418000,0.2747,False
Q12809_CHEMBL5394618,0.3259,False
Q12809_CHEMBL5414037,0.3013,False
Q12809_CHEMBL5432371,0.2477,False
Q12809_CHEMBL5405380,0.2896,False
Q12809_CHEMBL5399676,0.3108,False
Q12809_CHEMBL5435831,0.3235,False
Q12809_CHEMBL5434251,0.293,False
Q12809_CHEMBL5439283,0.3049,False
Q12809_CHEMBL5403087,0.302,False
Q12809_CHEMBL5427454,0.3372,False
Q12809_CHEMBL5420899,0.3333,False
Q12809_CHEMBL5432565,0.3298,False
Q12809_CHEMBL5434339,0.293,False
Q12809_CHEMBL5416490,0.2546,False
Q12809_CHEMBL5411721,0.2593,False
Q12809_CHEMBL5403722,0.2456,False
Q12809_CHEMBL5410717,0.2593,False
Q12809_CHEMBL5425739,0.2971,False
Q12809_CHEMBL5424297,0.4268,False
Q12809_CHEMBL5412433,0.2932,False
Q12809_CHEMBL5401453,0.2839,False
Q12809_CHEMBL5428129,0.2529,False
Q12809_CHEMBL5441391,0.2336,False
Q12809_CHEMBL5436114,0.3132,False
Q12809_CHEMBL5410878,0.3232,False
Q12809_CHEMBL5434807,0.293,False
Q12809_CHEMBL5403581,0.293,False
Q12809_CHEMBL5429029,0.3164,False
Q12809_CHEMBL5437311,0.3157,False
Q12809_CHEMBL5419543,0.282,False
Q12809_CHEMBL5424670,0.3188,False
Q12809_CHEMBL5396638,0.2976,False
Q12809_CHEMBL5412404,0.2715,False
Q12809_CHEMBL5422051,0.2698,False
Q12809_CHEMBL5399556,0.234,False
Q12809_CHEMBL5406899,0.2354,False
Q12809_CHEMBL5406703,0.2317,False
Q12809_CHEMBL5429179,0.2386,False
Q12809_CHEMBL5432538,0.2659,False
Q12809_CHEMBL5416465,0.3389,False
Q12809_CHEMBL5414588,0.3921,False
Q12809_CHEMBL5406913,0.4314,False
Q12809_CHEMBL5424378,0.3625,False
Q12809_CHEMBL5414982,0.4097,False
Q12809_CHEMBL5433897,0.3333,False
Q12809_CHEMBL5399932,0.2703,False
Q12809_CHEMBL5401016,0.2954,False
Q13546_CHEMBL5440251,0.439,False
Q13546_CHEMBL5432235,0.5078,False
Q13546_CHEMBL5408026,0.3582,False
Q13546_CHEMBL5419480,0.3635,False
Q13546_CHEMBL5404174,0.4119,False
Q13546_CHEMBL5422041,0.418,False
Q13546_CHEMBL5430224,0.3333,False
Q13546_CHEMBL5427031,0.3457,False
Q13546_CHEMBL5399892,0.3572,False
Q13546_CHEMBL5395362,0.4265,False
Q13546_CHEMBL5412064,0.4395,False
Q13546_CHEMBL5438972,0.2546,False
Q13546_CHEMBL5415575,0.4744,False
Q13546_CHEMBL5408672,0.4558,False
Q13546_CHEMBL5411381,0.4736,False
Q13546_CHEMBL5426073,0.521,False
Q13546_CHEMBL5394940,0.48,False
Q13546_CHEMBL5423528,0.4187,False
Q13546_CHEMBL5398941,0.4187,False
Q13546_CHEMBL5433218,0.3999,False
Q13546_CHEMBL5432442,0.4092,False
Q13546_CHEMBL5403329,0.3914,False
Q13546_CHEMBL5403662,0.4045,False
Q13546_CHEMBL5434132,0.4666,False
Q13546_CHEMBL5396051,0.4375,False
Q13546_CHEMBL5419190,0.4045,False
Q13546_CHEMBL5419556,0.3955,False
Q13546_CHEMBL5432711,0.3635,False
Q13546_CHEMBL5394372,0.2778,False
Q13546_CHEMBL5405225,0.2839,False
Q13546_CHEMBL5422508,0.2791,False
Q13546_CHEMBL5418785,0.2739,False
Q13546_CHEMBL5433899,0.4932,False
Q13546_CHEMBL5431192,0.2888,False
Q13546_CHEMBL5416808,0.4062,False
Q13546_CHEMBL5415623,0.2974,False
Q13546_CHEMBL5409296,0.3188,False
Q13546_CHEMBL5429657,0.4341,False
Q13546_CHEMBL5418766,0.3762,False
Q13546_CHEMBL5429816,0.3608,False
Q13546_CHEMBL5421764,0.3914,False
Q13546_CHEMBL5409414,0.3914,False
Q13546_CHEMBL5434486,0.3857,False
Q13546_CHEMBL5404074,0.3872,False
Q13546_CHEMBL5407948,0.3635,False
Q13546_CHEMBL5418930,0.3726,False
Q13546_CHEMBL5423912,0.3333,False
Q13546_CHEMBL5439801,0.365,False
Q13546_CHEMBL5427681,0.4055,False
Q13546_CHEMBL5426570,0.3462,False
Q13546_CHEMBL5424677,0.3472,False
Q13546_CHEMBL5436651,0.3044,False
Q13547_CHEMBL5395245,0.3176,False
Q13547_CHEMBL5432435,0.3606,False
Q13547_CHEMBL5398608,0.3235,False
Q13547_CHEMBL5401232,0.2922,False
Q13547_CHEMBL5397465,0.3374,False
Q13547_CHEMBL5420438,0.3284,False
Q13547_CHEMBL5438309,0.5063,False
Q13547_CHEMBL5429127,0.3333,False
Q13547_CHEMBL5394932,0.3667,False
Q13547_CHEMBL5400896,0.3396,False
Q13547_CHEMBL5396691,0.324,False
Q13547_CHEMBL5425559,0.3333,False
Q13547_CHEMBL5399910,0.3484,False
Q13547_CHEMBL5430562,0.3899,False
Q13547_CHEMBL5428620,0.3484,False
Q13547_CHEMBL5408688,0.3333,False
Q13547_CHEMBL5412379,0.3193,False
Q13547_CHEMBL5418060,0.3281,False
Q13547_CHEMBL5433683,0.3433,False
Q13547_CHEMBL5428577,0.2954,False
Q13547_CHEMBL5426703,0.5571,False
Q13547_CHEMBL5429376,0.6001,False
Q13547_CHEMBL5431099,0.5127,False
Q13547_CHEMBL5407807,0.5,False
Q13547_CHEMBL5431370,0.3384,False
Q13547_CHEMBL5423446,0.5322,False
Q13547_CHEMBL5430899,0.3708,False
Q13547_CHEMBL5427815,0.3333,False
Q13547_CHEMBL5400985,0.3818,False
Q13547_CHEMBL5435640,0.3501,False
Q13547_CHEMBL5413269,0.5396,False
Q13547_CHEMBL5418707,0.3818,False
Q13547_CHEMBL5406417,0.3501,False
Q13547_CHEMBL5424996,0.3125,False
Q13547_CHEMBL5439517,0.3062,False
Q13547_CHEMBL5411407,0.3491,False
Q13547_CHEMBL5407078,0.4031,False
Q13547_CHEMBL5428984,0.3289,False
Q13547_CHEMBL5417666,0.3589,False
Q13547_CHEMBL5427739,0.375,False
Q13547_CHEMBL5437164,0.3538,False
Q13547_CHEMBL5427776,0.3594,False
Q13547_CHEMBL5409329,0.4688,False
Q13547_CHEMBL5440015,0.3835,False
Q13547_CHEMBL5416731,0.446,False
Q13547_CHEMBL5433467,0.457,False
Q13547_CHEMBL5409260,0.4246,False
Q13547_CHEMBL5417826,0.3552,False
Q13547_CHEMBL5438582,0.4189,False
Q13547_CHEMBL5407061,0.4133,False
Q13547_CHEMBL5414999,0.4133,False
Q13547_CHEMBL5434760,0.3552,False
Q13547_CHEMBL5437604,0.408,False
Q13547_CHEMBL5398384,0.4194,False
Q13547_CHEMBL5405937,0.3928,False
Q13547_CHEMBL5418684,0.3879,False
Q13547_CHEMBL5427242,0.4263,False
Q13547_CHEMBL5397433,0.4119,False
Q13547_CHEMBL5420639,0.4385,False
Q13547_CHEMBL5420610,0.5366,False
Q13547_CHEMBL5420194,0.4736,False
Q13547_CHEMBL5438992,0.489,False
Q13547_CHEMBL5422534,0.5366,False
Q13547_CHEMBL5405258,0.5366,False
Q13547_CHEMBL5404735,0.5488,False
Q13547_CHEMBL5434398,0.5874,False
Q13547_CHEMBL5426859,0.6104,False
Q13547_CHEMBL5419690,0.3918,False
Q13547_CHEMBL5405779,0.4404,False
Q13547_CHEMBL5399656,0.4404,False
Q13547_CHEMBL5439079,0.4819,False
Q13547_CHEMBL5437683,0.6826,False
Q13547_CHEMBL5425203,0.6416,False
Q13547_CHEMBL5423994,0.6377,False
Q13547_CHEMBL5436930,0.5,False
Q13547_CHEMBL5417556,0.324,False
Q13547_CHEMBL5401785,0.3289,False
Q13547_CHEMBL5440587,0.3193,False
Q13547_CHEMBL5409565,0.3501,False
Q13547_CHEMBL5423769,0.3381,False
Q13547_CHEMBL5434546,0.4688,False
Q13547_CHEMBL5429228,0.4092,False
Q13547_CHEMBL5420359,0.4055,False
Q13547_CHEMBL5404035,0.4265,False
Q13547_CHEMBL5435026,0.4126,False
Q13547_CHEMBL5424227,0.4333,False
Q13547_CHEMBL5432401,0.3835,False
Q13547_CHEMBL5407947,0.4226,False
Q13547_CHEMBL5416658,0.4395,False
Q13547_CHEMBL5399973,0.3809,False
Q13547_CHEMBL5426471,0.4067,False
Q13547_CHEMBL5395429,0.4238,False
Q13547_CHEMBL5431600,0.4426,False
Q13547_CHEMBL5418936,0.4238,False
Q13547_CHEMBL5395752,0.4426,False
Q13547_CHEMBL5409321,0.4238,False
Q13547_CHEMBL5410667,0.4426,False
Q13547_CHEMBL5406671,0.4626,False
Q13547_CHEMBL5409269,0.4062,False
Q13547_CHEMBL5423614,0.3845,False
Q13547_CHEMBL5400284,0.5415,False
Q13547_CHEMBL5418632,0.4558,False
Q13547_CHEMBL5428905,0.4482,False
Q13547_CHEMBL5394496,0.4517,False
Q13547_CHEMBL5422313,0.4849,False
Q13547_CHEMBL5401058,0.4792,False
Q13547_CHEMBL5418488,0.4067,False
Q13547_CHEMBL5431673,0.3374,False
Q13547_CHEMBL5407261,0.2876,False
Q13547_CHEMBL5415779,0.3098,False
Q13547_CHEMBL5403063,0.3562,False
Q13547_CHEMBL5417222,0.3333,False
Q13547_CHEMBL5422539,0.375,False
Q13547_CHEMBL5417311,0.3948,False
Q13547_CHEMBL5409479,0.3333,False
Q13547_CHEMBL5426373,0.3289,False
Q13547_CHEMBL5433222,0.3247,False
Q13547_CHEMBL5414940,0.3247,False
Q13547_CHEMBL5403641,0.3582,False
Q13547_CHEMBL5401051,0.3279,False
Q13547_CHEMBL5407011,0.418,False
Q13547_CHEMBL5423299,0.3418,False
Q13547_CHEMBL5420243,0.3257,False
Q13547_CHEMBL5413391,0.3218,False
Q13547_CHEMBL5435868,0.311,False
Q13547_CHEMBL5404696,0.3286,False
Q13547_CHEMBL5440138,0.375,False
Q13547_CHEMBL5436704,0.3967,False
Q13547_CHEMBL5422333,0.4033,False
Q13547_CHEMBL5440733,0.3967,False
Q13547_CHEMBL5431676,0.4033,False
Q13547_CHEMBL5416888,0.4055,False
Q13547_CHEMBL5395571,0.375,False
Q13547_CHEMBL5421759,0.3381,False
Q13547_CHEMBL5409400,0.3872,False
Q13547_CHEMBL5420493,0.4561,False
Q13547_CHEMBL5397759,0.3625,False
Q13547_CHEMBL5434626,0.4482,False
Q13547_CHEMBL5413000,0.4167,False
Q13547_CHEMBL5395739,0.3586,False
Q13547_CHEMBL5440875,0.3284,False
Q13547_CHEMBL5419239,0.3872,False
Q13547_CHEMBL5424768,0.7681,False
Q13547_CHEMBL5422428,0.7588,False
Q13547_CHEMBL5410652,0.688,False
Q13547_CHEMBL5440192,0.6152,False
Q13547_CHEMBL5407634,0.6338,False
Q13547_CHEMBL5426948,0.6338,False
Q13547_CHEMBL5400623,0.8608,False
Q13547_CHEMBL5399635,0.3152,False
Q13547_CHEMBL5406759,0.3381,False
Q13547_CHEMBL5413744,0.365,False
Q13547_CHEMBL5428176,0.3965,False
Q13547_CHEMBL5440196,0.3965,False
Q13547_CHEMBL5428924,0.4036,False
Q13547_CHEMBL5424063,0.4153,False
Q13547_CHEMBL5440160,0.377,False
Q13547_CHEMBL5432519,0.4465,False
Q13547_CHEMBL5406583,0.4465,False
Q13547_CHEMBL5417760,0.4546,False
Q13547_CHEMBL5413316,0.3728,False
Q13547_CHEMBL5440032,0.3728,False
Q13547_CHEMBL5431560,0.3906,False
Q13547_CHEMBL5420876,0.4814,False
Q13547_CHEMBL5414870,0.4944,False
Q13547_CHEMBL5415246,0.4692,False
Q13547_CHEMBL5407734,0.4634,False
Q13547_CHEMBL5395816,0.3333,False
Q13547_CHEMBL5440176,0.4167,False
Q13547_CHEMBL5412747,0.4238,False
Q13547_CHEMBL5435909,0.4727,False
Q13547_CHEMBL5398464,0.5557,False
Q13547_CHEMBL5420057,0.6162,False
Q13547_CHEMBL5404427,0.3096,False
Q13547_CHEMBL5404095,0.5,False
Q13547_CHEMBL5429056,0.4629,False
Q13547_CHEMBL5419475,0.5244,False
Q13547_CHEMBL5396505,0.489,False
Q13547_CHEMBL5399948,0.5,False
Q13547_CHEMBL5409169,0.564,False
Q13547_CHEMBL5431839,0.5698,False
Q13547_CHEMBL5429693,0.5513,False
Q13547_CHEMBL5409137,0.5444,False
Q13547_CHEMBL5437481,0.5,False
Q13547_CHEMBL5410073,0.4885,False
Q13547_CHEMBL5433570,0.4932,False
Q13547_CHEMBL5395810,0.5068,False
Q13547_CHEMBL5409678,0.6206,False
Q13547_CHEMBL5420601,0.6553,False
Q13547_CHEMBL5412510,0.625,False
Q13547_CHEMBL5399017,0.625,False
Q13547_CHEMBL5434942,0.3506,False
Q13547_CHEMBL5417682,0.397,False
Q13547_CHEMBL5415256,0.4695,False
Q13547_CHEMBL5410602,0.5684,False
Q13547_CHEMBL5411914,0.5068,False
Q13547_CHEMBL5400421,0.5142,False
Q13547_CHEMBL5431498,0.3284,False
Q13547_CHEMBL5420814,0.3152,False
Q13547_CHEMBL5414244,0.3767,False
Q13547_CHEMBL5409409,0.4099,False
Q13547_CHEMBL5396543,0.4182,False
Q13547_CHEMBL5412725,0.3733,False
Q13547_CHEMBL5396565,0.3333,False
Q13547_CHEMBL5411315,0.3684,False
Q13547_CHEMBL5401053,0.3948,False
Q13547_CHEMBL5414564,0.4033,False
Q13547_CHEMBL5402175,0.3384,False
Q13547_CHEMBL5420307,0.3333,False
Q13547_CHEMBL5437072,0.375,False
Q13547_CHEMBL5396288,0.45,False
Q13547_CHEMBL5415351,0.4099,False
Q13547_CHEMBL5418509,0.3462,False
Q13547_CHEMBL5428663,0.3284,False
Q13547_CHEMBL5433525,0.3535,False
Q13547_CHEMBL5398443,0.3906,False
Q13547_CHEMBL5397101,0.3635,False
Q13547_CHEMBL5439406,0.3484,False
Q13547_CHEMBL5394186,0.3789,False
Q13547_CHEMBL5425472,0.3896,False
Q13547_CHEMBL5423472,0.3794,False
Q13547_CHEMBL5394727,0.3491,False
Q13547_CHEMBL5430331,0.3374,False
Q13547_CHEMBL5402423,0.4211,False
Q13547_CHEMBL5419172,0.3899,False
Q13547_CHEMBL5424360,0.3589,False
Q13547_CHEMBL5417416,0.3521,False
Q13547_CHEMBL5407707,0.3479,False
Q13547_CHEMBL5425253,0.3223,False
Q13547_CHEMBL5431412,0.3242,False
Q13547_CHEMBL5407714,0.3381,False
Q13547_CHEMBL5402136,0.4751,False
Q13547_CHEMBL5402915,0.4683,False
Q13547_CHEMBL5404793,0.3838,False
Q13547_CHEMBL5403777,0.4321,False
Q13547_CHEMBL5433049,0.3677,False
Q13547_CHEMBL5408299,0.4321,False
Q13547_CHEMBL5433987,0.375,False
Q13547_CHEMBL5410437,0.4099,False
Q13547_CHEMBL5398814,0.4375,False
Q13547_CHEMBL5432672,0.3547,False
Q13547_CHEMBL5404374,0.3491,False
Q13547_CHEMBL5409055,0.3728,False
Q13547_CHEMBL5398994,0.3667,False
Q13547_CHEMBL5437925,0.3333,False
Q13547_CHEMBL5430751,0.3579,False
Q13547_CHEMBL5408074,0.377,False
Q13547_CHEMBL5406975,0.3708,False
Q13547_CHEMBL5397692,0.3672,False
Q13547_CHEMBL5409731,0.4182,False
Q13547_CHEMBL5409287,0.3538,False
Q13547_CHEMBL5397225,0.3442,False
Q13547_CHEMBL5438996,0.3333,False
Q13547_CHEMBL5414698,0.4834,False
Q13547_CHEMBL5438446,0.375,False
Q13547_CHEMBL5395637,0.4106,False
Q13547_CHEMBL5429446,0.4465,False
Q13547_CHEMBL5419832,0.46,False
Q13547_CHEMBL5414925,0.4546,False
Q13547_CHEMBL5393893,0.386,False
Q13547_CHEMBL5396074,0.3667,False
Q13547_CHEMBL5426015,0.4375,False
Q13547_CHEMBL5439859,0.5093,False
Q13547_CHEMBL5414308,0.4629,False
Q13547_CHEMBL5412296,0.3809,False
Q13547_CHEMBL5414898,0.3547,False
Q13547_CHEMBL5394047,0.3474,False
Q13547_CHEMBL5399990,0.4312,False
Q13547_CHEMBL5400387,0.3999,False
Q13547_CHEMBL5415734,0.3833,False
Q13547_CHEMBL5408897,0.4182,False
Q13547_CHEMBL5414384,0.3384,False
Q13547_CHEMBL5418711,0.3635,False
Q13547_CHEMBL5415232,0.415,False
Q13547_CHEMBL5431448,0.4138,False
Q13547_CHEMBL5406785,0.3728,False
Q13547_CHEMBL5423629,0.3667,False
Q13547_CHEMBL5401106,0.4355,False
Q13547_CHEMBL5429873,0.4399,False
Q13547_CHEMBL5409830,0.4285,False
Q13547_CHEMBL5436596,0.4238,False
Q13547_CHEMBL5420058,0.4363,False
Q13547_CHEMBL5414971,0.3589,False
Q13547_CHEMBL5432574,0.5186,False
Q13547_CHEMBL5436873,0.4827,False
Q13547_CHEMBL5434895,0.4746,False
Q13547_CHEMBL5424823,0.4238,False
Q13547_CHEMBL5408565,0.4312,False
Q13547_CHEMBL5402344,0.4211,False
Q13547_CHEMBL5423136,0.4285,False
Q13547_CHEMBL5414056,0.4211,False
Q13547_CHEMBL5438694,0.4285,False
Q13547_CHEMBL5394600,0.3999,False
Q13547_CHEMBL5410777,0.375,False
Q13547_CHEMBL5420954,0.4138,False
Q13547_CHEMBL5410523,0.4067,False
Q13547_CHEMBL5416448,0.4363,False
Q13547_CHEMBL5432886,0.4443,False
Q13547_CHEMBL5418695,0.6528,False
Q13547_CHEMBL5410992,0.4138,False
Q13547_CHEMBL5432846,0.6001,False
Q13547_CHEMBL5415711,0.3999,False
Q13547_CHEMBL5423139,0.7378,False
Q13547_CHEMBL5401815,0.3174,False
Q13547_CHEMBL5418570,0.3225,False
Q13547_CHEMBL5440638,0.3818,False
Q13547_CHEMBL5412933,0.3333,False
Q13547_CHEMBL5403601,0.4363,False
Q13547_CHEMBL5410880,0.7378,False
Q13547_CHEMBL5402253,0.4341,False
Q13547_CHEMBL5430119,0.6094,False
Q13547_CHEMBL5419248,0.75,False
Q13547_CHEMBL5435751,0.3296,False
Q13547_CHEMBL5425972,0.6191,False
Q13547_CHEMBL5398428,0.4109,False
Q13547_CHEMBL5408111,0.5654,False
Q13547_CHEMBL5437991,0.7627,False
Q13547_CHEMBL5435590,0.6665,False
Q13547_CHEMBL5411915,0.4429,False
Q13547_CHEMBL5427151,0.3027,False
Q13547_CHEMBL5421202,0.3088,False
Q13547_CHEMBL5438599,0.373,False
Q13547_CHEMBL5426896,0.4912,False
Q13547_CHEMBL5399941,0.4143,False
Q13547_CHEMBL5436104,0.4084,False
Q13547_CHEMBL5423557,0.4443,False
Q13547_CHEMBL5436001,0.3845,False
Q13547_CHEMBL5426091,0.446,False
Q13547_CHEMBL5431660,0.394,False
Q13547_CHEMBL5439488,0.3647,False
Q13547_CHEMBL5407953,0.3816,False
Q13547_CHEMBL5433627,0.405,False
Q13547_CHEMBL5416264,0.394,False
Q13547_CHEMBL5406191,0.3928,False
Q13547_CHEMBL5433364,0.4929,False
Q13547_CHEMBL5403602,0.4106,False
Q13547_CHEMBL5429412,0.446,False
Q13547_CHEMBL5412547,0.45,False
Q13547_CHEMBL5436035,0.4126,False
Q13547_CHEMBL5403862,0.4102,False
Q13547_CHEMBL5419295,0.4783,False
Q13547_CHEMBL5424948,0.4465,False
Q13547_CHEMBL5418093,0.3999,False
Q13547_CHEMBL5401496,0.4075,False
Q13547_CHEMBL5401406,0.4194,False
Q13547_CHEMBL5423646,0.3914,False
Q13547_CHEMBL5437381,0.3333,False
Q13547_CHEMBL5428795,0.4341,False
Q13547_CHEMBL5413612,0.4062,False
Q13547_CHEMBL5394143,0.4062,False
Q13547_CHEMBL5404245,0.3999,False
Q13547_CHEMBL5401169,0.3677,False
Q13547_CHEMBL5403206,0.3948,False
Q13547_CHEMBL5430740,0.5151,False
Q13547_CHEMBL5424224,0.5,False
Q13547_CHEMBL5411948,0.3462,False
Q13547_CHEMBL5403974,0.3289,False
Q13547_CHEMBL5415687,0.3684,False
Q13627_CHEMBL5410811,0.491,False
Q13627_CHEMBL5403328,0.5093,False
Q13627_CHEMBL5416086,0.446,False
Q13627_CHEMBL5417336,0.446,False
Q13627_CHEMBL5401513,0.446,False
Q13627_CHEMBL5401218,0.4204,False
Q13627_CHEMBL5395267,0.3472,False
Q13627_CHEMBL5414801,0.3333,False
Q13627_CHEMBL5429707,0.2474,False
Q13627_CHEMBL5428562,0.2474,False
Q13627_CHEMBL5401556,0.2639,False
Q13627_CHEMBL5432405,0.2747,False
Q13627_CHEMBL5404093,0.2473,False
Q13627_CHEMBL5401354,0.3,False
Q13627_CHEMBL5426463,0.2903,False
Q13627_CHEMBL5417699,0.2834,False
Q13627_CHEMBL5429691,0.2742,False
Q13627_CHEMBL5432194,0.2769,False
Q13627_CHEMBL5415554,0.2693,False
Q13627_CHEMBL5395833,0.2581,False
Q13627_CHEMBL5415238,0.2603,False
Q13627_CHEMBL5428750,0.3276,False
Q13627_CHEMBL5406864,0.322,False
Q13627_CHEMBL5435933,0.2839,False
Q13627_CHEMBL5421052,0.3157,False
Q13627_CHEMBL5429359,0.2532,False
Q13627_CHEMBL5406490,0.2561,False
Q13627_CHEMBL5426876,0.2676,False
Q13627_CHEMBL5413380,0.2106,False
Q13627_CHEMBL5396081,0.2783,False
Q13627_CHEMBL5429086,0.3147,False
Q13627_CHEMBL5411649,0.4348,False
Q13627_CHEMBL5432630,0.375,False
Q13627_CHEMBL5413622,0.3538,False
Q13627_CHEMBL5423818,0.3691,False
Q13627_CHEMBL5416942,0.3418,False
Q13627_CHEMBL5424488,0.3167,False
Q13627_CHEMBL5417631,0.3796,False
Q13627_CHEMBL5418822,0.4055,False
Q13627_CHEMBL5439632,0.3623,False
Q13627_CHEMBL5395734,0.3823,False
Q13627_CHEMBL5416327,0.342,False
Q13627_CHEMBL5424114,0.4412,False
Q13627_CHEMBL5435495,0.2441,False
Q13627_CHEMBL5426335,0.446,False
Q13627_CHEMBL5440916,0.3188,False
Q13627_CHEMBL5397989,0.394,False
Q13627_CHEMBL5410464,0.4834,False
Q13627_CHEMBL5426304,0.28,False
Q13627_CHEMBL5425642,0.3284,False
Q13627_CHEMBL5416749,0.353,False
Q13627_CHEMBL5401689,0.4917,False
Q13627_CHEMBL5436022,0.3936,False
Q13627_CHEMBL5402600,0.3538,False
Q13627_CHEMBL5412760,0.377,False
Q13627_CHEMBL5440179,0.3286,False
Q13627_CHEMBL5404932,0.4412,False
Q13627_CHEMBL5412339,0.5,False
Q13627_CHEMBL5411492,0.3999,False
Q13627_CHEMBL5411512,0.3684,False
Q13627_CHEMBL5418042,0.2778,False
Q13627_CHEMBL5404416,0.3147,False
Q13627_CHEMBL5405572,0.3052,False
Q13627_CHEMBL5394613,0.2563,False
Q13627_CHEMBL5420724,0.3726,False
Q13627_CHEMBL5437222,0.3147,False
Q13627_CHEMBL5422413,0.3103,False
Q13627_CHEMBL5419006,0.2698,False
Q13627_CHEMBL5395680,0.3799,False
Q13627_CHEMBL5435718,0.2839,False
Q13627_CHEMBL5408457,0.3147,False
Q13627_CHEMBL5413427,0.3103,False
Q13627_CHEMBL5425748,0.2698,False
Q13627_CHEMBL5410991,0.3799,False
Q13627_CHEMBL5408540,0.2839,False
Q13627_CHEMBL5428651,0.3462,False
Q13627_CHEMBL5422936,0.3257,False
Q13627_CHEMBL5437737,0.2974,False
Q13627_CHEMBL5416971,0.4355,False
Q13627_CHEMBL5415866,0.4265,False
Q15910_CHEMBL5427886,0.2478,False
Q15910_CHEMBL5407503,0.2578,False
Q15910_CHEMBL5395024,0.2578,False
Q15910_CHEMBL5406530,0.2632,False
Q15910_CHEMBL5404097,0.2832,False
Q15910_CHEMBL5408277,0.2646,False
Q15910_CHEMBL5402038,0.2869,False
Q15910_CHEMBL5429668,0.3823,False
Q15910_CHEMBL5408839,0.25,False
Q15910_CHEMBL5433886,0.2844,False
Q15910_CHEMBL5429234,0.2524,False
Q15910_CHEMBL5436336,0.2478,False
Q15910_CHEMBL5417925,0.2795,False
Q15910_CHEMBL5396769,0.2688,False
Q15910_CHEMBL5417070,0.2578,False
Q15910_CHEMBL5394741,0.2698,False
Q15910_CHEMBL5413031,0.3069,False
Q15910_CHEMBL5393990,0.3562,False
Q15910_CHEMBL5408520,0.3447,False
Q15910_CHEMBL5436593,0.3489,False
Q15910_CHEMBL5426154,0.3372,False
Q15910_CHEMBL5400888,0.2952,False
Q15910_CHEMBL5416575,0.2983,False
Q15910_CHEMBL5418132,0.281,False
Q15910_CHEMBL5408322,0.2847,False
Q15910_CHEMBL5421282,0.281,False
Q15910_CHEMBL5429552,0.2783,False
Q15910_CHEMBL5412340,0.2856,False
Q15910_CHEMBL5395240,0.2847,False
Q15910_CHEMBL5412589,0.2812,False
Q15910_CHEMBL5401078,0.2893,False
Q15910_CHEMBL5417862,0.2832,False
Q15910_CHEMBL5403771,0.2455,False
Q15910_CHEMBL5394852,0.2622,False
Q15910_CHEMBL5416625,0.4314,False
Q15910_CHEMBL5406071,0.4937,False
Q15910_CHEMBL5402033,0.3896,False
Q15910_CHEMBL5395872,0.3572,False
Q15910_CHEMBL5404212,0.3489,False
Q15910_CHEMBL5439531,0.3372,False
Q15910_CHEMBL5422341,0.3447,False
Q15910_CHEMBL5418334,0.4167,False
Q15910_CHEMBL5427802,0.3796,False
Q15910_CHEMBL5418544,0.5801,False
Q16769_CHEMBL5419581,0.3501,False
Q16769_CHEMBL5415003,0.3647,False
Q16769_CHEMBL5423339,0.3691,False
Q16769_CHEMBL5425787,0.3647,False
Q16769_CHEMBL5440008,0.3718,False
Q16769_CHEMBL5432523,0.3691,False
Q16769_CHEMBL5397959,0.3835,False
Q16769_CHEMBL5401424,0.4648,False
Q16769_CHEMBL5431187,0.3999,False
Q16769_CHEMBL5440396,0.3545,False
Q16769_CHEMBL5426515,0.3501,False
Q16769_CHEMBL5416124,0.375,False
Q16769_CHEMBL5422902,0.3896,False
Q16769_CHEMBL5413978,0.3999,False
Q16769_CHEMBL5402529,0.3896,False
Q16769_CHEMBL5403557,0.366,False
Q16769_CHEMBL5434053,0.3845,False
Q16769_CHEMBL5396759,0.3845,False
Q16769_CHEMBL5404640,0.3896,False
Q16769_CHEMBL5411871,0.4783,False
Q16769_CHEMBL5403701,0.3589,False
Q16769_CHEMBL5412373,0.3635,False
Q16769_CHEMBL5399860,0.3835,False
Q16769_CHEMBL5418046,0.3635,False
Q16769_CHEMBL5406211,0.3835,False
Q16769_CHEMBL5439681,0.4854,False
Q16769_CHEMBL5413227,0.3845,False
Q16769_CHEMBL5395317,0.3796,False
Q16769_CHEMBL5424881,0.3635,False
Q16769_CHEMBL5396368,0.3845,False
Q16769_CHEMBL5436993,0.4109,False
Q16769_CHEMBL5395945,0.4167,False
Q16769_CHEMBL5432131,0.3796,False
Q16769_CHEMBL5410629,0.3999,False
Q16769_CHEMBL5432557,0.3999,False
Q16769_CHEMBL5409837,0.5,False
Q16769_CHEMBL5405586,0.3601,False
Q16769_CHEMBL5408371,0.3816,False
Q16769_CHEMBL5417729,0.4167,False
Q16769_CHEMBL5402699,0.3462,False
Q16769_CHEMBL5398463,0.3835,False
Q16769_CHEMBL5436334,0.3601,False
Q16769_CHEMBL5439156,0.3333,False
Q16769_CHEMBL5437713,0.3816,False
Q16769_CHEMBL5396027,0.4084,False
Q16769_CHEMBL5426638,0.4167,False
Q16769_CHEMBL5421548,0.3767,False
Q16769_CHEMBL5440304,0.3684,False
Q16769_CHEMBL5409643,0.7017,False
Q16769_CHEMBL5425548,0.4707,False
Q16769_CHEMBL5425419,0.5239,False
Q16769_CHEMBL5403368,0.4707,False
Q16790_CHEMBL5418946,0.2942,False
Q16790_CHEMBL5395028,0.3667,False
Q16790_CHEMBL5408660,0.4199,False
Q16790_CHEMBL5394136,0.3462,False
Q16790_CHEMBL5428616,0.439,False
Q16790_CHEMBL5411236,0.3403,False
Q16790_CHEMBL5434644,0.3872,False
Q16790_CHEMBL5418325,0.3044,False
Q16790_CHEMBL5418448,0.3845,False
Q16790_CHEMBL5396521,0.3086,False
Q16790_CHEMBL5406454,0.4033,False
Q16790_CHEMBL5415157,0.3438,False
Q16790_CHEMBL5430687,0.375,False
Q16790_CHEMBL5402415,0.3164,False
Q16790_CHEMBL5403443,0.4905,False
Q16790_CHEMBL5423785,0.3833,False
Q16790_CHEMBL5420806,0.4905,False
Q16790_CHEMBL5408282,0.4905,False
Q16790_CHEMBL5403015,0.52,False
Q16790_CHEMBL5418584,0.5,False
Q16790_CHEMBL5430954,0.491,False
Q16790_CHEMBL5398870,0.3445,False
Q16790_CHEMBL5408801,0.4736,False
Q16790_CHEMBL5427771,0.3516,False
Q16790_CHEMBL5412006,0.3,False
Q16790_CHEMBL5408039,0.3333,False
Q16790_CHEMBL5417623,0.3809,False
Q16790_CHEMBL5419120,0.4119,False
Q16790_CHEMBL5419562,0.4546,False
Q16790_CHEMBL5409839,0.4375,False
Q16790_CHEMBL5406763,0.439,False
Q16790_CHEMBL5398527,0.3794,False
Q16790_CHEMBL5398482,0.4285,False
Q16790_CHEMBL5404478,0.4194,False
Q16790_CHEMBL5430744,0.4883,False
Q16790_CHEMBL5404207,0.3726,False
Q16790_CHEMBL5432122,0.3518,False
Q16790_CHEMBL5400096,0.3877,False
Q16790_CHEMBL5427772,0.3877,False
Q16790_CHEMBL5439825,0.3655,False
Q16790_CHEMBL5424006,0.3069,False
Q16790_CHEMBL5419432,0.4512,False
Q16790_CHEMBL5409853,0.3523,False
Q16790_CHEMBL5418792,0.3521,False
Q16790_CHEMBL5436128,0.3708,False
Q16790_CHEMBL5411012,0.3491,False
Q16790_CHEMBL5427767,0.3125,False
Q16790_CHEMBL5412673,0.3538,False
Q16790_CHEMBL5413719,0.3433,False
Q16790_CHEMBL5434757,0.3386,False
Q16790_CHEMBL5398809,0.3013,False
Q16790_CHEMBL5423264,0.3279,False
Q16790_CHEMBL5431226,0.3396,False
Q16790_CHEMBL5400438,0.3433,False
Q16790_CHEMBL5422561,0.3594,False
Q16790_CHEMBL5422492,0.397,False
Q16790_CHEMBL5438275,0.3333,False
Q16790_CHEMBL5411466,0.3582,False
Q16790_CHEMBL5419182,0.4404,False
Q16790_CHEMBL5428815,0.4905,False
Q16790_CHEMBL5435073,0.418,False
Q16790_CHEMBL5438823,0.3333,False
Q16790_CHEMBL5406041,0.3921,False
Q16790_CHEMBL5402391,0.3906,False
Q16790_CHEMBL5439068,0.491,False
Q16790_CHEMBL5406460,0.394,False
Q16790_CHEMBL5401486,0.353,False
Q16790_CHEMBL5424643,0.5083,False
Q16790_CHEMBL5438359,0.4033,False
Q16790_CHEMBL5395842,0.3418,False
Q16790_CHEMBL5402861,0.4844,False
Q16790_CHEMBL5422807,0.4844,False
Q16790_CHEMBL5415701,0.5366,False
Q16790_CHEMBL5417652,0.52,False
Q16790_CHEMBL5430843,0.4482,False
Q16790_CHEMBL5415971,0.3809,False
Q16790_CHEMBL5434579,0.365,False
Q16790_CHEMBL5427495,0.4426,False
Q16790_CHEMBL5396279,0.3433,False
Q16790_CHEMBL5427064,0.4546,False
Q16790_CHEMBL5434717,0.3928,False
Q16790_CHEMBL5405313,0.4912,False
Q16790_CHEMBL5428119,0.5,False
Q16790_CHEMBL5399497,0.4333,False
Q16790_CHEMBL5406828,0.5093,False
Q16790_CHEMBL5421787,0.5356,False
Q16790_CHEMBL5410832,0.5601,False
Q16790_CHEMBL5396229,0.5083,False
Q16790_CHEMBL5400915,0.4285,False
Q16790_CHEMBL5409485,0.5806,False
Q16790_CHEMBL5411876,0.52,False
Q16790_CHEMBL5430806,0.4878,False
Q16790_CHEMBL5427215,0.3965,False
Q16790_CHEMBL5418987,0.3936,False
Q16790_CHEMBL5417966,0.45,False
Q16790_CHEMBL5427397,0.4375,False
Q16790_CHEMBL5393899,0.5195,False
Q16790_CHEMBL5416640,0.4773,False
Q16790_CHEMBL5399753,0.7451,False
Q16790_CHEMBL5432003,0.5371,False
Q16790_CHEMBL5399026,0.5635,False
Q16790_CHEMBL5413773,0.4912,False
Q16790_CHEMBL5416330,0.5,False
Q16790_CHEMBL5429247,0.5,False
Q16790_CHEMBL5438146,0.4915,False
Q16790_CHEMBL5400590,0.6113,False
Q16790_CHEMBL5423705,0.6079,False
Q16790_CHEMBL5420340,0.5742,False
Q16790_CHEMBL5422630,0.4844,False
Q16790_CHEMBL5412024,0.4404,False
Q16790_CHEMBL5424738,0.5942,False
Q16790_CHEMBL5423986,0.5137,False
Q16790_CHEMBL5423626,0.4878,False
Q16790_CHEMBL5407099,0.5254,False
Q16790_CHEMBL5439232,0.5137,False
Q16790_CHEMBL5412326,0.5,False
Q16790_CHEMBL5404854,0.5083,False
Q16790_CHEMBL5434475,0.5083,False
Q16790_CHEMBL5398061,0.3635,False
Q16790_CHEMBL5422153,0.3333,False
Q16790_CHEMBL5395857,0.3635,False
Q16790_CHEMBL5397659,0.4194,False
Q16790_CHEMBL5419752,0.4746,False
Q16790_CHEMBL5404038,0.4597,False
Q16790_CHEMBL5439318,0.4575,False
Q16790_CHEMBL5405279,0.5,False
Q16790_CHEMBL5437142,0.4604,False
Q16790_CHEMBL5420020,0.4746,False
Q16790_CHEMBL5432770,0.4355,False
Q16790_CHEMBL5395679,0.3872,False
Q16790_CHEMBL5424727,0.3872,False
Q16790_CHEMBL5425125,0.3809,False
Q16790_CHEMBL5412351,0.5,False
Q16790_CHEMBL5424664,0.3936,False
Q16790_CHEMBL5420931,0.3647,False
Q16790_CHEMBL5417084,0.3333,False
Q16790_CHEMBL5430482,0.3635,False
Q16790_CHEMBL5414077,0.4194,False
Q16790_CHEMBL5402143,0.4746,False
Q16790_CHEMBL5426216,0.4597,False
Q16790_CHEMBL5413021,0.4575,False
Q16790_CHEMBL5402145,0.5,False
Q16790_CHEMBL5438010,0.4604,False
Q16790_CHEMBL5421531,0.4746,False
Q16790_CHEMBL5411936,0.4355,False
Q16790_CHEMBL5419447,0.3872,False
Q16790_CHEMBL5396393,0.3872,False
Q16790_CHEMBL5409658,0.3809,False
Q16790_CHEMBL5413693,0.5,False
Q16790_CHEMBL5429073,0.3936,False
Q16790_CHEMBL5401434,0.3647,False
Q16790_CHEMBL5402497,0.6001,False
Q16790_CHEMBL5412870,0.7666,False
Q16790_CHEMBL5432551,0.4717,False
Q16790_CHEMBL5419500,0.6665,False
Q16790_CHEMBL5420864,0.5332,False
Q16790_CHEMBL5432940,0.3809,False
Q16790_CHEMBL5402055,0.4814,False
Q16790_CHEMBL5419817,0.4546,False
Q16790_CHEMBL5422706,0.5,False
Q16790_CHEMBL5425202,0.5,False
Q16790_CHEMBL5433765,0.5474,False
Q16790_CHEMBL5420539,0.5,False
Q16790_CHEMBL5395423,0.5,False
Q16790_CHEMBL5407842,0.3999,False
Q16790_CHEMBL5396530,0.4106,False
Q16790_CHEMBL5397521,0.3999,False
Q16790_CHEMBL5395274,0.3547,False
Q16790_CHEMBL5407876,0.322,False
Q16790_CHEMBL5430374,0.4285,False
Q16790_CHEMBL5403578,0.3286,False
Q16790_CHEMBL5439016,0.3333,False
Q16790_CHEMBL5430474,0.3618,False
Q16790_CHEMBL5439521,0.3201,False
Q16790_CHEMBL5399974,0.3137,False
Q16790_CHEMBL5420429,0.3447,False
Q16790_CHEMBL5414672,0.446,False
Q16790_CHEMBL5413921,0.4246,False
Q16790_CHEMBL5423604,0.3977,False
Q16790_CHEMBL5436862,0.3372,False
Q16790_CHEMBL5422102,0.4866,False
Q16790_CHEMBL5406077,0.6416,False
Q16790_CHEMBL5440906,0.4385,False
Q16790_CHEMBL5440763,0.4243,False
Q16790_CHEMBL5436282,0.4167,False
Q16790_CHEMBL5411702,0.4385,False
Q16790_CHEMBL5414836,0.4243,False
Q16790_CHEMBL5399204,0.3494,False
Q16790_CHEMBL5433154,0.3677,False
Q16790_CHEMBL5409881,0.375,False
Q16790_CHEMBL5403938,0.3494,False
Q16790_CHEMBL5421790,0.3677,False
Q16790_CHEMBL5432812,0.543,False
Q16790_CHEMBL5408885,0.3962,False
Q16790_CHEMBL5403077,0.4031,False
Q16790_CHEMBL5420858,0.3572,False
Q16790_CHEMBL5396677,0.3684,False
Q16790_CHEMBL5413403,0.3879,False
Q16790_CHEMBL5422467,0.3572,False
Q16790_CHEMBL5417595,0.5166,False
Q16790_CHEMBL5402892,0.3472,False
Q16790_CHEMBL5421078,0.3064,False
Q16790_CHEMBL5435151,0.2778,False
Q16790_CHEMBL5404239,0.3906,False
Q16790_CHEMBL5440220,0.5,False
Q16790_CHEMBL5400662,0.3157,False
Q16790_CHEMBL5436091,0.3799,False
Q16790_CHEMBL5415766,0.4888,False
Q16790_CHEMBL5431518,0.186,False
Q72547_CHEMBL5437102,0.3169,False
Q72547_CHEMBL5403361,0.2927,False
Q72547_CHEMBL5430724,0.2932,False
Q72547_CHEMBL5436123,0.2803,False
Q72547_CHEMBL5414170,0.3223,False
Q72547_CHEMBL5421863,0.3262,False
Q72547_CHEMBL5434567,0.3467,False
Q72547_CHEMBL5408036,0.3201,False
Q72547_CHEMBL5432589,0.3,False
Q72547_CHEMBL5421732,0.3086,False
Q72547_CHEMBL5421328,0.3118,False
Q72547_CHEMBL5425978,0.2788,False
Q72547_CHEMBL5411806,0.2837,False
Q72547_CHEMBL5410504,0.3379,False
Q72547_CHEMBL5412355,0.2769,False
Q72547_CHEMBL5414542,0.3411,False
Q72547_CHEMBL5434973,0.3044,False
Q72547_CHEMBL5413052,0.3,False
Q72547_CHEMBL5423721,0.342,False
Q72547_CHEMBL5433252,0.3647,False
Q72547_CHEMBL5409892,0.3855,False
Q72547_CHEMBL5437826,0.4827,False
Q72547_CHEMBL5422714,0.4409,False
Q72547_CHEMBL5395311,0.4614,False
Q72547_CHEMBL5434585,0.5244,False
Q72547_CHEMBL5402197,0.4363,False
Q72547_CHEMBL5433859,0.4719,False
Q72547_CHEMBL5417744,0.4719,False
Q72547_CHEMBL5403961,0.3604,False
Q72547_CHEMBL5412702,0.3289,False
Q72547_CHEMBL5399229,0.2812,False
Q72547_CHEMBL5408567,0.3538,False
Q72547_CHEMBL5429169,0.3496,False
Q72547_CHEMBL5410024,0.4236,False
Q72547_CHEMBL5431470,0.3572,False
Q72547_CHEMBL5400728,0.3538,False
Q72547_CHEMBL5423082,0.3411,False
Q72547_CHEMBL5437686,0.3777,False
Q72547_CHEMBL5409403,0.3447,False
Q72547_CHEMBL5429742,0.3411,False
Q72547_CHEMBL5418006,0.3411,False
Q72547_CHEMBL5394722,0.3452,False
Q72547_CHEMBL5438340,0.3494,False
Q72547_CHEMBL5395031,0.3132,False
Q72547_CHEMBL5399049,0.3438,False
Q72547_CHEMBL5432145,0.3367,False
Q72547_CHEMBL5402427,0.3367,False
Q72547_CHEMBL5440501,0.3333,False
Q72547_CHEMBL5400007,0.3374,False
Q72547_CHEMBL5414641,0.3376,False
Q72547_CHEMBL5404246,0.3467,False
Q72547_CHEMBL5432180,0.3506,False
Q72547_CHEMBL5437697,0.3293,False
Q72547_CHEMBL5420999,0.3506,False
Q72547_CHEMBL5422435,0.2957,False
Q72547_CHEMBL5418212,0.3071,False
Q72547_CHEMBL5423259,0.2788,False
Q72547_CHEMBL5395688,0.2751,False
Q72547_CHEMBL5427806,0.281,False
Q72547_CHEMBL5423899,0.281,False
Q72547_CHEMBL5412214,0.3018,False
Q72547_CHEMBL5437547,0.3071,False
Q72547_CHEMBL5433313,0.2932,False
Q72547_CHEMBL5406818,0.2942,False
Q72547_CHEMBL5394413,0.3333,False
Q72547_CHEMBL5416739,0.2966,False
Q72547_CHEMBL5425657,0.2871,False
Q72547_CHEMBL5414892,0.3103,False
Q72547_CHEMBL5420480,0.2983,False
Q72547_CHEMBL5436275,0.2983,False
Q72547_CHEMBL5428608,0.3069,False
Q72547_CHEMBL5414233,0.2913,False
Q72547_CHEMBL5419074,0.3201,False
Q72547_CHEMBL5420519,0.2744,False
Q72547_CHEMBL5428814,0.2883,False
Q72547_CHEMBL5421253,0.2844,False
Q72547_CHEMBL5414371,0.2856,False
Q72547_CHEMBL5424986,0.3057,False
Q72547_CHEMBL5414187,0.3125,False
Q72547_CHEMBL5411923,0.3008,False
Q72547_CHEMBL5405899,0.3489,False
Q72547_CHEMBL5413532,0.2856,False
Q72547_CHEMBL5419852,0.2942,False
Q72547_CHEMBL5410815,0.2788,False
Q72547_CHEMBL5422872,0.3076,False
Q72547_CHEMBL5407066,0.3,False
Q72547_CHEMBL5440777,0.282,False
Q72547_CHEMBL5409981,0.3098,False
Q72547_CHEMBL5402386,0.3125,False
Q72547_CHEMBL5406045,0.3125,False
Q72547_CHEMBL5394292,0.3667,False
Q72547_CHEMBL5398028,0.342,False
Q72547_CHEMBL5405694,0.3562,False
Q72547_CHEMBL5427373,0.3376,False
Q72547_CHEMBL5438875,0.3376,False
Q72547_CHEMBL5398376,0.397,False
Q72547_CHEMBL5436397,0.3333,False
Q72547_CHEMBL5440503,0.342,False
Q72547_CHEMBL5417309,0.342,False
Q72547_CHEMBL5422808,0.2856,False
Q72547_CHEMBL5398615,0.2554,False
Q72547_CHEMBL5404869,0.2727,False
Q72547_CHEMBL5407600,0.2737,False
Q72547_CHEMBL5438525,0.3223,False
Q72547_CHEMBL5434689,0.3076,False
Q72547_CHEMBL5409172,0.2551,False
Q72547_CHEMBL5425807,0.3152,False
Q72547_CHEMBL5409149,0.3218,False
Q72547_CHEMBL5413794,0.3044,False
Q72547_CHEMBL5419737,0.3152,False
Q72547_CHEMBL5402296,0.2314,False
Q72547_CHEMBL5418677,0.3096,False
Q72547_CHEMBL5437574,0.3457,False
Q72547_CHEMBL5425655,0.3147,False
Q72547_CHEMBL5423202,0.3257,False
Q72547_CHEMBL5424824,0.311,False
Q72547_CHEMBL5419445,0.3333,False
Q72547_CHEMBL5411228,0.3435,False
Q72547_CHEMBL5414646,0.3232,False
Q72547_CHEMBL5433492,0.3333,False
Q72547_CHEMBL5427832,0.2942,False
Q72547_CHEMBL5436945,0.3259,False
Q72547_CHEMBL5401976,0.2771,False
Q72547_CHEMBL5410294,0.3259,False
Q72547_CHEMBL5411966,0.3076,False
Q72547_CHEMBL5424039,0.2805,False
Q72547_CHEMBL5435797,0.2947,False
Q72547_CHEMBL5425407,0.3467,False
Q72547_CHEMBL5418664,0.3066,False
Q72547_CHEMBL5406223,0.3613,False
Q72547_CHEMBL5412399,0.3333,False
Q72547_CHEMBL5434617,0.2949,False
Q72547_CHEMBL5394882,0.2949,False
Q72547_CHEMBL5440098,0.3472,False
Q72547_CHEMBL5426992,0.2986,False
Q72547_CHEMBL5432569,0.395,False
Q72547_CHEMBL5417655,0.366,False
Q72547_CHEMBL5402928,0.2986,False
Q72547_CHEMBL5401719,0.3621,False
Q72547_CHEMBL5418820,0.3276,False
Q72547_CHEMBL5436724,0.3164,False
Q72547_CHEMBL5399525,0.3472,False
Q72547_CHEMBL5438481,0.3291,False
Q72547_CHEMBL5440205,0.4365,False
Q72547_CHEMBL5432899,0.283,False
Q72547_CHEMBL5415230,0.3115,False
Q72547_CHEMBL5421746,0.3167,False
Q72547_CHEMBL5403318,0.3064,False
Q72547_CHEMBL5433357,0.2988,False
Q72547_CHEMBL5402037,0.2974,False
Q72547_CHEMBL5397134,0.2903,False
Q72547_CHEMBL5405381,0.3115,False
Q72547_CHEMBL5404887,0.2922,False
Q72547_CHEMBL5408091,0.3157,False
Q72547_CHEMBL5429586,0.2769,False
Q72547_CHEMBL5419176,0.2969,False
Q72547_CHEMBL5434133,0.3088,False
Q72547_CHEMBL5413955,0.2769,False
Q72547_CHEMBL5409916,0.2969,False
Q72547_CHEMBL5402178,0.2903,False
Q72547_CHEMBL5421562,0.3438,False
Q72547_CHEMBL5400179,0.3115,False
Q72547_CHEMBL5435646,0.2942,False
Q72547_CHEMBL5427921,0.2903,False
Q92630_CHEMBL5405426,0.3586,False
Q92630_CHEMBL5422366,0.3333,False
Q92630_CHEMBL5404150,0.3625,False
Q92630_CHEMBL5402534,0.3955,False
Q92630_CHEMBL5408179,0.3333,False
Q92630_CHEMBL5395194,0.3506,False
Q92630_CHEMBL5414801,0.3333,False
Q92630_CHEMBL5429707,0.2474,False
Q92630_CHEMBL5428562,0.2474,False
Q92630_CHEMBL5432405,0.2747,False
Q92630_CHEMBL5429359,0.2532,False
Q92630_CHEMBL5396081,0.2783,False
Q92630_CHEMBL5429086,0.3147,False
Q92630_CHEMBL5416942,0.3418,False
Q92630_CHEMBL5421679,0.3333,False
Q92630_CHEMBL5435495,0.2441,False
Q92630_CHEMBL5420049,0.3264,False
Q92630_CHEMBL5426556,0.3445,False
Q92630_CHEMBL5407520,0.4819,False
Q92630_CHEMBL5422059,0.3618,False
Q92630_CHEMBL5408710,0.3914,False
Q92630_CHEMBL5429972,0.5625,False
Q92630_CHEMBL5422765,0.3333,False
Q92630_CHEMBL5411017,0.3403,False
Q92630_CHEMBL5402420,0.3479,False
Q92630_CHEMBL5404416,0.3147,False
Q92630_CHEMBL5405572,0.3052,False
Q92630_CHEMBL5394613,0.2563,False
Q92630_CHEMBL5420724,0.3726,False
Q92630_CHEMBL5437222,0.3147,False
Q92630_CHEMBL5422413,0.3103,False
Q92630_CHEMBL5419006,0.2698,False
Q92630_CHEMBL5395680,0.3799,False
Q92630_CHEMBL5408457,0.3147,False
Q92630_CHEMBL5413427,0.3103,False
Q92630_CHEMBL5410991,0.3799,False
Q92630_CHEMBL5428651,0.3462,False
Q92630_CHEMBL5422936,0.3257,False
Q92769_CHEMBL5395245,0.3176,False
Q92769_CHEMBL5401232,0.2922,False
Q92769_CHEMBL5397465,0.3374,False
Q92769_CHEMBL5420438,0.3284,False
Q92769_CHEMBL5407807,0.5,False
Q92769_CHEMBL5413269,0.5396,False
Q92769_CHEMBL5439517,0.3062,False
Q92769_CHEMBL5416731,0.446,False
Q92769_CHEMBL5422534,0.5366,False
Q92769_CHEMBL5405779,0.4404,False
Q92769_CHEMBL5437683,0.6826,False
Q92769_CHEMBL5425203,0.6416,False
Q92769_CHEMBL5423994,0.6377,False
Q92769_CHEMBL5436930,0.5,False
Q92769_CHEMBL5434546,0.4688,False
Q92769_CHEMBL5413000,0.4167,False
Q92769_CHEMBL5410652,0.688,False
Q92769_CHEMBL5440192,0.6152,False
Q92769_CHEMBL5411914,0.5068,False
Q92769_CHEMBL5400421,0.5142,False
Q92769_CHEMBL5412725,0.3733,False
Q92769_CHEMBL5415050,0.3215,False
Q92769_CHEMBL5396565,0.3333,False
Q92769_CHEMBL5411315,0.3684,False
Q92769_CHEMBL5417416,0.3521,False
Q92769_CHEMBL5425253,0.3223,False
Q92769_CHEMBL5431412,0.3242,False
Q92769_CHEMBL5407714,0.3381,False
Q92769_CHEMBL5404793,0.3838,False
Q92769_CHEMBL5403777,0.4321,False
Q92769_CHEMBL5433049,0.3677,False
Q92769_CHEMBL5408299,0.4321,False
Q92769_CHEMBL5415232,0.415,False
Q92769_CHEMBL5414971,0.3589,False
Q92769_CHEMBL5432574,0.5186,False
Q92769_CHEMBL5436873,0.4827,False
Q92769_CHEMBL5434895,0.4746,False
Q92769_CHEMBL5416448,0.4363,False
Q92769_CHEMBL5436104,0.4084,False
Q92769_CHEMBL5430740,0.5151,False
Q92769_CHEMBL5424224,0.5,False
Q92918_CHEMBL5394698,0.3999,False
Q92918_CHEMBL5405626,0.3252,False
Q92918_CHEMBL5400089,0.3132,False
Q92918_CHEMBL5395026,0.3767,False
Q92918_CHEMBL5420572,0.3374,False
Q92918_CHEMBL5436785,0.3298,False
Q92918_CHEMBL5420367,0.323,False
Q92918_CHEMBL5421713,0.3333,False
Q92918_CHEMBL5438517,0.2954,False
Q92918_CHEMBL5430314,0.2856,False
Q92918_CHEMBL5406326,0.2888,False
Q92918_CHEMBL5435769,0.2954,False
Q92918_CHEMBL5400921,0.2991,False
Q92918_CHEMBL5403097,0.3406,False
Q92918_CHEMBL5404996,0.3547,False
Q92918_CHEMBL5422210,0.3474,False
Q92918_CHEMBL5417283,0.3394,False
Q92918_CHEMBL5439789,0.3511,False
Q92918_CHEMBL5434634,0.3701,False
Q92918_CHEMBL5410537,0.3625,False
Q92918_CHEMBL5401436,0.271,False
Q92918_CHEMBL5422718,0.4231,False
Q92918_CHEMBL5394328,0.3369,False
Q92918_CHEMBL5435303,0.2708,False
Q92918_CHEMBL5412260,0.2622,False
Q92918_CHEMBL5417139,0.2712,False
Q92918_CHEMBL5425762,0.375,False
Q92918_CHEMBL5407643,0.2788,False
Q92918_CHEMBL5417277,0.3374,False
Q92918_CHEMBL5403001,0.3667,False
Q92918_CHEMBL5419396,0.3718,False
Q92918_CHEMBL5426989,0.3252,False
Q92918_CHEMBL5396877,0.3596,False
Q92918_CHEMBL5406645,0.3513,False
Q92918_CHEMBL5441105,0.3521,False
Q92918_CHEMBL5412772,0.344,False
Q92918_CHEMBL5417927,0.3215,False
Q92918_CHEMBL5440880,0.3059,False
Q92918_CHEMBL5431039,0.3472,False
Q92918_CHEMBL5430021,0.3672,False
Q92918_CHEMBL5425004,0.3425,False
Q92918_CHEMBL5440958,0.3374,False
Q92918_CHEMBL5412652,0.3252,False
Q92918_CHEMBL5401062,0.3333,False
Q92918_CHEMBL5423834,0.2542,False
Q92918_CHEMBL5395728,0.321,False
Q92918_CHEMBL5413114,0.343,False
Q92918_CHEMBL5434929,0.3203,False
Q92918_CHEMBL5396756,0.2888,False
Q92918_CHEMBL5415834,0.2942,False
Q92918_CHEMBL5425905,0.2805,False
Q92918_CHEMBL5394674,0.3164,False
Q92918_CHEMBL5407935,0.2871,False
Q92918_CHEMBL5439094,0.4788,False
Q92918_CHEMBL5395011,0.3904,False
Q92918_CHEMBL5405678,0.4658,False
Q92918_CHEMBL5438038,0.3513,False
Q92918_CHEMBL5410905,0.3455,False
Q92918_CHEMBL5419415,0.3611,False
Q92918_CHEMBL5404423,0.3979,False
Q92918_CHEMBL5396262,0.3611,False
Q92918_CHEMBL5408991,0.3169,False
Q92918_CHEMBL5424570,0.4109,False
Q92918_CHEMBL5408958,0.4167,False
Q92918_CHEMBL5420011,0.2935,False
Q92918_CHEMBL5435641,0.3052,False
Q92918_CHEMBL5437932,0.3076,False
Q92918_CHEMBL5415661,0.3,False
Q92918_CHEMBL5418420,0.4343,False
Q92918_CHEMBL5435406,0.3125,False
Q92918_CHEMBL5414886,0.2812,False
Q92918_CHEMBL5397939,0.2371,False
Q92918_CHEMBL5435524,0.3435,False
Q92918_CHEMBL5410242,0.2717,False
Q92918_CHEMBL5403804,0.271,False
Q92918_CHEMBL5429757,0.3201,False
Q92918_CHEMBL5432400,0.2717,False
Q92918_CHEMBL5426390,0.3015,False
Q92918_CHEMBL5426604,0.2559,False
Q92918_CHEMBL5436318,0.2759,False
Q92918_CHEMBL5397265,0.2727,False
Q92918_CHEMBL5402971,0.2666,False
Q92918_CHEMBL5414817,0.2524,False
Q92918_CHEMBL5424107,0.2783,False
Q92918_CHEMBL5425514,0.3594,False
Q92918_CHEMBL5422788,0.3369,False
Q92918_CHEMBL5399247,0.3765,False
Q92918_CHEMBL5411794,0.3545,False
Q92918_CHEMBL5439204,0.3662,False
Q92918_CHEMBL5437246,0.3425,False
Q92918_CHEMBL5406408,0.3132,False
Q92918_CHEMBL5395638,0.28,False
Q92918_CHEMBL5418553,0.2871,False
Q92918_CHEMBL5400101,0.28,False
Q92918_CHEMBL5420868,0.2693,False
Q92918_CHEMBL5420652,0.3132,False
Q92918_CHEMBL5417747,0.3462,False
Q92918_CHEMBL5423968,0.3022,False
Q92918_CHEMBL5428695,0.2476,False
Q92918_CHEMBL5421672,0.2666,False
Q92918_CHEMBL5420966,0.2549,False
Q92918_CHEMBL5409078,0.26,False
Q92918_CHEMBL5401088,0.2549,False
Q92918_CHEMBL5424400,0.2396,False
Q92918_CHEMBL5428265,0.3037,False
Q92918_CHEMBL5408268,0.3604,False
Q92918_CHEMBL5401820,0.2954,False
Q92918_CHEMBL5427316,0.3367,False
Q92918_CHEMBL5396156,0.2917,False
Q92918_CHEMBL5411660,0.3562,False
Q92918_CHEMBL5407240,0.4058,False
Q92918_CHEMBL5404053,0.3857,False
Q92918_CHEMBL5426590,0.3425,False
Q92918_CHEMBL5412533,0.2646,False
Q92918_CHEMBL5418285,0.3555,False
Q92918_CHEMBL5401560,0.3828,False
Q92918_CHEMBL5403199,0.27,False
Q92918_CHEMBL5432432,0.26,False
Q92918_CHEMBL5432826,0.2627,False
Q92918_CHEMBL5407530,0.3057,False
Q92918_CHEMBL5400234,0.272,False
Q92918_CHEMBL5409588,0.2654,False
Q92918_CHEMBL5420397,0.2524,False
Q92918_CHEMBL5416894,0.4507,False
Q92918_CHEMBL5439779,0.457,False
Q92918_CHEMBL5404690,0.4639,False
Q92918_CHEMBL5397290,0.4055,False
Q92918_CHEMBL5435589,0.4658,False
Q92918_CHEMBL5425744,0.4775,False
Q92918_CHEMBL5439912,0.4246,False
Q92918_CHEMBL5417963,0.6895,False
Q92918_CHEMBL5419222,0.7075,False
Q92918_CHEMBL5409616,0.3372,False
Q92918_CHEMBL5421610,0.3411,False
Q96P20_CHEMBL5401920,0.394,False
Q96P20_CHEMBL5413125,0.2239,False
Q96P20_CHEMBL5399888,0.2581,False
Q96P20_CHEMBL5397039,0.24,False
Q96P20_CHEMBL5415086,0.2683,False
Q96P20_CHEMBL5432363,0.2673,False
Q96P20_CHEMBL5411212,0.3374,False
Q96P20_CHEMBL5439591,0.2316,False
Q96P20_CHEMBL5401205,0.2166,False
Q96P20_CHEMBL5398591,0.2346,False
Q96P20_CHEMBL5420792,0.2258,False
Q96P20_CHEMBL5435864,0.2666,False
Q96P20_CHEMBL5402114,0.2717,False
Q96P20_CHEMBL5395360,0.2466,False
Q96P20_CHEMBL5396678,0.2644,False
Q96P20_CHEMBL5421181,0.2391,False
Q96P20_CHEMBL5398744,0.2234,False
Q96P20_CHEMBL5409543,0.2325,False
Q96P20_CHEMBL5418225,0.2323,False
Q96P20_CHEMBL5423301,0.234,False
Q96P20_CHEMBL5439486,0.2472,False
Q96P20_CHEMBL5412116,0.2325,False
Q96P20_CHEMBL5405616,0.2128,False
Q96P20_CHEMBL5400305,0.2247,False
Q96P20_CHEMBL5409648,0.2391,False
Q96P20_CHEMBL5394543,0.2391,False
Q96P20_CHEMBL5410520,0.2366,False
Q96P20_CHEMBL5440398,0.2554,False
Q96P20_CHEMBL5416966,0.2747,False
Q96P20_CHEMBL5400432,0.3379,False
Q96P20_CHEMBL5434916,0.4443,False
Q96P20_CHEMBL5423405,0.3171,False
Q96P20_CHEMBL5427670,0.2964,False
Q96P20_CHEMBL5422139,0.2625,False
Q96P20_CHEMBL5395560,0.25,False
Q96P20_CHEMBL5425624,0.2625,False
Q96P20_CHEMBL5423352,0.2876,False
Q96P20_CHEMBL5396495,0.262,False
Q96P20_CHEMBL5408252,0.2656,False
Q96P20_CHEMBL5409945,0.3999,False
Q96P20_CHEMBL5421788,0.3291,False
Q96P20_CHEMBL5410447,0.4866,False
Q96P20_CHEMBL5394881,0.2346,False
Q96P20_CHEMBL5401306,0.2874,False
Q96P20_CHEMBL5417338,0.3623,False
Q96P20_CHEMBL5406324,0.3823,False
Q96P20_CHEMBL5397618,0.2717,False
Q96P20_CHEMBL5439444,0.2922,False
Q96P20_CHEMBL5435765,0.3809,False
Q96P20_CHEMBL5431145,0.2461,False
Q96P20_CHEMBL5396861,0.2234,False
Q96P20_CHEMBL5430786,0.2551,False
Q96P20_CHEMBL5434609,0.2291,False
Q96P20_CHEMBL5421060,0.25,False
Q96P20_CHEMBL5423671,0.2876,False
Q96P20_CHEMBL5422375,0.2458,False
Q96P20_CHEMBL5405701,0.2563,False
Q96P20_CHEMBL5420448,0.2922,False
Q96P20_CHEMBL5419955,0.238,False
Q96P20_CHEMBL5431968,0.3472,False
Q96P20_CHEMBL5404792,0.3521,False
Q96P20_CHEMBL5439388,0.2391,False
Q96P20_CHEMBL5432954,0.2366,False
Q96P20_CHEMBL5431981,0.3193,False
Q96P20_CHEMBL5409874,0.2903,False
Q96P20_CHEMBL5434150,0.281,False
Q96P20_CHEMBL5405293,0.303,False
Q96P20_CHEMBL5438834,0.3103,False
Q96P20_CHEMBL5422660,0.2084,False
Q96P20_CHEMBL5409875,0.2473,False
Q96P20_CHEMBL5424110,0.2556,False
Q96P20_CHEMBL5435112,0.4468,False
Q96P20_CHEMBL5411864,0.2449,False
Q96SW2_CHEMBL5419709,0.3469,False
Q96SW2_CHEMBL5434742,0.3508,False
Q96SW2_CHEMBL5436622,0.3333,False
Q96SW2_CHEMBL5405716,0.2935,False
Q96SW2_CHEMBL5430307,0.2856,False
Q96SW2_CHEMBL5435181,0.2898,False
Q96SW2_CHEMBL5416921,0.3174,False
Q96SW2_CHEMBL5414951,0.3279,False
Q96SW2_CHEMBL5421440,0.3225,False
Q96SW2_CHEMBL5409036,0.2769,False
Q96SW2_CHEMBL5431079,0.625,False
Q96SW2_CHEMBL5403248,0.3279,False
Q96SW2_CHEMBL5418383,0.3655,False
Q96SW2_CHEMBL5418032,0.3726,False
Q96SW2_CHEMBL5437508,0.6279,False
Q96SW2_CHEMBL5403472,0.6475,False
Q96SW2_CHEMBL5419971,0.3062,False
Q96SW2_CHEMBL5406302,0.3777,False
Q96SW2_CHEMBL5436049,0.302,False
Q96SW2_CHEMBL5399248,0.4153,False
Q96SW2_CHEMBL5394825,0.4946,False
Q96SW2_CHEMBL5422157,0.5859,False
Q96SW2_CHEMBL5395213,0.5918,False
Q96SW2_CHEMBL5394571,0.5859,False
Q96SW2_CHEMBL5398776,0.5918,False
Q96SW2_CHEMBL5422650,0.5757,False
Q96SW2_CHEMBL5431364,0.5815,False
Q96SW2_CHEMBL5405846,0.5654,False
Q96SW2_CHEMBL5405431,0.5654,False
Q96SW2_CHEMBL5421315,0.5142,False
Q96SW2_CHEMBL5432640,0.5244,False
Q96SW2_CHEMBL5439152,0.5454,False
Q96SW2_CHEMBL5415959,0.519,False
Q96SW2_CHEMBL5420072,0.5454,False
Q96SW2_CHEMBL5399086,0.5957,False
Q96SW2_CHEMBL5420053,0.3076,False
Q96SW2_CHEMBL5404650,0.3684,False
Q96SW2_CHEMBL5441135,0.4092,False
Q96SW2_CHEMBL5411137,0.3479,False
Q96SW2_CHEMBL5411174,0.3928,False
Q96SW2_CHEMBL5404825,0.4399,False
Q96SW2_CHEMBL5423386,0.446,False
Q96SW2_CHEMBL5404837,0.3914,False
Q96SW2_CHEMBL5418463,0.3479,False
Q96SW2_CHEMBL5418739,0.3479,False
Q96SW2_CHEMBL5413552,0.3479,False
Q96SW2_CHEMBL5435497,0.3201,False
Q96SW2_CHEMBL5409302,0.3147,False
Q96SW2_CHEMBL5439702,0.3818,False
Q96SW2_CHEMBL5435385,0.375,False
Q96SW2_CHEMBL5398118,0.3479,False
Q96SW2_CHEMBL5431003,0.4082,False
Q96SW2_CHEMBL5430028,0.2812,False
Q96SW2_CHEMBL5439475,0.4219,False
Q96SW2_CHEMBL5427622,0.3447,False
Q96SW2_CHEMBL5397713,0.3667,False
Q99538_CHEMBL5427098,0.2964,False
Q99538_CHEMBL5419035,0.2747,False
Q99538_CHEMBL5417499,0.3555,False
Q99538_CHEMBL5404563,0.2942,False
Q99538_CHEMBL5416142,0.3298,False
Q99538_CHEMBL5424558,0.3298,False
Q99538_CHEMBL5430648,0.3403,False
Q99538_CHEMBL5420681,0.2947,False
Q99538_CHEMBL5431473,0.2917,False
Q99538_CHEMBL5431396,0.3804,False
Q99538_CHEMBL5404612,0.3369,False
Q99538_CHEMBL5427662,0.3298,False
Q99538_CHEMBL5435136,0.3411,False
Q99538_CHEMBL5425068,0.3401,False
Q99538_CHEMBL5425708,0.4697,False
Q99538_CHEMBL5421750,0.4697,False
Q99538_CHEMBL5423559,0.3206,False
Q99538_CHEMBL5425743,0.2766,False
Q99538_CHEMBL5415768,0.3201,False
Q99538_CHEMBL5406826,0.3562,False
Q99538_CHEMBL5433073,0.3069,False
Q99538_CHEMBL5436644,0.3457,False
Q99538_CHEMBL5440673,0.3108,False
Q99538_CHEMBL5416023,0.3406,False
Q99538_CHEMBL5399304,0.2971,False
Q99538_CHEMBL5406157,0.3467,False
Q99538_CHEMBL5428991,0.408,False
Q99538_CHEMBL5422570,0.3823,False
Q99538_CHEMBL5401961,0.3767,False
Q99538_CHEMBL5420226,0.3416,False
Q99538_CHEMBL5400642,0.4375,False
Q99538_CHEMBL5429309,0.3298,False
Q99538_CHEMBL5399981,0.3438,False
Q99538_CHEMBL5409889,0.3267,False
Q99538_CHEMBL5430081,0.3333,False
Q99538_CHEMBL5404830,0.3169,False
Q99538_CHEMBL5420042,0.2449,False
Q99538_CHEMBL5394632,0.3069,False
Q99538_CHEMBL5398959,0.304,False
Q99538_CHEMBL5415015,0.3069,False
Q9NXA8_CHEMBL5433262,0.2925,False
Q9NXA8_CHEMBL5421005,0.2925,False
Q9NXA8_CHEMBL5403005,0.2651,False
Q9NXA8_CHEMBL5423188,0.3196,False
Q9NXA8_CHEMBL5406309,0.3062,False
Q9NXA8_CHEMBL5407937,0.3333,False
Q9NXA8_CHEMBL5434247,0.3137,False
Q9NXA8_CHEMBL5441083,0.2913,False
Q9NXA8_CHEMBL5440209,0.3594,False
Q9NXA8_CHEMBL5396022,0.3174,False
Q9NXA8_CHEMBL5438953,0.3433,False
Q9NXA8_CHEMBL5402569,0.3594,False
Q9NXA8_CHEMBL5433140,0.3708,False
Q9NXA8_CHEMBL5418310,0.3447,False
Q9NXA8_CHEMBL5424757,0.3594,False
Q9NXA8_CHEMBL5406538,0.3174,False
Q9NXA8_CHEMBL5436222,0.365,False
Q9NXA8_CHEMBL5424283,0.3428,False
Q9NXA8_CHEMBL5413788,0.3906,False
Q9NXA8_CHEMBL5436574,0.3794,False
Q9NXA8_CHEMBL5401655,0.2435,False
Q9NXA8_CHEMBL5397406,0.3284,False
Q9NXA8_CHEMBL5440354,0.3403,False
Q9NXA8_CHEMBL5415824,0.3086,False
Q9NXA8_CHEMBL5418280,0.3049,False
Q9NXA8_CHEMBL5395283,0.3333,False
Q9NXA8_CHEMBL5421605,0.3406,False
Q9NXA8_CHEMBL5431520,0.3333,False
Q9NXA8_CHEMBL5410550,0.3333,False
Q9NXA8_CHEMBL5418151,0.3579,False
Q9NXA8_CHEMBL5416573,0.3914,False
Q9NXA8_CHEMBL5427419,0.3696,False
Q9NXA8_CHEMBL5430738,0.3618,False
Q9NXA8_CHEMBL5424918,0.3618,False
Q9NXA8_CHEMBL5405640,0.2874,False
Q9NXA8_CHEMBL5433655,0.3618,False
Q9NXA8_CHEMBL5427467,0.3264,False
Q9NXA8_CHEMBL5427171,0.2917,False
Q9NXA8_CHEMBL5405996,0.2856,False
Q9NXA8_CHEMBL5398355,0.3201,False
Q9NXA8_CHEMBL5412658,0.3201,False
Q9NXA8_CHEMBL5435901,0.2896,False
Q9NXA8_CHEMBL5439935,0.2974,False
Q9NXA8_CHEMBL5404584,0.2949,False
Q9NXA8_CHEMBL5402321,0.3562,False
Q9NXA8_CHEMBL5428704,0.3057,False
Q9NXA8_CHEMBL5412980,0.3284,False
Q9NXA8_CHEMBL5430663,0.3152,False
Q9NXA8_CHEMBL5429245,0.322,False
Q9NXA8_CHEMBL5433440,0.2974,False
Q9NXA8_CHEMBL5416066,0.2898,False
Q9NXA8_CHEMBL5440095,0.2964,False
Q9NXA8_CHEMBL5432209,0.3142,False
Q9NXA8_CHEMBL5406626,0.3076,False
Q9NXA8_CHEMBL5394524,0.3384,False
Q9NXA8_CHEMBL5423884,0.2837,False
Q9NXA8_CHEMBL5427474,0.2964,False
Q9NXA8_CHEMBL5413253,0.3201,False
Q9NXA8_CHEMBL5414523,0.3572,False
Q9NXA8_CHEMBL5394956,0.3704,False
Q9NXA8_CHEMBL5431023,0.2986,False
Q9NXA8_CHEMBL5431746,0.4099,False
Q9NXA8_CHEMBL5408488,0.3384,False
Q9NXA8_CHEMBL5399821,0.3511,False
Q9NXA8_CHEMBL5423092,0.3132,False
Q9NXA8_CHEMBL5399153,0.3132,False
Q9NXA8_CHEMBL5434219,0.3384,False
Q9NXA8_CHEMBL5417496,0.3157,False
Q9NXA8_CHEMBL5439184,0.3457,False
Q9NXA8_CHEMBL5420405,0.3208,False
Q9NXA8_CHEMBL5427124,0.3188,False
Q9NXA8_CHEMBL5418534,0.3333,False
Q9NXA8_CHEMBL5396457,0.2917,False
Q9NXA8_CHEMBL5425634,0.3013,False
Q9NXA8_CHEMBL5434236,0.2932,False
Q9NXA8_CHEMBL5406474,0.2964,False
Q9NXA8_CHEMBL5408550,0.343,False
Q9NXA8_CHEMBL5429558,0.3367,False
Q9NXA8_CHEMBL5427490,0.3398,False
Q9NXA8_CHEMBL5411869,0.3655,False
Q9NXA8_CHEMBL5434121,0.3367,False
Q9NXA8_CHEMBL5417575,0.375,False
Q9NXA8_CHEMBL5421869,0.3022,False
Q9NXA8_CHEMBL5413892,0.3401,False
Q9NXA8_CHEMBL5425440,0.2952,False
Q9NXA8_CHEMBL5395955,0.3186,False
Q9NXA8_CHEMBL5431383,0.3152,False
Q9NXA8_CHEMBL5432911,0.3037,False
Q9NXA8_CHEMBL5401988,0.3137,False
Q9NXA8_CHEMBL5429172,0.2981,False
Q9NXA8_CHEMBL5429052,0.3828,False
Q9NXA8_CHEMBL5430977,0.3416,False
Q9NXA8_CHEMBL5413696,0.4133,False
Q9NXA8_CHEMBL5402589,0.3416,False
Q9NXA8_CHEMBL5398783,0.3572,False
Q9Y463_CHEMBL5414801,0.3333,False
Q9Y463_CHEMBL5429707,0.2474,False
Q9Y463_CHEMBL5428562,0.2474,False
Q9Y463_CHEMBL5432405,0.2747,False
Q9Y463_CHEMBL5404093,0.2473,False
Q9Y463_CHEMBL5417699,0.2834,False
Q9Y463_CHEMBL5429691,0.2742,False
Q9Y463_CHEMBL5432194,0.2769,False
Q9Y463_CHEMBL5415554,0.2693,False
Q9Y463_CHEMBL5395833,0.2581,False
Q9Y463_CHEMBL5415238,0.2603,False
Q9Y463_CHEMBL5428750,0.3276,False
Q9Y463_CHEMBL5406864,0.322,False
Q9Y463_CHEMBL5435933,0.2839,False
Q9Y463_CHEMBL5421052,0.3157,False
Q9Y463_CHEMBL5429359,0.2532,False
Q9Y463_CHEMBL5406490,0.2561,False
Q9Y463_CHEMBL5426876,0.2676,False
Q9Y463_CHEMBL5396081,0.2783,False
Q9Y463_CHEMBL5429086,0.3147,False
Q9Y463_CHEMBL5416942,0.3418,False
Q9Y463_CHEMBL5435495,0.2441,False
Q9Y463_CHEMBL5396725,0.3044,False
Q9Y463_CHEMBL5414359,0.3076,False
Q9Y463_CHEMBL5434183,0.3115,False
Q9Y463_CHEMBL5416758,0.2698,False
Q9Y463_CHEMBL5425043,0.342,False
Q9Y463_CHEMBL5404416,0.3147,False
Q9Y463_CHEMBL5405572,0.3052,False
Q9Y463_CHEMBL5394613,0.2563,False
Q9Y463_CHEMBL5420724,0.3726,False
Q9Y463_CHEMBL5437222,0.3147,False
Q9Y463_CHEMBL5422413,0.3103,False
Q9Y463_CHEMBL5419006,0.2698,False
Q9Y463_CHEMBL5395680,0.3799,False
Q9Y463_CHEMBL5408457,0.3147,False
Q9Y463_CHEMBL5413427,0.3103,False
Q9Y463_CHEMBL5425748,0.2698,False
Q9Y463_CHEMBL5410991,0.3799,False
Q9Y463_CHEMBL5428651,0.3462,False
Q9Y463_CHEMBL5422936,0.3257,False
Q9Y463_CHEMBL5437737,0.2974,False
