compound_id,simstd_selfcontrol,ik1_selfcontrol
C7C422_CHEMBL5428850,1.0,True
C7C422_CHEMBL5417591,1.0,True
C7C422_CHEMBL5439975,1.0,True
C7C422_CHEMBL5417195,1.0,True
C7C422_CHEMBL5432778,1.0,True
C7C422_CHEMBL5413714,1.0,True
C7C422_CHEMBL5437131,1.0,True
C7C422_CHEMBL5410303,1.0,True
C7C422_CHEMBL5403178,1.0,True
C7C422_CHEMBL5427511,1.0,True
C7C422_CHEMBL5423006,1.0,True
C7C422_CHEMBL5436726,1.0,True
C7C422_CHEMBL5402652,1.0,True
C7C422_CHEMBL5435754,1.0,True
C7C422_CHEMBL5432742,1.0,True
C7C422_CHEMBL5413366,1.0,True
C7C422_CHEMBL5429713,1.0,True
C7C422_CHEMBL5394208,1.0,True
C7C422_CHEMBL5409129,1.0,True
C7C422_CHEMBL5431449,1.0,True
C7C422_CHEMBL5424977,1.0,True
C7C422_CHEMBL5412136,1.0,True
C7C422_CHEMBL5412587,1.0,True
C7C422_CHEMBL5436857,1.0,True
C7C422_CHEMBL5421632,1.0,True
C7C422_CHEMBL5416932,1.0,True
C7C422_CHEMBL5409968,1.0,True
C7C422_CHEMBL5424619,1.0,True
C7C422_CHEMBL5426400,1.0,True
C7C422_CHEMBL5414788,1.0,True
C7C422_CHEMBL5423672,1.0,True
C7C422_CHEMBL5434080,1.0,True
C7C422_CHEMBL5418994,1.0,True
C7C422_CHEMBL5393815,1.0,True
C7C422_CHEMBL5408921,1.0,True
C7C422_CHEMBL5415172,1.0,True
C7C422_CHEMBL5405077,1.0,True
C7C422_CHEMBL5394233,1.0,True
C7C422_CHEMBL5421999,1.0,True
C7C422_CHEMBL5437270,1.0,True
C7C422_CHEMBL5421395,1.0,True
C7C422_CHEMBL5437627,1.0,True
C7C422_CHEMBL5401063,1.0,True
C7C422_CHEMBL5395915,1.0,True
C7C422_CHEMBL5421154,1.0,True
C7C422_CHEMBL5396318,1.0,True
C7C422_CHEMBL5431286,1.0,True
C7C422_CHEMBL5425633,1.0,True
C7C422_CHEMBL5413869,1.0,True
O00444_CHEMBL5415514,1.0,True
O00444_CHEMBL5406293,1.0,True
O00444_CHEMBL5408339,1.0,True
O00444_CHEMBL5428085,1.0,True
O00444_CHEMBL5438941,1.0,True
O00444_CHEMBL5409987,1.0,True
O00444_CHEMBL5427137,1.0,True
O00444_CHEMBL5427658,1.0,True
O00444_CHEMBL5410628,1.0,True
O00444_CHEMBL5407680,1.0,True
O00444_CHEMBL5418921,1.0,True
O00444_CHEMBL5441117,1.0,True
O00444_CHEMBL5396900,1.0,True
O00444_CHEMBL5438910,1.0,True
O00444_CHEMBL5399402,1.0,True
O00444_CHEMBL5416099,1.0,True
O00444_CHEMBL5439625,1.0,True
O00444_CHEMBL5394160,1.0,True
O00444_CHEMBL5440186,1.0,True
O00444_CHEMBL5407899,1.0,True
O00444_CHEMBL5399219,1.0,True
O00444_CHEMBL5439296,1.0,True
O00444_CHEMBL5401624,1.0,True
O00444_CHEMBL5433061,1.0,True
O00444_CHEMBL5439723,1.0,True
O00444_CHEMBL5434198,1.0,True
O00444_CHEMBL5424061,1.0,True
O00444_CHEMBL5401850,1.0,True
O00444_CHEMBL5432215,1.0,True
O00444_CHEMBL5437830,1.0,True
O00444_CHEMBL5438958,1.0,True
O00444_CHEMBL5423452,1.0,True
O00444_CHEMBL5404860,1.0,True
O00444_CHEMBL5440423,1.0,True
O00444_CHEMBL5437782,1.0,True
O00444_CHEMBL5421379,1.0,True
O00444_CHEMBL5410573,1.0,True
O00444_CHEMBL5410589,1.0,True
O00444_CHEMBL5395499,1.0,True
O00444_CHEMBL5411283,1.0,True
O00444_CHEMBL5394214,1.0,True
O00444_CHEMBL5424982,1.0,True
O00444_CHEMBL5409586,1.0,True
O00444_CHEMBL5430398,1.0,True
O00444_CHEMBL5415639,1.0,True
O00444_CHEMBL5431124,1.0,True
O00444_CHEMBL5440224,1.0,True
O00444_CHEMBL5420676,1.0,True
O00444_CHEMBL5439579,1.0,True
O00444_CHEMBL5421662,1.0,True
O00444_CHEMBL5424261,1.0,True
O00444_CHEMBL5420664,1.0,True
O00444_CHEMBL5418913,1.0,True
O00444_CHEMBL5407522,1.0,True
O00444_CHEMBL5397303,1.0,True
O00444_CHEMBL5432162,1.0,True
O00444_CHEMBL5400736,1.0,True
O00444_CHEMBL5426828,1.0,True
O00444_CHEMBL5404983,1.0,True
O00444_CHEMBL5432542,1.0,True
O00444_CHEMBL5399648,1.0,True
O00444_CHEMBL5420150,1.0,True
O00444_CHEMBL5402864,1.0,True
O00444_CHEMBL5439790,1.0,True
O00444_CHEMBL5423111,1.0,True
O00444_CHEMBL5408496,1.0,True
O00444_CHEMBL5425999,1.0,True
O00444_CHEMBL5424704,1.0,True
O00444_CHEMBL5439446,1.0,True
O00444_CHEMBL5420852,1.0,True
O00444_CHEMBL5435158,1.0,True
O00444_CHEMBL5424463,1.0,True
O00444_CHEMBL5429187,1.0,True
O00444_CHEMBL5429940,1.0,True
O00444_CHEMBL5397250,1.0,True
O00444_CHEMBL5435416,1.0,True
O00444_CHEMBL5409434,1.0,True
O00444_CHEMBL5438019,1.0,True
O00444_CHEMBL5430106,1.0,True
O00444_CHEMBL5418250,1.0,True
O00444_CHEMBL5429009,1.0,True
O00444_CHEMBL5396416,1.0,True
O00444_CHEMBL5425790,1.0,True
O00444_CHEMBL5405656,1.0,True
O00444_CHEMBL5420682,1.0,True
O00444_CHEMBL5433109,1.0,True
O00444_CHEMBL5410922,1.0,True
O00444_CHEMBL5435903,1.0,True
O00444_CHEMBL5423103,1.0,True
O00444_CHEMBL5434630,1.0,True
O00444_CHEMBL5413470,1.0,True
O00444_CHEMBL5435948,1.0,True
O00444_CHEMBL5438512,1.0,True
O00444_CHEMBL5431008,1.0,True
O00444_CHEMBL5396799,1.0,True
O00444_CHEMBL5401859,1.0,True
O00444_CHEMBL5436294,1.0,True
O00444_CHEMBL5397574,1.0,True
O00444_CHEMBL5422161,1.0,True
O00444_CHEMBL5396625,1.0,True
O00444_CHEMBL5407696,1.0,True
O00444_CHEMBL5408998,1.0,True
O00444_CHEMBL5402930,1.0,True
O00444_CHEMBL5440306,1.0,True
O00444_CHEMBL5430793,1.0,True
O00444_CHEMBL5430165,1.0,True
O00444_CHEMBL5405221,1.0,True
O00444_CHEMBL5432601,1.0,True
O00444_CHEMBL5434881,1.0,True
O00444_CHEMBL5404385,1.0,True
O00444_CHEMBL5438607,1.0,True
O00444_CHEMBL5422518,1.0,True
O00444_CHEMBL5397330,1.0,True
O00444_CHEMBL5394971,1.0,True
O00444_CHEMBL5430972,1.0,True
O00444_CHEMBL5412525,1.0,True
O00444_CHEMBL5420791,1.0,True
O00444_CHEMBL5435316,1.0,True
O00444_CHEMBL5424478,1.0,True
O00444_CHEMBL5432853,1.0,True
O00444_CHEMBL5413962,1.0,True
O00444_CHEMBL5414664,1.0,True
O00444_CHEMBL5408822,1.0,True
O00444_CHEMBL5410643,1.0,True
O00444_CHEMBL5402575,1.0,True
O00444_CHEMBL5395263,1.0,True
O00444_CHEMBL5416874,1.0,True
O00444_CHEMBL5400742,1.0,True
O00444_CHEMBL5432922,1.0,True
O00444_CHEMBL5434779,1.0,True
O00444_CHEMBL5407687,1.0,True
O00444_CHEMBL5399061,1.0,True
O00444_CHEMBL5394505,1.0,True
O00444_CHEMBL5402720,1.0,True
O00444_CHEMBL5429145,1.0,True
O00444_CHEMBL5417800,1.0,True
O00444_CHEMBL5430526,1.0,True
O00444_CHEMBL5409014,1.0,True
O00444_CHEMBL5401427,1.0,True
O00444_CHEMBL5412717,1.0,True
O00444_CHEMBL5431580,1.0,True
O00444_CHEMBL5401007,1.0,True
O00444_CHEMBL5404382,1.0,True
O00444_CHEMBL5410562,1.0,True
O00444_CHEMBL5440788,1.0,True
O00444_CHEMBL5415559,1.0,True
O00444_CHEMBL5420027,1.0,True
O14757_CHEMBL5413462,1.0,True
O14757_CHEMBL5409504,1.0,True
O14757_CHEMBL5420872,1.0,True
O14757_CHEMBL5421825,1.0,True
O14757_CHEMBL5428033,1.0,True
O14757_CHEMBL5439250,1.0,True
O14757_CHEMBL5420001,1.0,True
O14757_CHEMBL5421001,1.0,True
O14757_CHEMBL5431016,1.0,True
O14757_CHEMBL5427282,1.0,True
O14757_CHEMBL5407292,1.0,True
O14757_CHEMBL5408927,1.0,True
O14757_CHEMBL5409205,1.0,True
O14757_CHEMBL5401396,1.0,True
O14757_CHEMBL5408938,1.0,True
O14757_CHEMBL5398690,1.0,True
O14757_CHEMBL5394796,1.0,True
O14757_CHEMBL5430670,1.0,True
O14757_CHEMBL5398934,1.0,True
O14757_CHEMBL5419654,1.0,True
O14757_CHEMBL5403690,1.0,True
O14757_CHEMBL5432385,1.0,True
O14757_CHEMBL5425583,1.0,True
O14757_CHEMBL5427417,1.0,True
O14757_CHEMBL5433681,1.0,True
O14757_CHEMBL5433322,1.0,True
O14757_CHEMBL5439325,1.0,True
O14757_CHEMBL5395135,1.0,True
O14757_CHEMBL5429443,1.0,True
O14757_CHEMBL5433344,1.0,True
O14757_CHEMBL5424522,1.0,True
O14757_CHEMBL5430680,1.0,True
O14757_CHEMBL5424287,1.0,True
O14757_CHEMBL5438311,1.0,True
O14757_CHEMBL5409206,1.0,True
O14757_CHEMBL5410542,1.0,True
O14757_CHEMBL5406425,1.0,True
O14757_CHEMBL5408190,1.0,True
O14757_CHEMBL5408027,1.0,True
O14757_CHEMBL5401267,1.0,True
O14757_CHEMBL5411672,1.0,True
O14757_CHEMBL5411251,1.0,True
O14757_CHEMBL5428756,1.0,True
O14757_CHEMBL5432487,1.0,True
O14757_CHEMBL5433221,1.0,True
O14757_CHEMBL5406086,1.0,True
O14757_CHEMBL5428278,1.0,True
O14757_CHEMBL5398258,1.0,True
O14757_CHEMBL5411719,1.0,True
O14757_CHEMBL5424476,1.0,True
O14757_CHEMBL5438542,1.0,True
O14757_CHEMBL5398244,1.0,True
O14757_CHEMBL5405689,1.0,True
O14757_CHEMBL5401305,1.0,True
O14757_CHEMBL5434637,1.0,True
O14757_CHEMBL5411252,1.0,True
O14757_CHEMBL5396674,1.0,True
O14757_CHEMBL5410841,1.0,True
O14757_CHEMBL5426241,1.0,True
O43570_CHEMBL5433200,1.0,True
O43570_CHEMBL5418092,1.0,True
O43570_CHEMBL5431609,1.0,True
O43570_CHEMBL5434405,1.0,True
O43570_CHEMBL5399412,1.0,True
O43570_CHEMBL5410769,1.0,True
O43570_CHEMBL5430974,1.0,True
O43570_CHEMBL5420563,1.0,True
O43570_CHEMBL5394374,1.0,True
O43570_CHEMBL5439211,1.0,True
O43570_CHEMBL5420568,1.0,True
O43570_CHEMBL5429492,1.0,True
O43570_CHEMBL5406311,1.0,True
O43570_CHEMBL5395028,1.0,True
O43570_CHEMBL5408660,1.0,True
O43570_CHEMBL5394136,1.0,True
O43570_CHEMBL5428616,1.0,True
O43570_CHEMBL5411236,1.0,True
O43570_CHEMBL5434644,1.0,True
O43570_CHEMBL5418325,1.0,True
O43570_CHEMBL5418448,1.0,True
O43570_CHEMBL5396521,1.0,True
O43570_CHEMBL5406454,1.0,True
O43570_CHEMBL5415157,1.0,True
O43570_CHEMBL5430687,1.0,True
O43570_CHEMBL5402415,1.0,True
O43570_CHEMBL5403443,1.0,True
O43570_CHEMBL5423785,1.0,True
O43570_CHEMBL5420806,1.0,True
O43570_CHEMBL5408282,1.0,True
O43570_CHEMBL5403015,1.0,True
O43570_CHEMBL5418584,1.0,True
O43570_CHEMBL5408039,1.0,True
O43570_CHEMBL5417623,1.0,True
O43570_CHEMBL5419120,1.0,True
O43570_CHEMBL5419562,1.0,True
O43570_CHEMBL5409839,1.0,True
O43570_CHEMBL5406763,1.0,True
O43570_CHEMBL5398527,1.0,True
O43570_CHEMBL5398482,1.0,True
O43570_CHEMBL5404478,1.0,True
O43570_CHEMBL5430744,1.0,True
O43570_CHEMBL5404207,1.0,True
O43570_CHEMBL5432122,1.0,True
O43570_CHEMBL5400096,1.0,True
O43570_CHEMBL5427772,1.0,True
O43570_CHEMBL5439825,1.0,True
O43570_CHEMBL5424006,1.0,True
O43570_CHEMBL5419432,1.0,True
O43570_CHEMBL5436128,1.0,True
O43570_CHEMBL5411012,1.0,True
O43570_CHEMBL5427767,1.0,True
O43570_CHEMBL5412673,1.0,True
O43570_CHEMBL5413719,1.0,True
O43570_CHEMBL5434757,1.0,True
O43570_CHEMBL5398809,1.0,True
O43570_CHEMBL5423264,1.0,True
O43570_CHEMBL5431226,1.0,True
O43570_CHEMBL5400438,1.0,True
O43570_CHEMBL5422561,1.0,True
O43570_CHEMBL5422492,1.0,True
O43570_CHEMBL5438275,1.0,True
O43570_CHEMBL5411466,1.0,True
O43570_CHEMBL5419182,1.0,True
O43570_CHEMBL5428815,1.0,True
O43570_CHEMBL5406041,1.0,True
O43570_CHEMBL5439068,1.0,True
O43570_CHEMBL5401486,1.0,True
O43570_CHEMBL5424643,1.0,True
O43570_CHEMBL5402861,1.0,True
O43570_CHEMBL5422807,1.0,True
O43570_CHEMBL5415701,1.0,True
O43570_CHEMBL5417652,1.0,True
O43570_CHEMBL5430843,1.0,True
O43570_CHEMBL5415971,1.0,True
O43570_CHEMBL5434579,1.0,True
O43570_CHEMBL5427495,1.0,True
O43570_CHEMBL5396279,1.0,True
O43570_CHEMBL5427064,1.0,True
O43570_CHEMBL5434717,1.0,True
O43570_CHEMBL5405313,1.0,True
O43570_CHEMBL5428119,1.0,True
O43570_CHEMBL5406828,1.0,True
O43570_CHEMBL5421787,1.0,True
O43570_CHEMBL5410832,1.0,True
O43570_CHEMBL5396229,1.0,True
O43570_CHEMBL5400915,1.0,True
O43570_CHEMBL5423723,1.0,True
O43570_CHEMBL5409485,1.0,True
O43570_CHEMBL5411876,1.0,True
O43570_CHEMBL5430806,1.0,True
O43570_CHEMBL5427215,1.0,True
O43570_CHEMBL5418987,1.0,True
O43570_CHEMBL5417966,1.0,True
O43570_CHEMBL5427397,1.0,True
O43570_CHEMBL5393899,1.0,True
O43570_CHEMBL5416640,1.0,True
O43570_CHEMBL5399753,1.0,True
O43570_CHEMBL5432003,1.0,True
O43570_CHEMBL5399026,1.0,True
O43570_CHEMBL5413773,1.0,True
O43570_CHEMBL5416330,1.0,True
O43570_CHEMBL5429247,1.0,True
O43570_CHEMBL5438146,1.0,True
O43570_CHEMBL5400590,1.0,True
O43570_CHEMBL5423705,1.0,True
O43570_CHEMBL5420340,1.0,True
O43570_CHEMBL5418256,1.0,True
O43570_CHEMBL5408414,1.0,True
O43570_CHEMBL5422630,1.0,True
O43570_CHEMBL5412024,1.0,True
O43570_CHEMBL5424738,1.0,True
O43570_CHEMBL5423986,1.0,True
O43570_CHEMBL5423626,1.0,True
O43570_CHEMBL5407099,1.0,True
O43570_CHEMBL5439232,1.0,True
O43570_CHEMBL5412326,1.0,True
O43570_CHEMBL5404854,1.0,True
O43570_CHEMBL5434475,1.0,True
O43570_CHEMBL5398061,1.0,True
O43570_CHEMBL5422153,1.0,True
O43570_CHEMBL5395857,1.0,True
O43570_CHEMBL5397659,1.0,True
O43570_CHEMBL5419752,1.0,True
O43570_CHEMBL5404038,1.0,True
O43570_CHEMBL5439318,1.0,True
O43570_CHEMBL5405279,1.0,True
O43570_CHEMBL5437142,1.0,True
O43570_CHEMBL5420020,1.0,True
O43570_CHEMBL5432770,1.0,True
O43570_CHEMBL5395679,1.0,True
O43570_CHEMBL5424727,1.0,True
O43570_CHEMBL5425125,1.0,True
O43570_CHEMBL5412351,1.0,True
O43570_CHEMBL5424664,1.0,True
O43570_CHEMBL5420931,1.0,True
O43570_CHEMBL5417084,1.0,True
O43570_CHEMBL5430482,1.0,True
O43570_CHEMBL5414077,1.0,True
O43570_CHEMBL5402143,1.0,True
O43570_CHEMBL5426216,1.0,True
O43570_CHEMBL5413021,1.0,True
O43570_CHEMBL5402145,1.0,True
O43570_CHEMBL5438010,1.0,True
O43570_CHEMBL5421531,1.0,True
O43570_CHEMBL5411936,1.0,True
O43570_CHEMBL5419447,1.0,True
O43570_CHEMBL5396393,1.0,True
O43570_CHEMBL5409658,1.0,True
O43570_CHEMBL5413693,1.0,True
O43570_CHEMBL5429073,1.0,True
O43570_CHEMBL5401434,1.0,True
O43570_CHEMBL5402497,1.0,True
O43570_CHEMBL5412870,1.0,True
O43570_CHEMBL5422706,1.0,True
O43570_CHEMBL5425202,1.0,True
O43570_CHEMBL5433765,1.0,True
O43570_CHEMBL5420539,1.0,True
O43570_CHEMBL5395423,1.0,True
O43570_CHEMBL5407842,1.0,True
O43570_CHEMBL5396530,1.0,True
O43570_CHEMBL5397521,1.0,True
O43570_CHEMBL5439370,1.0,True
O43570_CHEMBL5415949,1.0,True
O43570_CHEMBL5395274,1.0,True
O43570_CHEMBL5407876,1.0,True
O43570_CHEMBL5430374,1.0,True
O43570_CHEMBL5403578,1.0,True
O43570_CHEMBL5439016,1.0,True
O43570_CHEMBL5430474,1.0,True
O43570_CHEMBL5439521,1.0,True
O43570_CHEMBL5433722,1.0,True
O43570_CHEMBL5416307,1.0,True
O43570_CHEMBL5402383,1.0,True
O43570_CHEMBL5397739,1.0,True
O43570_CHEMBL5399974,1.0,True
O43570_CHEMBL5422102,1.0,True
O43570_CHEMBL5406077,1.0,True
O43570_CHEMBL5440906,1.0,True
O43570_CHEMBL5440763,1.0,True
O43570_CHEMBL5436282,1.0,True
O43570_CHEMBL5411702,1.0,True
O43570_CHEMBL5414836,1.0,True
O43570_CHEMBL5399204,1.0,True
O43570_CHEMBL5433154,1.0,True
O43570_CHEMBL5409881,1.0,True
O43570_CHEMBL5403938,1.0,True
O43570_CHEMBL5421790,1.0,True
O43570_CHEMBL5432812,1.0,True
O43570_CHEMBL5408885,1.0,True
O43570_CHEMBL5403077,1.0,True
O43570_CHEMBL5420858,1.0,True
O43570_CHEMBL5396677,1.0,True
O43570_CHEMBL5413403,1.0,True
O43570_CHEMBL5410282,1.0,True
O43570_CHEMBL5417595,1.0,True
O60341_CHEMBL5439389,1.0,True
O60341_CHEMBL5408271,1.0,True
O60341_CHEMBL5416205,1.0,True
O60341_CHEMBL5423159,1.0,True
O60341_CHEMBL5425308,1.0,True
O60341_CHEMBL5433416,1.0,True
O60341_CHEMBL5396850,1.0,True
O60341_CHEMBL5434190,1.0,True
O60341_CHEMBL5430614,1.0,True
O60341_CHEMBL5438843,1.0,True
O60341_CHEMBL5432041,1.0,True
O60341_CHEMBL5423712,1.0,True
O60341_CHEMBL5401491,1.0,True
O60341_CHEMBL5432465,1.0,True
O60341_CHEMBL5439259,1.0,True
O60341_CHEMBL5438431,1.0,True
O60341_CHEMBL5410672,1.0,True
O60341_CHEMBL5430017,1.0,True
O60341_CHEMBL5406479,1.0,True
O60341_CHEMBL5413049,1.0,True
O60341_CHEMBL5434915,1.0,True
O60341_CHEMBL5432927,1.0,True
O60341_CHEMBL5437604,1.0,True
O60341_CHEMBL5405904,1.0,True
O60341_CHEMBL5420365,1.0,True
O60341_CHEMBL5421422,1.0,True
O60341_CHEMBL5422216,1.0,True
O60341_CHEMBL5433323,1.0,True
O60341_CHEMBL5409970,1.0,True
O60341_CHEMBL5426797,1.0,True
O60341_CHEMBL5434546,1.0,True
O60341_CHEMBL5429228,1.0,True
O60341_CHEMBL5435026,1.0,True
O60341_CHEMBL5407947,1.0,True
O60341_CHEMBL5440105,1.0,True
O60341_CHEMBL5406671,1.0,True
O60341_CHEMBL5429994,1.0,True
O60341_CHEMBL5419169,1.0,True
O60341_CHEMBL5440680,1.0,True
O60341_CHEMBL5409400,1.0,True
O60341_CHEMBL5420493,1.0,True
O60341_CHEMBL5411051,1.0,True
O60341_CHEMBL5428732,1.0,True
O60341_CHEMBL5415964,1.0,True
O60341_CHEMBL5399635,1.0,True
O60341_CHEMBL5406759,1.0,True
O60341_CHEMBL5413744,1.0,True
O60341_CHEMBL5428176,1.0,True
O60341_CHEMBL5440196,1.0,True
O60341_CHEMBL5428924,1.0,True
O60341_CHEMBL5396510,1.0,True
O60341_CHEMBL5397056,1.0,True
O60341_CHEMBL5416718,1.0,True
O60341_CHEMBL5422540,1.0,True
O60341_CHEMBL5435872,1.0,True
O60341_CHEMBL5434343,1.0,True
O60341_CHEMBL5399692,1.0,True
O60341_CHEMBL5410411,1.0,True
O60341_CHEMBL5435978,1.0,True
O60341_CHEMBL5436412,1.0,True
O60341_CHEMBL5407104,1.0,True
O60341_CHEMBL5406892,1.0,True
O60341_CHEMBL5426980,1.0,True
O60341_CHEMBL5397316,1.0,True
O60341_CHEMBL5437172,1.0,True
O60341_CHEMBL5430058,1.0,True
O60341_CHEMBL5406132,1.0,True
O60341_CHEMBL5409890,1.0,True
O60341_CHEMBL5406521,1.0,True
O60341_CHEMBL5435173,1.0,True
O60341_CHEMBL5404495,1.0,True
O60341_CHEMBL5410286,1.0,True
O60341_CHEMBL5425391,1.0,True
O60341_CHEMBL5423330,1.0,True
O60341_CHEMBL5428936,1.0,True
O60341_CHEMBL5413148,1.0,True
O60341_CHEMBL5428788,1.0,True
O60341_CHEMBL5436427,1.0,True
O60341_CHEMBL5425120,1.0,True
O60341_CHEMBL5423110,1.0,True
O60341_CHEMBL5431790,1.0,True
O60341_CHEMBL5399676,1.0,True
O60341_CHEMBL5440601,1.0,True
O60341_CHEMBL5413316,1.0,True
O60341_CHEMBL5440032,1.0,True
O60341_CHEMBL5405377,1.0,True
O60341_CHEMBL5400631,1.0,True
O60341_CHEMBL5416905,1.0,True
O60341_CHEMBL5413825,1.0,True
O60341_CHEMBL5416497,1.0,True
O60341_CHEMBL5415883,1.0,True
O60341_CHEMBL5394389,1.0,True
O60341_CHEMBL5405788,1.0,True
O60341_CHEMBL5419993,1.0,True
O60341_CHEMBL5417682,1.0,True
O60341_CHEMBL5408302,1.0,True
O60341_CHEMBL5435117,1.0,True
O60341_CHEMBL5408598,1.0,True
O60341_CHEMBL5398801,1.0,True
O60341_CHEMBL5400344,1.0,True
O60341_CHEMBL5414185,1.0,True
O60341_CHEMBL5439488,1.0,True
O60341_CHEMBL5416264,1.0,True
O60341_CHEMBL5406191,1.0,True
O60341_CHEMBL5433364,1.0,True
O60341_CHEMBL5403602,1.0,True
O60341_CHEMBL5429412,1.0,True
O60341_CHEMBL5436035,1.0,True
O60341_CHEMBL5403862,1.0,True
O60341_CHEMBL5419295,1.0,True
O60341_CHEMBL5424948,1.0,True
O60341_CHEMBL5418093,1.0,True
O60341_CHEMBL5401496,1.0,True
O60341_CHEMBL5404895,1.0,True
O60341_CHEMBL5424591,1.0,True
O60341_CHEMBL5403548,1.0,True
O60341_CHEMBL5435587,1.0,True
O60341_CHEMBL5396414,1.0,True
O60341_CHEMBL5396152,1.0,True
O60341_CHEMBL5418619,1.0,True
O60341_CHEMBL5416406,1.0,True
O60341_CHEMBL5438908,1.0,True
O60674_CHEMBL5412815,1.0,True
O60674_CHEMBL5424439,1.0,True
O60674_CHEMBL5398468,1.0,True
O60674_CHEMBL5429688,1.0,True
O60674_CHEMBL5408539,1.0,True
O60674_CHEMBL5417474,1.0,True
O60674_CHEMBL5395839,1.0,True
O60674_CHEMBL5403897,1.0,True
O60674_CHEMBL5420083,1.0,True
O60674_CHEMBL5420971,1.0,True
O60674_CHEMBL5424098,1.0,True
O60674_CHEMBL5423387,1.0,True
O60674_CHEMBL5430795,1.0,True
O60674_CHEMBL5405043,1.0,True
O60674_CHEMBL5410919,1.0,True
O60674_CHEMBL5435417,1.0,True
O60674_CHEMBL5439582,1.0,True
O60674_CHEMBL5427932,1.0,True
O60674_CHEMBL5405140,1.0,True
O60674_CHEMBL5404261,1.0,True
O60674_CHEMBL5441087,1.0,True
O60674_CHEMBL5440017,1.0,True
O60674_CHEMBL5434116,1.0,True
O60674_CHEMBL5396523,1.0,True
O60674_CHEMBL5423894,1.0,True
O60674_CHEMBL5424497,1.0,True
O60674_CHEMBL5409953,1.0,True
O60674_CHEMBL5422886,1.0,True
O60674_CHEMBL5412967,1.0,True
O60674_CHEMBL5419117,1.0,True
O60674_CHEMBL5402252,1.0,True
O60674_CHEMBL5436068,1.0,True
O60674_CHEMBL5435274,1.0,True
O60674_CHEMBL5407329,1.0,True
O60674_CHEMBL5407260,1.0,True
O60674_CHEMBL5396554,1.0,True
O60674_CHEMBL5415586,1.0,True
O60674_CHEMBL5409666,1.0,True
O60674_CHEMBL5433426,1.0,True
O60674_CHEMBL5395378,1.0,True
O60674_CHEMBL5420468,1.0,True
O60674_CHEMBL5403288,1.0,True
O60674_CHEMBL5430060,1.0,True
O60674_CHEMBL5432029,1.0,True
O60674_CHEMBL5436997,1.0,True
O60674_CHEMBL5417435,1.0,True
O60674_CHEMBL5432284,1.0,True
O60674_CHEMBL5402797,1.0,True
O60674_CHEMBL5405344,1.0,True
O60674_CHEMBL5410239,1.0,True
O60674_CHEMBL5404765,1.0,True
O60674_CHEMBL5434965,1.0,True
O60674_CHEMBL5429675,1.0,True
O60674_CHEMBL5402554,1.0,True
O60674_CHEMBL5415481,1.0,True
O60674_CHEMBL5408994,1.0,True
O60674_CHEMBL5419978,1.0,True
O60674_CHEMBL5435482,1.0,True
O60674_CHEMBL5408205,1.0,True
O60674_CHEMBL5436744,1.0,True
O60674_CHEMBL5440510,1.0,True
O60674_CHEMBL5438892,1.0,True
O60674_CHEMBL5414095,1.0,True
O60674_CHEMBL5412619,1.0,True
O60674_CHEMBL5437653,1.0,True
O60674_CHEMBL5400209,1.0,True
O60674_CHEMBL5437261,1.0,True
O60674_CHEMBL5419271,1.0,True
O60674_CHEMBL5436383,1.0,True
O60674_CHEMBL5431257,1.0,True
O60674_CHEMBL5440264,1.0,True
O60674_CHEMBL5420928,1.0,True
O60674_CHEMBL5413489,1.0,True
O60674_CHEMBL5429461,1.0,True
O60674_CHEMBL5421116,1.0,True
O60674_CHEMBL5422793,1.0,True
O60674_CHEMBL5430869,1.0,True
O60885_CHEMBL5437203,1.0,True
O60885_CHEMBL5416784,1.0,True
O60885_CHEMBL5407959,1.0,True
O60885_CHEMBL5394534,1.0,True
O60885_CHEMBL5414323,1.0,True
O60885_CHEMBL5401408,1.0,True
O60885_CHEMBL5440275,1.0,True
O60885_CHEMBL5436620,1.0,True
O60885_CHEMBL5401812,1.0,True
O60885_CHEMBL5432311,1.0,True
O60885_CHEMBL5394840,1.0,True
O60885_CHEMBL5414143,1.0,True
O60885_CHEMBL5424895,1.0,True
O60885_CHEMBL5439894,1.0,True
O60885_CHEMBL5435639,1.0,True
O60885_CHEMBL5431833,1.0,True
O60885_CHEMBL5435025,1.0,True
O60885_CHEMBL5411975,1.0,True
O60885_CHEMBL5405537,1.0,True
O60885_CHEMBL5419237,1.0,True
O60885_CHEMBL5400204,1.0,True
O60885_CHEMBL5409544,1.0,True
O60885_CHEMBL5420313,1.0,True
O60885_CHEMBL5412097,1.0,True
O60885_CHEMBL5406544,1.0,True
O60885_CHEMBL5429382,1.0,True
O60885_CHEMBL5435156,1.0,True
O60885_CHEMBL5437305,1.0,True
O60885_CHEMBL5417286,1.0,True
O60885_CHEMBL5427202,1.0,True
O60885_CHEMBL5419274,1.0,True
O60885_CHEMBL5426703,1.0,True
O60885_CHEMBL5429376,1.0,True
O60885_CHEMBL5423707,1.0,True
O60885_CHEMBL5440150,1.0,True
O60885_CHEMBL5438020,1.0,True
O60885_CHEMBL5420638,1.0,True
O60885_CHEMBL5406585,1.0,True
O60885_CHEMBL5404986,1.0,True
O60885_CHEMBL5416229,1.0,True
O60885_CHEMBL5427136,1.0,True
O60885_CHEMBL5430730,1.0,True
O60885_CHEMBL5396885,1.0,True
O60885_CHEMBL5403013,1.0,True
O60885_CHEMBL5410968,1.0,True
O60885_CHEMBL5412127,1.0,True
O60885_CHEMBL5421238,1.0,True
O60885_CHEMBL5434467,1.0,True
O60885_CHEMBL5418320,1.0,True
O60885_CHEMBL5408013,1.0,True
O60885_CHEMBL5402704,1.0,True
O60885_CHEMBL5408583,1.0,True
O60885_CHEMBL5395241,1.0,True
O60885_CHEMBL5402431,1.0,True
O60885_CHEMBL5402922,1.0,True
O60885_CHEMBL5422245,1.0,True
O60885_CHEMBL5426693,1.0,True
O60885_CHEMBL5430428,1.0,True
O60885_CHEMBL5437467,1.0,True
O60885_CHEMBL5415794,1.0,True
O60885_CHEMBL5410310,1.0,True
O60885_CHEMBL5422930,1.0,True
O60885_CHEMBL5417441,1.0,True
O60885_CHEMBL5417454,1.0,True
O60885_CHEMBL5428017,1.0,True
O60885_CHEMBL5440739,1.0,True
O60885_CHEMBL5412529,1.0,True
O60885_CHEMBL5409700,1.0,True
O60885_CHEMBL5428087,1.0,True
O60885_CHEMBL5403358,1.0,True
O60885_CHEMBL5426964,1.0,True
O60885_CHEMBL5427957,1.0,True
O60885_CHEMBL5438409,1.0,True
O60885_CHEMBL5403473,1.0,True
O60885_CHEMBL5406467,1.0,True
O60885_CHEMBL5437723,1.0,True
O60885_CHEMBL5419367,1.0,True
O60885_CHEMBL5394764,1.0,True
O60885_CHEMBL5401381,1.0,True
O60885_CHEMBL5418129,1.0,True
O60885_CHEMBL5417495,1.0,True
O60885_CHEMBL5421723,1.0,True
O60885_CHEMBL5408776,1.0,True
O60885_CHEMBL5415796,1.0,True
O60885_CHEMBL5400502,1.0,True
O60885_CHEMBL5409453,1.0,True
O60885_CHEMBL5395480,1.0,True
O60885_CHEMBL5398977,1.0,True
O60885_CHEMBL5429440,1.0,True
O60885_CHEMBL5422122,1.0,True
O60885_CHEMBL5416208,1.0,True
O60885_CHEMBL5435085,1.0,True
O60885_CHEMBL5413543,1.0,True
O60885_CHEMBL5437669,1.0,True
O60885_CHEMBL5421597,1.0,True
O60885_CHEMBL5397570,1.0,True
O60885_CHEMBL5430358,1.0,True
O60885_CHEMBL5435289,1.0,True
O60885_CHEMBL5425156,1.0,True
O60885_CHEMBL5397432,1.0,True
O60885_CHEMBL5412647,1.0,True
O60885_CHEMBL5431086,1.0,True
O60885_CHEMBL5424755,1.0,True
O60885_CHEMBL5394236,1.0,True
O60885_CHEMBL5426902,1.0,True
O60885_CHEMBL5409622,1.0,True
O60885_CHEMBL5415469,1.0,True
O60885_CHEMBL5419925,1.0,True
O60885_CHEMBL5400544,1.0,True
O60885_CHEMBL5415548,1.0,True
O60885_CHEMBL5434208,1.0,True
O60885_CHEMBL5413668,1.0,True
O60885_CHEMBL5424207,1.0,True
O60885_CHEMBL5414895,1.0,True
O60885_CHEMBL5409463,1.0,True
O60885_CHEMBL5431009,1.0,True
O60885_CHEMBL5398139,1.0,True
O60885_CHEMBL5407114,1.0,True
O60885_CHEMBL5435255,1.0,True
O60885_CHEMBL5416494,1.0,True
O60885_CHEMBL5420470,1.0,True
O60885_CHEMBL5416132,1.0,True
O60885_CHEMBL5428113,1.0,True
O60885_CHEMBL5431735,1.0,True
O60885_CHEMBL5399489,1.0,True
O60885_CHEMBL5424952,1.0,True
O60885_CHEMBL5440797,1.0,True
O60885_CHEMBL5415106,1.0,True
O60885_CHEMBL5425218,1.0,True
O60885_CHEMBL5432760,1.0,True
O60885_CHEMBL5421082,1.0,True
O60885_CHEMBL5432892,1.0,True
O60885_CHEMBL5394142,1.0,True
O60885_CHEMBL5422546,1.0,True
O60885_CHEMBL5439855,1.0,True
O60885_CHEMBL5408978,1.0,True
O60885_CHEMBL5409681,1.0,True
O60885_CHEMBL5416926,1.0,True
O60885_CHEMBL5405269,1.0,True
O60885_CHEMBL5409461,1.0,True
O60885_CHEMBL5415611,1.0,True
O60885_CHEMBL5422534,1.0,True
O60885_CHEMBL5405779,1.0,True
O60885_CHEMBL5403879,1.0,True
O60885_CHEMBL5408181,1.0,True
O60885_CHEMBL5426022,1.0,True
O60885_CHEMBL5426762,1.0,True
O60885_CHEMBL5400407,1.0,True
O60885_CHEMBL5414236,1.0,True
O60885_CHEMBL5405536,1.0,True
O60885_CHEMBL5432627,1.0,True
O60885_CHEMBL5411662,1.0,True
O60885_CHEMBL5399062,1.0,True
O60885_CHEMBL5438588,1.0,True
O60885_CHEMBL5422966,1.0,True
O60885_CHEMBL5432665,1.0,True
O60885_CHEMBL5440431,1.0,True
O60885_CHEMBL5413916,1.0,True
O60885_CHEMBL5418662,1.0,True
O60885_CHEMBL5395658,1.0,True
O60885_CHEMBL5394124,1.0,True
O60885_CHEMBL5395952,1.0,True
O60885_CHEMBL5439597,1.0,True
O60885_CHEMBL5409942,1.0,True
O60885_CHEMBL5414030,1.0,True
O60885_CHEMBL5416283,1.0,True
O60885_CHEMBL5421774,1.0,True
O60885_CHEMBL5400900,1.0,True
O60885_CHEMBL5411322,1.0,True
O60885_CHEMBL5425663,1.0,True
O60885_CHEMBL5413795,1.0,True
O60885_CHEMBL5408527,1.0,True
O60885_CHEMBL5406617,1.0,True
O60885_CHEMBL5423358,1.0,True
O60885_CHEMBL5396203,1.0,True
O60885_CHEMBL5405309,1.0,True
O60885_CHEMBL5435358,1.0,True
O60885_CHEMBL5394959,1.0,True
O60885_CHEMBL5416735,1.0,True
O60885_CHEMBL5428438,1.0,True
O60885_CHEMBL5423609,1.0,True
O60885_CHEMBL5426726,1.0,True
O60885_CHEMBL5439504,1.0,True
O60885_CHEMBL5430595,1.0,True
O60885_CHEMBL5427802,1.0,True
O60885_CHEMBL5416468,1.0,True
O60885_CHEMBL5396537,1.0,True
O60885_CHEMBL5418544,1.0,True
O60885_CHEMBL5431657,1.0,True
O60885_CHEMBL5439456,1.0,True
O60885_CHEMBL5397122,1.0,True
O60885_CHEMBL5424066,1.0,True
O60885_CHEMBL5422964,1.0,True
O60885_CHEMBL5422361,1.0,True
O60885_CHEMBL5437464,1.0,True
O60885_CHEMBL5409547,1.0,True
O60885_CHEMBL5415295,1.0,True
O60885_CHEMBL5397177,1.0,True
O60885_CHEMBL5411832,1.0,True
O60885_CHEMBL5407801,1.0,True
O60885_CHEMBL5422566,1.0,True
O60885_CHEMBL5406228,1.0,True
O60885_CHEMBL5416135,1.0,True
O60885_CHEMBL5416632,1.0,True
O60885_CHEMBL5402948,1.0,True
O60885_CHEMBL5404499,1.0,True
O60885_CHEMBL5393966,1.0,True
O60885_CHEMBL5420388,1.0,True
O60885_CHEMBL5429506,1.0,True
O60885_CHEMBL5426710,1.0,True
O60885_CHEMBL5429974,1.0,True
O60885_CHEMBL5398464,1.0,True
O60885_CHEMBL5426714,1.0,True
O60885_CHEMBL5405549,1.0,True
O60885_CHEMBL5433198,1.0,True
O60885_CHEMBL5431061,1.0,True
O60885_CHEMBL5409043,1.0,True
O60885_CHEMBL5434529,1.0,True
O60885_CHEMBL5416328,1.0,True
O60885_CHEMBL5424589,1.0,True
O60885_CHEMBL5415843,1.0,True
O60885_CHEMBL5421726,1.0,True
O60885_CHEMBL5406183,1.0,True
O60885_CHEMBL5409305,1.0,True
O60885_CHEMBL5416329,1.0,True
O60885_CHEMBL5398000,1.0,True
O60885_CHEMBL5422163,1.0,True
O60885_CHEMBL5401253,1.0,True
O60885_CHEMBL5440537,1.0,True
O60885_CHEMBL5403848,1.0,True
O60885_CHEMBL5420752,1.0,True
O60885_CHEMBL5440963,1.0,True
O60885_CHEMBL5439607,1.0,True
O60885_CHEMBL5434035,1.0,True
O75116_CHEMBL5439783,1.0,True
O75116_CHEMBL5435627,1.0,True
O75116_CHEMBL5422545,1.0,True
O75116_CHEMBL5414693,1.0,True
O75116_CHEMBL5430368,1.0,True
O75116_CHEMBL5411877,1.0,True
O75116_CHEMBL5396883,1.0,True
O75116_CHEMBL5399426,1.0,True
O75116_CHEMBL5434756,1.0,True
O75116_CHEMBL5407662,1.0,True
O75116_CHEMBL5403816,1.0,True
O75116_CHEMBL5397091,1.0,True
O75116_CHEMBL5405298,1.0,True
O75116_CHEMBL5438833,1.0,True
O75116_CHEMBL5398844,1.0,True
O75116_CHEMBL5403605,1.0,True
O75116_CHEMBL5408850,1.0,True
O75116_CHEMBL5411955,1.0,True
O75116_CHEMBL5437526,1.0,True
O75116_CHEMBL5399221,1.0,True
O75116_CHEMBL5428479,1.0,True
O75116_CHEMBL5408387,1.0,True
O75116_CHEMBL5439971,1.0,True
O75116_CHEMBL5417698,1.0,True
O75116_CHEMBL5424408,1.0,True
O75116_CHEMBL5439375,1.0,True
O75116_CHEMBL5426208,1.0,True
O75116_CHEMBL5421321,1.0,True
O75116_CHEMBL5397611,1.0,True
O75116_CHEMBL5409106,1.0,True
O75116_CHEMBL5416265,1.0,True
O75116_CHEMBL5414146,1.0,True
O75116_CHEMBL5403088,1.0,True
O75116_CHEMBL5409229,1.0,True
O75116_CHEMBL5403685,1.0,True
O75116_CHEMBL5427927,1.0,True
O75116_CHEMBL5400934,1.0,True
O75116_CHEMBL5438374,1.0,True
O75116_CHEMBL5414576,1.0,True
O75116_CHEMBL5428430,1.0,True
O75116_CHEMBL5421280,1.0,True
O75116_CHEMBL5404104,1.0,True
O75116_CHEMBL5412156,1.0,True
O75116_CHEMBL5406146,1.0,True
O75116_CHEMBL5437264,1.0,True
O75116_CHEMBL5422811,1.0,True
O75116_CHEMBL5407182,1.0,True
O75116_CHEMBL5440366,1.0,True
O75116_CHEMBL5428749,1.0,True
O75116_CHEMBL5426560,1.0,True
O75116_CHEMBL5425811,1.0,True
O75116_CHEMBL5430350,1.0,True
O75116_CHEMBL5403316,1.0,True
O75116_CHEMBL5420736,1.0,True
O75116_CHEMBL5418416,1.0,True
O75116_CHEMBL5420109,1.0,True
O75116_CHEMBL5440816,1.0,True
O75116_CHEMBL5400899,1.0,True
O75116_CHEMBL5419207,1.0,True
O75116_CHEMBL5412281,1.0,True
O75874_CHEMBL5406779,1.0,True
O75874_CHEMBL5395826,1.0,True
O75874_CHEMBL5397019,1.0,True
O75874_CHEMBL5435681,1.0,True
O75874_CHEMBL5395971,1.0,True
O75874_CHEMBL5429617,1.0,True
O75874_CHEMBL5435016,1.0,True
O75874_CHEMBL5427214,1.0,True
O75874_CHEMBL5407884,1.0,True
O75874_CHEMBL5440722,1.0,True
O75874_CHEMBL5430621,1.0,True
O75874_CHEMBL5431953,1.0,True
O75874_CHEMBL5401441,1.0,True
O75874_CHEMBL5402222,1.0,True
O75874_CHEMBL5401096,1.0,True
O75874_CHEMBL5426190,1.0,True
O75874_CHEMBL5395437,1.0,True
O75874_CHEMBL5420050,1.0,True
O75874_CHEMBL5436549,1.0,True
O75874_CHEMBL5394135,1.0,True
O75874_CHEMBL5432595,1.0,True
O75874_CHEMBL5399782,1.0,True
O75874_CHEMBL5398072,1.0,True
O75874_CHEMBL5426656,1.0,True
O75874_CHEMBL5429295,1.0,True
O75874_CHEMBL5400253,1.0,True
O75874_CHEMBL5422753,1.0,True
O75874_CHEMBL5410097,1.0,True
O75874_CHEMBL5410611,1.0,True
O75874_CHEMBL5413084,1.0,True
O75874_CHEMBL5403346,1.0,True
O75874_CHEMBL5408062,1.0,True
O75874_CHEMBL5400037,1.0,True
O75874_CHEMBL5436629,1.0,True
O75874_CHEMBL5414869,1.0,True
O75874_CHEMBL5425321,1.0,True
O75874_CHEMBL5436810,1.0,True
O75874_CHEMBL5408544,1.0,True
O75874_CHEMBL5426446,1.0,True
O94925_CHEMBL5427008,1.0,True
O94925_CHEMBL5409568,1.0,True
O94925_CHEMBL5415915,1.0,True
O94925_CHEMBL5405118,1.0,True
O94925_CHEMBL5404634,1.0,True
O94925_CHEMBL5435169,1.0,True
O94925_CHEMBL5409517,1.0,True
O94925_CHEMBL5396896,1.0,True
O94925_CHEMBL5411562,1.0,True
O94925_CHEMBL5411945,1.0,True
O94925_CHEMBL5433686,1.0,True
O94925_CHEMBL5415283,1.0,True
O94925_CHEMBL5428990,1.0,True
O94925_CHEMBL5428837,1.0,True
O94925_CHEMBL5394045,1.0,True
O94925_CHEMBL5412557,1.0,True
O94925_CHEMBL5429833,1.0,True
O94925_CHEMBL5439210,1.0,True
O94925_CHEMBL5411575,1.0,True
O94925_CHEMBL5401042,1.0,True
O94925_CHEMBL5398509,1.0,True
O94925_CHEMBL5422173,1.0,True
O94925_CHEMBL5417938,1.0,True
O94925_CHEMBL5437177,1.0,True
O94925_CHEMBL5436876,1.0,True
O94925_CHEMBL5423461,1.0,True
O94925_CHEMBL5416007,1.0,True
O94925_CHEMBL5396169,1.0,True
O94925_CHEMBL5433758,1.0,True
O94925_CHEMBL5399021,1.0,True
O94925_CHEMBL5396294,1.0,True
O94925_CHEMBL5396133,1.0,True
O94925_CHEMBL5419657,1.0,True
O94925_CHEMBL5399908,1.0,True
O94925_CHEMBL5427312,1.0,True
O94925_CHEMBL5414948,1.0,True
O94925_CHEMBL5399039,1.0,True
O94925_CHEMBL5414772,1.0,True
O94925_CHEMBL5416991,1.0,True
O94925_CHEMBL5426671,1.0,True
O94925_CHEMBL5407314,1.0,True
O94925_CHEMBL5414848,1.0,True
O94925_CHEMBL5420513,1.0,True
O94925_CHEMBL5439818,1.0,True
O94925_CHEMBL5438137,1.0,True
O94925_CHEMBL5397823,1.0,True
O94925_CHEMBL5407097,1.0,True
O94925_CHEMBL5427538,1.0,True
O94925_CHEMBL5436092,1.0,True
O94925_CHEMBL5439476,1.0,True
O94925_CHEMBL5415662,1.0,True
O94925_CHEMBL5412204,1.0,True
O94925_CHEMBL5399803,1.0,True
O94925_CHEMBL5427647,1.0,True
O94925_CHEMBL5437334,1.0,True
O94925_CHEMBL5399812,1.0,True
O94925_CHEMBL5412671,1.0,True
O94925_CHEMBL5430127,1.0,True
O94925_CHEMBL5399969,1.0,True
O94925_CHEMBL5431067,1.0,True
O94925_CHEMBL5429509,1.0,True
O94925_CHEMBL5436285,1.0,True
O94925_CHEMBL5439110,1.0,True
O94925_CHEMBL5416840,1.0,True
O94925_CHEMBL5395264,1.0,True
O94925_CHEMBL5411097,1.0,True
O94925_CHEMBL5429363,1.0,True
O94925_CHEMBL5427092,1.0,True
O94925_CHEMBL5414977,1.0,True
O94925_CHEMBL5402230,1.0,True
O94925_CHEMBL5431271,1.0,True
O94925_CHEMBL5431644,1.0,True
O94925_CHEMBL5398009,1.0,True
O94925_CHEMBL5405323,1.0,True
O94925_CHEMBL5412885,1.0,True
O94925_CHEMBL5396735,1.0,True
O94925_CHEMBL5426166,1.0,True
O94925_CHEMBL5401295,1.0,True
O94925_CHEMBL5417574,1.0,True
O94925_CHEMBL5431922,1.0,True
O94925_CHEMBL5422733,1.0,True
O94925_CHEMBL5440854,1.0,True
O94925_CHEMBL5397149,1.0,True
O94925_CHEMBL5429695,1.0,True
O96028_CHEMBL5402134,1.0,True
O96028_CHEMBL5424751,1.0,True
O96028_CHEMBL5403046,1.0,True
O96028_CHEMBL5401066,1.0,True
O96028_CHEMBL5435611,1.0,True
O96028_CHEMBL5412710,1.0,True
O96028_CHEMBL5401031,1.0,True
O96028_CHEMBL5420895,1.0,True
O96028_CHEMBL5412847,1.0,True
O96028_CHEMBL5397372,1.0,True
O96028_CHEMBL5419919,1.0,True
O96028_CHEMBL5412582,1.0,True
O96028_CHEMBL5433538,1.0,True
O96028_CHEMBL5401919,1.0,True
O96028_CHEMBL5441106,1.0,True
O96028_CHEMBL5419286,1.0,True
O96028_CHEMBL5397613,1.0,True
O96028_CHEMBL5422301,1.0,True
O96028_CHEMBL5402868,1.0,True
O96028_CHEMBL5430389,1.0,True
O96028_CHEMBL5406546,1.0,True
O96028_CHEMBL5436306,1.0,True
O96028_CHEMBL5402955,1.0,True
O96028_CHEMBL5414580,1.0,True
O96028_CHEMBL5427103,1.0,True
O96028_CHEMBL5418169,1.0,True
O96028_CHEMBL5407373,1.0,True
O96028_CHEMBL5431172,1.0,True
O96028_CHEMBL5393738,1.0,True
O96028_CHEMBL5418173,1.0,True
O96028_CHEMBL5406268,1.0,True
O96028_CHEMBL5408020,1.0,True
O96028_CHEMBL5397204,1.0,True
O96028_CHEMBL5428630,1.0,True
P00533_CHEMBL5400371,1.0,True
P00533_CHEMBL5415196,1.0,True
P00533_CHEMBL5427961,1.0,True
P00533_CHEMBL5432280,1.0,True
P00533_CHEMBL5431658,1.0,True
P00533_CHEMBL5432716,1.0,True
P00533_CHEMBL5435372,1.0,True
P00533_CHEMBL5398132,1.0,True
P00533_CHEMBL5413423,1.0,True
P00533_CHEMBL5416719,1.0,True
P00533_CHEMBL5422592,1.0,True
P00533_CHEMBL5426811,1.0,True
P00533_CHEMBL5403023,1.0,True
P00533_CHEMBL5437854,1.0,True
P00533_CHEMBL5420997,1.0,True
P00533_CHEMBL5406494,1.0,True
P00533_CHEMBL5409123,1.0,True
P00533_CHEMBL5406792,1.0,True
P00533_CHEMBL5440626,1.0,True
P00533_CHEMBL5437343,1.0,True
P00533_CHEMBL5430958,1.0,True
P00533_CHEMBL5422135,1.0,True
P00533_CHEMBL5441041,1.0,True
P00533_CHEMBL5428368,1.0,True
P00533_CHEMBL5435463,1.0,True
P00533_CHEMBL5400012,1.0,True
P00533_CHEMBL5438475,1.0,True
P00533_CHEMBL5436101,1.0,True
P00533_CHEMBL5432017,1.0,True
P00533_CHEMBL5394139,1.0,True
P00533_CHEMBL5423938,1.0,True
P00533_CHEMBL5437181,1.0,True
P00533_CHEMBL5417638,1.0,True
P00533_CHEMBL5420051,1.0,True
P00533_CHEMBL5420947,1.0,True
P00533_CHEMBL5434109,1.0,True
P00533_CHEMBL5429210,1.0,True
P00533_CHEMBL5425734,1.0,True
P00533_CHEMBL5415565,1.0,True
P00533_CHEMBL5437252,1.0,True
P00533_CHEMBL5408586,1.0,True
P00533_CHEMBL5429838,1.0,True
P00533_CHEMBL5408234,1.0,True
P00533_CHEMBL5401943,1.0,True
P00533_CHEMBL5404799,1.0,True
P00533_CHEMBL5403085,1.0,True
P00533_CHEMBL5408900,1.0,True
P00533_CHEMBL5400975,1.0,True
P00533_CHEMBL5413772,1.0,True
P00533_CHEMBL5405436,1.0,True
P00533_CHEMBL5402816,1.0,True
P00533_CHEMBL5414512,1.0,True
P00533_CHEMBL5418732,1.0,True
P00533_CHEMBL5416812,1.0,True
P00533_CHEMBL5415613,1.0,True
P00533_CHEMBL5415774,1.0,True
P00533_CHEMBL5438940,1.0,True
P00533_CHEMBL5408255,1.0,True
P00533_CHEMBL5404784,1.0,True
P00533_CHEMBL5400143,1.0,True
P00533_CHEMBL5417458,1.0,True
P00533_CHEMBL5401125,1.0,True
P00533_CHEMBL5427952,1.0,True
P00533_CHEMBL5410422,1.0,True
P00533_CHEMBL5434067,1.0,True
P00533_CHEMBL5405737,1.0,True
P00533_CHEMBL5401619,1.0,True
P00533_CHEMBL5398953,1.0,True
P00533_CHEMBL5427116,1.0,True
P00533_CHEMBL5436057,1.0,True
P00533_CHEMBL5422465,1.0,True
P00533_CHEMBL5417607,1.0,True
P00533_CHEMBL5434169,1.0,True
P00533_CHEMBL5412108,1.0,True
P00533_CHEMBL5424597,1.0,True
P00533_CHEMBL5409629,1.0,True
P00533_CHEMBL5420857,1.0,True
P00533_CHEMBL5404315,1.0,True
P00533_CHEMBL5418474,1.0,True
P00533_CHEMBL5431583,1.0,True
P00533_CHEMBL5413223,1.0,True
P00533_CHEMBL5432592,1.0,True
P00533_CHEMBL5436096,1.0,True
P00533_CHEMBL5434318,1.0,True
P00533_CHEMBL5403478,1.0,True
P00533_CHEMBL5424694,1.0,True
P00533_CHEMBL5419520,1.0,True
P00533_CHEMBL5406951,1.0,True
P00533_CHEMBL5398727,1.0,True
P00533_CHEMBL5420945,1.0,True
P00533_CHEMBL5425883,1.0,True
P00533_CHEMBL5406771,1.0,True
P00533_CHEMBL5439547,1.0,True
P00533_CHEMBL5440989,1.0,True
P00533_CHEMBL5435881,1.0,True
P00533_CHEMBL5439991,1.0,True
P00533_CHEMBL5423287,1.0,True
P00533_CHEMBL5435735,1.0,True
P00533_CHEMBL5401094,1.0,True
P00533_CHEMBL5431909,1.0,True
P00533_CHEMBL5419934,1.0,True
P00533_CHEMBL5429059,1.0,True
P00533_CHEMBL5440872,1.0,True
P00533_CHEMBL5438568,1.0,True
P00533_CHEMBL5411378,1.0,True
P00533_CHEMBL5401705,1.0,True
P00533_CHEMBL5411347,1.0,True
P00533_CHEMBL5440766,1.0,True
P00533_CHEMBL5418313,1.0,True
P00533_CHEMBL5414964,1.0,True
P00533_CHEMBL5398855,1.0,True
P00533_CHEMBL5398800,1.0,True
P00533_CHEMBL5439126,1.0,True
P00533_CHEMBL5418087,1.0,True
P00533_CHEMBL5428404,1.0,True
P00533_CHEMBL5397490,1.0,True
P00533_CHEMBL5411617,1.0,True
P00533_CHEMBL5404033,1.0,True
P00533_CHEMBL5436321,1.0,True
P00533_CHEMBL5417494,1.0,True
P00533_CHEMBL5433431,1.0,True
P00533_CHEMBL5439652,1.0,True
P00533_CHEMBL5395404,1.0,True
P00533_CHEMBL5425169,1.0,True
P00533_CHEMBL5411535,1.0,True
P00533_CHEMBL5397983,1.0,True
P00533_CHEMBL5401604,1.0,True
P00533_CHEMBL5429694,1.0,True
P00533_CHEMBL5430683,1.0,True
P00533_CHEMBL5421809,1.0,True
P00533_CHEMBL5401490,1.0,True
P00533_CHEMBL5436634,1.0,True
P00533_CHEMBL5441026,1.0,True
P00533_CHEMBL5396183,1.0,True
P00533_CHEMBL5416668,1.0,True
P00533_CHEMBL5400539,1.0,True
P00533_CHEMBL5397557,1.0,True
P00533_CHEMBL5439143,1.0,True
P00533_CHEMBL5425121,1.0,True
P00915_CHEMBL5433200,1.0,True
P00915_CHEMBL5418092,1.0,True
P00915_CHEMBL5431609,1.0,True
P00915_CHEMBL5434405,1.0,True
P00915_CHEMBL5399412,1.0,True
P00915_CHEMBL5410769,1.0,True
P00915_CHEMBL5430974,1.0,True
P00915_CHEMBL5420563,1.0,True
P00915_CHEMBL5434750,1.0,True
P00915_CHEMBL5394374,1.0,True
P00915_CHEMBL5439211,1.0,True
P00915_CHEMBL5420568,1.0,True
P00915_CHEMBL5429492,1.0,True
P00915_CHEMBL5425027,1.0,True
P00915_CHEMBL5406311,1.0,True
P00915_CHEMBL5418946,1.0,True
P00915_CHEMBL5395028,1.0,True
P00915_CHEMBL5408660,1.0,True
P00915_CHEMBL5394136,1.0,True
P00915_CHEMBL5428616,1.0,True
P00915_CHEMBL5411236,1.0,True
P00915_CHEMBL5434644,1.0,True
P00915_CHEMBL5418325,1.0,True
P00915_CHEMBL5418448,1.0,True
P00915_CHEMBL5396521,1.0,True
P00915_CHEMBL5406454,1.0,True
P00915_CHEMBL5415157,1.0,True
P00915_CHEMBL5430687,1.0,True
P00915_CHEMBL5402415,1.0,True
P00915_CHEMBL5403443,1.0,True
P00915_CHEMBL5423785,1.0,True
P00915_CHEMBL5420806,1.0,True
P00915_CHEMBL5408282,1.0,True
P00915_CHEMBL5403015,1.0,True
P00915_CHEMBL5418584,1.0,True
P00915_CHEMBL5430954,1.0,True
P00915_CHEMBL5398870,1.0,True
P00915_CHEMBL5408801,1.0,True
P00915_CHEMBL5427771,1.0,True
P00915_CHEMBL5412006,1.0,True
P00915_CHEMBL5408039,1.0,True
P00915_CHEMBL5417623,1.0,True
P00915_CHEMBL5419120,1.0,True
P00915_CHEMBL5419562,1.0,True
P00915_CHEMBL5409839,1.0,True
P00915_CHEMBL5406763,1.0,True
P00915_CHEMBL5398527,1.0,True
P00915_CHEMBL5398482,1.0,True
P00915_CHEMBL5404478,1.0,True
P00915_CHEMBL5430744,1.0,True
P00915_CHEMBL5404207,1.0,True
P00915_CHEMBL5432122,1.0,True
P00915_CHEMBL5400096,1.0,True
P00915_CHEMBL5427772,1.0,True
P00915_CHEMBL5439825,1.0,True
P00915_CHEMBL5424006,1.0,True
P00915_CHEMBL5419432,1.0,True
P00915_CHEMBL5409853,1.0,True
P00915_CHEMBL5436128,1.0,True
P00915_CHEMBL5411012,1.0,True
P00915_CHEMBL5427767,1.0,True
P00915_CHEMBL5412673,1.0,True
P00915_CHEMBL5413719,1.0,True
P00915_CHEMBL5434757,1.0,True
P00915_CHEMBL5431226,1.0,True
P00915_CHEMBL5400438,1.0,True
P00915_CHEMBL5422561,1.0,True
P00915_CHEMBL5399183,1.0,True
P00915_CHEMBL5437429,1.0,True
P00915_CHEMBL5431631,1.0,True
P00915_CHEMBL5411887,1.0,True
P00915_CHEMBL5408930,1.0,True
P00915_CHEMBL5422492,1.0,True
P00915_CHEMBL5438275,1.0,True
P00915_CHEMBL5411466,1.0,True
P00915_CHEMBL5419182,1.0,True
P00915_CHEMBL5428815,1.0,True
P00915_CHEMBL5435073,1.0,True
P00915_CHEMBL5438823,1.0,True
P00915_CHEMBL5406041,1.0,True
P00915_CHEMBL5402391,1.0,True
P00915_CHEMBL5438178,1.0,True
P00915_CHEMBL5433495,1.0,True
P00915_CHEMBL5440256,1.0,True
P00915_CHEMBL5439068,1.0,True
P00915_CHEMBL5406460,1.0,True
P00915_CHEMBL5401486,1.0,True
P00915_CHEMBL5424643,1.0,True
P00915_CHEMBL5438359,1.0,True
P00915_CHEMBL5395842,1.0,True
P00915_CHEMBL5402861,1.0,True
P00915_CHEMBL5422807,1.0,True
P00915_CHEMBL5415701,1.0,True
P00915_CHEMBL5417652,1.0,True
P00915_CHEMBL5430843,1.0,True
P00915_CHEMBL5415971,1.0,True
P00915_CHEMBL5434579,1.0,True
P00915_CHEMBL5427495,1.0,True
P00915_CHEMBL5396279,1.0,True
P00915_CHEMBL5427064,1.0,True
P00915_CHEMBL5434717,1.0,True
P00915_CHEMBL5405313,1.0,True
P00915_CHEMBL5428119,1.0,True
P00915_CHEMBL5399497,1.0,True
P00915_CHEMBL5406828,1.0,True
P00915_CHEMBL5421787,1.0,True
P00915_CHEMBL5410832,1.0,True
P00915_CHEMBL5396229,1.0,True
P00915_CHEMBL5400915,1.0,True
P00915_CHEMBL5423723,1.0,True
P00915_CHEMBL5409485,1.0,True
P00915_CHEMBL5411876,1.0,True
P00915_CHEMBL5430806,1.0,True
P00915_CHEMBL5427215,1.0,True
P00915_CHEMBL5418987,1.0,True
P00915_CHEMBL5417966,1.0,True
P00915_CHEMBL5427397,1.0,True
P00915_CHEMBL5393899,1.0,True
P00915_CHEMBL5416640,1.0,True
P00915_CHEMBL5399753,1.0,True
P00915_CHEMBL5432003,1.0,True
P00915_CHEMBL5399026,1.0,True
P00915_CHEMBL5413773,1.0,True
P00915_CHEMBL5416330,1.0,True
P00915_CHEMBL5429247,1.0,True
P00915_CHEMBL5438146,1.0,True
P00915_CHEMBL5400590,1.0,True
P00915_CHEMBL5423705,1.0,True
P00915_CHEMBL5420340,1.0,True
P00915_CHEMBL5418256,1.0,True
P00915_CHEMBL5408414,1.0,True
P00915_CHEMBL5422630,1.0,True
P00915_CHEMBL5412024,1.0,True
P00915_CHEMBL5424738,1.0,True
P00915_CHEMBL5423986,1.0,True
P00915_CHEMBL5439333,1.0,True
P00915_CHEMBL5435748,1.0,True
P00915_CHEMBL5422747,1.0,True
P00915_CHEMBL5423626,1.0,True
P00915_CHEMBL5407099,1.0,True
P00915_CHEMBL5439232,1.0,True
P00915_CHEMBL5412326,1.0,True
P00915_CHEMBL5404854,1.0,True
P00915_CHEMBL5434475,1.0,True
P00915_CHEMBL5398061,1.0,True
P00915_CHEMBL5422153,1.0,True
P00915_CHEMBL5395857,1.0,True
P00915_CHEMBL5397659,1.0,True
P00915_CHEMBL5419752,1.0,True
P00915_CHEMBL5404038,1.0,True
P00915_CHEMBL5439318,1.0,True
P00915_CHEMBL5405279,1.0,True
P00915_CHEMBL5437142,1.0,True
P00915_CHEMBL5420020,1.0,True
P00915_CHEMBL5432770,1.0,True
P00915_CHEMBL5395679,1.0,True
P00915_CHEMBL5424727,1.0,True
P00915_CHEMBL5425125,1.0,True
P00915_CHEMBL5412351,1.0,True
P00915_CHEMBL5424664,1.0,True
P00915_CHEMBL5420931,1.0,True
P00915_CHEMBL5417084,1.0,True
P00915_CHEMBL5430482,1.0,True
P00915_CHEMBL5414077,1.0,True
P00915_CHEMBL5402143,1.0,True
P00915_CHEMBL5426216,1.0,True
P00915_CHEMBL5413021,1.0,True
P00915_CHEMBL5402145,1.0,True
P00915_CHEMBL5438010,1.0,True
P00915_CHEMBL5421531,1.0,True
P00915_CHEMBL5411936,1.0,True
P00915_CHEMBL5419447,1.0,True
P00915_CHEMBL5396393,1.0,True
P00915_CHEMBL5409658,1.0,True
P00915_CHEMBL5413693,1.0,True
P00915_CHEMBL5429073,1.0,True
P00915_CHEMBL5401434,1.0,True
P00915_CHEMBL5402497,1.0,True
P00915_CHEMBL5412870,1.0,True
P00915_CHEMBL5432551,1.0,True
P00915_CHEMBL5419500,1.0,True
P00915_CHEMBL5420864,1.0,True
P00915_CHEMBL5432940,1.0,True
P00915_CHEMBL5402055,1.0,True
P00915_CHEMBL5419817,1.0,True
P00915_CHEMBL5422706,1.0,True
P00915_CHEMBL5425202,1.0,True
P00915_CHEMBL5433765,1.0,True
P00915_CHEMBL5420539,1.0,True
P00915_CHEMBL5395423,1.0,True
P00915_CHEMBL5405733,1.0,True
P00915_CHEMBL5403355,1.0,True
P00915_CHEMBL5407842,1.0,True
P00915_CHEMBL5396530,1.0,True
P00915_CHEMBL5397521,1.0,True
P00915_CHEMBL5439370,1.0,True
P00915_CHEMBL5415949,1.0,True
P00915_CHEMBL5395274,1.0,True
P00915_CHEMBL5407876,1.0,True
P00915_CHEMBL5430374,1.0,True
P00915_CHEMBL5403578,1.0,True
P00915_CHEMBL5439016,1.0,True
P00915_CHEMBL5430474,1.0,True
P00915_CHEMBL5439521,1.0,True
P00915_CHEMBL5433722,1.0,True
P00915_CHEMBL5416307,1.0,True
P00915_CHEMBL5402383,1.0,True
P00915_CHEMBL5397739,1.0,True
P00915_CHEMBL5399974,1.0,True
P00915_CHEMBL5420429,1.0,True
P00915_CHEMBL5414672,1.0,True
P00915_CHEMBL5413921,1.0,True
P00915_CHEMBL5423604,1.0,True
P00915_CHEMBL5436862,1.0,True
P00915_CHEMBL5422102,1.0,True
P00915_CHEMBL5406077,1.0,True
P00915_CHEMBL5440906,1.0,True
P00915_CHEMBL5440763,1.0,True
P00915_CHEMBL5436282,1.0,True
P00915_CHEMBL5411702,1.0,True
P00915_CHEMBL5414836,1.0,True
P00915_CHEMBL5418786,1.0,True
P00915_CHEMBL5412077,1.0,True
P00915_CHEMBL5433578,1.0,True
P00915_CHEMBL5399204,1.0,True
P00915_CHEMBL5433154,1.0,True
P00915_CHEMBL5409881,1.0,True
P00915_CHEMBL5403938,1.0,True
P00915_CHEMBL5421790,1.0,True
P00915_CHEMBL5432812,1.0,True
P00915_CHEMBL5408885,1.0,True
P00915_CHEMBL5403077,1.0,True
P00915_CHEMBL5420858,1.0,True
P00915_CHEMBL5396677,1.0,True
P00915_CHEMBL5413403,1.0,True
P00915_CHEMBL5410282,1.0,True
P00915_CHEMBL5422467,1.0,True
P00915_CHEMBL5417595,1.0,True
P00915_CHEMBL5402892,1.0,True
P00915_CHEMBL5421078,1.0,True
P00915_CHEMBL5435151,1.0,True
P00915_CHEMBL5404239,1.0,True
P00915_CHEMBL5440220,1.0,True
P00915_CHEMBL5400662,1.0,True
P00915_CHEMBL5436091,1.0,True
P00915_CHEMBL5415766,1.0,True
P00915_CHEMBL5431518,1.0,True
P00918_CHEMBL5433200,1.0,True
P00918_CHEMBL5418092,1.0,True
P00918_CHEMBL5431609,1.0,True
P00918_CHEMBL5434405,1.0,True
P00918_CHEMBL5414353,1.0,True
P00918_CHEMBL5399412,1.0,True
P00918_CHEMBL5410769,1.0,True
P00918_CHEMBL5430974,1.0,True
P00918_CHEMBL5420563,1.0,True
P00918_CHEMBL5422580,1.0,True
P00918_CHEMBL5434750,1.0,True
P00918_CHEMBL5394374,1.0,True
P00918_CHEMBL5439211,1.0,True
P00918_CHEMBL5420568,1.0,True
P00918_CHEMBL5429492,1.0,True
P00918_CHEMBL5425027,1.0,True
P00918_CHEMBL5406311,1.0,True
P00918_CHEMBL5418946,1.0,True
P00918_CHEMBL5395028,1.0,True
P00918_CHEMBL5408660,1.0,True
P00918_CHEMBL5394136,1.0,True
P00918_CHEMBL5428616,1.0,True
P00918_CHEMBL5411236,1.0,True
P00918_CHEMBL5434644,1.0,True
P00918_CHEMBL5418325,1.0,True
P00918_CHEMBL5418448,1.0,True
P00918_CHEMBL5396521,1.0,True
P00918_CHEMBL5406454,1.0,True
P00918_CHEMBL5415157,1.0,True
P00918_CHEMBL5430687,1.0,True
P00918_CHEMBL5402415,1.0,True
P00918_CHEMBL5403443,1.0,True
P00918_CHEMBL5423785,1.0,True
P00918_CHEMBL5420806,1.0,True
P00918_CHEMBL5408282,1.0,True
P00918_CHEMBL5403015,1.0,True
P00918_CHEMBL5418584,1.0,True
P00918_CHEMBL5430954,1.0,True
P00918_CHEMBL5398870,1.0,True
P00918_CHEMBL5408801,1.0,True
P00918_CHEMBL5427771,1.0,True
P00918_CHEMBL5412006,1.0,True
P00918_CHEMBL5408039,1.0,True
P00918_CHEMBL5417623,1.0,True
P00918_CHEMBL5419120,1.0,True
P00918_CHEMBL5419562,1.0,True
P00918_CHEMBL5409839,1.0,True
P00918_CHEMBL5406763,1.0,True
P00918_CHEMBL5398527,1.0,True
P00918_CHEMBL5398482,1.0,True
P00918_CHEMBL5404478,1.0,True
P00918_CHEMBL5430744,1.0,True
P00918_CHEMBL5404207,1.0,True
P00918_CHEMBL5432122,1.0,True
P00918_CHEMBL5400096,1.0,True
P00918_CHEMBL5427772,1.0,True
P00918_CHEMBL5439825,1.0,True
P00918_CHEMBL5424006,1.0,True
P00918_CHEMBL5419432,1.0,True
P00918_CHEMBL5409853,1.0,True
P00918_CHEMBL5435757,1.0,True
P00918_CHEMBL5436128,1.0,True
P00918_CHEMBL5411012,1.0,True
P00918_CHEMBL5427767,1.0,True
P00918_CHEMBL5412673,1.0,True
P00918_CHEMBL5413719,1.0,True
P00918_CHEMBL5434757,1.0,True
P00918_CHEMBL5431226,1.0,True
P00918_CHEMBL5400438,1.0,True
P00918_CHEMBL5422561,1.0,True
P00918_CHEMBL5399183,1.0,True
P00918_CHEMBL5437429,1.0,True
P00918_CHEMBL5418551,1.0,True
P00918_CHEMBL5417736,1.0,True
P00918_CHEMBL5431631,1.0,True
P00918_CHEMBL5411887,1.0,True
P00918_CHEMBL5408930,1.0,True
P00918_CHEMBL5406683,1.0,True
P00918_CHEMBL5414681,1.0,True
P00918_CHEMBL5405122,1.0,True
P00918_CHEMBL5422492,1.0,True
P00918_CHEMBL5438275,1.0,True
P00918_CHEMBL5411466,1.0,True
P00918_CHEMBL5419182,1.0,True
P00918_CHEMBL5428815,1.0,True
P00918_CHEMBL5435073,1.0,True
P00918_CHEMBL5438823,1.0,True
P00918_CHEMBL5406041,1.0,True
P00918_CHEMBL5402391,1.0,True
P00918_CHEMBL5438178,1.0,True
P00918_CHEMBL5438727,1.0,True
P00918_CHEMBL5433495,1.0,True
P00918_CHEMBL5440256,1.0,True
P00918_CHEMBL5433631,1.0,True
P00918_CHEMBL5439068,1.0,True
P00918_CHEMBL5406460,1.0,True
P00918_CHEMBL5401486,1.0,True
P00918_CHEMBL5424643,1.0,True
P00918_CHEMBL5438359,1.0,True
P00918_CHEMBL5395842,1.0,True
P00918_CHEMBL5402861,1.0,True
P00918_CHEMBL5422807,1.0,True
P00918_CHEMBL5415701,1.0,True
P00918_CHEMBL5417652,1.0,True
P00918_CHEMBL5430843,1.0,True
P00918_CHEMBL5415971,1.0,True
P00918_CHEMBL5434579,1.0,True
P00918_CHEMBL5427495,1.0,True
P00918_CHEMBL5396279,1.0,True
P00918_CHEMBL5427064,1.0,True
P00918_CHEMBL5434717,1.0,True
P00918_CHEMBL5405313,1.0,True
P00918_CHEMBL5428119,1.0,True
P00918_CHEMBL5399497,1.0,True
P00918_CHEMBL5416544,1.0,True
P00918_CHEMBL5413914,1.0,True
P00918_CHEMBL5435567,1.0,True
P00918_CHEMBL5406828,1.0,True
P00918_CHEMBL5421787,1.0,True
P00918_CHEMBL5410832,1.0,True
P00918_CHEMBL5396229,1.0,True
P00918_CHEMBL5400915,1.0,True
P00918_CHEMBL5423723,1.0,True
P00918_CHEMBL5409485,1.0,True
P00918_CHEMBL5411876,1.0,True
P00918_CHEMBL5430806,1.0,True
P00918_CHEMBL5427215,1.0,True
P00918_CHEMBL5418987,1.0,True
P00918_CHEMBL5417966,1.0,True
P00918_CHEMBL5427397,1.0,True
P00918_CHEMBL5393899,1.0,True
P00918_CHEMBL5416640,1.0,True
P00918_CHEMBL5399753,1.0,True
P00918_CHEMBL5432003,1.0,True
P00918_CHEMBL5399026,1.0,True
P00918_CHEMBL5413773,1.0,True
P00918_CHEMBL5416330,1.0,True
P00918_CHEMBL5429247,1.0,True
P00918_CHEMBL5438146,1.0,True
P00918_CHEMBL5400590,1.0,True
P00918_CHEMBL5423705,1.0,True
P00918_CHEMBL5420340,1.0,True
P00918_CHEMBL5418256,1.0,True
P00918_CHEMBL5408414,1.0,True
P00918_CHEMBL5422630,1.0,True
P00918_CHEMBL5412024,1.0,True
P00918_CHEMBL5424738,1.0,True
P00918_CHEMBL5423986,1.0,True
P00918_CHEMBL5439333,1.0,True
P00918_CHEMBL5435748,1.0,True
P00918_CHEMBL5422747,1.0,True
P00918_CHEMBL5423626,1.0,True
P00918_CHEMBL5407099,1.0,True
P00918_CHEMBL5439232,1.0,True
P00918_CHEMBL5412326,1.0,True
P00918_CHEMBL5404854,1.0,True
P00918_CHEMBL5434475,1.0,True
P00918_CHEMBL5398061,1.0,True
P00918_CHEMBL5422153,1.0,True
P00918_CHEMBL5395857,1.0,True
P00918_CHEMBL5397659,1.0,True
P00918_CHEMBL5419752,1.0,True
P00918_CHEMBL5404038,1.0,True
P00918_CHEMBL5439318,1.0,True
P00918_CHEMBL5405279,1.0,True
P00918_CHEMBL5437142,1.0,True
P00918_CHEMBL5420020,1.0,True
P00918_CHEMBL5432770,1.0,True
P00918_CHEMBL5395679,1.0,True
P00918_CHEMBL5424727,1.0,True
P00918_CHEMBL5425125,1.0,True
P00918_CHEMBL5412351,1.0,True
P00918_CHEMBL5424664,1.0,True
P00918_CHEMBL5420931,1.0,True
P00918_CHEMBL5417084,1.0,True
P00918_CHEMBL5430482,1.0,True
P00918_CHEMBL5414077,1.0,True
P00918_CHEMBL5402143,1.0,True
P00918_CHEMBL5426216,1.0,True
P00918_CHEMBL5413021,1.0,True
P00918_CHEMBL5402145,1.0,True
P00918_CHEMBL5438010,1.0,True
P00918_CHEMBL5421531,1.0,True
P00918_CHEMBL5411936,1.0,True
P00918_CHEMBL5419447,1.0,True
P00918_CHEMBL5396393,1.0,True
P00918_CHEMBL5409658,1.0,True
P00918_CHEMBL5413693,1.0,True
P00918_CHEMBL5429073,1.0,True
P00918_CHEMBL5401434,1.0,True
P00918_CHEMBL5402497,1.0,True
P00918_CHEMBL5412870,1.0,True
P00918_CHEMBL5432551,1.0,True
P00918_CHEMBL5419500,1.0,True
P00918_CHEMBL5420864,1.0,True
P00918_CHEMBL5432940,1.0,True
P00918_CHEMBL5402055,1.0,True
P00918_CHEMBL5419817,1.0,True
P00918_CHEMBL5422706,1.0,True
P00918_CHEMBL5425202,1.0,True
P00918_CHEMBL5433765,1.0,True
P00918_CHEMBL5420539,1.0,True
P00918_CHEMBL5395423,1.0,True
P00918_CHEMBL5405733,1.0,True
P00918_CHEMBL5403355,1.0,True
P00918_CHEMBL5407842,1.0,True
P00918_CHEMBL5396530,1.0,True
P00918_CHEMBL5397521,1.0,True
P00918_CHEMBL5439370,1.0,True
P00918_CHEMBL5415949,1.0,True
P00918_CHEMBL5395274,1.0,True
P00918_CHEMBL5407876,1.0,True
P00918_CHEMBL5430374,1.0,True
P00918_CHEMBL5403578,1.0,True
P00918_CHEMBL5439016,1.0,True
P00918_CHEMBL5430474,1.0,True
P00918_CHEMBL5439521,1.0,True
P00918_CHEMBL5433722,1.0,True
P00918_CHEMBL5416307,1.0,True
P00918_CHEMBL5402383,1.0,True
P00918_CHEMBL5397739,1.0,True
P00918_CHEMBL5399974,1.0,True
P00918_CHEMBL5420429,1.0,True
P00918_CHEMBL5414672,1.0,True
P00918_CHEMBL5413921,1.0,True
P00918_CHEMBL5423604,1.0,True
P00918_CHEMBL5436862,1.0,True
P00918_CHEMBL5422102,1.0,True
P00918_CHEMBL5406077,1.0,True
P00918_CHEMBL5440906,1.0,True
P00918_CHEMBL5440763,1.0,True
P00918_CHEMBL5436282,1.0,True
P00918_CHEMBL5411702,1.0,True
P00918_CHEMBL5414836,1.0,True
P00918_CHEMBL5418786,1.0,True
P00918_CHEMBL5412077,1.0,True
P00918_CHEMBL5433578,1.0,True
P00918_CHEMBL5399204,1.0,True
P00918_CHEMBL5433154,1.0,True
P00918_CHEMBL5409881,1.0,True
P00918_CHEMBL5403938,1.0,True
P00918_CHEMBL5421790,1.0,True
P00918_CHEMBL5433629,1.0,True
P00918_CHEMBL5425764,1.0,True
P00918_CHEMBL5420500,1.0,True
P00918_CHEMBL5432812,1.0,True
P00918_CHEMBL5408885,1.0,True
P00918_CHEMBL5403077,1.0,True
P00918_CHEMBL5420858,1.0,True
P00918_CHEMBL5396677,1.0,True
P00918_CHEMBL5413403,1.0,True
P00918_CHEMBL5410282,1.0,True
P00918_CHEMBL5422467,1.0,True
P00918_CHEMBL5417595,1.0,True
P00918_CHEMBL5402892,1.0,True
P00918_CHEMBL5421078,1.0,True
P00918_CHEMBL5435151,1.0,True
P00918_CHEMBL5404239,1.0,True
P00918_CHEMBL5440220,1.0,True
P00918_CHEMBL5400662,1.0,True
P00918_CHEMBL5436091,1.0,True
P00918_CHEMBL5415766,1.0,True
P00918_CHEMBL5431518,1.0,True
P01116_CHEMBL5405893,1.0,True
P01116_CHEMBL5430615,1.0,True
P01116_CHEMBL5436936,1.0,True
P01116_CHEMBL5394061,1.0,True
P01116_CHEMBL5431314,1.0,True
P01116_CHEMBL5406019,1.0,True
P01116_CHEMBL5437416,1.0,True
P01116_CHEMBL5397857,1.0,True
P01116_CHEMBL5408905,1.0,True
P01116_CHEMBL5401101,1.0,True
P01116_CHEMBL5413564,1.0,True
P01116_CHEMBL5415578,1.0,True
P01116_CHEMBL5402298,1.0,True
P01116_CHEMBL5408294,1.0,True
P01116_CHEMBL5434304,1.0,True
P01116_CHEMBL5396905,1.0,True
P01116_CHEMBL5397270,1.0,True
P01116_CHEMBL5434387,1.0,True
P01116_CHEMBL5436538,1.0,True
P01116_CHEMBL5423732,1.0,True
P01116_CHEMBL5439404,1.0,True
P01116_CHEMBL5411433,1.0,True
P01116_CHEMBL5440242,1.0,True
P01116_CHEMBL5411023,1.0,True
P01116_CHEMBL5434277,1.0,True
P01116_CHEMBL5430597,1.0,True
P01116_CHEMBL5401145,1.0,True
P01116_CHEMBL5420106,1.0,True
P01116_CHEMBL5413109,1.0,True
P01116_CHEMBL5429450,1.0,True
P01116_CHEMBL5413213,1.0,True
P01116_CHEMBL5407974,1.0,True
P01116_CHEMBL5423141,1.0,True
P01116_CHEMBL5440407,1.0,True
P01116_CHEMBL5432250,1.0,True
P01116_CHEMBL5433325,1.0,True
P01116_CHEMBL5399365,1.0,True
P01116_CHEMBL5434458,1.0,True
P01116_CHEMBL5407525,1.0,True
P01116_CHEMBL5407640,1.0,True
P01116_CHEMBL5439684,1.0,True
P01116_CHEMBL5403842,1.0,True
P01116_CHEMBL5421903,1.0,True
P01116_CHEMBL5400481,1.0,True
P01116_CHEMBL5400366,1.0,True
P01116_CHEMBL5403626,1.0,True
P01116_CHEMBL5401087,1.0,True
P01116_CHEMBL5429318,1.0,True
P01116_CHEMBL5438399,1.0,True
P01116_CHEMBL5405632,1.0,True
P01116_CHEMBL5426739,1.0,True
P01116_CHEMBL5398980,1.0,True
P03372_CHEMBL5408419,1.0,True
P03372_CHEMBL5435203,1.0,True
P03372_CHEMBL5419649,1.0,True
P03372_CHEMBL5414572,1.0,True
P03372_CHEMBL5428681,1.0,True
P03372_CHEMBL5406865,1.0,True
P03372_CHEMBL5398866,1.0,True
P03372_CHEMBL5432102,1.0,True
P03372_CHEMBL5432210,1.0,True
P03372_CHEMBL5409872,1.0,True
P03372_CHEMBL5425958,1.0,True
P03372_CHEMBL5430840,1.0,True
P03372_CHEMBL5402062,1.0,True
P03372_CHEMBL5422265,1.0,True
P03372_CHEMBL5418457,1.0,True
P03372_CHEMBL5438497,1.0,True
P03372_CHEMBL5394554,1.0,True
P03372_CHEMBL5421913,1.0,True
P03372_CHEMBL5397899,1.0,True
P03372_CHEMBL5436713,1.0,True
P03372_CHEMBL5435743,1.0,True
P03372_CHEMBL5423781,1.0,True
P03372_CHEMBL5394879,1.0,True
P03372_CHEMBL5423408,1.0,True
P03372_CHEMBL5403080,1.0,True
P03372_CHEMBL5407335,1.0,True
P03372_CHEMBL5414659,1.0,True
P03372_CHEMBL5424929,1.0,True
P03372_CHEMBL5426251,1.0,True
P03372_CHEMBL5423258,1.0,True
P03372_CHEMBL5414261,1.0,True
P03372_CHEMBL5433532,1.0,True
P03372_CHEMBL5398724,1.0,True
P03372_CHEMBL5396802,1.0,True
P03372_CHEMBL5409541,1.0,True
P03372_CHEMBL5417949,1.0,True
P03372_CHEMBL5404699,1.0,True
P03372_CHEMBL5420394,1.0,True
P03372_CHEMBL5427513,1.0,True
P03372_CHEMBL5403840,1.0,True
P03372_CHEMBL5406802,1.0,True
P03372_CHEMBL5424786,1.0,True
P03372_CHEMBL5417452,1.0,True
P03372_CHEMBL5426947,1.0,True
P03372_CHEMBL5398397,1.0,True
P03372_CHEMBL5413289,1.0,True
P03372_CHEMBL5404403,1.0,True
P03372_CHEMBL5409715,1.0,True
P03372_CHEMBL5430117,1.0,True
P03372_CHEMBL5394007,1.0,True
P03372_CHEMBL5399056,1.0,True
P03372_CHEMBL5400203,1.0,True
P03372_CHEMBL5437007,1.0,True
P03372_CHEMBL5425664,1.0,True
P03372_CHEMBL5436409,1.0,True
P03372_CHEMBL5429522,1.0,True
P03372_CHEMBL5394016,1.0,True
P03372_CHEMBL5395953,1.0,True
P03372_CHEMBL5431822,1.0,True
P03372_CHEMBL5427627,1.0,True
P03372_CHEMBL5428797,1.0,True
P03372_CHEMBL5413340,1.0,True
P03372_CHEMBL5404063,1.0,True
P03372_CHEMBL5394546,1.0,True
P03372_CHEMBL5412790,1.0,True
P03372_CHEMBL5421409,1.0,True
P03372_CHEMBL5433442,1.0,True
P03372_CHEMBL5405944,1.0,True
P03372_CHEMBL5408038,1.0,True
P03372_CHEMBL5422315,1.0,True
P03372_CHEMBL5401146,1.0,True
P03372_CHEMBL5400803,1.0,True
P03372_CHEMBL5403786,1.0,True
P03372_CHEMBL5410004,1.0,True
P03372_CHEMBL5426175,1.0,True
P03372_CHEMBL5411799,1.0,True
P03372_CHEMBL5418690,1.0,True
P03372_CHEMBL5436925,1.0,True
P03372_CHEMBL5402392,1.0,True
P03951_CHEMBL5399926,1.0,True
P03951_CHEMBL5400859,1.0,True
P03951_CHEMBL5422323,1.0,True
P03951_CHEMBL5428779,1.0,True
P03951_CHEMBL5438074,1.0,True
P03951_CHEMBL5422380,1.0,True
P03951_CHEMBL5395642,1.0,True
P03951_CHEMBL5416393,1.0,True
P03951_CHEMBL5413065,1.0,True
P03951_CHEMBL5426898,1.0,True
P03951_CHEMBL5419603,1.0,True
P03951_CHEMBL5439061,1.0,True
P03951_CHEMBL5406534,1.0,True
P03951_CHEMBL5427891,1.0,True
P03951_CHEMBL5412953,1.0,True
P03951_CHEMBL5420409,1.0,True
P03951_CHEMBL5439131,1.0,True
P03951_CHEMBL5420055,1.0,True
P03951_CHEMBL5431336,1.0,True
P03951_CHEMBL5398062,1.0,True
P03951_CHEMBL5416199,1.0,True
P03951_CHEMBL5434010,1.0,True
P03951_CHEMBL5432831,1.0,True
P03951_CHEMBL5404596,1.0,True
P03951_CHEMBL5437779,1.0,True
P03951_CHEMBL5419156,1.0,True
P03951_CHEMBL5400795,1.0,True
P03951_CHEMBL5400667,1.0,True
P03951_CHEMBL5395901,1.0,True
P03951_CHEMBL5435153,1.0,True
P03951_CHEMBL5436073,1.0,True
P03951_CHEMBL5426362,1.0,True
P03951_CHEMBL5426903,1.0,True
P03951_CHEMBL5397593,1.0,True
P03951_CHEMBL5403102,1.0,True
P03951_CHEMBL5425168,1.0,True
P03951_CHEMBL5423135,1.0,True
P03951_CHEMBL5410680,1.0,True
P03951_CHEMBL5403224,1.0,True
P04629_CHEMBL5428085,1.0,True
P04629_CHEMBL5424164,1.0,True
P04629_CHEMBL5427137,1.0,True
P04629_CHEMBL5407680,1.0,True
P04629_CHEMBL5418921,1.0,True
P04629_CHEMBL5424443,1.0,True
P04629_CHEMBL5396900,1.0,True
P04629_CHEMBL5399402,1.0,True
P04629_CHEMBL5406952,1.0,True
P04629_CHEMBL5414386,1.0,True
P04629_CHEMBL5422637,1.0,True
P04629_CHEMBL5439768,1.0,True
P04629_CHEMBL5406821,1.0,True
P04629_CHEMBL5401624,1.0,True
P04629_CHEMBL5430182,1.0,True
P04629_CHEMBL5403006,1.0,True
P04629_CHEMBL5434198,1.0,True
P04629_CHEMBL5401850,1.0,True
P04629_CHEMBL5394214,1.0,True
P04629_CHEMBL5431124,1.0,True
P04629_CHEMBL5421662,1.0,True
P04629_CHEMBL5400169,1.0,True
P04629_CHEMBL5410147,1.0,True
P04629_CHEMBL5416521,1.0,True
P04629_CHEMBL5432219,1.0,True
P04629_CHEMBL5410884,1.0,True
P04629_CHEMBL5421829,1.0,True
P04629_CHEMBL5405759,1.0,True
P04629_CHEMBL5396972,1.0,True
P04629_CHEMBL5415833,1.0,True
P04629_CHEMBL5420615,1.0,True
P04629_CHEMBL5404881,1.0,True
P04629_CHEMBL5393854,1.0,True
P04629_CHEMBL5406744,1.0,True
P04629_CHEMBL5397303,1.0,True
P04629_CHEMBL5432162,1.0,True
P04629_CHEMBL5400736,1.0,True
P04629_CHEMBL5426828,1.0,True
P04629_CHEMBL5404983,1.0,True
P04629_CHEMBL5432542,1.0,True
P04629_CHEMBL5399648,1.0,True
P04629_CHEMBL5420150,1.0,True
P04629_CHEMBL5402864,1.0,True
P04629_CHEMBL5439790,1.0,True
P04629_CHEMBL5423111,1.0,True
P04629_CHEMBL5408496,1.0,True
P04629_CHEMBL5425999,1.0,True
P04629_CHEMBL5424704,1.0,True
P04629_CHEMBL5439446,1.0,True
P04629_CHEMBL5420852,1.0,True
P04629_CHEMBL5435158,1.0,True
P04629_CHEMBL5424463,1.0,True
P04629_CHEMBL5429187,1.0,True
P04629_CHEMBL5429940,1.0,True
P04629_CHEMBL5397250,1.0,True
P04629_CHEMBL5435416,1.0,True
P04629_CHEMBL5409434,1.0,True
P04629_CHEMBL5438019,1.0,True
P04629_CHEMBL5430106,1.0,True
P04629_CHEMBL5418250,1.0,True
P04629_CHEMBL5429009,1.0,True
P04629_CHEMBL5396416,1.0,True
P04629_CHEMBL5425790,1.0,True
P04629_CHEMBL5405656,1.0,True
P04629_CHEMBL5430972,1.0,True
P04629_CHEMBL5412525,1.0,True
P04629_CHEMBL5416004,1.0,True
P04629_CHEMBL5420791,1.0,True
P04629_CHEMBL5394049,1.0,True
P04629_CHEMBL5438621,1.0,True
P04629_CHEMBL5408929,1.0,True
P04629_CHEMBL5433110,1.0,True
P04629_CHEMBL5422195,1.0,True
P04629_CHEMBL5394378,1.0,True
P04629_CHEMBL5429379,1.0,True
P04629_CHEMBL5422461,1.0,True
P04629_CHEMBL5411653,1.0,True
P04629_CHEMBL5431604,1.0,True
P04629_CHEMBL5404930,1.0,True
P04629_CHEMBL5429933,1.0,True
P04629_CHEMBL5394749,1.0,True
P04629_CHEMBL5436505,1.0,True
P04629_CHEMBL5401007,1.0,True
P04629_CHEMBL5421856,1.0,True
P04629_CHEMBL5401510,1.0,True
P04629_CHEMBL5404415,1.0,True
P04629_CHEMBL5409228,1.0,True
P04629_CHEMBL5422996,1.0,True
P04629_CHEMBL5393979,1.0,True
P04629_CHEMBL5434909,1.0,True
P04629_CHEMBL5418831,1.0,True
P04629_CHEMBL5412950,1.0,True
P04629_CHEMBL5406403,1.0,True
P04629_CHEMBL5402630,1.0,True
P04629_CHEMBL5412694,1.0,True
P04629_CHEMBL5435508,1.0,True
P04629_CHEMBL5429071,1.0,True
P04629_CHEMBL5421895,1.0,True
P04629_CHEMBL5426432,1.0,True
P04629_CHEMBL5424554,1.0,True
P04629_CHEMBL5412491,1.0,True
P04629_CHEMBL5405520,1.0,True
P04629_CHEMBL5431992,1.0,True
P04629_CHEMBL5426605,1.0,True
P04629_CHEMBL5432702,1.0,True
P04629_CHEMBL5399429,1.0,True
P04629_CHEMBL5423414,1.0,True
P04629_CHEMBL5406562,1.0,True
P04629_CHEMBL5429205,1.0,True
P04629_CHEMBL5439400,1.0,True
P04629_CHEMBL5412443,1.0,True
P04629_CHEMBL5415584,1.0,True
P04629_CHEMBL5436311,1.0,True
P06276_CHEMBL5394478,1.0,True
P06276_CHEMBL5400593,1.0,True
P06276_CHEMBL5428978,1.0,True
P06276_CHEMBL5410208,1.0,True
P06276_CHEMBL5431791,1.0,True
P06276_CHEMBL5399188,1.0,True
P06276_CHEMBL5421921,1.0,True
P06276_CHEMBL5417071,1.0,True
P06276_CHEMBL5398025,1.0,True
P06276_CHEMBL5422164,1.0,True
P06276_CHEMBL5403494,1.0,True
P06276_CHEMBL5397813,1.0,True
P06276_CHEMBL5420941,1.0,True
P06276_CHEMBL5399726,1.0,True
P06276_CHEMBL5431372,1.0,True
P06276_CHEMBL5422439,1.0,True
P06276_CHEMBL5414976,1.0,True
P06276_CHEMBL5420342,1.0,True
P06276_CHEMBL5400996,1.0,True
P06276_CHEMBL5418052,1.0,True
P06276_CHEMBL5411459,1.0,True
P06276_CHEMBL5411568,1.0,True
P06276_CHEMBL5431415,1.0,True
P06276_CHEMBL5425456,1.0,True
P06276_CHEMBL5435772,1.0,True
P06276_CHEMBL5394683,1.0,True
P06276_CHEMBL5407856,1.0,True
P06276_CHEMBL5429001,1.0,True
P06276_CHEMBL5440735,1.0,True
P06276_CHEMBL5413749,1.0,True
P06276_CHEMBL5408610,1.0,True
P06276_CHEMBL5404420,1.0,True
P06276_CHEMBL5421463,1.0,True
P06276_CHEMBL5406889,1.0,True
P06276_CHEMBL5420247,1.0,True
P06276_CHEMBL5409611,1.0,True
P06276_CHEMBL5412993,1.0,True
P06276_CHEMBL5398273,1.0,True
P06276_CHEMBL5396049,1.0,True
P06276_CHEMBL5424979,1.0,True
P06276_CHEMBL5413699,1.0,True
P06276_CHEMBL5420880,1.0,True
P06276_CHEMBL5437254,1.0,True
P06276_CHEMBL5434796,1.0,True
P06276_CHEMBL5441139,1.0,True
P06276_CHEMBL5429766,1.0,True
P06276_CHEMBL5409303,1.0,True
P06276_CHEMBL5395691,1.0,True
P06276_CHEMBL5414324,1.0,True
P06276_CHEMBL5395228,1.0,True
P06276_CHEMBL5405929,1.0,True
P06276_CHEMBL5424787,1.0,True
P06276_CHEMBL5395270,1.0,True
P06276_CHEMBL5416421,1.0,True
P06276_CHEMBL5421196,1.0,True
P06276_CHEMBL5404463,1.0,True
P06276_CHEMBL5425753,1.0,True
P06276_CHEMBL5411758,1.0,True
P06276_CHEMBL5429690,1.0,True
P06276_CHEMBL5401121,1.0,True
P06276_CHEMBL5440083,1.0,True
P06276_CHEMBL5425341,1.0,True
P06276_CHEMBL5436185,1.0,True
P06276_CHEMBL5434452,1.0,True
P06276_CHEMBL5403457,1.0,True
P06276_CHEMBL5406359,1.0,True
P06276_CHEMBL5430829,1.0,True
P06276_CHEMBL5411397,1.0,True
P06276_CHEMBL5422050,1.0,True
P06276_CHEMBL5412500,1.0,True
P06276_CHEMBL5414873,1.0,True
P06276_CHEMBL5419243,1.0,True
P06276_CHEMBL5417346,1.0,True
P06276_CHEMBL5426103,1.0,True
P06276_CHEMBL5440753,1.0,True
P06276_CHEMBL5434553,1.0,True
P06276_CHEMBL5396497,1.0,True
P06276_CHEMBL5433692,1.0,True
P06276_CHEMBL5429608,1.0,True
P06276_CHEMBL5396394,1.0,True
P06276_CHEMBL5435599,1.0,True
P06276_CHEMBL5426763,1.0,True
P06276_CHEMBL5407369,1.0,True
P06276_CHEMBL5405546,1.0,True
P06276_CHEMBL5426641,1.0,True
P06276_CHEMBL5412278,1.0,True
P06276_CHEMBL5412829,1.0,True
P06276_CHEMBL5408735,1.0,True
P06276_CHEMBL5422875,1.0,True
P06276_CHEMBL5427320,1.0,True
P06276_CHEMBL5416357,1.0,True
P06276_CHEMBL5419364,1.0,True
P06276_CHEMBL5436261,1.0,True
P06276_CHEMBL5405496,1.0,True
P06276_CHEMBL5415210,1.0,True
P06276_CHEMBL5440573,1.0,True
P06276_CHEMBL5416559,1.0,True
P06276_CHEMBL5418400,1.0,True
P06276_CHEMBL5417185,1.0,True
P06276_CHEMBL5408893,1.0,True
P06276_CHEMBL5415204,1.0,True
P06276_CHEMBL5439292,1.0,True
P06276_CHEMBL5433937,1.0,True
P06276_CHEMBL5439067,1.0,True
P06276_CHEMBL5438175,1.0,True
P06276_CHEMBL5430903,1.0,True
P06276_CHEMBL5398901,1.0,True
P06276_CHEMBL5415150,1.0,True
P06276_CHEMBL5399673,1.0,True
P06276_CHEMBL5438801,1.0,True
P06276_CHEMBL5431870,1.0,True
P06276_CHEMBL5416710,1.0,True
P06276_CHEMBL5439093,1.0,True
P06276_CHEMBL5412564,1.0,True
P06276_CHEMBL5409365,1.0,True
P06276_CHEMBL5411394,1.0,True
P06276_CHEMBL5401934,1.0,True
P06276_CHEMBL5418088,1.0,True
P06276_CHEMBL5436917,1.0,True
P06276_CHEMBL5426401,1.0,True
P06276_CHEMBL5414920,1.0,True
P06276_CHEMBL5395541,1.0,True
P06276_CHEMBL5401178,1.0,True
P06276_CHEMBL5412854,1.0,True
P06276_CHEMBL5409352,1.0,True
P06276_CHEMBL5433139,1.0,True
P07333_CHEMBL5405436,1.0,True
P07333_CHEMBL5418732,1.0,True
P07333_CHEMBL5415503,1.0,True
P07333_CHEMBL5428147,1.0,True
P07333_CHEMBL5430774,1.0,True
P07333_CHEMBL5438171,1.0,True
P07333_CHEMBL5427025,1.0,True
P07333_CHEMBL5422579,1.0,True
P07333_CHEMBL5422465,1.0,True
P07333_CHEMBL5417607,1.0,True
P07333_CHEMBL5407395,1.0,True
P07333_CHEMBL5431736,1.0,True
P07333_CHEMBL5417420,1.0,True
P07333_CHEMBL5406229,1.0,True
P07333_CHEMBL5424810,1.0,True
P07333_CHEMBL5401076,1.0,True
P07333_CHEMBL5404686,1.0,True
P07333_CHEMBL5400254,1.0,True
P07333_CHEMBL5399299,1.0,True
P07333_CHEMBL5394928,1.0,True
P07333_CHEMBL5418474,1.0,True
P07333_CHEMBL5431583,1.0,True
P07333_CHEMBL5413223,1.0,True
P07333_CHEMBL5432592,1.0,True
P07333_CHEMBL5436096,1.0,True
P07333_CHEMBL5417945,1.0,True
P07333_CHEMBL5438430,1.0,True
P07333_CHEMBL5405639,1.0,True
P07333_CHEMBL5410996,1.0,True
P07333_CHEMBL5434318,1.0,True
P07333_CHEMBL5429835,1.0,True
P07333_CHEMBL5432649,1.0,True
P07333_CHEMBL5410355,1.0,True
P07333_CHEMBL5403478,1.0,True
P07333_CHEMBL5428255,1.0,True
P07333_CHEMBL5426924,1.0,True
P07333_CHEMBL5428593,1.0,True
P07333_CHEMBL5397493,1.0,True
P07333_CHEMBL5424694,1.0,True
P07333_CHEMBL5403333,1.0,True
P07333_CHEMBL5419520,1.0,True
P07333_CHEMBL5406951,1.0,True
P07333_CHEMBL5416633,1.0,True
P07333_CHEMBL5431035,1.0,True
P07333_CHEMBL5416379,1.0,True
P07333_CHEMBL5416772,1.0,True
P07333_CHEMBL5415647,1.0,True
P07333_CHEMBL5425883,1.0,True
P07333_CHEMBL5406771,1.0,True
P07333_CHEMBL5439547,1.0,True
P07333_CHEMBL5435513,1.0,True
P07333_CHEMBL5411378,1.0,True
P07333_CHEMBL5430633,1.0,True
P07333_CHEMBL5414671,1.0,True
P07333_CHEMBL5411522,1.0,True
P07333_CHEMBL5399857,1.0,True
P07333_CHEMBL5408316,1.0,True
P07333_CHEMBL5398307,1.0,True
P07333_CHEMBL5440766,1.0,True
P07333_CHEMBL5414964,1.0,True
P07333_CHEMBL5431785,1.0,True
P07333_CHEMBL5395449,1.0,True
P07333_CHEMBL5405206,1.0,True
P07333_CHEMBL5439126,1.0,True
P07333_CHEMBL5417719,1.0,True
P07333_CHEMBL5397426,1.0,True
P07333_CHEMBL5418087,1.0,True
P07333_CHEMBL5430348,1.0,True
P07333_CHEMBL5428404,1.0,True
P07333_CHEMBL5410595,1.0,True
P07333_CHEMBL5420485,1.0,True
P07333_CHEMBL5397490,1.0,True
P07333_CHEMBL5411617,1.0,True
P07333_CHEMBL5404033,1.0,True
P07333_CHEMBL5398778,1.0,True
P07333_CHEMBL5436321,1.0,True
P07333_CHEMBL5417494,1.0,True
P07333_CHEMBL5435576,1.0,True
P07333_CHEMBL5431339,1.0,True
P07333_CHEMBL5397557,1.0,True
P07333_CHEMBL5439143,1.0,True
P08183_CHEMBL5425185,1.0,True
P08183_CHEMBL5437398,1.0,True
P08183_CHEMBL5436340,1.0,True
P08183_CHEMBL5429850,1.0,True
P08183_CHEMBL5430468,1.0,True
P08183_CHEMBL5413805,1.0,True
P08183_CHEMBL5434737,1.0,True
P08183_CHEMBL5438188,1.0,True
P08183_CHEMBL5439235,1.0,True
P08183_CHEMBL5419493,1.0,True
P08183_CHEMBL5405329,1.0,True
P08183_CHEMBL5421503,1.0,True
P08183_CHEMBL5405630,1.0,True
P08183_CHEMBL5399482,1.0,True
P08183_CHEMBL5417686,1.0,True
P08183_CHEMBL5400964,1.0,True
P08183_CHEMBL5426932,1.0,True
P08183_CHEMBL5437506,1.0,True
P08183_CHEMBL5415709,1.0,True
P08183_CHEMBL5438538,1.0,True
P08183_CHEMBL5425919,1.0,True
P08183_CHEMBL5402480,1.0,True
P08183_CHEMBL5418484,1.0,True
P08183_CHEMBL5441059,1.0,True
P08183_CHEMBL5420094,1.0,True
P08183_CHEMBL5412607,1.0,True
P08183_CHEMBL5437560,1.0,True
P08183_CHEMBL5415893,1.0,True
P08183_CHEMBL5436448,1.0,True
P08183_CHEMBL5396671,1.0,True
P08183_CHEMBL5407482,1.0,True
P08183_CHEMBL5407412,1.0,True
P08183_CHEMBL5431081,1.0,True
P08183_CHEMBL5412371,1.0,True
P08183_CHEMBL5425892,1.0,True
P08183_CHEMBL5399662,1.0,True
P08183_CHEMBL5426025,1.0,True
P08183_CHEMBL5398052,1.0,True
P08183_CHEMBL5407313,1.0,True
P08183_CHEMBL5407159,1.0,True
P08183_CHEMBL5421510,1.0,True
P08183_CHEMBL5414246,1.0,True
P08183_CHEMBL5416933,1.0,True
P08183_CHEMBL5411388,1.0,True
P08183_CHEMBL5401765,1.0,True
P08183_CHEMBL5428669,1.0,True
P08183_CHEMBL5438795,1.0,True
P08183_CHEMBL5418459,1.0,True
P08183_CHEMBL5394148,1.0,True
P08183_CHEMBL5419927,1.0,True
P08183_CHEMBL5396336,1.0,True
P08183_CHEMBL5404144,1.0,True
P08183_CHEMBL5400694,1.0,True
P08183_CHEMBL5423555,1.0,True
P08183_CHEMBL5422672,1.0,True
P08183_CHEMBL5436137,1.0,True
P08183_CHEMBL5399386,1.0,True
P08183_CHEMBL5426234,1.0,True
P08183_CHEMBL5414919,1.0,True
P08183_CHEMBL5434966,1.0,True
P08183_CHEMBL5394194,1.0,True
P08183_CHEMBL5416906,1.0,True
P08183_CHEMBL5407375,1.0,True
P08183_CHEMBL5432918,1.0,True
P08183_CHEMBL5422643,1.0,True
P08183_CHEMBL5431776,1.0,True
P08183_CHEMBL5411739,1.0,True
P08183_CHEMBL5429916,1.0,True
P08183_CHEMBL5401629,1.0,True
P08183_CHEMBL5409465,1.0,True
P08183_CHEMBL5420038,1.0,True
P08183_CHEMBL5424759,1.0,True
P08183_CHEMBL5416557,1.0,True
P08183_CHEMBL5407483,1.0,True
P08183_CHEMBL5423562,1.0,True
P08183_CHEMBL5402347,1.0,True
P08183_CHEMBL5396962,1.0,True
P08183_CHEMBL5412611,1.0,True
P08183_CHEMBL5400984,1.0,True
P08183_CHEMBL5438614,1.0,True
P08183_CHEMBL5426953,1.0,True
P08183_CHEMBL5408118,1.0,True
P08183_CHEMBL5439145,1.0,True
P08684_CHEMBL5441414,1.0,True
P08684_CHEMBL5441415,1.0,True
P08684_CHEMBL5441417,1.0,True
P08684_CHEMBL5409856,1.0,True
P08684_CHEMBL5422322,1.0,True
P08684_CHEMBL5405570,1.0,True
P08684_CHEMBL5419165,1.0,True
P08684_CHEMBL5412917,1.0,True
P08684_CHEMBL5395642,1.0,True
P08684_CHEMBL5401381,1.0,True
P08684_CHEMBL5429440,1.0,True
P08684_CHEMBL5435085,1.0,True
P08684_CHEMBL5441413,1.0,True
P08684_CHEMBL5441401,1.0,True
P08684_CHEMBL5439866,1.0,True
P08684_CHEMBL5412953,1.0,True
P08684_CHEMBL5420409,1.0,True
P08684_CHEMBL5439131,1.0,True
P08684_CHEMBL5420055,1.0,True
P08684_CHEMBL5403040,1.0,True
P08684_CHEMBL5435819,1.0,True
P08684_CHEMBL5403485,1.0,True
P08684_CHEMBL5427758,1.0,True
P08684_CHEMBL5410914,1.0,True
P08684_CHEMBL5411496,1.0,True
P08684_CHEMBL5430409,1.0,True
P08684_CHEMBL5396316,1.0,True
P08684_CHEMBL5408831,1.0,True
P08684_CHEMBL5416830,1.0,True
P08684_CHEMBL5404974,1.0,True
P08684_CHEMBL5441398,1.0,True
P08684_CHEMBL5425736,1.0,True
P08684_CHEMBL5402399,1.0,True
P08684_CHEMBL5416061,1.0,True
P08684_CHEMBL5400274,1.0,True
P08684_CHEMBL5425498,1.0,True
P08684_CHEMBL5395411,1.0,True
P08684_CHEMBL5418212,1.0,True
P08684_CHEMBL5395688,1.0,True
P08684_CHEMBL5435782,1.0,True
P08684_CHEMBL5430709,1.0,True
P08684_CHEMBL5406811,1.0,True
P08684_CHEMBL5395784,1.0,True
P08684_CHEMBL5424297,1.0,True
P08684_CHEMBL5441391,1.0,True
P08684_CHEMBL5432620,1.0,True
P08684_CHEMBL5412197,1.0,True
P08684_CHEMBL5397192,1.0,True
P08684_CHEMBL5422931,1.0,True
P08684_CHEMBL5428544,1.0,True
P08684_CHEMBL5407563,1.0,True
P08684_CHEMBL5427813,1.0,True
P08684_CHEMBL5429860,1.0,True
P08684_CHEMBL5418057,1.0,True
P08684_CHEMBL5419892,1.0,True
P08684_CHEMBL5420576,1.0,True
P08908_CHEMBL5433300,1.0,True
P08908_CHEMBL5405562,1.0,True
P08908_CHEMBL5406900,1.0,True
P08908_CHEMBL5397704,1.0,True
P08908_CHEMBL5405414,1.0,True
P08908_CHEMBL5419441,1.0,True
P08908_CHEMBL5416678,1.0,True
P08908_CHEMBL5433857,1.0,True
P08908_CHEMBL5400892,1.0,True
P08908_CHEMBL5410706,1.0,True
P08908_CHEMBL5420304,1.0,True
P08908_CHEMBL5434373,1.0,True
P08908_CHEMBL5412886,1.0,True
P08908_CHEMBL5424897,1.0,True
P08908_CHEMBL5409134,1.0,True
P08908_CHEMBL5437660,1.0,True
P08908_CHEMBL5408223,1.0,True
P08908_CHEMBL5404054,1.0,True
P08908_CHEMBL5436003,1.0,True
P08908_CHEMBL5423649,1.0,True
P08908_CHEMBL5395867,1.0,True
P08908_CHEMBL5406837,1.0,True
P08908_CHEMBL5397523,1.0,True
P08908_CHEMBL5434229,1.0,True
P08908_CHEMBL5431103,1.0,True
P08908_CHEMBL5403268,1.0,True
P08908_CHEMBL5422870,1.0,True
P08908_CHEMBL5403204,1.0,True
P08908_CHEMBL5418283,1.0,True
P08908_CHEMBL5427695,1.0,True
P08908_CHEMBL5415412,1.0,True
P08908_CHEMBL5425252,1.0,True
P08908_CHEMBL5400232,1.0,True
P08908_CHEMBL5404031,1.0,True
P08908_CHEMBL5407925,1.0,True
P08908_CHEMBL5402096,1.0,True
P08908_CHEMBL5435580,1.0,True
P08908_CHEMBL5411002,1.0,True
P08908_CHEMBL5424052,1.0,True
P08908_CHEMBL5422196,1.0,True
P08908_CHEMBL5429491,1.0,True
P08908_CHEMBL5395668,1.0,True
P08908_CHEMBL5420627,1.0,True
P08908_CHEMBL5439203,1.0,True
P08908_CHEMBL5436641,1.0,True
P08908_CHEMBL5429826,1.0,True
P09874_CHEMBL5399361,1.0,True
P09874_CHEMBL5395127,1.0,True
P09874_CHEMBL5411930,1.0,True
P09874_CHEMBL5419831,1.0,True
P09874_CHEMBL5400153,1.0,True
P09874_CHEMBL5434732,1.0,True
P09874_CHEMBL5406001,1.0,True
P09874_CHEMBL5432851,1.0,True
P09874_CHEMBL5428217,1.0,True
P09874_CHEMBL5435200,1.0,True
P09874_CHEMBL5421873,1.0,True
P09874_CHEMBL5423934,1.0,True
P09874_CHEMBL5423161,1.0,True
P09874_CHEMBL5411446,1.0,True
P09874_CHEMBL5435531,1.0,True
P09874_CHEMBL5404171,1.0,True
P09874_CHEMBL5432860,1.0,True
P09874_CHEMBL5437947,1.0,True
P09874_CHEMBL5394020,1.0,True
P09874_CHEMBL5425070,1.0,True
P09874_CHEMBL5433754,1.0,True
P09874_CHEMBL5393999,1.0,True
P09874_CHEMBL5435418,1.0,True
P09874_CHEMBL5437680,1.0,True
P09874_CHEMBL5422955,1.0,True
P09874_CHEMBL5421652,1.0,True
P09874_CHEMBL5409104,1.0,True
P09874_CHEMBL5427401,1.0,True
P09874_CHEMBL5396940,1.0,True
P09874_CHEMBL5425005,1.0,True
P09874_CHEMBL5431841,1.0,True
P09874_CHEMBL5397084,1.0,True
P09874_CHEMBL5396037,1.0,True
P09874_CHEMBL5408420,1.0,True
P09874_CHEMBL5426926,1.0,True
P09874_CHEMBL5433982,1.0,True
P09874_CHEMBL5419303,1.0,True
P09874_CHEMBL5421189,1.0,True
P09874_CHEMBL5416514,1.0,True
P09874_CHEMBL5393855,1.0,True
P09874_CHEMBL5411021,1.0,True
P09874_CHEMBL5407371,1.0,True
P09874_CHEMBL5420282,1.0,True
P09874_CHEMBL5422190,1.0,True
P09874_CHEMBL5432591,1.0,True
P09874_CHEMBL5438098,1.0,True
P09874_CHEMBL5420649,1.0,True
P09874_CHEMBL5427942,1.0,True
P09874_CHEMBL5433095,1.0,True
P09874_CHEMBL5437110,1.0,True
P09874_CHEMBL5431101,1.0,True
P09874_CHEMBL5394860,1.0,True
P09874_CHEMBL5409257,1.0,True
P09874_CHEMBL5431329,1.0,True
P09874_CHEMBL5404678,1.0,True
P09874_CHEMBL5417871,1.0,True
P09874_CHEMBL5413064,1.0,True
P09874_CHEMBL5420171,1.0,True
P09874_CHEMBL5410421,1.0,True
P09874_CHEMBL5397810,1.0,True
P09874_CHEMBL5421786,1.0,True
P09874_CHEMBL5424475,1.0,True
P09874_CHEMBL5438488,1.0,True
P09874_CHEMBL5415928,1.0,True
P09874_CHEMBL5398663,1.0,True
P09874_CHEMBL5403416,1.0,True
P09874_CHEMBL5441085,1.0,True
P09874_CHEMBL5398128,1.0,True
P09874_CHEMBL5429533,1.0,True
P09874_CHEMBL5428997,1.0,True
P09874_CHEMBL5428376,1.0,True
P09874_CHEMBL5393840,1.0,True
P09874_CHEMBL5438131,1.0,True
P09874_CHEMBL5401937,1.0,True
P09874_CHEMBL5424406,1.0,True
P09874_CHEMBL5427132,1.0,True
P09874_CHEMBL5434068,1.0,True
P09874_CHEMBL5431934,1.0,True
P09874_CHEMBL5411944,1.0,True
P09874_CHEMBL5400911,1.0,True
P09874_CHEMBL5405947,1.0,True
P09874_CHEMBL5430669,1.0,True
P09874_CHEMBL5404605,1.0,True
P09874_CHEMBL5398361,1.0,True
P09874_CHEMBL5403532,1.0,True
P09874_CHEMBL5427693,1.0,True
P09874_CHEMBL5428981,1.0,True
P09874_CHEMBL5417544,1.0,True
P09874_CHEMBL5407016,1.0,True
P09874_CHEMBL5427365,1.0,True
P09874_CHEMBL5427638,1.0,True
P09874_CHEMBL5417122,1.0,True
P09874_CHEMBL5440303,1.0,True
P09874_CHEMBL5403607,1.0,True
P09874_CHEMBL5403789,1.0,True
P09874_CHEMBL5417924,1.0,True
P09874_CHEMBL5437055,1.0,True
P09874_CHEMBL5436743,1.0,True
P09874_CHEMBL5412306,1.0,True
P09874_CHEMBL5423216,1.0,True
P09874_CHEMBL5410501,1.0,True
P09874_CHEMBL5432616,1.0,True
P09874_CHEMBL5425729,1.0,True
P09874_CHEMBL5429957,1.0,True
P09874_CHEMBL5401127,1.0,True
P09874_CHEMBL5408163,1.0,True
P09874_CHEMBL5416682,1.0,True
P09874_CHEMBL5425393,1.0,True
P09874_CHEMBL5421957,1.0,True
P09874_CHEMBL5395197,1.0,True
P09874_CHEMBL5397203,1.0,True
P09874_CHEMBL5434897,1.0,True
P09874_CHEMBL5414478,1.0,True
P09874_CHEMBL5439635,1.0,True
P09874_CHEMBL5416806,1.0,True
P09874_CHEMBL5423072,1.0,True
P09874_CHEMBL5428859,1.0,True
P09874_CHEMBL5421933,1.0,True
P09874_CHEMBL5419639,1.0,True
P09874_CHEMBL5397373,1.0,True
P09874_CHEMBL5421335,1.0,True
P09874_CHEMBL5437813,1.0,True
P09874_CHEMBL5414994,1.0,True
P09874_CHEMBL5418896,1.0,True
P09874_CHEMBL5432033,1.0,True
P09874_CHEMBL5428478,1.0,True
P09874_CHEMBL5408263,1.0,True
P0DTD1_CHEMBL5401763,1.0,True
P0DTD1_CHEMBL5407849,1.0,True
P0DTD1_CHEMBL5435659,1.0,True
P0DTD1_CHEMBL5409319,1.0,True
P0DTD1_CHEMBL5396631,1.0,True
P0DTD1_CHEMBL5401883,1.0,True
P0DTD1_CHEMBL5406957,1.0,True
P0DTD1_CHEMBL5399907,1.0,True
P0DTD1_CHEMBL5423593,1.0,True
P0DTD1_CHEMBL5430129,1.0,True
P0DTD1_CHEMBL5408402,1.0,True
P0DTD1_CHEMBL5441037,1.0,True
P0DTD1_CHEMBL5418476,1.0,True
P0DTD1_CHEMBL5429971,1.0,True
P0DTD1_CHEMBL5429672,1.0,True
P0DTD1_CHEMBL5412724,1.0,True
P0DTD1_CHEMBL5441950,1.0,True
P0DTD1_CHEMBL5441791,1.0,True
P0DTD1_CHEMBL5411271,1.0,True
P0DTD1_CHEMBL5441510,1.0,True
P0DTD1_CHEMBL5441605,1.0,True
P0DTD1_CHEMBL5441935,1.0,True
P0DTD1_CHEMBL5441732,1.0,True
P0DTD1_CHEMBL5441826,1.0,True
P0DTD1_CHEMBL5426704,1.0,True
P0DTD1_CHEMBL5415290,1.0,True
P0DTD1_CHEMBL5427537,1.0,True
P0DTD1_CHEMBL5434998,1.0,True
P0DTD1_CHEMBL5414443,1.0,True
P0DTD1_CHEMBL5438575,1.0,True
P0DTD1_CHEMBL5409804,1.0,True
P0DTD1_CHEMBL5403964,1.0,True
P0DTD1_CHEMBL5408555,1.0,True
P0DTD1_CHEMBL5397992,1.0,True
P0DTD1_CHEMBL5440889,1.0,True
P0DTD1_CHEMBL5434494,1.0,True
P0DTD1_CHEMBL5425267,1.0,True
P0DTD1_CHEMBL5432119,1.0,True
P0DTD1_CHEMBL5441539,1.0,True
P0DTD1_CHEMBL5441427,1.0,True
P0DTD1_CHEMBL5441471,1.0,True
P0DTD1_CHEMBL5395936,1.0,True
P0DTD1_CHEMBL5410610,1.0,True
P0DTD1_CHEMBL5403352,1.0,True
P0DTD1_CHEMBL5441402,1.0,True
P0DTD1_CHEMBL5441700,1.0,True
P0DTD1_CHEMBL5424128,1.0,True
P0DTD1_CHEMBL5407708,1.0,True
P0DTD1_CHEMBL5432454,1.0,True
P0DTD1_CHEMBL5413385,1.0,True
P0DTD1_CHEMBL5396481,1.0,True
P0DTD1_CHEMBL5414071,1.0,True
P0DTD1_CHEMBL5420595,1.0,True
P0DTD1_CHEMBL5428994,1.0,True
P0DTD1_CHEMBL5426613,1.0,True
P0DTD1_CHEMBL5393926,1.0,True
P0DTD1_CHEMBL5405557,1.0,True
P0DTD1_CHEMBL5408912,1.0,True
P0DTD1_CHEMBL5433524,1.0,True
P0DTD1_CHEMBL5405589,1.0,True
P0DTD1_CHEMBL5426970,1.0,True
P0DTD1_CHEMBL5402239,1.0,True
P0DTD1_CHEMBL5415120,1.0,True
P0DTD1_CHEMBL5421269,1.0,True
P0DTD1_CHEMBL5438553,1.0,True
P0DTD1_CHEMBL5424235,1.0,True
P0DTD1_CHEMBL5426938,1.0,True
P0DTD1_CHEMBL5397697,1.0,True
P0DTD1_CHEMBL5405842,1.0,True
P0DTD1_CHEMBL5412571,1.0,True
P0DTD1_CHEMBL5405273,1.0,True
P0DTD1_CHEMBL5399660,1.0,True
P0DTD1_CHEMBL5406891,1.0,True
P0DTD1_CHEMBL5400991,1.0,True
P0DTD1_CHEMBL5434000,1.0,True
P0DTD1_CHEMBL5409249,1.0,True
P0DTD1_CHEMBL5394410,1.0,True
P0DTD1_CHEMBL5441563,1.0,True
P0DTD1_CHEMBL5442069,1.0,True
P0DTD1_CHEMBL5441727,1.0,True
P0DTD1_CHEMBL5441819,1.0,True
P0DTD1_CHEMBL5441643,1.0,True
P0DTD1_CHEMBL5441930,1.0,True
P0DTD1_CHEMBL5441856,1.0,True
P0DTD1_CHEMBL5441587,1.0,True
P0DTD1_CHEMBL5441883,1.0,True
P0DTD1_CHEMBL5441871,1.0,True
P0DTD1_CHEMBL5441794,1.0,True
P0DTD1_CHEMBL5442006,1.0,True
P0DTD1_CHEMBL5441473,1.0,True
P0DTD1_CHEMBL5441829,1.0,True
P0DTD1_CHEMBL5441570,1.0,True
P0DTD1_CHEMBL5441961,1.0,True
P0DTD1_CHEMBL5442039,1.0,True
P0DTD1_CHEMBL5441517,1.0,True
P0DTD1_CHEMBL5441425,1.0,True
P0DTD1_CHEMBL5442027,1.0,True
P0DTD1_CHEMBL5441419,1.0,True
P0DTD1_CHEMBL5441459,1.0,True
P0DTD1_CHEMBL5442050,1.0,True
P0DTD1_CHEMBL5441725,1.0,True
P0DTD1_CHEMBL5441492,1.0,True
P0DTD1_CHEMBL5441576,1.0,True
P0DTD1_CHEMBL5441571,1.0,True
P0DTD1_CHEMBL5441705,1.0,True
P0DTD1_CHEMBL5441765,1.0,True
P0DTD1_CHEMBL5441896,1.0,True
P0DTD1_CHEMBL5441683,1.0,True
P0DTD1_CHEMBL5442008,1.0,True
P0DTD1_CHEMBL5441956,1.0,True
P0DTD1_CHEMBL5441812,1.0,True
P0DTD1_CHEMBL5442158,1.0,True
P0DTD1_CHEMBL5442144,1.0,True
P0DTD1_CHEMBL5441580,1.0,True
P0DTD1_CHEMBL5441781,1.0,True
P0DTD1_CHEMBL5441515,1.0,True
P0DTD1_CHEMBL5441630,1.0,True
P0DTD1_CHEMBL5442110,1.0,True
P0DTD1_CHEMBL5441468,1.0,True
P0DTD1_CHEMBL5441882,1.0,True
P0DTD1_CHEMBL5441797,1.0,True
P0DTD1_CHEMBL5441851,1.0,True
P0DTD1_CHEMBL5442054,1.0,True
P0DTD1_CHEMBL5441972,1.0,True
P0DTD1_CHEMBL5441687,1.0,True
P0DTD1_CHEMBL5441689,1.0,True
P0DTD1_CHEMBL5441716,1.0,True
P0DTD1_CHEMBL5441822,1.0,True
P0DTD1_CHEMBL5441987,1.0,True
P0DTD1_CHEMBL5441813,1.0,True
P0DTD1_CHEMBL5441802,1.0,True
P0DTD1_CHEMBL5441724,1.0,True
P0DTD1_CHEMBL5441780,1.0,True
P0DTD1_CHEMBL5441426,1.0,True
P0DTD1_CHEMBL5441609,1.0,True
P0DTD1_CHEMBL5441696,1.0,True
P0DTD1_CHEMBL5441589,1.0,True
P0DTD1_CHEMBL5442015,1.0,True
P0DTD1_CHEMBL5441619,1.0,True
P0DTD1_CHEMBL5442153,1.0,True
P0DTD1_CHEMBL5441620,1.0,True
P0DTD1_CHEMBL5441420,1.0,True
P0DTD1_CHEMBL5441982,1.0,True
P0DTD1_CHEMBL5441397,1.0,True
P0DTD1_CHEMBL5441652,1.0,True
P0DTD1_CHEMBL5441416,1.0,True
P0DTD1_CHEMBL5441435,1.0,True
P0DTD1_CHEMBL5441434,1.0,True
P0DTD1_CHEMBL5441414,1.0,True
P0DTD1_CHEMBL5441440,1.0,True
P0DTD1_CHEMBL5441508,1.0,True
P0DTD1_CHEMBL5441634,1.0,True
P0DTD1_CHEMBL5441938,1.0,True
P0DTD1_CHEMBL5441952,1.0,True
P0DTD1_CHEMBL5441432,1.0,True
P0DTD1_CHEMBL5441433,1.0,True
P0DTD1_CHEMBL5441823,1.0,True
P0DTD1_CHEMBL5441441,1.0,True
P0DTD1_CHEMBL5441429,1.0,True
P0DTD1_CHEMBL5442036,1.0,True
P0DTD1_CHEMBL5441422,1.0,True
P0DTD1_CHEMBL5442120,1.0,True
P0DTD1_CHEMBL5442100,1.0,True
P0DTD1_CHEMBL5441423,1.0,True
P0DTD1_CHEMBL5441764,1.0,True
P0DTD1_CHEMBL5441555,1.0,True
P0DTD1_CHEMBL5441739,1.0,True
P0DTD1_CHEMBL5441990,1.0,True
P0DTD1_CHEMBL5441486,1.0,True
P0DTD1_CHEMBL5441835,1.0,True
P0DTD1_CHEMBL5442087,1.0,True
P0DTD1_CHEMBL5442049,1.0,True
P0DTD1_CHEMBL5442072,1.0,True
P0DTD1_CHEMBL5441575,1.0,True
P0DTD1_CHEMBL5441844,1.0,True
P0DTD1_CHEMBL5441506,1.0,True
P0DTD1_CHEMBL5442037,1.0,True
P0DTD1_CHEMBL5441954,1.0,True
P0DTD1_CHEMBL5441893,1.0,True
P0DTD1_CHEMBL5441755,1.0,True
P0DTD1_CHEMBL5441771,1.0,True
P0DTD1_CHEMBL5442045,1.0,True
P0DTD1_CHEMBL5441977,1.0,True
P0DTD1_CHEMBL5442077,1.0,True
P0DTD1_CHEMBL5441626,1.0,True
P0DTD1_CHEMBL5441647,1.0,True
P0DTD1_CHEMBL5441754,1.0,True
P0DTD1_CHEMBL5441533,1.0,True
P0DTD1_CHEMBL5442070,1.0,True
P0DTD1_CHEMBL5441495,1.0,True
P0DTD1_CHEMBL5441892,1.0,True
P0DTD1_CHEMBL5441936,1.0,True
P0DTD1_CHEMBL5441983,1.0,True
P0DTD1_CHEMBL5442057,1.0,True
P0DTD1_CHEMBL5441396,1.0,True
P0DTD1_CHEMBL5441387,1.0,True
P0DTD1_CHEMBL5441595,1.0,True
P0DTD1_CHEMBL5441627,1.0,True
P0DTD1_CHEMBL5441513,1.0,True
P0DTD1_CHEMBL5442114,1.0,True
P0DTD1_CHEMBL5441672,1.0,True
P0DTD1_CHEMBL5441913,1.0,True
P0DTD1_CHEMBL5442017,1.0,True
P0DTD1_CHEMBL5442067,1.0,True
P0DTD1_CHEMBL5441428,1.0,True
P0DTD1_CHEMBL5442119,1.0,True
P0DTD1_CHEMBL5441776,1.0,True
P0DTD1_CHEMBL5441991,1.0,True
P0DTD1_CHEMBL5441465,1.0,True
P0DTD1_CHEMBL5441992,1.0,True
P0DTD1_CHEMBL5441525,1.0,True
P0DTD1_CHEMBL5441516,1.0,True
P0DTD1_CHEMBL5441546,1.0,True
P0DTD1_CHEMBL5441714,1.0,True
P0DTD1_CHEMBL5441511,1.0,True
P0DTD1_CHEMBL5442116,1.0,True
P0DTD1_CHEMBL5441746,1.0,True
P0DTD1_CHEMBL5441708,1.0,True
P0DTD1_CHEMBL5441418,1.0,True
P0DTD1_CHEMBL5441613,1.0,True
P0DTD1_CHEMBL5441702,1.0,True
P0DTD1_CHEMBL5441788,1.0,True
P0DTD1_CHEMBL5442047,1.0,True
P0DTD1_CHEMBL5442061,1.0,True
P0DTD1_CHEMBL5441741,1.0,True
P0DTD1_CHEMBL5441815,1.0,True
P0DTD1_CHEMBL5442142,1.0,True
P0DTD1_CHEMBL5441719,1.0,True
P0DTD1_CHEMBL5441784,1.0,True
P0DTD1_CHEMBL5441604,1.0,True
P0DTD1_CHEMBL5441863,1.0,True
P0DTD1_CHEMBL5441530,1.0,True
P0DTD1_CHEMBL5442035,1.0,True
P0DTD1_CHEMBL5441407,1.0,True
P0DTD1_CHEMBL5441733,1.0,True
P0DTD1_CHEMBL5441464,1.0,True
P0DTD1_CHEMBL5441545,1.0,True
P0DTD1_CHEMBL5441386,1.0,True
P0DTD1_CHEMBL5441406,1.0,True
P0DTD1_CHEMBL5441482,1.0,True
P0DTD1_CHEMBL5441891,1.0,True
P0DTD1_CHEMBL5441737,1.0,True
P0DTD1_CHEMBL5442154,1.0,True
P0DTD1_CHEMBL5483082,1.0,True
P0DTD1_CHEMBL5441878,1.0,True
P0DTD1_CHEMBL5441489,1.0,True
P0DTD1_CHEMBL5441738,1.0,True
P0DTD1_CHEMBL5441849,1.0,True
P0DTD1_CHEMBL5441676,1.0,True
P0DTD1_CHEMBL5441610,1.0,True
P0DTD1_CHEMBL5441978,1.0,True
P0DTD1_CHEMBL5442012,1.0,True
P0DTD1_CHEMBL5441645,1.0,True
P0DTD1_CHEMBL5441527,1.0,True
P0DTD1_CHEMBL5441476,1.0,True
P0DTD1_CHEMBL5441888,1.0,True
P0DTD1_CHEMBL5442033,1.0,True
P0DTD1_CHEMBL5441490,1.0,True
P0DTD1_CHEMBL5442081,1.0,True
P0DTD1_CHEMBL5441979,1.0,True
P0DTD1_CHEMBL5441562,1.0,True
P0DTD1_CHEMBL5441718,1.0,True
P0DTD1_CHEMBL5441734,1.0,True
P0DTD1_CHEMBL5441598,1.0,True
P0DTD1_CHEMBL5424014,1.0,True
P0DTD1_CHEMBL5438782,1.0,True
P0DTD1_CHEMBL5401358,1.0,True
P0DTD1_CHEMBL5409791,1.0,True
P0DTD1_CHEMBL5395225,1.0,True
P0DTD1_CHEMBL5402990,1.0,True
P0DTD1_CHEMBL5441879,1.0,True
P0DTD1_CHEMBL5441412,1.0,True
P0DTD1_CHEMBL5441410,1.0,True
P0DTD1_CHEMBL5441989,1.0,True
P0DTD1_CHEMBL5441400,1.0,True
P0DTD1_CHEMBL5441404,1.0,True
P0DTD1_CHEMBL5441415,1.0,True
P0DTD1_CHEMBL5441778,1.0,True
P0DTD1_CHEMBL5441960,1.0,True
P0DTD1_CHEMBL5441608,1.0,True
P0DTD1_CHEMBL5441394,1.0,True
P0DTD1_CHEMBL5441761,1.0,True
P0DTD1_CHEMBL5441962,1.0,True
P0DTD1_CHEMBL5441782,1.0,True
P0DTD1_CHEMBL5441824,1.0,True
P0DTD1_CHEMBL5441681,1.0,True
P0DTD1_CHEMBL5441417,1.0,True
P0DTD1_CHEMBL5441479,1.0,True
P0DTD1_CHEMBL5441567,1.0,True
P0DTD1_CHEMBL5441859,1.0,True
P0DTD1_CHEMBL5441663,1.0,True
P0DTD1_CHEMBL5441759,1.0,True
P0DTD1_CHEMBL5425140,1.0,True
P0DTD1_CHEMBL5441847,1.0,True
P0DTD1_CHEMBL5427073,1.0,True
P0DTD1_CHEMBL5427494,1.0,True
P0DTD1_CHEMBL5435314,1.0,True
P0DTD1_CHEMBL5414042,1.0,True
P0DTD1_CHEMBL5410809,1.0,True
P0DTD1_CHEMBL5411183,1.0,True
P0DTD1_CHEMBL5410459,1.0,True
P0DTD1_CHEMBL5437930,1.0,True
P0DTD1_CHEMBL5409154,1.0,True
P0DTD1_CHEMBL5413108,1.0,True
P0DTD1_CHEMBL5400538,1.0,True
P0DTD1_CHEMBL5421327,1.0,True
P0DTD1_CHEMBL5398813,1.0,True
P0DTD1_CHEMBL5414005,1.0,True
P0DTD1_CHEMBL5415228,1.0,True
P0DTD1_CHEMBL5435034,1.0,True
P0DTD1_CHEMBL5425010,1.0,True
P0DTD1_CHEMBL5440769,1.0,True
P0DTD1_CHEMBL5398911,1.0,True
P0DTD1_CHEMBL5433693,1.0,True
P0DTD1_CHEMBL5409790,1.0,True
P0DTD1_CHEMBL5417410,1.0,True
P0DTD1_CHEMBL5410934,1.0,True
P0DTD1_CHEMBL5437199,1.0,True
P0DTD1_CHEMBL5433473,1.0,True
P0DTD1_CHEMBL5402209,1.0,True
P0DTD1_CHEMBL5419891,1.0,True
P0DTD1_CHEMBL5395044,1.0,True
P0DTD1_CHEMBL5401195,1.0,True
P0DTD1_CHEMBL5394565,1.0,True
P0DTD1_CHEMBL5395848,1.0,True
P0DTD1_CHEMBL5429124,1.0,True
P0DTD1_CHEMBL5417240,1.0,True
P0DTD1_CHEMBL5439502,1.0,True
P0DTD1_CHEMBL5398507,1.0,True
P0DTD1_CHEMBL5411855,1.0,True
P0DTD1_CHEMBL5402020,1.0,True
P0DTD1_CHEMBL5441706,1.0,True
P0DTD1_CHEMBL5400055,1.0,True
P0DTD1_CHEMBL5407468,1.0,True
P0DTD1_CHEMBL5423096,1.0,True
P0DTD1_CHEMBL5427053,1.0,True
P0DTD1_CHEMBL5411560,1.0,True
P0DTD1_CHEMBL5428251,1.0,True
P0DTD1_CHEMBL5397764,1.0,True
P0DTD1_CHEMBL5441588,1.0,True
P0DTD1_CHEMBL5441949,1.0,True
P0DTD1_CHEMBL5442140,1.0,True
P0DTD1_CHEMBL5441707,1.0,True
P0DTD1_CHEMBL5441845,1.0,True
P0DTD1_CHEMBL5441399,1.0,True
P0DTD1_CHEMBL5441390,1.0,True
P0DTD1_CHEMBL5441838,1.0,True
P0DTD1_CHEMBL5441388,1.0,True
P0DTD1_CHEMBL5441411,1.0,True
P0DTD1_CHEMBL5441596,1.0,True
P0DTD1_CHEMBL5441496,1.0,True
P0DTD1_CHEMBL5441642,1.0,True
P0DTD1_CHEMBL5442156,1.0,True
P0DTD1_CHEMBL5441680,1.0,True
P0DTD1_CHEMBL5441902,1.0,True
P0DTD1_CHEMBL5441439,1.0,True
P0DTD1_CHEMBL5442146,1.0,True
P0DTD1_CHEMBL5441971,1.0,True
P0DTD1_CHEMBL5441524,1.0,True
P0DTD1_CHEMBL5441650,1.0,True
P0DTD1_CHEMBL5441519,1.0,True
P0DTD1_CHEMBL5441760,1.0,True
P0DTD1_CHEMBL5408081,1.0,True
P0DTD1_CHEMBL5406269,1.0,True
P0DTD1_CHEMBL5441748,1.0,True
P0DTD1_CHEMBL5414300,1.0,True
P0DTD1_CHEMBL5442084,1.0,True
P0DTD1_CHEMBL5442078,1.0,True
P0DTD1_CHEMBL5441584,1.0,True
P0DTD1_CHEMBL5442029,1.0,True
P0DTD1_CHEMBL5442086,1.0,True
P0DTD1_CHEMBL5441629,1.0,True
P0DTD1_CHEMBL5441467,1.0,True
P0DTD1_CHEMBL5441474,1.0,True
P0DTD1_CHEMBL5441504,1.0,True
P0DTD1_CHEMBL5441749,1.0,True
P0DTD1_CHEMBL5408911,1.0,True
P0DTD1_CHEMBL5423458,1.0,True
P0DTD1_CHEMBL5403236,1.0,True
P0DTD1_CHEMBL5441614,1.0,True
P0DTD1_CHEMBL5418521,1.0,True
P0DTD1_CHEMBL5433055,1.0,True
P0DTD1_CHEMBL5441526,1.0,True
P0DTD1_CHEMBL5441413,1.0,True
P0DTD1_CHEMBL5441943,1.0,True
P0DTD1_CHEMBL5441424,1.0,True
P0DTD1_CHEMBL5441682,1.0,True
P0DTD1_CHEMBL5441549,1.0,True
P0DTD1_CHEMBL5441594,1.0,True
P0DTD1_CHEMBL5441436,1.0,True
P0DTD1_CHEMBL5441869,1.0,True
P0DTD1_CHEMBL5441392,1.0,True
P0DTD1_CHEMBL5441430,1.0,True
P0DTD1_CHEMBL5442161,1.0,True
P0DTD1_CHEMBL5441701,1.0,True
P0DTD1_CHEMBL5441502,1.0,True
P0DTD1_CHEMBL5441988,1.0,True
P0DTD1_CHEMBL5441393,1.0,True
P0DTD1_CHEMBL5441431,1.0,True
P0DTD1_CHEMBL5441777,1.0,True
P0DTD1_CHEMBL5441603,1.0,True
P0DTD1_CHEMBL5441573,1.0,True
P0DTD1_CHEMBL5441401,1.0,True
P0DTD1_CHEMBL5441405,1.0,True
P0DTD1_CHEMBL5441403,1.0,True
P0DTD1_CHEMBL5441779,1.0,True
P0DTD1_CHEMBL5439416,1.0,True
P0DTD1_CHEMBL5441801,1.0,True
P0DTD1_CHEMBL5441726,1.0,True
P0DTD1_CHEMBL5441757,1.0,True
P0DTD1_CHEMBL5441976,1.0,True
P0DTD1_CHEMBL5441484,1.0,True
P0DTD1_CHEMBL5441842,1.0,True
P0DTD1_CHEMBL5442103,1.0,True
P0DTD1_CHEMBL5427720,1.0,True
P0DTD1_CHEMBL5424971,1.0,True
P0DTD1_CHEMBL5415934,1.0,True
P0DTD1_CHEMBL5438762,1.0,True
P0DTD1_CHEMBL5394180,1.0,True
P0DTD1_CHEMBL5411233,1.0,True
P0DTD1_CHEMBL5402071,1.0,True
P0DTD1_CHEMBL5442094,1.0,True
P0DTD1_CHEMBL5441617,1.0,True
P0DTD1_CHEMBL5441854,1.0,True
P0DTD1_CHEMBL5441787,1.0,True
P0DTD1_CHEMBL5441751,1.0,True
P0DTD1_CHEMBL5428967,1.0,True
P0DTD1_CHEMBL5441591,1.0,True
P0DTD1_CHEMBL5442095,1.0,True
P0DTD1_CHEMBL5441810,1.0,True
P0DTD1_CHEMBL5441980,1.0,True
P0DTD1_CHEMBL5441900,1.0,True
P0DTD1_CHEMBL5441825,1.0,True
P0DTD1_CHEMBL5441577,1.0,True
P0DTD1_CHEMBL5441612,1.0,True
P0DTD1_CHEMBL5427783,1.0,True
P0DTD1_CHEMBL5409350,1.0,True
P0DTD1_CHEMBL5441632,1.0,True
P0DTD1_CHEMBL5441886,1.0,True
P0DTD1_CHEMBL5441800,1.0,True
P0DTD1_CHEMBL5434910,1.0,True
P0DTD1_CHEMBL5441793,1.0,True
P0DTD1_CHEMBL5410076,1.0,True
P0DTD1_CHEMBL5408097,1.0,True
P0DTD1_CHEMBL5405634,1.0,True
P0DTD1_CHEMBL5423655,1.0,True
P0DTD1_CHEMBL5428745,1.0,True
P0DTD1_CHEMBL5401656,1.0,True
P0DTD1_CHEMBL5393994,1.0,True
P0DTD1_CHEMBL5396377,1.0,True
P0DTD1_CHEMBL5413359,1.0,True
P0DTD1_CHEMBL5421616,1.0,True
P0DTD1_CHEMBL5442053,1.0,True
P0DTD1_CHEMBL5441925,1.0,True
P0DTD1_CHEMBL5441767,1.0,True
P0DTD1_CHEMBL5441803,1.0,True
P0DTD1_CHEMBL5441409,1.0,True
P0DTD1_CHEMBL5441923,1.0,True
P0DTD1_CHEMBL5441985,1.0,True
P0DTD1_CHEMBL5441914,1.0,True
P0DTD1_CHEMBL5441951,1.0,True
P0DTD1_CHEMBL5442126,1.0,True
P0DTD1_CHEMBL5442117,1.0,True
P0DTD1_CHEMBL5441398,1.0,True
P0DTD1_CHEMBL5441967,1.0,True
P0DTD1_CHEMBL5405232,1.0,True
P0DTD1_CHEMBL5441578,1.0,True
P0DTD1_CHEMBL5442060,1.0,True
P0DTD1_CHEMBL5398479,1.0,True
P0DTD1_CHEMBL5399253,1.0,True
P0DTD1_CHEMBL5431050,1.0,True
P0DTD1_CHEMBL5424171,1.0,True
P0DTD1_CHEMBL5442020,1.0,True
P0DTD1_CHEMBL5397501,1.0,True
P0DTD1_CHEMBL5414006,1.0,True
P0DTD1_CHEMBL5433514,1.0,True
P0DTD1_CHEMBL5411464,1.0,True
P0DTD1_CHEMBL5442125,1.0,True
P0DTD1_CHEMBL5441498,1.0,True
P0DTD1_CHEMBL5441946,1.0,True
P0DTD1_CHEMBL5442042,1.0,True
P0DTD1_CHEMBL5441551,1.0,True
P0DTD1_CHEMBL5441811,1.0,True
P0DTD1_CHEMBL5441602,1.0,True
P0DTD1_CHEMBL5397356,1.0,True
P0DTD1_CHEMBL5441528,1.0,True
P0DTD1_CHEMBL5441438,1.0,True
P0DTD1_CHEMBL5441688,1.0,True
P0DTD1_CHEMBL5430702,1.0,True
P0DTD1_CHEMBL5421184,1.0,True
P0DTD1_CHEMBL5397315,1.0,True
P0DTD1_CHEMBL5441408,1.0,True
P0DTD1_CHEMBL5442162,1.0,True
P0DTD1_CHEMBL5441904,1.0,True
P0DTD1_CHEMBL5442136,1.0,True
P0DTD1_CHEMBL5442009,1.0,True
P0DTD1_CHEMBL5441867,1.0,True
P0DTD1_CHEMBL5441880,1.0,True
P0DTD1_CHEMBL5441766,1.0,True
P0DTD1_CHEMBL5441520,1.0,True
P0DTD1_CHEMBL5426089,1.0,True
P0DTD1_CHEMBL5441690,1.0,True
P0DTD1_CHEMBL5442076,1.0,True
P0DTD1_CHEMBL5442019,1.0,True
P0DTD1_CHEMBL5442085,1.0,True
P0DTD1_CHEMBL5441669,1.0,True
P0DTD1_CHEMBL5424318,1.0,True
P0DTD1_CHEMBL5406997,1.0,True
P0DTD1_CHEMBL5427453,1.0,True
P0DTD1_CHEMBL5441550,1.0,True
P0DTD1_CHEMBL5441942,1.0,True
P0DTD1_CHEMBL5415275,1.0,True
P0DTD1_CHEMBL5441906,1.0,True
P0DTD1_CHEMBL5421429,1.0,True
P0DTD1_CHEMBL5397709,1.0,True
P0DTD1_CHEMBL5402611,1.0,True
P0DTD1_CHEMBL5431675,1.0,True
P0DTD1_CHEMBL5412104,1.0,True
P0DTD1_CHEMBL5400638,1.0,True
P0DTD1_CHEMBL5427101,1.0,True
P0DTD1_CHEMBL5410336,1.0,True
P0DTD1_CHEMBL5406405,1.0,True
P0DTD1_CHEMBL5442046,1.0,True
P0DTD1_CHEMBL5441984,1.0,True
P0DTD1_CHEMBL5436099,1.0,True
P0DTD1_CHEMBL5405544,1.0,True
P0DTD1_CHEMBL5439047,1.0,True
P0DTD1_CHEMBL5441723,1.0,True
P0DTD1_CHEMBL5441958,1.0,True
P0DTD1_CHEMBL5441736,1.0,True
P0DTD1_CHEMBL5441908,1.0,True
P0DTD1_CHEMBL5441639,1.0,True
P0DTD1_CHEMBL5441830,1.0,True
P0DTD1_CHEMBL5441860,1.0,True
P0DTD1_CHEMBL5441538,1.0,True
P0DTD1_CHEMBL5394734,1.0,True
P0DTD1_CHEMBL5441970,1.0,True
P0DTD1_CHEMBL5441421,1.0,True
P0DTD1_CHEMBL5441874,1.0,True
P0DTD1_CHEMBL5441924,1.0,True
P0DTD1_CHEMBL5442032,1.0,True
P0DTD1_CHEMBL5441518,1.0,True
P0DTD1_CHEMBL5442051,1.0,True
P0DTD1_CHEMBL5441389,1.0,True
P0DTD1_CHEMBL5441395,1.0,True
P0DTD1_CHEMBL5442004,1.0,True
P0DTD1_CHEMBL5442152,1.0,True
P0DTD1_CHEMBL5441481,1.0,True
P0DTD1_CHEMBL5441818,1.0,True
P0DTD1_CHEMBL5441648,1.0,True
P0DTD1_CHEMBL5441973,1.0,True
P0DTD1_CHEMBL5441653,1.0,True
P0DTD1_CHEMBL5442055,1.0,True
P0DTD1_CHEMBL5441922,1.0,True
P0DTD1_CHEMBL5441625,1.0,True
P0DTD1_CHEMBL5441664,1.0,True
P0DTD1_CHEMBL5437439,1.0,True
P0DTD1_CHEMBL5412903,1.0,True
P0DTD1_CHEMBL5427542,1.0,True
P0DTD1_CHEMBL5431872,1.0,True
P0DTD1_CHEMBL5441995,1.0,True
P0DTD1_CHEMBL5442121,1.0,True
P0DTD1_CHEMBL5442097,1.0,True
P0DTD1_CHEMBL5441437,1.0,True
P0DTD1_CHEMBL5441391,1.0,True
P0DTD1_CHEMBL5441993,1.0,True
P0DTD1_CHEMBL5441957,1.0,True
P0DTD1_CHEMBL5441763,1.0,True
P0DTD1_CHEMBL5433491,1.0,True
P0DTD1_CHEMBL5439420,1.0,True
P0DTD1_CHEMBL5409259,1.0,True
P0DTD1_CHEMBL5436573,1.0,True
P0DTD1_CHEMBL5412310,1.0,True
P0DTD1_CHEMBL5396421,1.0,True
P0DTD1_CHEMBL5439916,1.0,True
P0DTD1_CHEMBL5402227,1.0,True
P0DTD1_CHEMBL5400701,1.0,True
P0DTD1_CHEMBL5394078,1.0,True
P0DTD1_CHEMBL5409052,1.0,True
P0DTD1_CHEMBL5399795,1.0,True
P0DTD1_CHEMBL5405138,1.0,True
P0DTD1_CHEMBL5421800,1.0,True
P0DTD1_CHEMBL5426830,1.0,True
P0DTD1_CHEMBL5395762,1.0,True
P0DTD1_CHEMBL5438646,1.0,True
P0DTD1_CHEMBL5439086,1.0,True
P0DTD1_CHEMBL5420170,1.0,True
P0DTD1_CHEMBL5403276,1.0,True
P0DTD1_CHEMBL5411147,1.0,True
P0DTD1_CHEMBL5423053,1.0,True
P0DTD1_CHEMBL5437799,1.0,True
P0DTD1_CHEMBL5418419,1.0,True
P0DTD1_CHEMBL5407441,1.0,True
P0DTD1_CHEMBL5408702,1.0,True
P0DTD1_CHEMBL5414023,1.0,True
P0DTD1_CHEMBL5418992,1.0,True
P0DTD1_CHEMBL5403743,1.0,True
P0DTD1_CHEMBL5417180,1.0,True
P0DTD1_CHEMBL5430366,1.0,True
P0DTD1_CHEMBL5412579,1.0,True
P0DTD1_CHEMBL5441572,1.0,True
P0DTD1_CHEMBL5396073,1.0,True
P0DTD1_CHEMBL5442089,1.0,True
P0DTD1_CHEMBL5441698,1.0,True
P0DTD1_CHEMBL5441841,1.0,True
P0DTD1_CHEMBL5442135,1.0,True
P0DTD1_CHEMBL5441921,1.0,True
P0DTD1_CHEMBL5441785,1.0,True
P0DTD1_CHEMBL5438913,1.0,True
P0DTD1_CHEMBL5442079,1.0,True
P0DTD1_CHEMBL5442059,1.0,True
P0DTD1_CHEMBL5441675,1.0,True
P0DTD1_CHEMBL5442099,1.0,True
P0DTD1_CHEMBL5441699,1.0,True
P0DTD1_CHEMBL5415241,1.0,True
P0DTD1_CHEMBL5414823,1.0,True
P0DTD1_CHEMBL5441646,1.0,True
P0DTD1_CHEMBL5441899,1.0,True
P0DTD1_CHEMBL5442056,1.0,True
P0DTD1_CHEMBL5441865,1.0,True
P0DTD1_CHEMBL5442104,1.0,True
P0DTD1_CHEMBL5441937,1.0,True
P0DTD1_CHEMBL5441832,1.0,True
P0DTD1_CHEMBL5442068,1.0,True
P0DTD1_CHEMBL5441711,1.0,True
P0DTD1_CHEMBL5441695,1.0,True
P0DTD1_CHEMBL5441466,1.0,True
P0DTD1_CHEMBL5441975,1.0,True
P0DTD1_CHEMBL5441821,1.0,True
P0DTD1_CHEMBL5442106,1.0,True
P0DTD1_CHEMBL5441804,1.0,True
P0DTD1_CHEMBL5441918,1.0,True
P0DTD1_CHEMBL5441742,1.0,True
P0DTD1_CHEMBL5441586,1.0,True
P0DTD1_CHEMBL5441514,1.0,True
P0DTD1_CHEMBL5442159,1.0,True
P0DTD1_CHEMBL5441684,1.0,True
P0DTD1_CHEMBL5442134,1.0,True
P0DTD1_CHEMBL5441475,1.0,True
P0DTD1_CHEMBL5441685,1.0,True
P0DTD1_CHEMBL5441861,1.0,True
P0DTD1_CHEMBL5441901,1.0,True
P0DTD1_CHEMBL5441798,1.0,True
P0DTD1_CHEMBL5441655,1.0,True
P0DTD1_CHEMBL5441480,1.0,True
P0DTD1_CHEMBL5441656,1.0,True
P0DTD1_CHEMBL5441981,1.0,True
P0DTD1_CHEMBL5441789,1.0,True
P0DTD1_CHEMBL5441768,1.0,True
P0DTD1_CHEMBL5442031,1.0,True
P0DTD1_CHEMBL5441641,1.0,True
P0DTD1_CHEMBL5441622,1.0,True
P0DTD1_CHEMBL5441560,1.0,True
P0DTD1_CHEMBL5441907,1.0,True
P0DTD1_CHEMBL5441894,1.0,True
P0DTD1_CHEMBL5437572,1.0,True
P0DTD1_CHEMBL5433579,1.0,True
P0DTD1_CHEMBL5418478,1.0,True
P0DTD1_CHEMBL5407311,1.0,True
P0DTD1_CHEMBL5430369,1.0,True
P0DTD1_CHEMBL5426918,1.0,True
P0DTD1_CHEMBL5436025,1.0,True
P0DTD1_CHEMBL5406509,1.0,True
P0DTD1_CHEMBL5415422,1.0,True
P0DTD1_CHEMBL5426064,1.0,True
P0DTD1_CHEMBL5435470,1.0,True
P0DTD1_CHEMBL5437518,1.0,True
P0DTD1_CHEMBL5398423,1.0,True
P0DTD1_CHEMBL5438286,1.0,True
P0DTD1_CHEMBL5427578,1.0,True
P0DTD1_CHEMBL5416515,1.0,True
P0DTD1_CHEMBL5433628,1.0,True
P0DTD1_CHEMBL5433083,1.0,True
P0DTD1_CHEMBL5406209,1.0,True
P0DTD1_CHEMBL5410698,1.0,True
P0DTD1_CHEMBL5436202,1.0,True
P0DTD1_CHEMBL5430534,1.0,True
P0DTD1_CHEMBL5418838,1.0,True
P0DTD1_CHEMBL5428437,1.0,True
P0DTD1_CHEMBL5423390,1.0,True
P0DTD1_CHEMBL5436067,1.0,True
P0DTD1_CHEMBL5400454,1.0,True
P0DTD1_CHEMBL5418540,1.0,True
P0DTD1_CHEMBL5397302,1.0,True
P0DTD1_CHEMBL5416294,1.0,True
P0DTD1_CHEMBL5408630,1.0,True
P0DTD1_CHEMBL5418940,1.0,True
P0DTD1_CHEMBL5395882,1.0,True
P0DTD1_CHEMBL5405838,1.0,True
P0DTD1_CHEMBL5417362,1.0,True
P0DTD1_CHEMBL5401478,1.0,True
P0DTD1_CHEMBL5435180,1.0,True
P0DTD1_CHEMBL5405362,1.0,True
P0DTD1_CHEMBL5396109,1.0,True
P0DTD1_CHEMBL5413101,1.0,True
P0DTD1_CHEMBL5412979,1.0,True
P0DTD1_CHEMBL5416685,1.0,True
P0DTD1_CHEMBL5420763,1.0,True
P0DTD1_CHEMBL5402360,1.0,True
P0DTD1_CHEMBL5428134,1.0,True
P0DTD1_CHEMBL5439438,1.0,True
P0DTD1_CHEMBL5399537,1.0,True
P0DTD1_CHEMBL5406180,1.0,True
P0DTD1_CHEMBL5423178,1.0,True
P0DTD1_CHEMBL5419145,1.0,True
P0DTD1_CHEMBL5425241,1.0,True
P0DTD1_CHEMBL5418627,1.0,True
P0DTD1_CHEMBL5439575,1.0,True
P0DTD1_CHEMBL5400303,1.0,True
P0DTD1_CHEMBL5423618,1.0,True
P0DTD1_CHEMBL5398166,1.0,True
P0DTD1_CHEMBL5429980,1.0,True
P0DTD1_CHEMBL5406114,1.0,True
P0DTD1_CHEMBL5425758,1.0,True
P0DTD1_CHEMBL5418919,1.0,True
P0DTD1_CHEMBL5422331,1.0,True
P0DTD1_CHEMBL5418023,1.0,True
P0DTD1_CHEMBL5394951,1.0,True
P0DTD1_CHEMBL5398922,1.0,True
P0DTD1_CHEMBL5404766,1.0,True
P0DTD1_CHEMBL5442074,1.0,True
P0DTD1_CHEMBL5434729,1.0,True
P0DTD1_CHEMBL5435359,1.0,True
P0DTD1_CHEMBL5441828,1.0,True
P0DTD1_CHEMBL5441635,1.0,True
P0DTD1_CHEMBL5442149,1.0,True
P10275_CHEMBL5423257,1.0,True
P10275_CHEMBL5399353,1.0,True
P10275_CHEMBL5430612,1.0,True
P10275_CHEMBL5398564,1.0,True
P10275_CHEMBL5422234,1.0,True
P10275_CHEMBL5421324,1.0,True
P10275_CHEMBL5424470,1.0,True
P10275_CHEMBL5398752,1.0,True
P10275_CHEMBL5398420,1.0,True
P10275_CHEMBL5431700,1.0,True
P10275_CHEMBL5405109,1.0,True
P10275_CHEMBL5401872,1.0,True
P10275_CHEMBL5394108,1.0,True
P10275_CHEMBL5424031,1.0,True
P10275_CHEMBL5439835,1.0,True
P10275_CHEMBL5409469,1.0,True
P10275_CHEMBL5416202,1.0,True
P10275_CHEMBL5416819,1.0,True
P10275_CHEMBL5395364,1.0,True
P10275_CHEMBL5421312,1.0,True
P10275_CHEMBL5440496,1.0,True
P10275_CHEMBL5395976,1.0,True
P10275_CHEMBL5394445,1.0,True
P10275_CHEMBL5430613,1.0,True
P10275_CHEMBL5423482,1.0,True
P10275_CHEMBL5429958,1.0,True
P10275_CHEMBL5423748,1.0,True
P10275_CHEMBL5435387,1.0,True
P10275_CHEMBL5440678,1.0,True
P10275_CHEMBL5421919,1.0,True
P10275_CHEMBL5399091,1.0,True
P10275_CHEMBL5405995,1.0,True
P10275_CHEMBL5416300,1.0,True
P10275_CHEMBL5433104,1.0,True
P10275_CHEMBL5395092,1.0,True
P10275_CHEMBL5393933,1.0,True
P14416_CHEMBL5399833,1.0,True
P14416_CHEMBL5435325,1.0,True
P14416_CHEMBL5415842,1.0,True
P14416_CHEMBL5415691,1.0,True
P14416_CHEMBL5407845,1.0,True
P14416_CHEMBL5410716,1.0,True
P14416_CHEMBL5399568,1.0,True
P14416_CHEMBL5425375,1.0,True
P14416_CHEMBL5399166,1.0,True
P14416_CHEMBL5397609,1.0,True
P14416_CHEMBL5411545,1.0,True
P14416_CHEMBL5410387,1.0,True
P14416_CHEMBL5438487,1.0,True
P14416_CHEMBL5396616,1.0,True
P14416_CHEMBL5433001,1.0,True
P14416_CHEMBL5430494,1.0,True
P14416_CHEMBL5440936,1.0,True
P14416_CHEMBL5406355,1.0,True
P14416_CHEMBL5414152,1.0,True
P14416_CHEMBL5418890,1.0,True
P14416_CHEMBL5424038,1.0,True
P14416_CHEMBL5421574,1.0,True
P14416_CHEMBL5441140,1.0,True
P14416_CHEMBL5418748,1.0,True
P14416_CHEMBL5414422,1.0,True
P14416_CHEMBL5417227,1.0,True
P14416_CHEMBL5401818,1.0,True
P14416_CHEMBL5426286,1.0,True
P14416_CHEMBL5412359,1.0,True
P14416_CHEMBL5435054,1.0,True
P14416_CHEMBL5438433,1.0,True
P14416_CHEMBL5412886,1.0,True
P14416_CHEMBL5427065,1.0,True
P14416_CHEMBL5424897,1.0,True
P14416_CHEMBL5409134,1.0,True
P14416_CHEMBL5437660,1.0,True
P14416_CHEMBL5424241,1.0,True
P14416_CHEMBL5409755,1.0,True
P14416_CHEMBL5421925,1.0,True
P14416_CHEMBL5408223,1.0,True
P14416_CHEMBL5415846,1.0,True
P14416_CHEMBL5404807,1.0,True
P14416_CHEMBL5425134,1.0,True
P14416_CHEMBL5440422,1.0,True
P14416_CHEMBL5404054,1.0,True
P14416_CHEMBL5410159,1.0,True
P14416_CHEMBL5409322,1.0,True
P14416_CHEMBL5412606,1.0,True
P14416_CHEMBL5421714,1.0,True
P14416_CHEMBL5395539,1.0,True
P14416_CHEMBL5398913,1.0,True
P14416_CHEMBL5436551,1.0,True
P14416_CHEMBL5436957,1.0,True
P14416_CHEMBL5400528,1.0,True
P14416_CHEMBL5420316,1.0,True
P14416_CHEMBL5426620,1.0,True
P14416_CHEMBL5402212,1.0,True
P14416_CHEMBL5396600,1.0,True
P14416_CHEMBL5433284,1.0,True
P14416_CHEMBL5438081,1.0,True
P14416_CHEMBL5435745,1.0,True
P14416_CHEMBL5399129,1.0,True
P14416_CHEMBL5421827,1.0,True
P14416_CHEMBL5434229,1.0,True
P14416_CHEMBL5431103,1.0,True
P14416_CHEMBL5403268,1.0,True
P14416_CHEMBL5422870,1.0,True
P14416_CHEMBL5428803,1.0,True
P14416_CHEMBL5403204,1.0,True
P14416_CHEMBL5439853,1.0,True
P14416_CHEMBL5407341,1.0,True
P14416_CHEMBL5417643,1.0,True
P14416_CHEMBL5399720,1.0,True
P14416_CHEMBL5416644,1.0,True
P14416_CHEMBL5411404,1.0,True
P14416_CHEMBL5409227,1.0,True
P14416_CHEMBL5427695,1.0,True
P14416_CHEMBL5414097,1.0,True
P14416_CHEMBL5415178,1.0,True
P14416_CHEMBL5409419,1.0,True
P14416_CHEMBL5426242,1.0,True
P14416_CHEMBL5395417,1.0,True
P14416_CHEMBL5393856,1.0,True
P14416_CHEMBL5402456,1.0,True
P14416_CHEMBL5410217,1.0,True
P14416_CHEMBL5433201,1.0,True
P14416_CHEMBL5427288,1.0,True
P14416_CHEMBL5425434,1.0,True
P14416_CHEMBL5417857,1.0,True
P14416_CHEMBL5396612,1.0,True
P14416_CHEMBL5405133,1.0,True
P14416_CHEMBL5415412,1.0,True
P14416_CHEMBL5421272,1.0,True
P14416_CHEMBL5433509,1.0,True
P14416_CHEMBL5438205,1.0,True
P14416_CHEMBL5412718,1.0,True
P14416_CHEMBL5405333,1.0,True
P14416_CHEMBL5396317,1.0,True
P14416_CHEMBL5427937,1.0,True
P14416_CHEMBL5395187,1.0,True
P14416_CHEMBL5405086,1.0,True
P14416_CHEMBL5425252,1.0,True
P14416_CHEMBL5415335,1.0,True
P14416_CHEMBL5394431,1.0,True
P14416_CHEMBL5431474,1.0,True
P14416_CHEMBL5416728,1.0,True
P14416_CHEMBL5410179,1.0,True
P14416_CHEMBL5436809,1.0,True
P14416_CHEMBL5400232,1.0,True
P14416_CHEMBL5403504,1.0,True
P14416_CHEMBL5404031,1.0,True
P14416_CHEMBL5418730,1.0,True
P14416_CHEMBL5407747,1.0,True
P14416_CHEMBL5425944,1.0,True
P14416_CHEMBL5413807,1.0,True
P14416_CHEMBL5429207,1.0,True
P14416_CHEMBL5423250,1.0,True
P14416_CHEMBL5400356,1.0,True
P14416_CHEMBL5417351,1.0,True
P14416_CHEMBL5435580,1.0,True
P14416_CHEMBL5411002,1.0,True
P14416_CHEMBL5424052,1.0,True
P14416_CHEMBL5422196,1.0,True
P14416_CHEMBL5429491,1.0,True
P14416_CHEMBL5395668,1.0,True
P14416_CHEMBL5420627,1.0,True
P14416_CHEMBL5439203,1.0,True
P14416_CHEMBL5436641,1.0,True
P14416_CHEMBL5395965,1.0,True
P14416_CHEMBL5398100,1.0,True
P14416_CHEMBL5429048,1.0,True
P14416_CHEMBL5429826,1.0,True
P14416_CHEMBL5414943,1.0,True
P14416_CHEMBL5438499,1.0,True
P17931_CHEMBL5437841,1.0,True
P17931_CHEMBL5402838,1.0,True
P17931_CHEMBL5400634,1.0,True
P17931_CHEMBL5431444,1.0,True
P17931_CHEMBL5406384,1.0,True
P17931_CHEMBL5401732,1.0,True
P17931_CHEMBL5429754,1.0,True
P17931_CHEMBL5415297,1.0,True
P17931_CHEMBL5430941,1.0,True
P17931_CHEMBL5421500,1.0,True
P17931_CHEMBL5439240,1.0,True
P17931_CHEMBL5427260,1.0,True
P17931_CHEMBL5430273,1.0,True
P17931_CHEMBL5441028,1.0,True
P17931_CHEMBL5417087,1.0,True
P17931_CHEMBL5394601,1.0,True
P17931_CHEMBL5419357,1.0,True
P17931_CHEMBL5412010,1.0,True
P17931_CHEMBL5396404,1.0,True
P17931_CHEMBL5406006,1.0,True
P17931_CHEMBL5436075,1.0,True
P17931_CHEMBL5422699,1.0,True
P17931_CHEMBL5406342,1.0,True
P17931_CHEMBL5433343,1.0,True
P17931_CHEMBL5415648,1.0,True
P17931_CHEMBL5436399,1.0,True
P17931_CHEMBL5440690,1.0,True
P17931_CHEMBL5436088,1.0,True
P17931_CHEMBL5437593,1.0,True
P17931_CHEMBL5434120,1.0,True
P17931_CHEMBL5436190,1.0,True
P17931_CHEMBL5440430,1.0,True
P17931_CHEMBL5411478,1.0,True
P17931_CHEMBL5432913,1.0,True
P17931_CHEMBL5395001,1.0,True
P17931_CHEMBL5397280,1.0,True
P17931_CHEMBL5399144,1.0,True
P17931_CHEMBL5395141,1.0,True
P21728_CHEMBL5398357,1.0,True
P21728_CHEMBL5420515,1.0,True
P21728_CHEMBL5436253,1.0,True
P21728_CHEMBL5399393,1.0,True
P21728_CHEMBL5412881,1.0,True
P21728_CHEMBL5423775,1.0,True
P21728_CHEMBL5439661,1.0,True
P21728_CHEMBL5394838,1.0,True
P21728_CHEMBL5410716,1.0,True
P21728_CHEMBL5439212,1.0,True
P21728_CHEMBL5399422,1.0,True
P21728_CHEMBL5437148,1.0,True
P21728_CHEMBL5399933,1.0,True
P21728_CHEMBL5423880,1.0,True
P21728_CHEMBL5409939,1.0,True
P21728_CHEMBL5399568,1.0,True
P21728_CHEMBL5416700,1.0,True
P21728_CHEMBL5425375,1.0,True
P21728_CHEMBL5399166,1.0,True
P21728_CHEMBL5402269,1.0,True
P21728_CHEMBL5420387,1.0,True
P21728_CHEMBL5410387,1.0,True
P21728_CHEMBL5395272,1.0,True
P21728_CHEMBL5438487,1.0,True
P21728_CHEMBL5396616,1.0,True
P21728_CHEMBL5433001,1.0,True
P21728_CHEMBL5437660,1.0,True
P21728_CHEMBL5408223,1.0,True
P21728_CHEMBL5404054,1.0,True
P21728_CHEMBL5431103,1.0,True
P21728_CHEMBL5422870,1.0,True
P21728_CHEMBL5428803,1.0,True
P21728_CHEMBL5403204,1.0,True
P21728_CHEMBL5409419,1.0,True
P21728_CHEMBL5426242,1.0,True
P21728_CHEMBL5425252,1.0,True
P21728_CHEMBL5400232,1.0,True
P22303_CHEMBL5394478,1.0,True
P22303_CHEMBL5400593,1.0,True
P22303_CHEMBL5428978,1.0,True
P22303_CHEMBL5410208,1.0,True
P22303_CHEMBL5431791,1.0,True
P22303_CHEMBL5399188,1.0,True
P22303_CHEMBL5421921,1.0,True
P22303_CHEMBL5406712,1.0,True
P22303_CHEMBL5430507,1.0,True
P22303_CHEMBL5394683,1.0,True
P22303_CHEMBL5407856,1.0,True
P22303_CHEMBL5440735,1.0,True
P22303_CHEMBL5407180,1.0,True
P22303_CHEMBL5417332,1.0,True
P22303_CHEMBL5395691,1.0,True
P22303_CHEMBL5405929,1.0,True
P22303_CHEMBL5424787,1.0,True
P22303_CHEMBL5395270,1.0,True
P22303_CHEMBL5416421,1.0,True
P22303_CHEMBL5425753,1.0,True
P22303_CHEMBL5411758,1.0,True
P22303_CHEMBL5419644,1.0,True
P22303_CHEMBL5414144,1.0,True
P22303_CHEMBL5407164,1.0,True
P22303_CHEMBL5434888,1.0,True
P22303_CHEMBL5406359,1.0,True
P22303_CHEMBL5407691,1.0,True
P22303_CHEMBL5420040,1.0,True
P22303_CHEMBL5433354,1.0,True
P22303_CHEMBL5421943,1.0,True
P22303_CHEMBL5402496,1.0,True
P22303_CHEMBL5426913,1.0,True
P22303_CHEMBL5407606,1.0,True
P22303_CHEMBL5412970,1.0,True
P22303_CHEMBL5424767,1.0,True
P22303_CHEMBL5433166,1.0,True
P22303_CHEMBL5429003,1.0,True
P22303_CHEMBL5424712,1.0,True
P22303_CHEMBL5419243,1.0,True
P22303_CHEMBL5417346,1.0,True
P22303_CHEMBL5426103,1.0,True
P22303_CHEMBL5440753,1.0,True
P22303_CHEMBL5417632,1.0,True
P22303_CHEMBL5434553,1.0,True
P22303_CHEMBL5418455,1.0,True
P22303_CHEMBL5396497,1.0,True
P22303_CHEMBL5433692,1.0,True
P22303_CHEMBL5427383,1.0,True
P22303_CHEMBL5416845,1.0,True
P22303_CHEMBL5401085,1.0,True
P22303_CHEMBL5424185,1.0,True
P22303_CHEMBL5429608,1.0,True
P22303_CHEMBL5396394,1.0,True
P22303_CHEMBL5435599,1.0,True
P22303_CHEMBL5426763,1.0,True
P22303_CHEMBL5407369,1.0,True
P22303_CHEMBL5405546,1.0,True
P22303_CHEMBL5413217,1.0,True
P22303_CHEMBL5414511,1.0,True
P22303_CHEMBL5396214,1.0,True
P22303_CHEMBL5436875,1.0,True
P22303_CHEMBL5435812,1.0,True
P22303_CHEMBL5397159,1.0,True
P22303_CHEMBL5412278,1.0,True
P22303_CHEMBL5412829,1.0,True
P22303_CHEMBL5425561,1.0,True
P22303_CHEMBL5407081,1.0,True
P22303_CHEMBL5416407,1.0,True
P22303_CHEMBL5404812,1.0,True
P22303_CHEMBL5419364,1.0,True
P22303_CHEMBL5436261,1.0,True
P22303_CHEMBL5405496,1.0,True
P22303_CHEMBL5415210,1.0,True
P22303_CHEMBL5424891,1.0,True
P22303_CHEMBL5429752,1.0,True
P22303_CHEMBL5428266,1.0,True
P22303_CHEMBL5411628,1.0,True
P22303_CHEMBL5424094,1.0,True
P22303_CHEMBL5423918,1.0,True
P22303_CHEMBL5400395,1.0,True
P22303_CHEMBL5408925,1.0,True
P22303_CHEMBL5417392,1.0,True
P22303_CHEMBL5433956,1.0,True
P22303_CHEMBL5430903,1.0,True
P22303_CHEMBL5426478,1.0,True
P22303_CHEMBL5438801,1.0,True
P22303_CHEMBL5431870,1.0,True
P22303_CHEMBL5433193,1.0,True
P22303_CHEMBL5414221,1.0,True
P22303_CHEMBL5433082,1.0,True
P22303_CHEMBL5397824,1.0,True
P22303_CHEMBL5412564,1.0,True
P22303_CHEMBL5409365,1.0,True
P22303_CHEMBL5396781,1.0,True
P22303_CHEMBL5437711,1.0,True
P22303_CHEMBL5411077,1.0,True
P22303_CHEMBL5401627,1.0,True
P22303_CHEMBL5426401,1.0,True
P22303_CHEMBL5408201,1.0,True
P22303_CHEMBL5401178,1.0,True
P22303_CHEMBL5432462,1.0,True
P22303_CHEMBL5415532,1.0,True
P22303_CHEMBL5413533,1.0,True
P22303_CHEMBL5427748,1.0,True
P22303_CHEMBL5428301,1.0,True
P22303_CHEMBL5429288,1.0,True
P22303_CHEMBL5409352,1.0,True
P22303_CHEMBL5433139,1.0,True
P22303_CHEMBL5435163,1.0,True
P23458_CHEMBL5408535,1.0,True
P23458_CHEMBL5396134,1.0,True
P23458_CHEMBL5440598,1.0,True
P23458_CHEMBL5438309,1.0,True
P23458_CHEMBL5396692,1.0,True
P23458_CHEMBL5433067,1.0,True
P23458_CHEMBL5406170,1.0,True
P23458_CHEMBL5397997,1.0,True
P23458_CHEMBL5424439,1.0,True
P23458_CHEMBL5419924,1.0,True
P23458_CHEMBL5426253,1.0,True
P23458_CHEMBL5426809,1.0,True
P23458_CHEMBL5407349,1.0,True
P23458_CHEMBL5431607,1.0,True
P23458_CHEMBL5437567,1.0,True
P23458_CHEMBL5413174,1.0,True
P23458_CHEMBL5398468,1.0,True
P23458_CHEMBL5419274,1.0,True
P23458_CHEMBL5440065,1.0,True
P23458_CHEMBL5426703,1.0,True
P23458_CHEMBL5429376,1.0,True
P23458_CHEMBL5431099,1.0,True
P23458_CHEMBL5429154,1.0,True
P23458_CHEMBL5436045,1.0,True
P23458_CHEMBL5417474,1.0,True
P23458_CHEMBL5395839,1.0,True
P23458_CHEMBL5403897,1.0,True
P23458_CHEMBL5420083,1.0,True
P23458_CHEMBL5420971,1.0,True
P23458_CHEMBL5399325,1.0,True
P23458_CHEMBL5424098,1.0,True
P23458_CHEMBL5405262,1.0,True
P23458_CHEMBL5439485,1.0,True
P23458_CHEMBL5423387,1.0,True
P23458_CHEMBL5430795,1.0,True
P23458_CHEMBL5405043,1.0,True
P23458_CHEMBL5410919,1.0,True
P23458_CHEMBL5435417,1.0,True
P23458_CHEMBL5439582,1.0,True
P23458_CHEMBL5427932,1.0,True
P23458_CHEMBL5405140,1.0,True
P23458_CHEMBL5404261,1.0,True
P23458_CHEMBL5441087,1.0,True
P23458_CHEMBL5440017,1.0,True
P23458_CHEMBL5434116,1.0,True
P23458_CHEMBL5396523,1.0,True
P23458_CHEMBL5423894,1.0,True
P23458_CHEMBL5424497,1.0,True
P23458_CHEMBL5409953,1.0,True
P23458_CHEMBL5422886,1.0,True
P23458_CHEMBL5412967,1.0,True
P23458_CHEMBL5417371,1.0,True
P23458_CHEMBL5440832,1.0,True
P23458_CHEMBL5417190,1.0,True
P23458_CHEMBL5404411,1.0,True
P23458_CHEMBL5436647,1.0,True
P23458_CHEMBL5431456,1.0,True
P23458_CHEMBL5396190,1.0,True
P23458_CHEMBL5438882,1.0,True
P23458_CHEMBL5424372,1.0,True
P23458_CHEMBL5436482,1.0,True
P23458_CHEMBL5407329,1.0,True
P23458_CHEMBL5407260,1.0,True
P23458_CHEMBL5396554,1.0,True
P23458_CHEMBL5415586,1.0,True
P23458_CHEMBL5409666,1.0,True
P23458_CHEMBL5433426,1.0,True
P23458_CHEMBL5395378,1.0,True
P23458_CHEMBL5420468,1.0,True
P23458_CHEMBL5408994,1.0,True
P23458_CHEMBL5419978,1.0,True
P23458_CHEMBL5435482,1.0,True
P23458_CHEMBL5398464,1.0,True
P23458_CHEMBL5440510,1.0,True
P23458_CHEMBL5438892,1.0,True
P23458_CHEMBL5412619,1.0,True
P23458_CHEMBL5400209,1.0,True
P23458_CHEMBL5437261,1.0,True
P23458_CHEMBL5428461,1.0,True
P23458_CHEMBL5419271,1.0,True
P23458_CHEMBL5436383,1.0,True
P23458_CHEMBL5431257,1.0,True
P23458_CHEMBL5440264,1.0,True
P23458_CHEMBL5420928,1.0,True
P23458_CHEMBL5413489,1.0,True
P23458_CHEMBL5417745,1.0,True
P23458_CHEMBL5414410,1.0,True
P23458_CHEMBL5431565,1.0,True
P23458_CHEMBL5398705,1.0,True
P23458_CHEMBL5423237,1.0,True
P23458_CHEMBL5411082,1.0,True
P23458_CHEMBL5424761,1.0,True
P23458_CHEMBL5394914,1.0,True
P23458_CHEMBL5421116,1.0,True
P23458_CHEMBL5422793,1.0,True
P23458_CHEMBL5418073,1.0,True
P23458_CHEMBL5407116,1.0,True
P23458_CHEMBL5422110,1.0,True
P23458_CHEMBL5430869,1.0,True
P24941_CHEMBL5416233,1.0,True
P24941_CHEMBL5414905,1.0,True
P24941_CHEMBL5399420,1.0,True
P24941_CHEMBL5428330,1.0,True
P24941_CHEMBL5417371,1.0,True
P24941_CHEMBL5440832,1.0,True
P24941_CHEMBL5417190,1.0,True
P24941_CHEMBL5404411,1.0,True
P24941_CHEMBL5436647,1.0,True
P24941_CHEMBL5431456,1.0,True
P24941_CHEMBL5396190,1.0,True
P24941_CHEMBL5438882,1.0,True
P24941_CHEMBL5424372,1.0,True
P24941_CHEMBL5427047,1.0,True
P24941_CHEMBL5436482,1.0,True
P24941_CHEMBL5401267,1.0,True
P24941_CHEMBL5413620,1.0,True
P24941_CHEMBL5407688,1.0,True
P24941_CHEMBL5434594,1.0,True
P24941_CHEMBL5440790,1.0,True
P24941_CHEMBL5428382,1.0,True
P24941_CHEMBL5410597,1.0,True
P24941_CHEMBL5427324,1.0,True
P24941_CHEMBL5421310,1.0,True
P24941_CHEMBL5406341,1.0,True
P24941_CHEMBL5439522,1.0,True
P24941_CHEMBL5421048,1.0,True
P24941_CHEMBL5394608,1.0,True
P24941_CHEMBL5394312,1.0,True
P24941_CHEMBL5412165,1.0,True
P24941_CHEMBL5439308,1.0,True
P24941_CHEMBL5407777,1.0,True
P24941_CHEMBL5414410,1.0,True
P24941_CHEMBL5431565,1.0,True
P24941_CHEMBL5435746,1.0,True
P24941_CHEMBL5398705,1.0,True
P24941_CHEMBL5435410,1.0,True
P24941_CHEMBL5432928,1.0,True
P24941_CHEMBL5400738,1.0,True
P24941_CHEMBL5427192,1.0,True
P24941_CHEMBL5423185,1.0,True
P24941_CHEMBL5423683,1.0,True
P24941_CHEMBL5412113,1.0,True
P24941_CHEMBL5404611,1.0,True
P24941_CHEMBL5401897,1.0,True
P24941_CHEMBL5432063,1.0,True
P24941_CHEMBL5423237,1.0,True
P24941_CHEMBL5424761,1.0,True
P24941_CHEMBL5418073,1.0,True
P24941_CHEMBL5407116,1.0,True
P27338_CHEMBL5417937,1.0,True
P27338_CHEMBL5428315,1.0,True
P27338_CHEMBL5434825,1.0,True
P27338_CHEMBL5395648,1.0,True
P27338_CHEMBL5402309,1.0,True
P27338_CHEMBL5399743,1.0,True
P27338_CHEMBL5400613,1.0,True
P27338_CHEMBL5411972,1.0,True
P27338_CHEMBL5434514,1.0,True
P27338_CHEMBL5425979,1.0,True
P27338_CHEMBL5440858,1.0,True
P27338_CHEMBL5427590,1.0,True
P27338_CHEMBL5419792,1.0,True
P27338_CHEMBL5414346,1.0,True
P27338_CHEMBL5423119,1.0,True
P27338_CHEMBL5430666,1.0,True
P27338_CHEMBL5399671,1.0,True
P27338_CHEMBL5409741,1.0,True
P27338_CHEMBL5433292,1.0,True
P27338_CHEMBL5402353,1.0,True
P27338_CHEMBL5404978,1.0,True
P27338_CHEMBL5406273,1.0,True
P27338_CHEMBL5428685,1.0,True
P27338_CHEMBL5399314,1.0,True
P27338_CHEMBL5416870,1.0,True
P27338_CHEMBL5438815,1.0,True
P27338_CHEMBL5427855,1.0,True
P27338_CHEMBL5438218,1.0,True
P27338_CHEMBL5393927,1.0,True
P27338_CHEMBL5436279,1.0,True
P27338_CHEMBL5422519,1.0,True
P27338_CHEMBL5406099,1.0,True
P27338_CHEMBL5415952,1.0,True
P27338_CHEMBL5416702,1.0,True
P27338_CHEMBL5403831,1.0,True
P27338_CHEMBL5415563,1.0,True
P27338_CHEMBL5413841,1.0,True
P27338_CHEMBL5403156,1.0,True
P27338_CHEMBL5398332,1.0,True
P27338_CHEMBL5404106,1.0,True
P27338_CHEMBL5423573,1.0,True
P27338_CHEMBL5400090,1.0,True
P27338_CHEMBL5403314,1.0,True
P27338_CHEMBL5403469,1.0,True
P27338_CHEMBL5404959,1.0,True
P27338_CHEMBL5395261,1.0,True
P27338_CHEMBL5416897,1.0,True
P27338_CHEMBL5396287,1.0,True
P27338_CHEMBL5394729,1.0,True
P27338_CHEMBL5436440,1.0,True
P27338_CHEMBL5430903,1.0,True
P27338_CHEMBL5399676,1.0,True
P27338_CHEMBL5419856,1.0,True
P27338_CHEMBL5416185,1.0,True
P27338_CHEMBL5423045,1.0,True
P27338_CHEMBL5417198,1.0,True
P27338_CHEMBL5425546,1.0,True
P27338_CHEMBL5415156,1.0,True
P27338_CHEMBL5416761,1.0,True
P27338_CHEMBL5431945,1.0,True
P27338_CHEMBL5395527,1.0,True
P27338_CHEMBL5396512,1.0,True
P27338_CHEMBL5424650,1.0,True
P27338_CHEMBL5423810,1.0,True
P27338_CHEMBL5415650,1.0,True
P27338_CHEMBL5431708,1.0,True
P27338_CHEMBL5414093,1.0,True
P27338_CHEMBL5434761,1.0,True
P27338_CHEMBL5399687,1.0,True
P27338_CHEMBL5399540,1.0,True
P27338_CHEMBL5436231,1.0,True
P27338_CHEMBL5408055,1.0,True
P27338_CHEMBL5404165,1.0,True
P27338_CHEMBL5395788,1.0,True
P27338_CHEMBL5398537,1.0,True
P27338_CHEMBL5408318,1.0,True
P27338_CHEMBL5410682,1.0,True
P27338_CHEMBL5421285,1.0,True
P27338_CHEMBL5425310,1.0,True
P27338_CHEMBL5417092,1.0,True
P27338_CHEMBL5437538,1.0,True
P27338_CHEMBL5422460,1.0,True
P27338_CHEMBL5422732,1.0,True
P27338_CHEMBL5438053,1.0,True
P27338_CHEMBL5402945,1.0,True
P27338_CHEMBL5434678,1.0,True
P27338_CHEMBL5418924,1.0,True
P27338_CHEMBL5428671,1.0,True
P27338_CHEMBL5428196,1.0,True
P27338_CHEMBL5433019,1.0,True
P27338_CHEMBL5399496,1.0,True
P27338_CHEMBL5413087,1.0,True
P27338_CHEMBL5433787,1.0,True
P27338_CHEMBL5429656,1.0,True
P27338_CHEMBL5421246,1.0,True
P27338_CHEMBL5437543,1.0,True
P27338_CHEMBL5423398,1.0,True
P27338_CHEMBL5423186,1.0,True
P27338_CHEMBL5426795,1.0,True
P27338_CHEMBL5434275,1.0,True
P27338_CHEMBL5400189,1.0,True
P27338_CHEMBL5404200,1.0,True
P27338_CHEMBL5431507,1.0,True
P27338_CHEMBL5406057,1.0,True
P27338_CHEMBL5432117,1.0,True
P27338_CHEMBL5403995,1.0,True
P27338_CHEMBL5401875,1.0,True
P27338_CHEMBL5401572,1.0,True
P27338_CHEMBL5407170,1.0,True
P27338_CHEMBL5440632,1.0,True
P27338_CHEMBL5394801,1.0,True
P27338_CHEMBL5441072,1.0,True
P27338_CHEMBL5430381,1.0,True
P27338_CHEMBL5414652,1.0,True
P27338_CHEMBL5415223,1.0,True
P27338_CHEMBL5398247,1.0,True
P27338_CHEMBL5418090,1.0,True
P27338_CHEMBL5426461,1.0,True
P27338_CHEMBL5400685,1.0,True
P27338_CHEMBL5428123,1.0,True
P27338_CHEMBL5438301,1.0,True
P27338_CHEMBL5394462,1.0,True
P27338_CHEMBL5427279,1.0,True
P27338_CHEMBL5432246,1.0,True
P28223_CHEMBL5433300,1.0,True
P28223_CHEMBL5405562,1.0,True
P28223_CHEMBL5406900,1.0,True
P28223_CHEMBL5397704,1.0,True
P28223_CHEMBL5405414,1.0,True
P28223_CHEMBL5419441,1.0,True
P28223_CHEMBL5416678,1.0,True
P28223_CHEMBL5433857,1.0,True
P28223_CHEMBL5400892,1.0,True
P28223_CHEMBL5410706,1.0,True
P28223_CHEMBL5420304,1.0,True
P28223_CHEMBL5434373,1.0,True
P28223_CHEMBL5416642,1.0,True
P28223_CHEMBL5412886,1.0,True
P28223_CHEMBL5424897,1.0,True
P28223_CHEMBL5409134,1.0,True
P28223_CHEMBL5437660,1.0,True
P28223_CHEMBL5408223,1.0,True
P28223_CHEMBL5404054,1.0,True
P28223_CHEMBL5436003,1.0,True
P28223_CHEMBL5423649,1.0,True
P28223_CHEMBL5395867,1.0,True
P28223_CHEMBL5406837,1.0,True
P28223_CHEMBL5397523,1.0,True
P28223_CHEMBL5434229,1.0,True
P28223_CHEMBL5431103,1.0,True
P28223_CHEMBL5422870,1.0,True
P28223_CHEMBL5403204,1.0,True
P28223_CHEMBL5418283,1.0,True
P28223_CHEMBL5409227,1.0,True
P28223_CHEMBL5409419,1.0,True
P28223_CHEMBL5426242,1.0,True
P28223_CHEMBL5415412,1.0,True
P28223_CHEMBL5425252,1.0,True
P28223_CHEMBL5400232,1.0,True
P28223_CHEMBL5404031,1.0,True
P28223_CHEMBL5407925,1.0,True
P28223_CHEMBL5402096,1.0,True
P28223_CHEMBL5409782,1.0,True
P28223_CHEMBL5419552,1.0,True
P28223_CHEMBL5422180,1.0,True
P28223_CHEMBL5435580,1.0,True
P28223_CHEMBL5411002,1.0,True
P28223_CHEMBL5424052,1.0,True
P28223_CHEMBL5422196,1.0,True
P28223_CHEMBL5429491,1.0,True
P28223_CHEMBL5395668,1.0,True
P28223_CHEMBL5439203,1.0,True
P28223_CHEMBL5436641,1.0,True
P28223_CHEMBL5429826,1.0,True
P28223_CHEMBL5409331,1.0,True
P28223_CHEMBL5428071,1.0,True
P28223_CHEMBL5394464,1.0,True
P28223_CHEMBL5429818,1.0,True
P28335_CHEMBL5424897,1.0,True
P28335_CHEMBL5409134,1.0,True
P28335_CHEMBL5437660,1.0,True
P28335_CHEMBL5408223,1.0,True
P28335_CHEMBL5404054,1.0,True
P28335_CHEMBL5434229,1.0,True
P28335_CHEMBL5431103,1.0,True
P28335_CHEMBL5418283,1.0,True
P28335_CHEMBL5430057,1.0,True
P28335_CHEMBL5409227,1.0,True
P28335_CHEMBL5427640,1.0,True
P28335_CHEMBL5409419,1.0,True
P28335_CHEMBL5426242,1.0,True
P28335_CHEMBL5395233,1.0,True
P28335_CHEMBL5436641,1.0,True
P28335_CHEMBL5429826,1.0,True
P28335_CHEMBL5409331,1.0,True
P28335_CHEMBL5435945,1.0,True
P28335_CHEMBL5428071,1.0,True
P28335_CHEMBL5394464,1.0,True
P28335_CHEMBL5441076,1.0,True
P28335_CHEMBL5432740,1.0,True
P28907_CHEMBL5423247,1.0,True
P28907_CHEMBL5397412,1.0,True
P28907_CHEMBL5403659,1.0,True
P28907_CHEMBL5395994,1.0,True
P28907_CHEMBL5421625,1.0,True
P28907_CHEMBL5405886,1.0,True
P28907_CHEMBL5404154,1.0,True
P28907_CHEMBL5415804,1.0,True
P28907_CHEMBL5432974,1.0,True
P28907_CHEMBL5434557,1.0,True
P28907_CHEMBL5427100,1.0,True
P28907_CHEMBL5395515,1.0,True
P28907_CHEMBL5415574,1.0,True
P28907_CHEMBL5430964,1.0,True
P28907_CHEMBL5429970,1.0,True
P28907_CHEMBL5440312,1.0,True
P28907_CHEMBL5405079,1.0,True
P28907_CHEMBL5434460,1.0,True
P28907_CHEMBL5431367,1.0,True
P28907_CHEMBL5436110,1.0,True
P28907_CHEMBL5417850,1.0,True
P28907_CHEMBL5434181,1.0,True
P28907_CHEMBL5436403,1.0,True
P28907_CHEMBL5426011,1.0,True
P28907_CHEMBL5401022,1.0,True
P28907_CHEMBL5440681,1.0,True
P28907_CHEMBL5398114,1.0,True
P28907_CHEMBL5425216,1.0,True
P28907_CHEMBL5418653,1.0,True
P28907_CHEMBL5424500,1.0,True
P28907_CHEMBL5410644,1.0,True
P28907_CHEMBL5396888,1.0,True
P28907_CHEMBL5414411,1.0,True
P28907_CHEMBL5427901,1.0,True
P28907_CHEMBL5420517,1.0,True
P28907_CHEMBL5437449,1.0,True
P28907_CHEMBL5424631,1.0,True
P29274_CHEMBL5416209,1.0,True
P29274_CHEMBL5405570,1.0,True
P29274_CHEMBL5393920,1.0,True
P29274_CHEMBL5436220,1.0,True
P29274_CHEMBL5421109,1.0,True
P29274_CHEMBL5427211,1.0,True
P29274_CHEMBL5422711,1.0,True
P29274_CHEMBL5437109,1.0,True
P29274_CHEMBL5395897,1.0,True
P29274_CHEMBL5399921,1.0,True
P29274_CHEMBL5439422,1.0,True
P29274_CHEMBL5404268,1.0,True
P29274_CHEMBL5402843,1.0,True
P29274_CHEMBL5416491,1.0,True
P29274_CHEMBL5416911,1.0,True
P29274_CHEMBL5429151,1.0,True
P29274_CHEMBL5410668,1.0,True
P29274_CHEMBL5430246,1.0,True
P29274_CHEMBL5426841,1.0,True
P29274_CHEMBL5413371,1.0,True
P29274_CHEMBL5438060,1.0,True
P29274_CHEMBL5439885,1.0,True
P29274_CHEMBL5399566,1.0,True
P29274_CHEMBL5433808,1.0,True
P29274_CHEMBL5415792,1.0,True
P29274_CHEMBL5437168,1.0,True
P29274_CHEMBL5401706,1.0,True
P29274_CHEMBL5398651,1.0,True
P29274_CHEMBL5401410,1.0,True
P29274_CHEMBL5408699,1.0,True
P29274_CHEMBL5426226,1.0,True
P29274_CHEMBL5422621,1.0,True
P29274_CHEMBL5408447,1.0,True
P29274_CHEMBL5397080,1.0,True
P29274_CHEMBL5400341,1.0,True
P29274_CHEMBL5417712,1.0,True
P29274_CHEMBL5412117,1.0,True
P29274_CHEMBL5422530,1.0,True
P29274_CHEMBL5415529,1.0,True
P29274_CHEMBL5408468,1.0,True
P29274_CHEMBL5405584,1.0,True
P29274_CHEMBL5420888,1.0,True
P29274_CHEMBL5427931,1.0,True
P29274_CHEMBL5419573,1.0,True
P29274_CHEMBL5395100,1.0,True
P29274_CHEMBL5438754,1.0,True
P29597_CHEMBL5418687,1.0,True
P29597_CHEMBL5396134,1.0,True
P29597_CHEMBL5414765,1.0,True
P29597_CHEMBL5394367,1.0,True
P29597_CHEMBL5424439,1.0,True
P29597_CHEMBL5417474,1.0,True
P29597_CHEMBL5395839,1.0,True
P29597_CHEMBL5403897,1.0,True
P29597_CHEMBL5420083,1.0,True
P29597_CHEMBL5420971,1.0,True
P29597_CHEMBL5424098,1.0,True
P29597_CHEMBL5403272,1.0,True
P29597_CHEMBL5423387,1.0,True
P29597_CHEMBL5430795,1.0,True
P29597_CHEMBL5405043,1.0,True
P29597_CHEMBL5410919,1.0,True
P29597_CHEMBL5435417,1.0,True
P29597_CHEMBL5439582,1.0,True
P29597_CHEMBL5427932,1.0,True
P29597_CHEMBL5405140,1.0,True
P29597_CHEMBL5404261,1.0,True
P29597_CHEMBL5441087,1.0,True
P29597_CHEMBL5440017,1.0,True
P29597_CHEMBL5434116,1.0,True
P29597_CHEMBL5396523,1.0,True
P29597_CHEMBL5423894,1.0,True
P29597_CHEMBL5424497,1.0,True
P29597_CHEMBL5438635,1.0,True
P29597_CHEMBL5409953,1.0,True
P29597_CHEMBL5422886,1.0,True
P29597_CHEMBL5412967,1.0,True
P29597_CHEMBL5407329,1.0,True
P29597_CHEMBL5407260,1.0,True
P29597_CHEMBL5396554,1.0,True
P29597_CHEMBL5415586,1.0,True
P29597_CHEMBL5409666,1.0,True
P29597_CHEMBL5433426,1.0,True
P29597_CHEMBL5408994,1.0,True
P29597_CHEMBL5419978,1.0,True
P29597_CHEMBL5435482,1.0,True
P29597_CHEMBL5440510,1.0,True
P29597_CHEMBL5438892,1.0,True
P29597_CHEMBL5412619,1.0,True
P29597_CHEMBL5437653,1.0,True
P29597_CHEMBL5400209,1.0,True
P29597_CHEMBL5437261,1.0,True
P29597_CHEMBL5431257,1.0,True
P29597_CHEMBL5440264,1.0,True
P29597_CHEMBL5413489,1.0,True
P29597_CHEMBL5429461,1.0,True
P29597_CHEMBL5422793,1.0,True
P31153_CHEMBL5405042,1.0,True
P31153_CHEMBL5402991,1.0,True
P31153_CHEMBL5395201,1.0,True
P31153_CHEMBL5415073,1.0,True
P31153_CHEMBL5400994,1.0,True
P31153_CHEMBL5412431,1.0,True
P31153_CHEMBL5437430,1.0,True
P31153_CHEMBL5419227,1.0,True
P31153_CHEMBL5418094,1.0,True
P31153_CHEMBL5440991,1.0,True
P31153_CHEMBL5412125,1.0,True
P31153_CHEMBL5425823,1.0,True
P31153_CHEMBL5401515,1.0,True
P31153_CHEMBL5430139,1.0,True
P31153_CHEMBL5434352,1.0,True
P31153_CHEMBL5423083,1.0,True
P31153_CHEMBL5432232,1.0,True
P31153_CHEMBL5397124,1.0,True
P31153_CHEMBL5405749,1.0,True
P31153_CHEMBL5435278,1.0,True
P31153_CHEMBL5419203,1.0,True
P31153_CHEMBL5413291,1.0,True
P31153_CHEMBL5406558,1.0,True
P31153_CHEMBL5409231,1.0,True
P31153_CHEMBL5405041,1.0,True
P31153_CHEMBL5422027,1.0,True
P31153_CHEMBL5399691,1.0,True
P31153_CHEMBL5426479,1.0,True
P31153_CHEMBL5399738,1.0,True
P31153_CHEMBL5413811,1.0,True
P31153_CHEMBL5427061,1.0,True
P31153_CHEMBL5426003,1.0,True
P31153_CHEMBL5419023,1.0,True
P31153_CHEMBL5413791,1.0,True
P31153_CHEMBL5422860,1.0,True
P31153_CHEMBL5401688,1.0,True
P31153_CHEMBL5399741,1.0,True
P31153_CHEMBL5411162,1.0,True
P31153_CHEMBL5439586,1.0,True
P31153_CHEMBL5407969,1.0,True
P31153_CHEMBL5420391,1.0,True
P31153_CHEMBL5393737,1.0,True
P31153_CHEMBL5403351,1.0,True
P31153_CHEMBL5436630,1.0,True
P31153_CHEMBL5425116,1.0,True
P31153_CHEMBL5439496,1.0,True
P31153_CHEMBL5398803,1.0,True
P31153_CHEMBL5431494,1.0,True
P31153_CHEMBL5433315,1.0,True
P31153_CHEMBL5438211,1.0,True
P34913_CHEMBL5433817,1.0,True
P34913_CHEMBL5435984,1.0,True
P34913_CHEMBL5404981,1.0,True
P34913_CHEMBL5430033,1.0,True
P34913_CHEMBL5432207,1.0,True
P34913_CHEMBL5414017,1.0,True
P34913_CHEMBL5405712,1.0,True
P34913_CHEMBL5419231,1.0,True
P34913_CHEMBL5438968,1.0,True
P34913_CHEMBL5406085,1.0,True
P34913_CHEMBL5396859,1.0,True
P34913_CHEMBL5423765,1.0,True
P34913_CHEMBL5402713,1.0,True
P34913_CHEMBL5394017,1.0,True
P34913_CHEMBL5427173,1.0,True
P34913_CHEMBL5429531,1.0,True
P34913_CHEMBL5425833,1.0,True
P34913_CHEMBL5430521,1.0,True
P34913_CHEMBL5431410,1.0,True
P34913_CHEMBL5431664,1.0,True
P34913_CHEMBL5435879,1.0,True
P34913_CHEMBL5434178,1.0,True
P34913_CHEMBL5399542,1.0,True
P34913_CHEMBL5420723,1.0,True
P34913_CHEMBL5435557,1.0,True
P34913_CHEMBL5423755,1.0,True
P34913_CHEMBL5410246,1.0,True
P34913_CHEMBL5421307,1.0,True
P34913_CHEMBL5395369,1.0,True
P34913_CHEMBL5437028,1.0,True
P34913_CHEMBL5397730,1.0,True
P34913_CHEMBL5422052,1.0,True
P34913_CHEMBL5414179,1.0,True
P34913_CHEMBL5431497,1.0,True
P34913_CHEMBL5425040,1.0,True
P34913_CHEMBL5433621,1.0,True
P34913_CHEMBL5424246,1.0,True
P34913_CHEMBL5421374,1.0,True
P34913_CHEMBL5399478,1.0,True
P34913_CHEMBL5417426,1.0,True
P34913_CHEMBL5412026,1.0,True
P34913_CHEMBL5433624,1.0,True
P34913_CHEMBL5429004,1.0,True
P34913_CHEMBL5415121,1.0,True
P34913_CHEMBL5429256,1.0,True
P34913_CHEMBL5404352,1.0,True
P34913_CHEMBL5435276,1.0,True
P34913_CHEMBL5403016,1.0,True
P34913_CHEMBL5417008,1.0,True
P34913_CHEMBL5410521,1.0,True
P34913_CHEMBL5414609,1.0,True
P34913_CHEMBL5428998,1.0,True
P34913_CHEMBL5437010,1.0,True
P34913_CHEMBL5410982,1.0,True
P34913_CHEMBL5437647,1.0,True
P34913_CHEMBL5406849,1.0,True
P34913_CHEMBL5428089,1.0,True
P34913_CHEMBL5411642,1.0,True
P34913_CHEMBL5415470,1.0,True
P34913_CHEMBL5418650,1.0,True
P34913_CHEMBL5420193,1.0,True
P34913_CHEMBL5426753,1.0,True
P34913_CHEMBL5411340,1.0,True
P34913_CHEMBL5435336,1.0,True
P34913_CHEMBL5438483,1.0,True
P34913_CHEMBL5411847,1.0,True
P34913_CHEMBL5415175,1.0,True
P34913_CHEMBL5408127,1.0,True
P34913_CHEMBL5407621,1.0,True
P34913_CHEMBL5439306,1.0,True
P34972_CHEMBL5420560,1.0,True
P34972_CHEMBL5423328,1.0,True
P34972_CHEMBL5406438,1.0,True
P34972_CHEMBL5403405,1.0,True
P34972_CHEMBL5411459,1.0,True
P34972_CHEMBL5415690,1.0,True
P34972_CHEMBL5421210,1.0,True
P34972_CHEMBL5418589,1.0,True
P34972_CHEMBL5437097,1.0,True
P34972_CHEMBL5422404,1.0,True
P34972_CHEMBL5409471,1.0,True
P34972_CHEMBL5428372,1.0,True
P34972_CHEMBL5419335,1.0,True
P34972_CHEMBL5406967,1.0,True
P34972_CHEMBL5410025,1.0,True
P34972_CHEMBL5422557,1.0,True
P34972_CHEMBL5430360,1.0,True
P34972_CHEMBL5421463,1.0,True
P34972_CHEMBL5409303,1.0,True
P34972_CHEMBL5395270,1.0,True
P34972_CHEMBL5416421,1.0,True
P34972_CHEMBL5429476,1.0,True
P34972_CHEMBL5430169,1.0,True
P34972_CHEMBL5411397,1.0,True
P34972_CHEMBL5412500,1.0,True
P34972_CHEMBL5414873,1.0,True
P34972_CHEMBL5409074,1.0,True
P34972_CHEMBL5405774,1.0,True
P34972_CHEMBL5417553,1.0,True
P34972_CHEMBL5415150,1.0,True
P35372_CHEMBL5413043,1.0,True
P35372_CHEMBL5435390,1.0,True
P35372_CHEMBL5402755,1.0,True
P35372_CHEMBL5398409,1.0,True
P35372_CHEMBL5408683,1.0,True
P35372_CHEMBL5406692,1.0,True
P35372_CHEMBL5435537,1.0,True
P35372_CHEMBL5403243,1.0,True
P35372_CHEMBL5435711,1.0,True
P35372_CHEMBL5415842,1.0,True
P35372_CHEMBL5415691,1.0,True
P35372_CHEMBL5413237,1.0,True
P35372_CHEMBL5407845,1.0,True
P35372_CHEMBL5413536,1.0,True
P35372_CHEMBL5397609,1.0,True
P35372_CHEMBL5410159,1.0,True
P35372_CHEMBL5409322,1.0,True
P35372_CHEMBL5412606,1.0,True
P35372_CHEMBL5421714,1.0,True
P35372_CHEMBL5395539,1.0,True
P35372_CHEMBL5398913,1.0,True
P35372_CHEMBL5436551,1.0,True
P35372_CHEMBL5407379,1.0,True
P35372_CHEMBL5421526,1.0,True
P35372_CHEMBL5429557,1.0,True
P35372_CHEMBL5437720,1.0,True
P35372_CHEMBL5417643,1.0,True
P35372_CHEMBL5418730,1.0,True
P35372_CHEMBL5407747,1.0,True
P35372_CHEMBL5425944,1.0,True
P35372_CHEMBL5413807,1.0,True
P35372_CHEMBL5429207,1.0,True
P35372_CHEMBL5423250,1.0,True
P35372_CHEMBL5400356,1.0,True
P35372_CHEMBL5401204,1.0,True
P35408_CHEMBL5436396,1.0,True
P35408_CHEMBL5429723,1.0,True
P35408_CHEMBL5414713,1.0,True
P35408_CHEMBL5426459,1.0,True
P35408_CHEMBL5416297,1.0,True
P35408_CHEMBL5408721,1.0,True
P35408_CHEMBL5395204,1.0,True
P35408_CHEMBL5421486,1.0,True
P35408_CHEMBL5437320,1.0,True
P35408_CHEMBL5430051,1.0,True
P35408_CHEMBL5405516,1.0,True
P35408_CHEMBL5407123,1.0,True
P35408_CHEMBL5433739,1.0,True
P35408_CHEMBL5435929,1.0,True
P35408_CHEMBL5426990,1.0,True
P35408_CHEMBL5427471,1.0,True
P35408_CHEMBL5394316,1.0,True
P35408_CHEMBL5431483,1.0,True
P35408_CHEMBL5419736,1.0,True
P35408_CHEMBL5413066,1.0,True
P35408_CHEMBL5427264,1.0,True
P35408_CHEMBL5410514,1.0,True
P35408_CHEMBL5430749,1.0,True
P35408_CHEMBL5426152,1.0,True
P35408_CHEMBL5402258,1.0,True
P35408_CHEMBL5434593,1.0,True
P35408_CHEMBL5401228,1.0,True
P35408_CHEMBL5411028,1.0,True
P35408_CHEMBL5411223,1.0,True
P35408_CHEMBL5401935,1.0,True
P35408_CHEMBL5408723,1.0,True
P35408_CHEMBL5414398,1.0,True
P35408_CHEMBL5394484,1.0,True
P35408_CHEMBL5428393,1.0,True
P35408_CHEMBL5427544,1.0,True
P35408_CHEMBL5402938,1.0,True
P35408_CHEMBL5393749,1.0,True
P35408_CHEMBL5426943,1.0,True
P35408_CHEMBL5427672,1.0,True
P35408_CHEMBL5433721,1.0,True
P35408_CHEMBL5395138,1.0,True
P35408_CHEMBL5435216,1.0,True
P35408_CHEMBL5417603,1.0,True
P35408_CHEMBL5438025,1.0,True
P35408_CHEMBL5436556,1.0,True
P35408_CHEMBL5407788,1.0,True
P35408_CHEMBL5427584,1.0,True
P35408_CHEMBL5403528,1.0,True
P35408_CHEMBL5426457,1.0,True
P35408_CHEMBL5405242,1.0,True
P35408_CHEMBL5411952,1.0,True
P35408_CHEMBL5424332,1.0,True
P35408_CHEMBL5399302,1.0,True
P35408_CHEMBL5397734,1.0,True
P35462_CHEMBL5399833,1.0,True
P35462_CHEMBL5415691,1.0,True
P35462_CHEMBL5413237,1.0,True
P35462_CHEMBL5407845,1.0,True
P35462_CHEMBL5420515,1.0,True
P35462_CHEMBL5394838,1.0,True
P35462_CHEMBL5410716,1.0,True
P35462_CHEMBL5439212,1.0,True
P35462_CHEMBL5399422,1.0,True
P35462_CHEMBL5414499,1.0,True
P35462_CHEMBL5437148,1.0,True
P35462_CHEMBL5399933,1.0,True
P35462_CHEMBL5409939,1.0,True
P35462_CHEMBL5399568,1.0,True
P35462_CHEMBL5425375,1.0,True
P35462_CHEMBL5399166,1.0,True
P35462_CHEMBL5402269,1.0,True
P35462_CHEMBL5420387,1.0,True
P35462_CHEMBL5410387,1.0,True
P35462_CHEMBL5395272,1.0,True
P35462_CHEMBL5438487,1.0,True
P35462_CHEMBL5396616,1.0,True
P35462_CHEMBL5433001,1.0,True
P35462_CHEMBL5427065,1.0,True
P35462_CHEMBL5424241,1.0,True
P35462_CHEMBL5409755,1.0,True
P35462_CHEMBL5421925,1.0,True
P35462_CHEMBL5415846,1.0,True
P35462_CHEMBL5404807,1.0,True
P35462_CHEMBL5425134,1.0,True
P35462_CHEMBL5440422,1.0,True
P35462_CHEMBL5410159,1.0,True
P35462_CHEMBL5409322,1.0,True
P35462_CHEMBL5421714,1.0,True
P35462_CHEMBL5436551,1.0,True
P35462_CHEMBL5436957,1.0,True
P35462_CHEMBL5420316,1.0,True
P35462_CHEMBL5426620,1.0,True
P35462_CHEMBL5402212,1.0,True
P35462_CHEMBL5433284,1.0,True
P35462_CHEMBL5399129,1.0,True
P35462_CHEMBL5421827,1.0,True
P35462_CHEMBL5422870,1.0,True
P35462_CHEMBL5428803,1.0,True
P35462_CHEMBL5403204,1.0,True
P35462_CHEMBL5439853,1.0,True
P35462_CHEMBL5407341,1.0,True
P35462_CHEMBL5417643,1.0,True
P35462_CHEMBL5416644,1.0,True
P35462_CHEMBL5411404,1.0,True
P35462_CHEMBL5421272,1.0,True
P35462_CHEMBL5433509,1.0,True
P35462_CHEMBL5438205,1.0,True
P35462_CHEMBL5412718,1.0,True
P35462_CHEMBL5405333,1.0,True
P35462_CHEMBL5396317,1.0,True
P35462_CHEMBL5427937,1.0,True
P35462_CHEMBL5395187,1.0,True
P35462_CHEMBL5405086,1.0,True
P35462_CHEMBL5425252,1.0,True
P35462_CHEMBL5415335,1.0,True
P35462_CHEMBL5394431,1.0,True
P35462_CHEMBL5431474,1.0,True
P35462_CHEMBL5416728,1.0,True
P35462_CHEMBL5410179,1.0,True
P35462_CHEMBL5436809,1.0,True
P35462_CHEMBL5400232,1.0,True
P35462_CHEMBL5418730,1.0,True
P35462_CHEMBL5407747,1.0,True
P35462_CHEMBL5425944,1.0,True
P35462_CHEMBL5413807,1.0,True
P35462_CHEMBL5429207,1.0,True
P35462_CHEMBL5423250,1.0,True
P35462_CHEMBL5400356,1.0,True
P35462_CHEMBL5417351,1.0,True
P35462_CHEMBL5395965,1.0,True
P35462_CHEMBL5398100,1.0,True
P35462_CHEMBL5429048,1.0,True
P35462_CHEMBL5429826,1.0,True
P36544_CHEMBL5435510,1.0,True
P36544_CHEMBL5428848,1.0,True
P36544_CHEMBL5428298,1.0,True
P36544_CHEMBL5401803,1.0,True
P36544_CHEMBL5417751,1.0,True
P36544_CHEMBL5409285,1.0,True
P36544_CHEMBL5423336,1.0,True
P36544_CHEMBL5400651,1.0,True
P36544_CHEMBL5415482,1.0,True
P36544_CHEMBL5435415,1.0,True
P36544_CHEMBL5433741,1.0,True
P36544_CHEMBL5416962,1.0,True
P36544_CHEMBL5403618,1.0,True
P36544_CHEMBL5428774,1.0,True
P36544_CHEMBL5415576,1.0,True
P36544_CHEMBL5407945,1.0,True
P36544_CHEMBL5395819,1.0,True
P36544_CHEMBL5412463,1.0,True
P36544_CHEMBL5425014,1.0,True
P36544_CHEMBL5406306,1.0,True
P36544_CHEMBL5418191,1.0,True
P36544_CHEMBL5415738,1.0,True
P36544_CHEMBL5416363,1.0,True
P36544_CHEMBL5396300,1.0,True
P36544_CHEMBL5408237,1.0,True
P36544_CHEMBL5415788,1.0,True
P36544_CHEMBL5436520,1.0,True
P36544_CHEMBL5399641,1.0,True
P36544_CHEMBL5432840,1.0,True
P36544_CHEMBL5396579,1.0,True
P36544_CHEMBL5415255,1.0,True
P36544_CHEMBL5440131,1.0,True
P36544_CHEMBL5393773,1.0,True
P37231_CHEMBL5403200,1.0,True
P37231_CHEMBL5421425,1.0,True
P37231_CHEMBL5407583,1.0,True
P37231_CHEMBL5406591,1.0,True
P37231_CHEMBL5406898,1.0,True
P37231_CHEMBL5408470,1.0,True
P37231_CHEMBL5397940,1.0,True
P37231_CHEMBL5427431,1.0,True
P37231_CHEMBL5439812,1.0,True
P37231_CHEMBL5432530,1.0,True
P37231_CHEMBL5431536,1.0,True
P37231_CHEMBL5429976,1.0,True
P37231_CHEMBL5395286,1.0,True
P37231_CHEMBL5427888,1.0,True
P37231_CHEMBL5431290,1.0,True
P37231_CHEMBL5429911,1.0,True
P41143_CHEMBL5427274,1.0,True
P41143_CHEMBL5399596,1.0,True
P41143_CHEMBL5434134,1.0,True
P41143_CHEMBL5432205,1.0,True
P41143_CHEMBL5426012,1.0,True
P41143_CHEMBL5404274,1.0,True
P41143_CHEMBL5405339,1.0,True
P41143_CHEMBL5415010,1.0,True
P41143_CHEMBL5423260,1.0,True
P41143_CHEMBL5405519,1.0,True
P41143_CHEMBL5403273,1.0,True
P41143_CHEMBL5432317,1.0,True
P41143_CHEMBL5411900,1.0,True
P41143_CHEMBL5432174,1.0,True
P41143_CHEMBL5432371,1.0,True
P41143_CHEMBL5416619,1.0,True
P41143_CHEMBL5425838,1.0,True
P41143_CHEMBL5438077,1.0,True
P41143_CHEMBL5427896,1.0,True
P41143_CHEMBL5426498,1.0,True
P41143_CHEMBL5401204,1.0,True
P41143_CHEMBL5434911,1.0,True
P41143_CHEMBL5401578,1.0,True
P41143_CHEMBL5398970,1.0,True
P41143_CHEMBL5406491,1.0,True
P41143_CHEMBL5440937,1.0,True
P41143_CHEMBL5420457,1.0,True
P41143_CHEMBL5419838,1.0,True
P41143_CHEMBL5417637,1.0,True
P41143_CHEMBL5431128,1.0,True
P41143_CHEMBL5429587,1.0,True
P41143_CHEMBL5405800,1.0,True
P41143_CHEMBL5424642,1.0,True
P41143_CHEMBL5396504,1.0,True
P41143_CHEMBL5425108,1.0,True
P41143_CHEMBL5417814,1.0,True
P41143_CHEMBL5424438,1.0,True
P41143_CHEMBL5426766,1.0,True
P41143_CHEMBL5415668,1.0,True
P41143_CHEMBL5434721,1.0,True
P41143_CHEMBL5423403,1.0,True
P41145_CHEMBL5402380,1.0,True
P41145_CHEMBL5412738,1.0,True
P41145_CHEMBL5428706,1.0,True
P41145_CHEMBL5426627,1.0,True
P41145_CHEMBL5404274,1.0,True
P41145_CHEMBL5405339,1.0,True
P41145_CHEMBL5416582,1.0,True
P41145_CHEMBL5415010,1.0,True
P41145_CHEMBL5394355,1.0,True
P41145_CHEMBL5423260,1.0,True
P41145_CHEMBL5403724,1.0,True
P41145_CHEMBL5418013,1.0,True
P41145_CHEMBL5428920,1.0,True
P41145_CHEMBL5405248,1.0,True
P41145_CHEMBL5419235,1.0,True
P41145_CHEMBL5433205,1.0,True
P41145_CHEMBL5440141,1.0,True
P41145_CHEMBL5405049,1.0,True
P41145_CHEMBL5439837,1.0,True
P41145_CHEMBL5398392,1.0,True
P41145_CHEMBL5419716,1.0,True
P41145_CHEMBL5424523,1.0,True
P41145_CHEMBL5417743,1.0,True
P41145_CHEMBL5437720,1.0,True
P41145_CHEMBL5403335,1.0,True
P41145_CHEMBL5416937,1.0,True
P41145_CHEMBL5405776,1.0,True
P41145_CHEMBL5425679,1.0,True
P41145_CHEMBL5429995,1.0,True
P41145_CHEMBL5426289,1.0,True
P41145_CHEMBL5397467,1.0,True
P41145_CHEMBL5401204,1.0,True
P41145_CHEMBL5419132,1.0,True
P41145_CHEMBL5409958,1.0,True
P42330_CHEMBL5403375,1.0,True
P42330_CHEMBL5409789,1.0,True
P42330_CHEMBL5393766,1.0,True
P42330_CHEMBL5426283,1.0,True
P42330_CHEMBL5406588,1.0,True
P42330_CHEMBL5413682,1.0,True
P42330_CHEMBL5404373,1.0,True
P42330_CHEMBL5398882,1.0,True
P42330_CHEMBL5418560,1.0,True
P42330_CHEMBL5409918,1.0,True
P42330_CHEMBL5411983,1.0,True
P42330_CHEMBL5395406,1.0,True
P42330_CHEMBL5419024,1.0,True
P42330_CHEMBL5406928,1.0,True
P42330_CHEMBL5436517,1.0,True
P42330_CHEMBL5416628,1.0,True
P42330_CHEMBL5421222,1.0,True
P42330_CHEMBL5422601,1.0,True
P42330_CHEMBL5428274,1.0,True
P42330_CHEMBL5439918,1.0,True
P42330_CHEMBL5396002,1.0,True
P42330_CHEMBL5405863,1.0,True
P42330_CHEMBL5431359,1.0,True
P42330_CHEMBL5423363,1.0,True
P42330_CHEMBL5427755,1.0,True
P42330_CHEMBL5436664,1.0,True
P42330_CHEMBL5427069,1.0,True
P42330_CHEMBL5437831,1.0,True
P42330_CHEMBL5401215,1.0,True
P42330_CHEMBL5408142,1.0,True
P42330_CHEMBL5405175,1.0,True
P42330_CHEMBL5412756,1.0,True
P42330_CHEMBL5401567,1.0,True
P42330_CHEMBL5435345,1.0,True
P42330_CHEMBL5411601,1.0,True
P42330_CHEMBL5425839,1.0,True
P42330_CHEMBL5409615,1.0,True
P42330_CHEMBL5434084,1.0,True
P42330_CHEMBL5426142,1.0,True
P42330_CHEMBL5397312,1.0,True
P42330_CHEMBL5419252,1.0,True
P42330_CHEMBL5436866,1.0,True
P42330_CHEMBL5421383,1.0,True
P42330_CHEMBL5431806,1.0,True
P42330_CHEMBL5407337,1.0,True
P42330_CHEMBL5422118,1.0,True
P42330_CHEMBL5412169,1.0,True
P42330_CHEMBL5423738,1.0,True
P42330_CHEMBL5434454,1.0,True
P42330_CHEMBL5395625,1.0,True
P42330_CHEMBL5397522,1.0,True
P42330_CHEMBL5430302,1.0,True
P42330_CHEMBL5401700,1.0,True
P42330_CHEMBL5439018,1.0,True
P42330_CHEMBL5403302,1.0,True
P42330_CHEMBL5425327,1.0,True
P42330_CHEMBL5422070,1.0,True
P42330_CHEMBL5427727,1.0,True
P42330_CHEMBL5430200,1.0,True
P42330_CHEMBL5399095,1.0,True
P42330_CHEMBL5438808,1.0,True
P42330_CHEMBL5432550,1.0,True
P42330_CHEMBL5422271,1.0,True
P42330_CHEMBL5402185,1.0,True
P42330_CHEMBL5438117,1.0,True
P42330_CHEMBL5427049,1.0,True
P42330_CHEMBL5403238,1.0,True
P42330_CHEMBL5407493,1.0,True
P42330_CHEMBL5402839,1.0,True
P42330_CHEMBL5412889,1.0,True
P42330_CHEMBL5437220,1.0,True
P42330_CHEMBL5397612,1.0,True
P42330_CHEMBL5427873,1.0,True
P42330_CHEMBL5411768,1.0,True
P42330_CHEMBL5408158,1.0,True
P42330_CHEMBL5440460,1.0,True
P42330_CHEMBL5408308,1.0,True
P42330_CHEMBL5401206,1.0,True
P42330_CHEMBL5417484,1.0,True
P42330_CHEMBL5411357,1.0,True
P42330_CHEMBL5405662,1.0,True
P42330_CHEMBL5424035,1.0,True
P42330_CHEMBL5410143,1.0,True
P42330_CHEMBL5436263,1.0,True
P42330_CHEMBL5397146,1.0,True
P42330_CHEMBL5417285,1.0,True
P42330_CHEMBL5441078,1.0,True
P42330_CHEMBL5412832,1.0,True
P42330_CHEMBL5403464,1.0,True
P42330_CHEMBL5439765,1.0,True
P42330_CHEMBL5427074,1.0,True
P42330_CHEMBL5405458,1.0,True
P42330_CHEMBL5437111,1.0,True
P42330_CHEMBL5396688,1.0,True
P42330_CHEMBL5415646,1.0,True
P42330_CHEMBL5408394,1.0,True
P42330_CHEMBL5434555,1.0,True
P42330_CHEMBL5398653,1.0,True
P42330_CHEMBL5436838,1.0,True
P42336_CHEMBL5406770,1.0,True
P42336_CHEMBL5439362,1.0,True
P42336_CHEMBL5396795,1.0,True
P42336_CHEMBL5410207,1.0,True
P42336_CHEMBL5409119,1.0,True
P42336_CHEMBL5440155,1.0,True
P42336_CHEMBL5398799,1.0,True
P42336_CHEMBL5431031,1.0,True
P42336_CHEMBL5421377,1.0,True
P42336_CHEMBL5436787,1.0,True
P42336_CHEMBL5432847,1.0,True
P42336_CHEMBL5408043,1.0,True
P42336_CHEMBL5419087,1.0,True
P42336_CHEMBL5407800,1.0,True
P42336_CHEMBL5399382,1.0,True
P42336_CHEMBL5403875,1.0,True
P42336_CHEMBL5429468,1.0,True
P42336_CHEMBL5428670,1.0,True
P42336_CHEMBL5441102,1.0,True
P42336_CHEMBL5408035,1.0,True
P42336_CHEMBL5431418,1.0,True
P42336_CHEMBL5410806,1.0,True
P42336_CHEMBL5427579,1.0,True
P42336_CHEMBL5417620,1.0,True
P42336_CHEMBL5419197,1.0,True
P42336_CHEMBL5431690,1.0,True
P42336_CHEMBL5403052,1.0,True
P42336_CHEMBL5417605,1.0,True
P42336_CHEMBL5406079,1.0,True
P42336_CHEMBL5400165,1.0,True
P42336_CHEMBL5403409,1.0,True
P42336_CHEMBL5396289,1.0,True
P42336_CHEMBL5414482,1.0,True
P42336_CHEMBL5425104,1.0,True
P42336_CHEMBL5399051,1.0,True
P42336_CHEMBL5426265,1.0,True
P42336_CHEMBL5430177,1.0,True
P42336_CHEMBL5415741,1.0,True
P42336_CHEMBL5415865,1.0,True
P42336_CHEMBL5417402,1.0,True
P42336_CHEMBL5428411,1.0,True
P42336_CHEMBL5428160,1.0,True
P42336_CHEMBL5409142,1.0,True
P42336_CHEMBL5401298,1.0,True
P42336_CHEMBL5440536,1.0,True
P42336_CHEMBL5432324,1.0,True
P42336_CHEMBL5400439,1.0,True
P42336_CHEMBL5413309,1.0,True
P42336_CHEMBL5415726,1.0,True
P42336_CHEMBL5422635,1.0,True
P42336_CHEMBL5431325,1.0,True
P42336_CHEMBL5398514,1.0,True
P42336_CHEMBL5405706,1.0,True
P42336_CHEMBL5403717,1.0,True
P42336_CHEMBL5421477,1.0,True
P42336_CHEMBL5407573,1.0,True
P42336_CHEMBL5401801,1.0,True
P42336_CHEMBL5405623,1.0,True
P42336_CHEMBL5402186,1.0,True
P42336_CHEMBL5394535,1.0,True
P42336_CHEMBL5429174,1.0,True
P42336_CHEMBL5407812,1.0,True
P42336_CHEMBL5417926,1.0,True
P42336_CHEMBL5425498,1.0,True
P42336_CHEMBL5433100,1.0,True
P42336_CHEMBL5396655,1.0,True
P42336_CHEMBL5406219,1.0,True
P42336_CHEMBL5426885,1.0,True
P42336_CHEMBL5421875,1.0,True
P42336_CHEMBL5396454,1.0,True
P42336_CHEMBL5409346,1.0,True
P42336_CHEMBL5397877,1.0,True
P42336_CHEMBL5425756,1.0,True
P42336_CHEMBL5420261,1.0,True
P42336_CHEMBL5414369,1.0,True
P42336_CHEMBL5413496,1.0,True
P42336_CHEMBL5410758,1.0,True
P42336_CHEMBL5435973,1.0,True
P42336_CHEMBL5418257,1.0,True
P42336_CHEMBL5410409,1.0,True
P42336_CHEMBL5400641,1.0,True
P42336_CHEMBL5420057,1.0,True
P42336_CHEMBL5406498,1.0,True
P42336_CHEMBL5422044,1.0,True
P42336_CHEMBL5438456,1.0,True
P42336_CHEMBL5437417,1.0,True
P42336_CHEMBL5432408,1.0,True
P42336_CHEMBL5424200,1.0,True
P42336_CHEMBL5420950,1.0,True
P42336_CHEMBL5425386,1.0,True
P42336_CHEMBL5426665,1.0,True
P42336_CHEMBL5405376,1.0,True
P42336_CHEMBL5396108,1.0,True
P42336_CHEMBL5430685,1.0,True
P42336_CHEMBL5419036,1.0,True
P42336_CHEMBL5431144,1.0,True
P42336_CHEMBL5426327,1.0,True
P42336_CHEMBL5412575,1.0,True
P42336_CHEMBL5430194,1.0,True
P42336_CHEMBL5400572,1.0,True
P42336_CHEMBL5432177,1.0,True
P42336_CHEMBL5408589,1.0,True
P42336_CHEMBL5438874,1.0,True
P42336_CHEMBL5434108,1.0,True
P42336_CHEMBL5415298,1.0,True
P42336_CHEMBL5437258,1.0,True
P42336_CHEMBL5413191,1.0,True
P42336_CHEMBL5435788,1.0,True
P42336_CHEMBL5435423,1.0,True
P42336_CHEMBL5405438,1.0,True
P42336_CHEMBL5431132,1.0,True
P42345_CHEMBL5440718,1.0,True
P42345_CHEMBL5406770,1.0,True
P42345_CHEMBL5439362,1.0,True
P42345_CHEMBL5396795,1.0,True
P42345_CHEMBL5407152,1.0,True
P42345_CHEMBL5429700,1.0,True
P42345_CHEMBL5417722,1.0,True
P42345_CHEMBL5402160,1.0,True
P42345_CHEMBL5425498,1.0,True
P42345_CHEMBL5433100,1.0,True
P42345_CHEMBL5396655,1.0,True
P42345_CHEMBL5406219,1.0,True
P42345_CHEMBL5426885,1.0,True
P42345_CHEMBL5421875,1.0,True
P42345_CHEMBL5396454,1.0,True
P42345_CHEMBL5399022,1.0,True
P42345_CHEMBL5410824,1.0,True
P42345_CHEMBL5433283,1.0,True
P42345_CHEMBL5416106,1.0,True
P42345_CHEMBL5427469,1.0,True
P42345_CHEMBL5437417,1.0,True
P42345_CHEMBL5432408,1.0,True
P42345_CHEMBL5419036,1.0,True
P42345_CHEMBL5431144,1.0,True
P42345_CHEMBL5426327,1.0,True
P42345_CHEMBL5412575,1.0,True
P42345_CHEMBL5430194,1.0,True
P42345_CHEMBL5400572,1.0,True
P42345_CHEMBL5432177,1.0,True
P42345_CHEMBL5408589,1.0,True
P42345_CHEMBL5438874,1.0,True
P42345_CHEMBL5434108,1.0,True
P42345_CHEMBL5436508,1.0,True
P42345_CHEMBL5427223,1.0,True
P42345_CHEMBL5415288,1.0,True
P42345_CHEMBL5432272,1.0,True
P42345_CHEMBL5429925,1.0,True
P42345_CHEMBL5406842,1.0,True
P42345_CHEMBL5415471,1.0,True
P42345_CHEMBL5427732,1.0,True
P42345_CHEMBL5423546,1.0,True
P42345_CHEMBL5420541,1.0,True
P42345_CHEMBL5404075,1.0,True
P42345_CHEMBL5418348,1.0,True
P42345_CHEMBL5424956,1.0,True
P42345_CHEMBL5440263,1.0,True
P42345_CHEMBL5437216,1.0,True
P42345_CHEMBL5408143,1.0,True
P42345_CHEMBL5424193,1.0,True
P42345_CHEMBL5415298,1.0,True
P42345_CHEMBL5437258,1.0,True
P42345_CHEMBL5413191,1.0,True
P42345_CHEMBL5435788,1.0,True
P42345_CHEMBL5435423,1.0,True
P42345_CHEMBL5405438,1.0,True
P42866_CHEMBL5427274,1.0,True
P42866_CHEMBL5399596,1.0,True
P42866_CHEMBL5432205,1.0,True
P42866_CHEMBL5405519,1.0,True
P42866_CHEMBL5403273,1.0,True
P42866_CHEMBL5432317,1.0,True
P42866_CHEMBL5411900,1.0,True
P42866_CHEMBL5432174,1.0,True
P42866_CHEMBL5416619,1.0,True
P42866_CHEMBL5425838,1.0,True
P42866_CHEMBL5438077,1.0,True
P42866_CHEMBL5427896,1.0,True
P42866_CHEMBL5434911,1.0,True
P42866_CHEMBL5401578,1.0,True
P42866_CHEMBL5398970,1.0,True
P42866_CHEMBL5406491,1.0,True
P42866_CHEMBL5440937,1.0,True
P42866_CHEMBL5420457,1.0,True
P42866_CHEMBL5419838,1.0,True
P42866_CHEMBL5417637,1.0,True
P42866_CHEMBL5431128,1.0,True
P42866_CHEMBL5429587,1.0,True
P42866_CHEMBL5405800,1.0,True
P42866_CHEMBL5424642,1.0,True
P42866_CHEMBL5396504,1.0,True
P42866_CHEMBL5425108,1.0,True
P42866_CHEMBL5417814,1.0,True
P42866_CHEMBL5424438,1.0,True
P42866_CHEMBL5426766,1.0,True
P42866_CHEMBL5415668,1.0,True
P42866_CHEMBL5434721,1.0,True
P42866_CHEMBL5423403,1.0,True
P43166_CHEMBL5433200,1.0,True
P43166_CHEMBL5418092,1.0,True
P43166_CHEMBL5431609,1.0,True
P43166_CHEMBL5434405,1.0,True
P43166_CHEMBL5414353,1.0,True
P43166_CHEMBL5399412,1.0,True
P43166_CHEMBL5410769,1.0,True
P43166_CHEMBL5430974,1.0,True
P43166_CHEMBL5420563,1.0,True
P43166_CHEMBL5394374,1.0,True
P43166_CHEMBL5439211,1.0,True
P43166_CHEMBL5420568,1.0,True
P43166_CHEMBL5429492,1.0,True
P43166_CHEMBL5406311,1.0,True
P43166_CHEMBL5418946,1.0,True
P43166_CHEMBL5412006,1.0,True
P43166_CHEMBL5399183,1.0,True
P43166_CHEMBL5437429,1.0,True
P43166_CHEMBL5418551,1.0,True
P43166_CHEMBL5417736,1.0,True
P43166_CHEMBL5431631,1.0,True
P43166_CHEMBL5411887,1.0,True
P43166_CHEMBL5408930,1.0,True
P43166_CHEMBL5406683,1.0,True
P43166_CHEMBL5414681,1.0,True
P43166_CHEMBL5405122,1.0,True
P43166_CHEMBL5402391,1.0,True
P43166_CHEMBL5438178,1.0,True
P43166_CHEMBL5438727,1.0,True
P43166_CHEMBL5433495,1.0,True
P43166_CHEMBL5440256,1.0,True
P43166_CHEMBL5433631,1.0,True
P43166_CHEMBL5406460,1.0,True
P43166_CHEMBL5402861,1.0,True
P43166_CHEMBL5422807,1.0,True
P43166_CHEMBL5416544,1.0,True
P43166_CHEMBL5413914,1.0,True
P43166_CHEMBL5435567,1.0,True
P43166_CHEMBL5423723,1.0,True
P43166_CHEMBL5418256,1.0,True
P43166_CHEMBL5408414,1.0,True
P43166_CHEMBL5439333,1.0,True
P43166_CHEMBL5435748,1.0,True
P43166_CHEMBL5422747,1.0,True
P43166_CHEMBL5398061,1.0,True
P43166_CHEMBL5422153,1.0,True
P43166_CHEMBL5395857,1.0,True
P43166_CHEMBL5397659,1.0,True
P43166_CHEMBL5419752,1.0,True
P43166_CHEMBL5404038,1.0,True
P43166_CHEMBL5439318,1.0,True
P43166_CHEMBL5405279,1.0,True
P43166_CHEMBL5437142,1.0,True
P43166_CHEMBL5420020,1.0,True
P43166_CHEMBL5432770,1.0,True
P43166_CHEMBL5395679,1.0,True
P43166_CHEMBL5424727,1.0,True
P43166_CHEMBL5425125,1.0,True
P43166_CHEMBL5412351,1.0,True
P43166_CHEMBL5424664,1.0,True
P43166_CHEMBL5420931,1.0,True
P43166_CHEMBL5417084,1.0,True
P43166_CHEMBL5430482,1.0,True
P43166_CHEMBL5414077,1.0,True
P43166_CHEMBL5402143,1.0,True
P43166_CHEMBL5426216,1.0,True
P43166_CHEMBL5413021,1.0,True
P43166_CHEMBL5402145,1.0,True
P43166_CHEMBL5438010,1.0,True
P43166_CHEMBL5421531,1.0,True
P43166_CHEMBL5411936,1.0,True
P43166_CHEMBL5419447,1.0,True
P43166_CHEMBL5396393,1.0,True
P43166_CHEMBL5409658,1.0,True
P43166_CHEMBL5413693,1.0,True
P43166_CHEMBL5429073,1.0,True
P43166_CHEMBL5401434,1.0,True
P43166_CHEMBL5422706,1.0,True
P43166_CHEMBL5425202,1.0,True
P43166_CHEMBL5433765,1.0,True
P43166_CHEMBL5420539,1.0,True
P43166_CHEMBL5395423,1.0,True
P43166_CHEMBL5405733,1.0,True
P43166_CHEMBL5403355,1.0,True
P43166_CHEMBL5407842,1.0,True
P43166_CHEMBL5396530,1.0,True
P43166_CHEMBL5397521,1.0,True
P43166_CHEMBL5439370,1.0,True
P43166_CHEMBL5415949,1.0,True
P43166_CHEMBL5433722,1.0,True
P43166_CHEMBL5416307,1.0,True
P43166_CHEMBL5402383,1.0,True
P43166_CHEMBL5397739,1.0,True
P43166_CHEMBL5440906,1.0,True
P43166_CHEMBL5440763,1.0,True
P43166_CHEMBL5436282,1.0,True
P43166_CHEMBL5411702,1.0,True
P43166_CHEMBL5414836,1.0,True
P43166_CHEMBL5418786,1.0,True
P43166_CHEMBL5412077,1.0,True
P43166_CHEMBL5433578,1.0,True
P43166_CHEMBL5399204,1.0,True
P43166_CHEMBL5433154,1.0,True
P43166_CHEMBL5409881,1.0,True
P43166_CHEMBL5403938,1.0,True
P43166_CHEMBL5421790,1.0,True
P43166_CHEMBL5433629,1.0,True
P43166_CHEMBL5425764,1.0,True
P43166_CHEMBL5420500,1.0,True
P43166_CHEMBL5422467,1.0,True
P43166_CHEMBL5402892,1.0,True
P43166_CHEMBL5421078,1.0,True
P43166_CHEMBL5435151,1.0,True
P43166_CHEMBL5404239,1.0,True
P43166_CHEMBL5440220,1.0,True
P43166_CHEMBL5400662,1.0,True
P43166_CHEMBL5436091,1.0,True
P43166_CHEMBL5415766,1.0,True
P43166_CHEMBL5431518,1.0,True
P43490_CHEMBL5396898,1.0,True
P43490_CHEMBL5438473,1.0,True
P43490_CHEMBL5396943,1.0,True
P43490_CHEMBL5401852,1.0,True
P43490_CHEMBL5401142,1.0,True
P43490_CHEMBL5402956,1.0,True
P43490_CHEMBL5408297,1.0,True
P43490_CHEMBL5428751,1.0,True
P43490_CHEMBL5394965,1.0,True
P43490_CHEMBL5398077,1.0,True
P43490_CHEMBL5394343,1.0,True
P43490_CHEMBL5404254,1.0,True
P43490_CHEMBL5408614,1.0,True
P43490_CHEMBL5423357,1.0,True
P43490_CHEMBL5405525,1.0,True
P43490_CHEMBL5425579,1.0,True
P43490_CHEMBL5418877,1.0,True
P43490_CHEMBL5405720,1.0,True
P43490_CHEMBL5412973,1.0,True
P43490_CHEMBL5406636,1.0,True
P43490_CHEMBL5403078,1.0,True
P43490_CHEMBL5431029,1.0,True
P43490_CHEMBL5408654,1.0,True
P43490_CHEMBL5414864,1.0,True
P43490_CHEMBL5421145,1.0,True
P43490_CHEMBL5428441,1.0,True
P43490_CHEMBL5416318,1.0,True
P43490_CHEMBL5435058,1.0,True
P43490_CHEMBL5416477,1.0,True
P43490_CHEMBL5401891,1.0,True
P43490_CHEMBL5419623,1.0,True
P43490_CHEMBL5425412,1.0,True
P43490_CHEMBL5440085,1.0,True
P43490_CHEMBL5434036,1.0,True
P43490_CHEMBL5400956,1.0,True
P43490_CHEMBL5429647,1.0,True
P43490_CHEMBL5396894,1.0,True
P43490_CHEMBL5430220,1.0,True
P45983_CHEMBL5403621,1.0,True
P45983_CHEMBL5437287,1.0,True
P45983_CHEMBL5433461,1.0,True
P45983_CHEMBL5428484,1.0,True
P45983_CHEMBL5434662,1.0,True
P45983_CHEMBL5410870,1.0,True
P45983_CHEMBL5395579,1.0,True
P45983_CHEMBL5411353,1.0,True
P45983_CHEMBL5418224,1.0,True
P45983_CHEMBL5411160,1.0,True
P45983_CHEMBL5429577,1.0,True
P45983_CHEMBL5401511,1.0,True
P45983_CHEMBL5436023,1.0,True
P45983_CHEMBL5415503,1.0,True
P45983_CHEMBL5410247,1.0,True
P45983_CHEMBL5408675,1.0,True
P45983_CHEMBL5424946,1.0,True
P45983_CHEMBL5423620,1.0,True
P45983_CHEMBL5396069,1.0,True
P45983_CHEMBL5408918,1.0,True
P45983_CHEMBL5411375,1.0,True
P45983_CHEMBL5405404,1.0,True
P45983_CHEMBL5394033,1.0,True
P45983_CHEMBL5398642,1.0,True
P45983_CHEMBL5432138,1.0,True
P45983_CHEMBL5430912,1.0,True
P45983_CHEMBL5410090,1.0,True
P45983_CHEMBL5437898,1.0,True
P45983_CHEMBL5439708,1.0,True
P45983_CHEMBL5424933,1.0,True
P45983_CHEMBL5423218,1.0,True
P45983_CHEMBL5437251,1.0,True
P45983_CHEMBL5435391,1.0,True
P45983_CHEMBL5433156,1.0,True
P45983_CHEMBL5403784,1.0,True
P45983_CHEMBL5425117,1.0,True
P45983_CHEMBL5434519,1.0,True
P45983_CHEMBL5434537,1.0,True
P45983_CHEMBL5397012,1.0,True
P45983_CHEMBL5405579,1.0,True
P45983_CHEMBL5432287,1.0,True
P45983_CHEMBL5427329,1.0,True
P45983_CHEMBL5437584,1.0,True
P45983_CHEMBL5408361,1.0,True
P45983_CHEMBL5438169,1.0,True
P45983_CHEMBL5428091,1.0,True
P45983_CHEMBL5423687,1.0,True
P45983_CHEMBL5441132,1.0,True
P45983_CHEMBL5432496,1.0,True
P45983_CHEMBL5415366,1.0,True
P45983_CHEMBL5437979,1.0,True
P45983_CHEMBL5441124,1.0,True
P45983_CHEMBL5413463,1.0,True
P45983_CHEMBL5428502,1.0,True
P45983_CHEMBL5413820,1.0,True
P45983_CHEMBL5432722,1.0,True
P45983_CHEMBL5433711,1.0,True
P45983_CHEMBL5434414,1.0,True
P45983_CHEMBL5411091,1.0,True
P45983_CHEMBL5425539,1.0,True
P45983_CHEMBL5432224,1.0,True
P45983_CHEMBL5398897,1.0,True
P45983_CHEMBL5409834,1.0,True
P45983_CHEMBL5436859,1.0,True
P45983_CHEMBL5403866,1.0,True
P45983_CHEMBL5439622,1.0,True
P45983_CHEMBL5402580,1.0,True
P45983_CHEMBL5436065,1.0,True
P49759_CHEMBL5410811,1.0,True
P49759_CHEMBL5403328,1.0,True
P49759_CHEMBL5416086,1.0,True
P49759_CHEMBL5417336,1.0,True
P49759_CHEMBL5401513,1.0,True
P49759_CHEMBL5401218,1.0,True
P49759_CHEMBL5395267,1.0,True
P49759_CHEMBL5414801,1.0,True
P49759_CHEMBL5429707,1.0,True
P49759_CHEMBL5428562,1.0,True
P49759_CHEMBL5401556,1.0,True
P49759_CHEMBL5432405,1.0,True
P49759_CHEMBL5417699,1.0,True
P49759_CHEMBL5429691,1.0,True
P49759_CHEMBL5432194,1.0,True
P49759_CHEMBL5415554,1.0,True
P49759_CHEMBL5395833,1.0,True
P49759_CHEMBL5415238,1.0,True
P49759_CHEMBL5428750,1.0,True
P49759_CHEMBL5406864,1.0,True
P49759_CHEMBL5421052,1.0,True
P49759_CHEMBL5429359,1.0,True
P49759_CHEMBL5406490,1.0,True
P49759_CHEMBL5426876,1.0,True
P49759_CHEMBL5396081,1.0,True
P49759_CHEMBL5429086,1.0,True
P49759_CHEMBL5411649,1.0,True
P49759_CHEMBL5432630,1.0,True
P49759_CHEMBL5413622,1.0,True
P49759_CHEMBL5423818,1.0,True
P49759_CHEMBL5416942,1.0,True
P49759_CHEMBL5420179,1.0,True
P49759_CHEMBL5426802,1.0,True
P49759_CHEMBL5414189,1.0,True
P49759_CHEMBL5421447,1.0,True
P49759_CHEMBL5439262,1.0,True
P49759_CHEMBL5420003,1.0,True
P49759_CHEMBL5411288,1.0,True
P49759_CHEMBL5402166,1.0,True
P49759_CHEMBL5424488,1.0,True
P49759_CHEMBL5417563,1.0,True
P49759_CHEMBL5411227,1.0,True
P49759_CHEMBL5435820,1.0,True
P49759_CHEMBL5402730,1.0,True
P49759_CHEMBL5400814,1.0,True
P49759_CHEMBL5437281,1.0,True
P49759_CHEMBL5434309,1.0,True
P49759_CHEMBL5421375,1.0,True
P49759_CHEMBL5399401,1.0,True
P49759_CHEMBL5411169,1.0,True
P49759_CHEMBL5417631,1.0,True
P49759_CHEMBL5418822,1.0,True
P49759_CHEMBL5439632,1.0,True
P49759_CHEMBL5395734,1.0,True
P49759_CHEMBL5416327,1.0,True
P49759_CHEMBL5424114,1.0,True
P49759_CHEMBL5435495,1.0,True
P49759_CHEMBL5396725,1.0,True
P49759_CHEMBL5414359,1.0,True
P49759_CHEMBL5434183,1.0,True
P49759_CHEMBL5416758,1.0,True
P49759_CHEMBL5425043,1.0,True
P49759_CHEMBL5426335,1.0,True
P49759_CHEMBL5440916,1.0,True
P49759_CHEMBL5397989,1.0,True
P49759_CHEMBL5429415,1.0,True
P49759_CHEMBL5410464,1.0,True
P49759_CHEMBL5426304,1.0,True
P49759_CHEMBL5425642,1.0,True
P49759_CHEMBL5416749,1.0,True
P49759_CHEMBL5401689,1.0,True
P49759_CHEMBL5438084,1.0,True
P49759_CHEMBL5436022,1.0,True
P49759_CHEMBL5402600,1.0,True
P49759_CHEMBL5412760,1.0,True
P49759_CHEMBL5440179,1.0,True
P49759_CHEMBL5404932,1.0,True
P49759_CHEMBL5412339,1.0,True
P49759_CHEMBL5411492,1.0,True
P49759_CHEMBL5411512,1.0,True
P49759_CHEMBL5418042,1.0,True
P49759_CHEMBL5404416,1.0,True
P49759_CHEMBL5405572,1.0,True
P49759_CHEMBL5394613,1.0,True
P49759_CHEMBL5420724,1.0,True
P49759_CHEMBL5437222,1.0,True
P49759_CHEMBL5422413,1.0,True
P49759_CHEMBL5419006,1.0,True
P49759_CHEMBL5395680,1.0,True
P49759_CHEMBL5408457,1.0,True
P49759_CHEMBL5413427,1.0,True
P49759_CHEMBL5425748,1.0,True
P49759_CHEMBL5410991,1.0,True
P49759_CHEMBL5428651,1.0,True
P49759_CHEMBL5422936,1.0,True
P49759_CHEMBL5416971,1.0,True
P49759_CHEMBL5415866,1.0,True
P49841_CHEMBL5419581,1.0,True
P49841_CHEMBL5411160,1.0,True
P49841_CHEMBL5429577,1.0,True
P49841_CHEMBL5401511,1.0,True
P49841_CHEMBL5436023,1.0,True
P49841_CHEMBL5414801,1.0,True
P49841_CHEMBL5429707,1.0,True
P49841_CHEMBL5424946,1.0,True
P49841_CHEMBL5423620,1.0,True
P49841_CHEMBL5438428,1.0,True
P49841_CHEMBL5396081,1.0,True
P49841_CHEMBL5429086,1.0,True
P49841_CHEMBL5394559,1.0,True
P49841_CHEMBL5438491,1.0,True
P49841_CHEMBL5422975,1.0,True
P49841_CHEMBL5409743,1.0,True
P49841_CHEMBL5424793,1.0,True
P49841_CHEMBL5417641,1.0,True
P49841_CHEMBL5407410,1.0,True
P49841_CHEMBL5394929,1.0,True
P49841_CHEMBL5421040,1.0,True
P49841_CHEMBL5409378,1.0,True
P49841_CHEMBL5399975,1.0,True
P49841_CHEMBL5434153,1.0,True
P49841_CHEMBL5419215,1.0,True
P49841_CHEMBL5402499,1.0,True
P49841_CHEMBL5410665,1.0,True
P49841_CHEMBL5416942,1.0,True
P49841_CHEMBL5415003,1.0,True
P49841_CHEMBL5423339,1.0,True
P49841_CHEMBL5425787,1.0,True
P49841_CHEMBL5440008,1.0,True
P49841_CHEMBL5432523,1.0,True
P49841_CHEMBL5397959,1.0,True
P49841_CHEMBL5401424,1.0,True
P49841_CHEMBL5431187,1.0,True
P49841_CHEMBL5440396,1.0,True
P49841_CHEMBL5426515,1.0,True
P49841_CHEMBL5416124,1.0,True
P49841_CHEMBL5422902,1.0,True
P49841_CHEMBL5413978,1.0,True
P49841_CHEMBL5402529,1.0,True
P49841_CHEMBL5403557,1.0,True
P49841_CHEMBL5434053,1.0,True
P49841_CHEMBL5396759,1.0,True
P49841_CHEMBL5404640,1.0,True
P49841_CHEMBL5411871,1.0,True
P49841_CHEMBL5435495,1.0,True
P49841_CHEMBL5403701,1.0,True
P49841_CHEMBL5403288,1.0,True
P49841_CHEMBL5430060,1.0,True
P49841_CHEMBL5432029,1.0,True
P49841_CHEMBL5436997,1.0,True
P49841_CHEMBL5417435,1.0,True
P49841_CHEMBL5432284,1.0,True
P49841_CHEMBL5402797,1.0,True
P49841_CHEMBL5405344,1.0,True
P49841_CHEMBL5410239,1.0,True
P49841_CHEMBL5404765,1.0,True
P49841_CHEMBL5434965,1.0,True
P49841_CHEMBL5429675,1.0,True
P49841_CHEMBL5402554,1.0,True
P49841_CHEMBL5415481,1.0,True
P49841_CHEMBL5429353,1.0,True
P49841_CHEMBL5412373,1.0,True
P49841_CHEMBL5399860,1.0,True
P49841_CHEMBL5418046,1.0,True
P49841_CHEMBL5406211,1.0,True
P49841_CHEMBL5439681,1.0,True
P49841_CHEMBL5413227,1.0,True
P49841_CHEMBL5395317,1.0,True
P49841_CHEMBL5424881,1.0,True
P49841_CHEMBL5396368,1.0,True
P49841_CHEMBL5436993,1.0,True
P49841_CHEMBL5395945,1.0,True
P49841_CHEMBL5432131,1.0,True
P49841_CHEMBL5410629,1.0,True
P49841_CHEMBL5432557,1.0,True
P49841_CHEMBL5409837,1.0,True
P49841_CHEMBL5414095,1.0,True
P49841_CHEMBL5412619,1.0,True
P49841_CHEMBL5396725,1.0,True
P49841_CHEMBL5414359,1.0,True
P49841_CHEMBL5434183,1.0,True
P49841_CHEMBL5416758,1.0,True
P49841_CHEMBL5425043,1.0,True
P49841_CHEMBL5398642,1.0,True
P49841_CHEMBL5409415,1.0,True
P49841_CHEMBL5408273,1.0,True
P49841_CHEMBL5434002,1.0,True
P49841_CHEMBL5434004,1.0,True
P49841_CHEMBL5405586,1.0,True
P49841_CHEMBL5408371,1.0,True
P49841_CHEMBL5417729,1.0,True
P49841_CHEMBL5402699,1.0,True
P49841_CHEMBL5398463,1.0,True
P49841_CHEMBL5436334,1.0,True
P49841_CHEMBL5439156,1.0,True
P49841_CHEMBL5437713,1.0,True
P49841_CHEMBL5396027,1.0,True
P49841_CHEMBL5426638,1.0,True
P49841_CHEMBL5421548,1.0,True
P49841_CHEMBL5440304,1.0,True
P49841_CHEMBL5409643,1.0,True
P49841_CHEMBL5425548,1.0,True
P49841_CHEMBL5425419,1.0,True
P49841_CHEMBL5403368,1.0,True
P49841_CHEMBL5405572,1.0,True
P49841_CHEMBL5395680,1.0,True
P49841_CHEMBL5413427,1.0,True
P49841_CHEMBL5428651,1.0,True
P49841_CHEMBL5422936,1.0,True
P49841_CHEMBL5410800,1.0,True
P50406_CHEMBL5417937,1.0,True
P50406_CHEMBL5433300,1.0,True
P50406_CHEMBL5405562,1.0,True
P50406_CHEMBL5406900,1.0,True
P50406_CHEMBL5397704,1.0,True
P50406_CHEMBL5405414,1.0,True
P50406_CHEMBL5419441,1.0,True
P50406_CHEMBL5416678,1.0,True
P50406_CHEMBL5433857,1.0,True
P50406_CHEMBL5400892,1.0,True
P50406_CHEMBL5410706,1.0,True
P50406_CHEMBL5420304,1.0,True
P50406_CHEMBL5434373,1.0,True
P50406_CHEMBL5440858,1.0,True
P50406_CHEMBL5427590,1.0,True
P50406_CHEMBL5397703,1.0,True
P50406_CHEMBL5394412,1.0,True
P50406_CHEMBL5398629,1.0,True
P50406_CHEMBL5410304,1.0,True
P50406_CHEMBL5395448,1.0,True
P50406_CHEMBL5422803,1.0,True
P50406_CHEMBL5397729,1.0,True
P50406_CHEMBL5435404,1.0,True
P50406_CHEMBL5403068,1.0,True
P50406_CHEMBL5396600,1.0,True
P50406_CHEMBL5398978,1.0,True
P50406_CHEMBL5436003,1.0,True
P50406_CHEMBL5423649,1.0,True
P50406_CHEMBL5395867,1.0,True
P50406_CHEMBL5406837,1.0,True
P50406_CHEMBL5397523,1.0,True
P50406_CHEMBL5419792,1.0,True
P50406_CHEMBL5433407,1.0,True
P50406_CHEMBL5405092,1.0,True
P50406_CHEMBL5417779,1.0,True
P50406_CHEMBL5397033,1.0,True
P50406_CHEMBL5422674,1.0,True
P50406_CHEMBL5415563,1.0,True
P50406_CHEMBL5407925,1.0,True
P50406_CHEMBL5402096,1.0,True
P50406_CHEMBL5395527,1.0,True
P50406_CHEMBL5396512,1.0,True
P50406_CHEMBL5424650,1.0,True
P50406_CHEMBL5423810,1.0,True
P50406_CHEMBL5415650,1.0,True
P50406_CHEMBL5431708,1.0,True
P50406_CHEMBL5414093,1.0,True
P50406_CHEMBL5434761,1.0,True
P50406_CHEMBL5399687,1.0,True
P50406_CHEMBL5399540,1.0,True
P50406_CHEMBL5436231,1.0,True
P50406_CHEMBL5408055,1.0,True
P50406_CHEMBL5404165,1.0,True
P50406_CHEMBL5395788,1.0,True
P50406_CHEMBL5398537,1.0,True
P50406_CHEMBL5408318,1.0,True
P50406_CHEMBL5430776,1.0,True
P50406_CHEMBL5398411,1.0,True
P50406_CHEMBL5438160,1.0,True
P50406_CHEMBL5438068,1.0,True
P50406_CHEMBL5421970,1.0,True
P50406_CHEMBL5407451,1.0,True
P50406_CHEMBL5413373,1.0,True
P50406_CHEMBL5412404,1.0,True
P50406_CHEMBL5431767,1.0,True
P50406_CHEMBL5434678,1.0,True
P50406_CHEMBL5420301,1.0,True
P50406_CHEMBL5415139,1.0,True
P50406_CHEMBL5407728,1.0,True
P50406_CHEMBL5425363,1.0,True
P50406_CHEMBL5412771,1.0,True
P50406_CHEMBL5420285,1.0,True
P50406_CHEMBL5399533,1.0,True
P50406_CHEMBL5408240,1.0,True
P50406_CHEMBL5404597,1.0,True
P50406_CHEMBL5409958,1.0,True
P50406_CHEMBL5432246,1.0,True
P51449_CHEMBL5394152,1.0,True
P51449_CHEMBL5429640,1.0,True
P51449_CHEMBL5395911,1.0,True
P51449_CHEMBL5396613,1.0,True
P51449_CHEMBL5396729,1.0,True
P51449_CHEMBL5432429,1.0,True
P51449_CHEMBL5414614,1.0,True
P51449_CHEMBL5417941,1.0,True
P51449_CHEMBL5440036,1.0,True
P51449_CHEMBL5396035,1.0,True
P51449_CHEMBL5402404,1.0,True
P51449_CHEMBL5437263,1.0,True
P51449_CHEMBL5398187,1.0,True
P51449_CHEMBL5431798,1.0,True
P51449_CHEMBL5404381,1.0,True
P51449_CHEMBL5439257,1.0,True
P51449_CHEMBL5420402,1.0,True
P51449_CHEMBL5434892,1.0,True
P51449_CHEMBL5397746,1.0,True
P51449_CHEMBL5440007,1.0,True
P51449_CHEMBL5440564,1.0,True
P51449_CHEMBL5398120,1.0,True
P51449_CHEMBL5433753,1.0,True
P51449_CHEMBL5395586,1.0,True
P51449_CHEMBL5424578,1.0,True
P51449_CHEMBL5401786,1.0,True
P51449_CHEMBL5439216,1.0,True
P51449_CHEMBL5430083,1.0,True
P51449_CHEMBL5434677,1.0,True
P51449_CHEMBL5406131,1.0,True
P51449_CHEMBL5432030,1.0,True
P51449_CHEMBL5426893,1.0,True
P51449_CHEMBL5424743,1.0,True
P51449_CHEMBL5420369,1.0,True
P51449_CHEMBL5419000,1.0,True
P51449_CHEMBL5428273,1.0,True
P51449_CHEMBL5421964,1.0,True
P51449_CHEMBL5395381,1.0,True
P51449_CHEMBL5403029,1.0,True
P51449_CHEMBL5405523,1.0,True
P51449_CHEMBL5416908,1.0,True
P51449_CHEMBL5406682,1.0,True
P51449_CHEMBL5394376,1.0,True
P51449_CHEMBL5419865,1.0,True
P51449_CHEMBL5403683,1.0,True
P51449_CHEMBL5421876,1.0,True
P51449_CHEMBL5403342,1.0,True
P51449_CHEMBL5440342,1.0,True
P51449_CHEMBL5424483,1.0,True
P51449_CHEMBL5439764,1.0,True
P51449_CHEMBL5410860,1.0,True
P51449_CHEMBL5414926,1.0,True
P51449_CHEMBL5406497,1.0,True
P51449_CHEMBL5433456,1.0,True
P51449_CHEMBL5403597,1.0,True
P51449_CHEMBL5440870,1.0,True
P51449_CHEMBL5427851,1.0,True
P51449_CHEMBL5401704,1.0,True
P51449_CHEMBL5422805,1.0,True
P52333_CHEMBL5420469,1.0,True
P52333_CHEMBL5426399,1.0,True
P52333_CHEMBL5427093,1.0,True
P52333_CHEMBL5439377,1.0,True
P52333_CHEMBL5431720,1.0,True
P52333_CHEMBL5394800,1.0,True
P52333_CHEMBL5440136,1.0,True
P52333_CHEMBL5435684,1.0,True
P52333_CHEMBL5417273,1.0,True
P52333_CHEMBL5415543,1.0,True
P52333_CHEMBL5412767,1.0,True
P52333_CHEMBL5436699,1.0,True
P52333_CHEMBL5413492,1.0,True
P52333_CHEMBL5428711,1.0,True
P52333_CHEMBL5402002,1.0,True
P52333_CHEMBL5415887,1.0,True
P52333_CHEMBL5411595,1.0,True
P52333_CHEMBL5396054,1.0,True
P52333_CHEMBL5403745,1.0,True
P52333_CHEMBL5440675,1.0,True
P52333_CHEMBL5403374,1.0,True
P52333_CHEMBL5427871,1.0,True
P52333_CHEMBL5396925,1.0,True
P52333_CHEMBL5404479,1.0,True
P52333_CHEMBL5412059,1.0,True
P52333_CHEMBL5428573,1.0,True
P52333_CHEMBL5424439,1.0,True
P52333_CHEMBL5417474,1.0,True
P52333_CHEMBL5395839,1.0,True
P52333_CHEMBL5403897,1.0,True
P52333_CHEMBL5420083,1.0,True
P52333_CHEMBL5420971,1.0,True
P52333_CHEMBL5424098,1.0,True
P52333_CHEMBL5423387,1.0,True
P52333_CHEMBL5430795,1.0,True
P52333_CHEMBL5405043,1.0,True
P52333_CHEMBL5410919,1.0,True
P52333_CHEMBL5435417,1.0,True
P52333_CHEMBL5439582,1.0,True
P52333_CHEMBL5427932,1.0,True
P52333_CHEMBL5405140,1.0,True
P52333_CHEMBL5404261,1.0,True
P52333_CHEMBL5441087,1.0,True
P52333_CHEMBL5440017,1.0,True
P52333_CHEMBL5434116,1.0,True
P52333_CHEMBL5396523,1.0,True
P52333_CHEMBL5423894,1.0,True
P52333_CHEMBL5409953,1.0,True
P52333_CHEMBL5422886,1.0,True
P52333_CHEMBL5412967,1.0,True
P52333_CHEMBL5407329,1.0,True
P52333_CHEMBL5407260,1.0,True
P52333_CHEMBL5396554,1.0,True
P52333_CHEMBL5415586,1.0,True
P52333_CHEMBL5409666,1.0,True
P52333_CHEMBL5433426,1.0,True
P52333_CHEMBL5433159,1.0,True
P52333_CHEMBL5408994,1.0,True
P52333_CHEMBL5419978,1.0,True
P52333_CHEMBL5435482,1.0,True
P52333_CHEMBL5440510,1.0,True
P52333_CHEMBL5438892,1.0,True
P52333_CHEMBL5412619,1.0,True
P52333_CHEMBL5437261,1.0,True
P52333_CHEMBL5406535,1.0,True
P52333_CHEMBL5431257,1.0,True
P52333_CHEMBL5440264,1.0,True
P52333_CHEMBL5420928,1.0,True
P52333_CHEMBL5413489,1.0,True
P52333_CHEMBL5422793,1.0,True
P53350_CHEMBL5431802,1.0,True
P53350_CHEMBL5432090,1.0,True
P53350_CHEMBL5427326,1.0,True
P53350_CHEMBL5405576,1.0,True
P53350_CHEMBL5414912,1.0,True
P53350_CHEMBL5403903,1.0,True
P53350_CHEMBL5440440,1.0,True
P53350_CHEMBL5406356,1.0,True
P53350_CHEMBL5440332,1.0,True
P53350_CHEMBL5403604,1.0,True
P53350_CHEMBL5420142,1.0,True
P53350_CHEMBL5434663,1.0,True
P53350_CHEMBL5393910,1.0,True
P53350_CHEMBL5403446,1.0,True
P53350_CHEMBL5410968,1.0,True
P53350_CHEMBL5412127,1.0,True
P53350_CHEMBL5421238,1.0,True
P53350_CHEMBL5434467,1.0,True
P53350_CHEMBL5418320,1.0,True
P53350_CHEMBL5408013,1.0,True
P53350_CHEMBL5402704,1.0,True
P53350_CHEMBL5408583,1.0,True
P53350_CHEMBL5395241,1.0,True
P53350_CHEMBL5402431,1.0,True
P53350_CHEMBL5402922,1.0,True
P53350_CHEMBL5405036,1.0,True
P53350_CHEMBL5422245,1.0,True
P53350_CHEMBL5426693,1.0,True
P53350_CHEMBL5430428,1.0,True
P53350_CHEMBL5437467,1.0,True
P53350_CHEMBL5415794,1.0,True
P53350_CHEMBL5410310,1.0,True
P53350_CHEMBL5422930,1.0,True
P53350_CHEMBL5417441,1.0,True
P53350_CHEMBL5417454,1.0,True
P53350_CHEMBL5428017,1.0,True
P53350_CHEMBL5440739,1.0,True
P53350_CHEMBL5412529,1.0,True
P53350_CHEMBL5409700,1.0,True
P53350_CHEMBL5428087,1.0,True
P53350_CHEMBL5403358,1.0,True
P53350_CHEMBL5426964,1.0,True
P53350_CHEMBL5427957,1.0,True
P53350_CHEMBL5438409,1.0,True
P53350_CHEMBL5403473,1.0,True
P53350_CHEMBL5406467,1.0,True
P53350_CHEMBL5437723,1.0,True
P53350_CHEMBL5419367,1.0,True
P53350_CHEMBL5394764,1.0,True
P53350_CHEMBL5401381,1.0,True
P53350_CHEMBL5418129,1.0,True
P53350_CHEMBL5417495,1.0,True
P53350_CHEMBL5421723,1.0,True
P53350_CHEMBL5408776,1.0,True
P53350_CHEMBL5415796,1.0,True
P53350_CHEMBL5400502,1.0,True
P53350_CHEMBL5409453,1.0,True
P53350_CHEMBL5395480,1.0,True
P53350_CHEMBL5398977,1.0,True
P53350_CHEMBL5429440,1.0,True
P53350_CHEMBL5422122,1.0,True
P53350_CHEMBL5416208,1.0,True
P53350_CHEMBL5438707,1.0,True
P53350_CHEMBL5439937,1.0,True
P53350_CHEMBL5404388,1.0,True
P53350_CHEMBL5401755,1.0,True
P53350_CHEMBL5434561,1.0,True
P53350_CHEMBL5395023,1.0,True
P53350_CHEMBL5402308,1.0,True
P53350_CHEMBL5433401,1.0,True
P53350_CHEMBL5412655,1.0,True
P53350_CHEMBL5438696,1.0,True
P53350_CHEMBL5400707,1.0,True
P53350_CHEMBL5416239,1.0,True
P53350_CHEMBL5394854,1.0,True
P53350_CHEMBL5429110,1.0,True
P53350_CHEMBL5426743,1.0,True
P53350_CHEMBL5435649,1.0,True
P53350_CHEMBL5430202,1.0,True
P53350_CHEMBL5419732,1.0,True
P53350_CHEMBL5437785,1.0,True
P53350_CHEMBL5421113,1.0,True
P53350_CHEMBL5396078,1.0,True
P53350_CHEMBL5423798,1.0,True
P53350_CHEMBL5426933,1.0,True
P53350_CHEMBL5423881,1.0,True
P53350_CHEMBL5435085,1.0,True
P53350_CHEMBL5433215,1.0,True
P53350_CHEMBL5405803,1.0,True
P53350_CHEMBL5440471,1.0,True
P53350_CHEMBL5415945,1.0,True
P53350_CHEMBL5426079,1.0,True
P53350_CHEMBL5398211,1.0,True
P53350_CHEMBL5399905,1.0,True
P53350_CHEMBL5413543,1.0,True
P53350_CHEMBL5437669,1.0,True
P53779_CHEMBL5406652,1.0,True
P53779_CHEMBL5399045,1.0,True
P53779_CHEMBL5440695,1.0,True
P53779_CHEMBL5411160,1.0,True
P53779_CHEMBL5438506,1.0,True
P53779_CHEMBL5429577,1.0,True
P53779_CHEMBL5402048,1.0,True
P53779_CHEMBL5399618,1.0,True
P53779_CHEMBL5426262,1.0,True
P53779_CHEMBL5436272,1.0,True
P53779_CHEMBL5398830,1.0,True
P53779_CHEMBL5414227,1.0,True
P53779_CHEMBL5401605,1.0,True
P53779_CHEMBL5431146,1.0,True
P53779_CHEMBL5428039,1.0,True
P53779_CHEMBL5431060,1.0,True
P53779_CHEMBL5416188,1.0,True
P53779_CHEMBL5413870,1.0,True
P53779_CHEMBL5439571,1.0,True
P53779_CHEMBL5401511,1.0,True
P53779_CHEMBL5405705,1.0,True
P53779_CHEMBL5436023,1.0,True
P53779_CHEMBL5403970,1.0,True
P53779_CHEMBL5415503,1.0,True
P53779_CHEMBL5422182,1.0,True
P53779_CHEMBL5422757,1.0,True
P53779_CHEMBL5419547,1.0,True
P53779_CHEMBL5432203,1.0,True
P53779_CHEMBL5407304,1.0,True
P53779_CHEMBL5424892,1.0,True
P53779_CHEMBL5436510,1.0,True
P53779_CHEMBL5408675,1.0,True
P53779_CHEMBL5412347,1.0,True
P53779_CHEMBL5423272,1.0,True
P53779_CHEMBL5425684,1.0,True
P53779_CHEMBL5433276,1.0,True
P53779_CHEMBL5415588,1.0,True
P53779_CHEMBL5423313,1.0,True
P53779_CHEMBL5406704,1.0,True
P53779_CHEMBL5424946,1.0,True
P53779_CHEMBL5423620,1.0,True
P53779_CHEMBL5404265,1.0,True
P53779_CHEMBL5408918,1.0,True
P53779_CHEMBL5423835,1.0,True
P53779_CHEMBL5405861,1.0,True
P53779_CHEMBL5409831,1.0,True
P53779_CHEMBL5425080,1.0,True
P53779_CHEMBL5411375,1.0,True
P53779_CHEMBL5410441,1.0,True
P53779_CHEMBL5426038,1.0,True
P53779_CHEMBL5398682,1.0,True
P53779_CHEMBL5416681,1.0,True
P53779_CHEMBL5405404,1.0,True
P53779_CHEMBL5394033,1.0,True
P53779_CHEMBL5429268,1.0,True
P53779_CHEMBL5396830,1.0,True
P53779_CHEMBL5439223,1.0,True
P53779_CHEMBL5398642,1.0,True
P53779_CHEMBL5420339,1.0,True
P53779_CHEMBL5423677,1.0,True
P53779_CHEMBL5403762,1.0,True
P53779_CHEMBL5397833,1.0,True
P53779_CHEMBL5425334,1.0,True
P53779_CHEMBL5410846,1.0,True
P53779_CHEMBL5419594,1.0,True
P53779_CHEMBL5418507,1.0,True
P53779_CHEMBL5435809,1.0,True
P53779_CHEMBL5424108,1.0,True
P53779_CHEMBL5427166,1.0,True
P53779_CHEMBL5422901,1.0,True
P53779_CHEMBL5401592,1.0,True
P53779_CHEMBL5407257,1.0,True
P53779_CHEMBL5430858,1.0,True
P53779_CHEMBL5395372,1.0,True
P53779_CHEMBL5399794,1.0,True
P53779_CHEMBL5436937,1.0,True
P53779_CHEMBL5408056,1.0,True
P53779_CHEMBL5430912,1.0,True
P53779_CHEMBL5401113,1.0,True
P53779_CHEMBL5429870,1.0,True
P53779_CHEMBL5440479,1.0,True
P53779_CHEMBL5410090,1.0,True
P53779_CHEMBL5437898,1.0,True
P53779_CHEMBL5410780,1.0,True
P53779_CHEMBL5439708,1.0,True
P53779_CHEMBL5424933,1.0,True
P53779_CHEMBL5423218,1.0,True
P53779_CHEMBL5437251,1.0,True
P53779_CHEMBL5435391,1.0,True
P53779_CHEMBL5397816,1.0,True
P53779_CHEMBL5433156,1.0,True
P53779_CHEMBL5403784,1.0,True
P53779_CHEMBL5425117,1.0,True
P53779_CHEMBL5434519,1.0,True
P53779_CHEMBL5419083,1.0,True
P53779_CHEMBL5434537,1.0,True
P53779_CHEMBL5397012,1.0,True
P53779_CHEMBL5405579,1.0,True
P53779_CHEMBL5432287,1.0,True
P53779_CHEMBL5427329,1.0,True
P53779_CHEMBL5405264,1.0,True
P53779_CHEMBL5437584,1.0,True
P53779_CHEMBL5408361,1.0,True
P53779_CHEMBL5439566,1.0,True
P53779_CHEMBL5438169,1.0,True
P53779_CHEMBL5403120,1.0,True
P53779_CHEMBL5428091,1.0,True
P53779_CHEMBL5423687,1.0,True
P53779_CHEMBL5441132,1.0,True
P53779_CHEMBL5432496,1.0,True
P53779_CHEMBL5415366,1.0,True
P53779_CHEMBL5431122,1.0,True
P53779_CHEMBL5437979,1.0,True
P53779_CHEMBL5441124,1.0,True
P53779_CHEMBL5431131,1.0,True
P53779_CHEMBL5436019,1.0,True
P53779_CHEMBL5413463,1.0,True
P53779_CHEMBL5428502,1.0,True
P53779_CHEMBL5413820,1.0,True
P53779_CHEMBL5432722,1.0,True
P53779_CHEMBL5433711,1.0,True
P53779_CHEMBL5434414,1.0,True
P53779_CHEMBL5411091,1.0,True
P53779_CHEMBL5425539,1.0,True
P53779_CHEMBL5432224,1.0,True
P53779_CHEMBL5398897,1.0,True
P53779_CHEMBL5393904,1.0,True
P53779_CHEMBL5409834,1.0,True
P53779_CHEMBL5436859,1.0,True
P53779_CHEMBL5403866,1.0,True
P53779_CHEMBL5407894,1.0,True
P53779_CHEMBL5439622,1.0,True
P53779_CHEMBL5402580,1.0,True
P53779_CHEMBL5414065,1.0,True
P53779_CHEMBL5436065,1.0,True
P53779_CHEMBL5440610,1.0,True
P53779_CHEMBL5439929,1.0,True
P53779_CHEMBL5419312,1.0,True
P53779_CHEMBL5426371,1.0,True
P53779_CHEMBL5423129,1.0,True
P53779_CHEMBL5404244,1.0,True
P53779_CHEMBL5426261,1.0,True
P53779_CHEMBL5402716,1.0,True
P53779_CHEMBL5416936,1.0,True
P53779_CHEMBL5406765,1.0,True
P53779_CHEMBL5429978,1.0,True
P53779_CHEMBL5395599,1.0,True
P53779_CHEMBL5426713,1.0,True
P53779_CHEMBL5421436,1.0,True
P53779_CHEMBL5410221,1.0,True
P53779_CHEMBL5416863,1.0,True
P53779_CHEMBL5408939,1.0,True
P53779_CHEMBL5420689,1.0,True
P53779_CHEMBL5407582,1.0,True
P53779_CHEMBL5405724,1.0,True
P53779_CHEMBL5410150,1.0,True
P53779_CHEMBL5439177,1.0,True
P53779_CHEMBL5430890,1.0,True
P53779_CHEMBL5410493,1.0,True
Q00987_CHEMBL5430787,1.0,True
Q00987_CHEMBL5415331,1.0,True
Q00987_CHEMBL5439046,1.0,True
Q00987_CHEMBL5400500,1.0,True
Q00987_CHEMBL5425065,1.0,True
Q00987_CHEMBL5395151,1.0,True
Q00987_CHEMBL5410760,1.0,True
Q00987_CHEMBL5405147,1.0,True
Q00987_CHEMBL5403772,1.0,True
Q00987_CHEMBL5413376,1.0,True
Q00987_CHEMBL5405110,1.0,True
Q00987_CHEMBL5437839,1.0,True
Q00987_CHEMBL5400878,1.0,True
Q00987_CHEMBL5406959,1.0,True
Q00987_CHEMBL5436528,1.0,True
Q00987_CHEMBL5438520,1.0,True
Q00987_CHEMBL5431530,1.0,True
Q00987_CHEMBL5395046,1.0,True
Q00987_CHEMBL5398827,1.0,True
Q00987_CHEMBL5394717,1.0,True
Q00987_CHEMBL5403609,1.0,True
Q00987_CHEMBL5423147,1.0,True
Q00987_CHEMBL5408617,1.0,True
Q00987_CHEMBL5430850,1.0,True
Q00987_CHEMBL5434688,1.0,True
Q00987_CHEMBL5426939,1.0,True
Q00987_CHEMBL5440363,1.0,True
Q00987_CHEMBL5413250,1.0,True
Q00987_CHEMBL5407048,1.0,True
Q00987_CHEMBL5439641,1.0,True
Q00987_CHEMBL5395339,1.0,True
Q00987_CHEMBL5400761,1.0,True
Q00987_CHEMBL5396791,1.0,True
Q00987_CHEMBL5405392,1.0,True
Q00987_CHEMBL5423725,1.0,True
Q00987_CHEMBL5433398,1.0,True
Q00987_CHEMBL5414460,1.0,True
Q00987_CHEMBL5404903,1.0,True
Q00987_CHEMBL5424005,1.0,True
Q00987_CHEMBL5405535,1.0,True
Q00987_CHEMBL5411415,1.0,True
Q00987_CHEMBL5425619,1.0,True
Q00987_CHEMBL5403414,1.0,True
Q00987_CHEMBL5438048,1.0,True
Q00987_CHEMBL5402026,1.0,True
Q00987_CHEMBL5430636,1.0,True
Q00987_CHEMBL5417541,1.0,True
Q00987_CHEMBL5400925,1.0,True
Q00987_CHEMBL5394822,1.0,True
Q00987_CHEMBL5415765,1.0,True
Q00987_CHEMBL5413325,1.0,True
Q00987_CHEMBL5413534,1.0,True
Q00987_CHEMBL5397420,1.0,True
Q00987_CHEMBL5396529,1.0,True
Q00987_CHEMBL5402394,1.0,True
Q00987_CHEMBL5421232,1.0,True
Q00987_CHEMBL5422314,1.0,True
Q00987_CHEMBL5433819,1.0,True
Q00987_CHEMBL5411406,1.0,True
Q00987_CHEMBL5441014,1.0,True
Q00987_CHEMBL5421177,1.0,True
Q00987_CHEMBL5426013,1.0,True
Q00987_CHEMBL5419081,1.0,True
Q00987_CHEMBL5416506,1.0,True
Q00987_CHEMBL5417713,1.0,True
Q00987_CHEMBL5418384,1.0,True
Q00987_CHEMBL5394884,1.0,True
Q00987_CHEMBL5409375,1.0,True
Q00987_CHEMBL5428948,1.0,True
Q00987_CHEMBL5416654,1.0,True
Q00987_CHEMBL5408349,1.0,True
Q00987_CHEMBL5420765,1.0,True
Q00987_CHEMBL5393753,1.0,True
Q00987_CHEMBL5425009,1.0,True
Q00987_CHEMBL5437348,1.0,True
Q00987_CHEMBL5430323,1.0,True
Q00987_CHEMBL5437425,1.0,True
Q00987_CHEMBL5401649,1.0,True
Q00987_CHEMBL5410291,1.0,True
Q00987_CHEMBL5430014,1.0,True
Q00987_CHEMBL5439015,1.0,True
Q00987_CHEMBL5439731,1.0,True
Q00987_CHEMBL5403978,1.0,True
Q00987_CHEMBL5422264,1.0,True
Q00987_CHEMBL5403465,1.0,True
Q00987_CHEMBL5394970,1.0,True
Q00987_CHEMBL5408490,1.0,True
Q00987_CHEMBL5422030,1.0,True
Q00987_CHEMBL5403300,1.0,True
Q00987_CHEMBL5416279,1.0,True
Q00987_CHEMBL5413374,1.0,True
Q00987_CHEMBL5434849,1.0,True
Q00987_CHEMBL5422731,1.0,True
Q00987_CHEMBL5420518,1.0,True
Q02127_CHEMBL5411122,1.0,True
Q02127_CHEMBL5430092,1.0,True
Q02127_CHEMBL5424393,1.0,True
Q02127_CHEMBL5394812,1.0,True
Q02127_CHEMBL5424051,1.0,True
Q02127_CHEMBL5426182,1.0,True
Q02127_CHEMBL5416733,1.0,True
Q02127_CHEMBL5399005,1.0,True
Q02127_CHEMBL5398316,1.0,True
Q02127_CHEMBL5408286,1.0,True
Q02127_CHEMBL5408707,1.0,True
Q02127_CHEMBL5421173,1.0,True
Q02127_CHEMBL5439442,1.0,True
Q02127_CHEMBL5401192,1.0,True
Q02127_CHEMBL5404114,1.0,True
Q02127_CHEMBL5426062,1.0,True
Q02127_CHEMBL5399532,1.0,True
Q02127_CHEMBL5394449,1.0,True
Q02127_CHEMBL5428012,1.0,True
Q02127_CHEMBL5398296,1.0,True
Q02127_CHEMBL5404750,1.0,True
Q02127_CHEMBL5431965,1.0,True
Q02127_CHEMBL5427377,1.0,True
Q02127_CHEMBL5396928,1.0,True
Q02127_CHEMBL5423878,1.0,True
Q02127_CHEMBL5415127,1.0,True
Q02127_CHEMBL5432354,1.0,True
Q02127_CHEMBL5412179,1.0,True
Q02127_CHEMBL5423324,1.0,True
Q02127_CHEMBL5427310,1.0,True
Q02127_CHEMBL5419515,1.0,True
Q03111_CHEMBL5427429,1.0,True
Q03111_CHEMBL5403490,1.0,True
Q03111_CHEMBL5395585,1.0,True
Q03111_CHEMBL5397340,1.0,True
Q03111_CHEMBL5439514,1.0,True
Q03111_CHEMBL5429534,1.0,True
Q03111_CHEMBL5404010,1.0,True
Q03111_CHEMBL5429859,1.0,True
Q03111_CHEMBL5394853,1.0,True
Q03111_CHEMBL5437942,1.0,True
Q03111_CHEMBL5395927,1.0,True
Q03111_CHEMBL5396023,1.0,True
Q03111_CHEMBL5435284,1.0,True
Q03111_CHEMBL5430048,1.0,True
Q03111_CHEMBL5434666,1.0,True
Q03111_CHEMBL5411970,1.0,True
Q03111_CHEMBL5416453,1.0,True
Q03111_CHEMBL5437279,1.0,True
Q03111_CHEMBL5423179,1.0,True
Q03111_CHEMBL5434752,1.0,True
Q03111_CHEMBL5410133,1.0,True
Q03111_CHEMBL5440223,1.0,True
Q03111_CHEMBL5430847,1.0,True
Q03111_CHEMBL5414763,1.0,True
Q03111_CHEMBL5403698,1.0,True
Q03111_CHEMBL5428707,1.0,True
Q03111_CHEMBL5427068,1.0,True
Q03111_CHEMBL5421344,1.0,True
Q03111_CHEMBL5420860,1.0,True
Q03111_CHEMBL5416650,1.0,True
Q03111_CHEMBL5419393,1.0,True
Q03111_CHEMBL5411777,1.0,True
Q03111_CHEMBL5417838,1.0,True
Q03111_CHEMBL5395504,1.0,True
Q03111_CHEMBL5406254,1.0,True
Q03111_CHEMBL5438461,1.0,True
Q03111_CHEMBL5422917,1.0,True
Q03111_CHEMBL5404615,1.0,True
Q03111_CHEMBL5428403,1.0,True
Q03111_CHEMBL5396726,1.0,True
Q03111_CHEMBL5420102,1.0,True
Q03111_CHEMBL5413088,1.0,True
Q03111_CHEMBL5422965,1.0,True
Q03111_CHEMBL5421606,1.0,True
Q03111_CHEMBL5398308,1.0,True
Q03111_CHEMBL5427853,1.0,True
Q03111_CHEMBL5394670,1.0,True
Q03111_CHEMBL5416530,1.0,True
Q03181_CHEMBL5399608,1.0,True
Q03181_CHEMBL5421425,1.0,True
Q03181_CHEMBL5407583,1.0,True
Q03181_CHEMBL5406591,1.0,True
Q03181_CHEMBL5406898,1.0,True
Q03181_CHEMBL5408470,1.0,True
Q03181_CHEMBL5404338,1.0,True
Q03181_CHEMBL5397940,1.0,True
Q03181_CHEMBL5427431,1.0,True
Q03181_CHEMBL5414029,1.0,True
Q03181_CHEMBL5439812,1.0,True
Q03181_CHEMBL5432530,1.0,True
Q03181_CHEMBL5435944,1.0,True
Q03181_CHEMBL5431536,1.0,True
Q03181_CHEMBL5429976,1.0,True
Q03181_CHEMBL5427888,1.0,True
Q03181_CHEMBL5406301,1.0,True
Q03181_CHEMBL5431290,1.0,True
Q03181_CHEMBL5429911,1.0,True
Q06124_CHEMBL5409502,1.0,True
Q06124_CHEMBL5436458,1.0,True
Q06124_CHEMBL5427793,1.0,True
Q06124_CHEMBL5429374,1.0,True
Q06124_CHEMBL5426696,1.0,True
Q06124_CHEMBL5427689,1.0,True
Q06124_CHEMBL5396927,1.0,True
Q06124_CHEMBL5430697,1.0,True
Q06124_CHEMBL5432361,1.0,True
Q06124_CHEMBL5425562,1.0,True
Q06124_CHEMBL5417898,1.0,True
Q06124_CHEMBL5430876,1.0,True
Q06124_CHEMBL5410478,1.0,True
Q06124_CHEMBL5434597,1.0,True
Q06124_CHEMBL5401484,1.0,True
Q06124_CHEMBL5405120,1.0,True
Q06124_CHEMBL5431213,1.0,True
Q06124_CHEMBL5397714,1.0,True
Q06124_CHEMBL5423012,1.0,True
Q06124_CHEMBL5417082,1.0,True
Q06124_CHEMBL5426862,1.0,True
Q06124_CHEMBL5396396,1.0,True
Q06124_CHEMBL5415136,1.0,True
Q06124_CHEMBL5431659,1.0,True
Q06124_CHEMBL5426966,1.0,True
Q06124_CHEMBL5396867,1.0,True
Q06124_CHEMBL5416146,1.0,True
Q06124_CHEMBL5421651,1.0,True
Q06124_CHEMBL5424940,1.0,True
Q06124_CHEMBL5416270,1.0,True
Q06124_CHEMBL5408024,1.0,True
Q06124_CHEMBL5433260,1.0,True
Q06124_CHEMBL5402661,1.0,True
Q06124_CHEMBL5435971,1.0,True
Q06124_CHEMBL5430657,1.0,True
Q06124_CHEMBL5400948,1.0,True
Q06124_CHEMBL5424837,1.0,True
Q06124_CHEMBL5410896,1.0,True
Q06124_CHEMBL5422106,1.0,True
Q06124_CHEMBL5434296,1.0,True
Q06124_CHEMBL5412197,1.0,True
Q06124_CHEMBL5416159,1.0,True
Q06187_CHEMBL5431246,1.0,True
Q06187_CHEMBL5421073,1.0,True
Q06187_CHEMBL5405186,1.0,True
Q06187_CHEMBL5398916,1.0,True
Q06187_CHEMBL5418333,1.0,True
Q06187_CHEMBL5427890,1.0,True
Q06187_CHEMBL5399884,1.0,True
Q06187_CHEMBL5414595,1.0,True
Q06187_CHEMBL5400359,1.0,True
Q06187_CHEMBL5425932,1.0,True
Q06187_CHEMBL5424119,1.0,True
Q06187_CHEMBL5436135,1.0,True
Q06187_CHEMBL5424490,1.0,True
Q06187_CHEMBL5423586,1.0,True
Q06187_CHEMBL5396734,1.0,True
Q06187_CHEMBL5403299,1.0,True
Q06187_CHEMBL5432647,1.0,True
Q06187_CHEMBL5419265,1.0,True
Q06187_CHEMBL5432321,1.0,True
Q06187_CHEMBL5429118,1.0,True
Q06187_CHEMBL5399333,1.0,True
Q06187_CHEMBL5439205,1.0,True
Q06187_CHEMBL5421117,1.0,True
Q06187_CHEMBL5427653,1.0,True
Q06187_CHEMBL5406313,1.0,True
Q06187_CHEMBL5420469,1.0,True
Q06187_CHEMBL5426399,1.0,True
Q06187_CHEMBL5429719,1.0,True
Q06187_CHEMBL5427093,1.0,True
Q06187_CHEMBL5439377,1.0,True
Q06187_CHEMBL5431720,1.0,True
Q06187_CHEMBL5394800,1.0,True
Q06187_CHEMBL5440136,1.0,True
Q06187_CHEMBL5435684,1.0,True
Q06187_CHEMBL5417273,1.0,True
Q06187_CHEMBL5415543,1.0,True
Q06187_CHEMBL5412767,1.0,True
Q06187_CHEMBL5436699,1.0,True
Q06187_CHEMBL5413492,1.0,True
Q06187_CHEMBL5428711,1.0,True
Q06187_CHEMBL5402002,1.0,True
Q06187_CHEMBL5415887,1.0,True
Q06187_CHEMBL5411595,1.0,True
Q06187_CHEMBL5396054,1.0,True
Q06187_CHEMBL5403745,1.0,True
Q06187_CHEMBL5440675,1.0,True
Q06187_CHEMBL5403374,1.0,True
Q06187_CHEMBL5427871,1.0,True
Q06187_CHEMBL5396925,1.0,True
Q06187_CHEMBL5404479,1.0,True
Q06187_CHEMBL5412059,1.0,True
Q06187_CHEMBL5409885,1.0,True
Q06187_CHEMBL5437618,1.0,True
Q06187_CHEMBL5440116,1.0,True
Q06187_CHEMBL5408188,1.0,True
Q06187_CHEMBL5428869,1.0,True
Q06187_CHEMBL5404802,1.0,True
Q06187_CHEMBL5422506,1.0,True
Q06187_CHEMBL5439043,1.0,True
Q06187_CHEMBL5437508,1.0,True
Q06187_CHEMBL5403472,1.0,True
Q06187_CHEMBL5432494,1.0,True
Q06187_CHEMBL5409412,1.0,True
Q06187_CHEMBL5421817,1.0,True
Q06187_CHEMBL5423384,1.0,True
Q06187_CHEMBL5438302,1.0,True
Q06187_CHEMBL5411895,1.0,True
Q06187_CHEMBL5399172,1.0,True
Q06187_CHEMBL5420562,1.0,True
Q12809_CHEMBL5417318,1.0,True
Q12809_CHEMBL5415543,1.0,True
Q12809_CHEMBL5403519,1.0,True
Q12809_CHEMBL5421645,1.0,True
Q12809_CHEMBL5403690,1.0,True
Q12809_CHEMBL5413826,1.0,True
Q12809_CHEMBL5441414,1.0,True
Q12809_CHEMBL5441415,1.0,True
Q12809_CHEMBL5402908,1.0,True
Q12809_CHEMBL5430371,1.0,True
Q12809_CHEMBL5433689,1.0,True
Q12809_CHEMBL5439307,1.0,True
Q12809_CHEMBL5417342,1.0,True
Q12809_CHEMBL5427289,1.0,True
Q12809_CHEMBL5430110,1.0,True
Q12809_CHEMBL5425931,1.0,True
Q12809_CHEMBL5396337,1.0,True
Q12809_CHEMBL5402348,1.0,True
Q12809_CHEMBL5397585,1.0,True
Q12809_CHEMBL5432083,1.0,True
Q12809_CHEMBL5439506,1.0,True
Q12809_CHEMBL5439842,1.0,True
Q12809_CHEMBL5435884,1.0,True
Q12809_CHEMBL5439514,1.0,True
Q12809_CHEMBL5434894,1.0,True
Q12809_CHEMBL5429949,1.0,True
Q12809_CHEMBL5437318,1.0,True
Q12809_CHEMBL5416588,1.0,True
Q12809_CHEMBL5435085,1.0,True
Q12809_CHEMBL5433025,1.0,True
Q12809_CHEMBL5405483,1.0,True
Q12809_CHEMBL5404028,1.0,True
Q12809_CHEMBL5418451,1.0,True
Q12809_CHEMBL5410897,1.0,True
Q12809_CHEMBL5398558,1.0,True
Q12809_CHEMBL5436003,1.0,True
Q12809_CHEMBL5399557,1.0,True
Q12809_CHEMBL5413078,1.0,True
Q12809_CHEMBL5426169,1.0,True
Q12809_CHEMBL5404509,1.0,True
Q12809_CHEMBL5427278,1.0,True
Q12809_CHEMBL5398152,1.0,True
Q12809_CHEMBL5395542,1.0,True
Q12809_CHEMBL5409192,1.0,True
Q12809_CHEMBL5434324,1.0,True
Q12809_CHEMBL5422863,1.0,True
Q12809_CHEMBL5419489,1.0,True
Q12809_CHEMBL5435819,1.0,True
Q12809_CHEMBL5432266,1.0,True
Q12809_CHEMBL5437236,1.0,True
Q12809_CHEMBL5411999,1.0,True
Q12809_CHEMBL5420585,1.0,True
Q12809_CHEMBL5432553,1.0,True
Q12809_CHEMBL5416399,1.0,True
Q12809_CHEMBL5419365,1.0,True
Q12809_CHEMBL5395781,1.0,True
Q12809_CHEMBL5416581,1.0,True
Q12809_CHEMBL5428752,1.0,True
Q12809_CHEMBL5441103,1.0,True
Q12809_CHEMBL5395597,1.0,True
Q12809_CHEMBL5420593,1.0,True
Q12809_CHEMBL5417501,1.0,True
Q12809_CHEMBL5402120,1.0,True
Q12809_CHEMBL5440764,1.0,True
Q12809_CHEMBL5399120,1.0,True
Q12809_CHEMBL5428394,1.0,True
Q12809_CHEMBL5396961,1.0,True
Q12809_CHEMBL5396547,1.0,True
Q12809_CHEMBL5400861,1.0,True
Q12809_CHEMBL5426862,1.0,True
Q12809_CHEMBL5400148,1.0,True
Q12809_CHEMBL5418000,1.0,True
Q12809_CHEMBL5394618,1.0,True
Q12809_CHEMBL5414037,1.0,True
Q12809_CHEMBL5432371,1.0,True
Q12809_CHEMBL5405380,1.0,True
Q12809_CHEMBL5399676,1.0,True
Q12809_CHEMBL5435831,1.0,True
Q12809_CHEMBL5434251,1.0,True
Q12809_CHEMBL5439283,1.0,True
Q12809_CHEMBL5403087,1.0,True
Q12809_CHEMBL5427454,1.0,True
Q12809_CHEMBL5420899,1.0,True
Q12809_CHEMBL5432565,1.0,True
Q12809_CHEMBL5434339,1.0,True
Q12809_CHEMBL5416490,1.0,True
Q12809_CHEMBL5411721,1.0,True
Q12809_CHEMBL5403722,1.0,True
Q12809_CHEMBL5410717,1.0,True
Q12809_CHEMBL5425739,1.0,True
Q12809_CHEMBL5424297,1.0,True
Q12809_CHEMBL5412433,1.0,True
Q12809_CHEMBL5401453,1.0,True
Q12809_CHEMBL5428129,1.0,True
Q12809_CHEMBL5441391,1.0,True
Q12809_CHEMBL5436114,1.0,True
Q12809_CHEMBL5410878,1.0,True
Q12809_CHEMBL5434807,1.0,True
Q12809_CHEMBL5403581,1.0,True
Q12809_CHEMBL5429029,1.0,True
Q12809_CHEMBL5437311,1.0,True
Q12809_CHEMBL5419543,1.0,True
Q12809_CHEMBL5424670,1.0,True
Q12809_CHEMBL5396638,1.0,True
Q12809_CHEMBL5412404,1.0,True
Q12809_CHEMBL5422051,1.0,True
Q12809_CHEMBL5399556,1.0,True
Q12809_CHEMBL5406899,1.0,True
Q12809_CHEMBL5406703,1.0,True
Q12809_CHEMBL5429179,1.0,True
Q12809_CHEMBL5432538,1.0,True
Q12809_CHEMBL5416465,1.0,True
Q12809_CHEMBL5414588,1.0,True
Q12809_CHEMBL5406913,1.0,True
Q12809_CHEMBL5424378,1.0,True
Q12809_CHEMBL5414982,1.0,True
Q12809_CHEMBL5433897,1.0,True
Q12809_CHEMBL5399932,1.0,True
Q12809_CHEMBL5401016,1.0,True
Q13546_CHEMBL5440251,1.0,True
Q13546_CHEMBL5432235,1.0,True
Q13546_CHEMBL5408026,1.0,True
Q13546_CHEMBL5419480,1.0,True
Q13546_CHEMBL5404174,1.0,True
Q13546_CHEMBL5422041,1.0,True
Q13546_CHEMBL5430224,1.0,True
Q13546_CHEMBL5427031,1.0,True
Q13546_CHEMBL5399892,1.0,True
Q13546_CHEMBL5395362,1.0,True
Q13546_CHEMBL5412064,1.0,True
Q13546_CHEMBL5438972,1.0,True
Q13546_CHEMBL5415575,1.0,True
Q13546_CHEMBL5408672,1.0,True
Q13546_CHEMBL5411381,1.0,True
Q13546_CHEMBL5426073,1.0,True
Q13546_CHEMBL5394940,1.0,True
Q13546_CHEMBL5423528,1.0,True
Q13546_CHEMBL5398941,1.0,True
Q13546_CHEMBL5433218,1.0,True
Q13546_CHEMBL5432442,1.0,True
Q13546_CHEMBL5403329,1.0,True
Q13546_CHEMBL5403662,1.0,True
Q13546_CHEMBL5434132,1.0,True
Q13546_CHEMBL5396051,1.0,True
Q13546_CHEMBL5419190,1.0,True
Q13546_CHEMBL5419556,1.0,True
Q13546_CHEMBL5432711,1.0,True
Q13546_CHEMBL5394372,1.0,True
Q13546_CHEMBL5405225,1.0,True
Q13546_CHEMBL5422508,1.0,True
Q13546_CHEMBL5418785,1.0,True
Q13546_CHEMBL5433899,1.0,True
Q13546_CHEMBL5431192,1.0,True
Q13546_CHEMBL5416808,1.0,True
Q13546_CHEMBL5415623,1.0,True
Q13546_CHEMBL5409296,1.0,True
Q13546_CHEMBL5429657,1.0,True
Q13546_CHEMBL5418766,1.0,True
Q13546_CHEMBL5429816,1.0,True
Q13546_CHEMBL5421764,1.0,True
Q13546_CHEMBL5409414,1.0,True
Q13546_CHEMBL5434486,1.0,True
Q13546_CHEMBL5404074,1.0,True
Q13546_CHEMBL5407948,1.0,True
Q13546_CHEMBL5418930,1.0,True
Q13546_CHEMBL5423912,1.0,True
Q13546_CHEMBL5439801,1.0,True
Q13546_CHEMBL5427681,1.0,True
Q13546_CHEMBL5426570,1.0,True
Q13546_CHEMBL5424677,1.0,True
Q13546_CHEMBL5436651,1.0,True
Q13547_CHEMBL5395245,1.0,True
Q13547_CHEMBL5432435,1.0,True
Q13547_CHEMBL5398608,1.0,True
Q13547_CHEMBL5401232,1.0,True
Q13547_CHEMBL5397465,1.0,True
Q13547_CHEMBL5420438,1.0,True
Q13547_CHEMBL5438309,1.0,True
Q13547_CHEMBL5429127,1.0,True
Q13547_CHEMBL5394932,1.0,True
Q13547_CHEMBL5400896,1.0,True
Q13547_CHEMBL5396691,1.0,True
Q13547_CHEMBL5425559,1.0,True
Q13547_CHEMBL5399910,1.0,True
Q13547_CHEMBL5430562,1.0,True
Q13547_CHEMBL5428620,1.0,True
Q13547_CHEMBL5408688,1.0,True
Q13547_CHEMBL5412379,1.0,True
Q13547_CHEMBL5418060,1.0,True
Q13547_CHEMBL5433683,1.0,True
Q13547_CHEMBL5428577,1.0,True
Q13547_CHEMBL5426703,1.0,True
Q13547_CHEMBL5429376,1.0,True
Q13547_CHEMBL5431099,1.0,True
Q13547_CHEMBL5407807,1.0,True
Q13547_CHEMBL5431370,1.0,True
Q13547_CHEMBL5423446,1.0,True
Q13547_CHEMBL5430899,1.0,True
Q13547_CHEMBL5427815,1.0,True
Q13547_CHEMBL5400985,1.0,True
Q13547_CHEMBL5435640,1.0,True
Q13547_CHEMBL5413269,1.0,True
Q13547_CHEMBL5418707,1.0,True
Q13547_CHEMBL5406417,1.0,True
Q13547_CHEMBL5424996,1.0,True
Q13547_CHEMBL5439517,1.0,True
Q13547_CHEMBL5411407,1.0,True
Q13547_CHEMBL5407078,1.0,True
Q13547_CHEMBL5428984,1.0,True
Q13547_CHEMBL5417666,1.0,True
Q13547_CHEMBL5427739,1.0,True
Q13547_CHEMBL5437164,1.0,True
Q13547_CHEMBL5427776,1.0,True
Q13547_CHEMBL5409329,1.0,True
Q13547_CHEMBL5440015,1.0,True
Q13547_CHEMBL5416731,1.0,True
Q13547_CHEMBL5433467,1.0,True
Q13547_CHEMBL5409260,1.0,True
Q13547_CHEMBL5417826,1.0,True
Q13547_CHEMBL5438582,1.0,True
Q13547_CHEMBL5407061,1.0,True
Q13547_CHEMBL5414999,1.0,True
Q13547_CHEMBL5434760,1.0,True
Q13547_CHEMBL5437604,1.0,True
Q13547_CHEMBL5398384,1.0,True
Q13547_CHEMBL5405937,1.0,True
Q13547_CHEMBL5418684,1.0,True
Q13547_CHEMBL5427242,1.0,True
Q13547_CHEMBL5397433,1.0,True
Q13547_CHEMBL5420639,1.0,True
Q13547_CHEMBL5420610,1.0,True
Q13547_CHEMBL5420194,1.0,True
Q13547_CHEMBL5438992,1.0,True
Q13547_CHEMBL5422534,1.0,True
Q13547_CHEMBL5405258,1.0,True
Q13547_CHEMBL5404735,1.0,True
Q13547_CHEMBL5434398,1.0,True
Q13547_CHEMBL5426859,1.0,True
Q13547_CHEMBL5419690,1.0,True
Q13547_CHEMBL5405779,1.0,True
Q13547_CHEMBL5399656,1.0,True
Q13547_CHEMBL5439079,1.0,True
Q13547_CHEMBL5437683,1.0,True
Q13547_CHEMBL5425203,1.0,True
Q13547_CHEMBL5423994,1.0,True
Q13547_CHEMBL5436930,1.0,True
Q13547_CHEMBL5417556,1.0,True
Q13547_CHEMBL5401785,1.0,True
Q13547_CHEMBL5440587,1.0,True
Q13547_CHEMBL5409565,1.0,True
Q13547_CHEMBL5423769,1.0,True
Q13547_CHEMBL5434546,1.0,True
Q13547_CHEMBL5429228,1.0,True
Q13547_CHEMBL5420359,1.0,True
Q13547_CHEMBL5404035,1.0,True
Q13547_CHEMBL5435026,1.0,True
Q13547_CHEMBL5424227,1.0,True
Q13547_CHEMBL5432401,1.0,True
Q13547_CHEMBL5407947,1.0,True
Q13547_CHEMBL5416658,1.0,True
Q13547_CHEMBL5399973,1.0,True
Q13547_CHEMBL5426471,1.0,True
Q13547_CHEMBL5395429,1.0,True
Q13547_CHEMBL5431600,1.0,True
Q13547_CHEMBL5418936,1.0,True
Q13547_CHEMBL5395752,1.0,True
Q13547_CHEMBL5409321,1.0,True
Q13547_CHEMBL5410667,1.0,True
Q13547_CHEMBL5406671,1.0,True
Q13547_CHEMBL5409269,1.0,True
Q13547_CHEMBL5423614,1.0,True
Q13547_CHEMBL5400284,1.0,True
Q13547_CHEMBL5418632,1.0,True
Q13547_CHEMBL5428905,1.0,True
Q13547_CHEMBL5394496,1.0,True
Q13547_CHEMBL5422313,1.0,True
Q13547_CHEMBL5401058,1.0,True
Q13547_CHEMBL5418488,1.0,True
Q13547_CHEMBL5431673,1.0,True
Q13547_CHEMBL5407261,1.0,True
Q13547_CHEMBL5415779,1.0,True
Q13547_CHEMBL5403063,1.0,True
Q13547_CHEMBL5417222,1.0,True
Q13547_CHEMBL5422539,1.0,True
Q13547_CHEMBL5417311,1.0,True
Q13547_CHEMBL5409479,1.0,True
Q13547_CHEMBL5426373,1.0,True
Q13547_CHEMBL5433222,1.0,True
Q13547_CHEMBL5414940,1.0,True
Q13547_CHEMBL5403641,1.0,True
Q13547_CHEMBL5401051,1.0,True
Q13547_CHEMBL5407011,1.0,True
Q13547_CHEMBL5423299,1.0,True
Q13547_CHEMBL5420243,1.0,True
Q13547_CHEMBL5413391,1.0,True
Q13547_CHEMBL5435868,1.0,True
Q13547_CHEMBL5404696,1.0,True
Q13547_CHEMBL5440138,1.0,True
Q13547_CHEMBL5436704,1.0,True
Q13547_CHEMBL5422333,1.0,True
Q13547_CHEMBL5440733,1.0,True
Q13547_CHEMBL5431676,1.0,True
Q13547_CHEMBL5416888,1.0,True
Q13547_CHEMBL5395571,1.0,True
Q13547_CHEMBL5421759,1.0,True
Q13547_CHEMBL5409400,1.0,True
Q13547_CHEMBL5420493,1.0,True
Q13547_CHEMBL5397759,1.0,True
Q13547_CHEMBL5434626,1.0,True
Q13547_CHEMBL5413000,1.0,True
Q13547_CHEMBL5395739,1.0,True
Q13547_CHEMBL5440875,1.0,True
Q13547_CHEMBL5419239,1.0,True
Q13547_CHEMBL5424768,1.0,True
Q13547_CHEMBL5422428,1.0,True
Q13547_CHEMBL5410652,1.0,True
Q13547_CHEMBL5440192,1.0,True
Q13547_CHEMBL5407634,1.0,True
Q13547_CHEMBL5426948,1.0,True
Q13547_CHEMBL5400623,1.0,True
Q13547_CHEMBL5399635,1.0,True
Q13547_CHEMBL5406759,1.0,True
Q13547_CHEMBL5413744,1.0,True
Q13547_CHEMBL5428176,1.0,True
Q13547_CHEMBL5440196,1.0,True
Q13547_CHEMBL5428924,1.0,True
Q13547_CHEMBL5424063,1.0,True
Q13547_CHEMBL5440160,1.0,True
Q13547_CHEMBL5432519,1.0,True
Q13547_CHEMBL5406583,1.0,True
Q13547_CHEMBL5417760,1.0,True
Q13547_CHEMBL5413316,1.0,True
Q13547_CHEMBL5440032,1.0,True
Q13547_CHEMBL5431560,1.0,True
Q13547_CHEMBL5420876,1.0,True
Q13547_CHEMBL5414870,1.0,True
Q13547_CHEMBL5415246,1.0,True
Q13547_CHEMBL5407734,1.0,True
Q13547_CHEMBL5395816,1.0,True
Q13547_CHEMBL5440176,1.0,True
Q13547_CHEMBL5412747,1.0,True
Q13547_CHEMBL5435909,1.0,True
Q13547_CHEMBL5398464,1.0,True
Q13547_CHEMBL5420057,1.0,True
Q13547_CHEMBL5404427,1.0,True
Q13547_CHEMBL5404095,1.0,True
Q13547_CHEMBL5429056,1.0,True
Q13547_CHEMBL5419475,1.0,True
Q13547_CHEMBL5396505,1.0,True
Q13547_CHEMBL5399948,1.0,True
Q13547_CHEMBL5409169,1.0,True
Q13547_CHEMBL5431839,1.0,True
Q13547_CHEMBL5429693,1.0,True
Q13547_CHEMBL5409137,1.0,True
Q13547_CHEMBL5437481,1.0,True
Q13547_CHEMBL5410073,1.0,True
Q13547_CHEMBL5433570,1.0,True
Q13547_CHEMBL5395810,1.0,True
Q13547_CHEMBL5409678,1.0,True
Q13547_CHEMBL5420601,1.0,True
Q13547_CHEMBL5412510,1.0,True
Q13547_CHEMBL5399017,1.0,True
Q13547_CHEMBL5434942,1.0,True
Q13547_CHEMBL5417682,1.0,True
Q13547_CHEMBL5415256,1.0,True
Q13547_CHEMBL5410602,1.0,True
Q13547_CHEMBL5411914,1.0,True
Q13547_CHEMBL5400421,1.0,True
Q13547_CHEMBL5431498,1.0,True
Q13547_CHEMBL5420814,1.0,True
Q13547_CHEMBL5414244,1.0,True
Q13547_CHEMBL5409409,1.0,True
Q13547_CHEMBL5396543,1.0,True
Q13547_CHEMBL5412725,1.0,True
Q13547_CHEMBL5396565,1.0,True
Q13547_CHEMBL5411315,1.0,True
Q13547_CHEMBL5401053,1.0,True
Q13547_CHEMBL5414564,1.0,True
Q13547_CHEMBL5402175,1.0,True
Q13547_CHEMBL5420307,1.0,True
Q13547_CHEMBL5437072,1.0,True
Q13547_CHEMBL5396288,1.0,True
Q13547_CHEMBL5415351,1.0,True
Q13547_CHEMBL5418509,1.0,True
Q13547_CHEMBL5428663,1.0,True
Q13547_CHEMBL5433525,1.0,True
Q13547_CHEMBL5398443,1.0,True
Q13547_CHEMBL5397101,1.0,True
Q13547_CHEMBL5439406,1.0,True
Q13547_CHEMBL5394186,1.0,True
Q13547_CHEMBL5425472,1.0,True
Q13547_CHEMBL5423472,1.0,True
Q13547_CHEMBL5394727,1.0,True
Q13547_CHEMBL5430331,1.0,True
Q13547_CHEMBL5402423,1.0,True
Q13547_CHEMBL5419172,1.0,True
Q13547_CHEMBL5424360,1.0,True
Q13547_CHEMBL5417416,1.0,True
Q13547_CHEMBL5407707,1.0,True
Q13547_CHEMBL5425253,1.0,True
Q13547_CHEMBL5431412,1.0,True
Q13547_CHEMBL5407714,1.0,True
Q13547_CHEMBL5402136,1.0,True
Q13547_CHEMBL5402915,1.0,True
Q13547_CHEMBL5404793,1.0,True
Q13547_CHEMBL5403777,1.0,True
Q13547_CHEMBL5433049,1.0,True
Q13547_CHEMBL5408299,1.0,True
Q13547_CHEMBL5433987,1.0,True
Q13547_CHEMBL5410437,1.0,True
Q13547_CHEMBL5398814,1.0,True
Q13547_CHEMBL5432672,1.0,True
Q13547_CHEMBL5404374,1.0,True
Q13547_CHEMBL5409055,1.0,True
Q13547_CHEMBL5398994,1.0,True
Q13547_CHEMBL5437925,1.0,True
Q13547_CHEMBL5430751,1.0,True
Q13547_CHEMBL5408074,1.0,True
Q13547_CHEMBL5406975,1.0,True
Q13547_CHEMBL5397692,1.0,True
Q13547_CHEMBL5409731,1.0,True
Q13547_CHEMBL5409287,1.0,True
Q13547_CHEMBL5397225,1.0,True
Q13547_CHEMBL5438996,1.0,True
Q13547_CHEMBL5414698,1.0,True
Q13547_CHEMBL5438446,1.0,True
Q13547_CHEMBL5395637,1.0,True
Q13547_CHEMBL5429446,1.0,True
Q13547_CHEMBL5419832,1.0,True
Q13547_CHEMBL5414925,1.0,True
Q13547_CHEMBL5393893,1.0,True
Q13547_CHEMBL5396074,1.0,True
Q13547_CHEMBL5426015,1.0,True
Q13547_CHEMBL5439859,1.0,True
Q13547_CHEMBL5414308,1.0,True
Q13547_CHEMBL5412296,1.0,True
Q13547_CHEMBL5414898,1.0,True
Q13547_CHEMBL5394047,1.0,True
Q13547_CHEMBL5399990,1.0,True
Q13547_CHEMBL5400387,1.0,True
Q13547_CHEMBL5415734,1.0,True
Q13547_CHEMBL5408897,1.0,True
Q13547_CHEMBL5414384,1.0,True
Q13547_CHEMBL5418711,1.0,True
Q13547_CHEMBL5415232,1.0,True
Q13547_CHEMBL5431448,1.0,True
Q13547_CHEMBL5406785,1.0,True
Q13547_CHEMBL5423629,1.0,True
Q13547_CHEMBL5401106,1.0,True
Q13547_CHEMBL5429873,1.0,True
Q13547_CHEMBL5409830,1.0,True
Q13547_CHEMBL5436596,1.0,True
Q13547_CHEMBL5420058,1.0,True
Q13547_CHEMBL5414971,1.0,True
Q13547_CHEMBL5432574,1.0,True
Q13547_CHEMBL5436873,1.0,True
Q13547_CHEMBL5434895,1.0,True
Q13547_CHEMBL5424823,1.0,True
Q13547_CHEMBL5408565,1.0,True
Q13547_CHEMBL5402344,1.0,True
Q13547_CHEMBL5423136,1.0,True
Q13547_CHEMBL5414056,1.0,True
Q13547_CHEMBL5438694,1.0,True
Q13547_CHEMBL5394600,1.0,True
Q13547_CHEMBL5410777,1.0,True
Q13547_CHEMBL5420954,1.0,True
Q13547_CHEMBL5410523,1.0,True
Q13547_CHEMBL5416448,1.0,True
Q13547_CHEMBL5432886,1.0,True
Q13547_CHEMBL5418695,1.0,True
Q13547_CHEMBL5410992,1.0,True
Q13547_CHEMBL5432846,1.0,True
Q13547_CHEMBL5415711,1.0,True
Q13547_CHEMBL5423139,1.0,True
Q13547_CHEMBL5401815,1.0,True
Q13547_CHEMBL5418570,1.0,True
Q13547_CHEMBL5440638,1.0,True
Q13547_CHEMBL5412933,1.0,True
Q13547_CHEMBL5403601,1.0,True
Q13547_CHEMBL5410880,1.0,True
Q13547_CHEMBL5402253,1.0,True
Q13547_CHEMBL5430119,1.0,True
Q13547_CHEMBL5419248,1.0,True
Q13547_CHEMBL5435751,1.0,True
Q13547_CHEMBL5425972,1.0,True
Q13547_CHEMBL5398428,1.0,True
Q13547_CHEMBL5408111,1.0,True
Q13547_CHEMBL5437991,1.0,True
Q13547_CHEMBL5435590,1.0,True
Q13547_CHEMBL5411915,1.0,True
Q13547_CHEMBL5427151,1.0,True
Q13547_CHEMBL5421202,1.0,True
Q13547_CHEMBL5438599,1.0,True
Q13547_CHEMBL5426896,1.0,True
Q13547_CHEMBL5399941,1.0,True
Q13547_CHEMBL5436104,1.0,True
Q13547_CHEMBL5423557,1.0,True
Q13547_CHEMBL5436001,1.0,True
Q13547_CHEMBL5426091,1.0,True
Q13547_CHEMBL5431660,1.0,True
Q13547_CHEMBL5439488,1.0,True
Q13547_CHEMBL5407953,1.0,True
Q13547_CHEMBL5433627,1.0,True
Q13547_CHEMBL5416264,1.0,True
Q13547_CHEMBL5406191,1.0,True
Q13547_CHEMBL5433364,1.0,True
Q13547_CHEMBL5403602,1.0,True
Q13547_CHEMBL5429412,1.0,True
Q13547_CHEMBL5412547,1.0,True
Q13547_CHEMBL5436035,1.0,True
Q13547_CHEMBL5403862,1.0,True
Q13547_CHEMBL5419295,1.0,True
Q13547_CHEMBL5424948,1.0,True
Q13547_CHEMBL5418093,1.0,True
Q13547_CHEMBL5401496,1.0,True
Q13547_CHEMBL5401406,1.0,True
Q13547_CHEMBL5423646,1.0,True
Q13547_CHEMBL5437381,1.0,True
Q13547_CHEMBL5428795,1.0,True
Q13547_CHEMBL5413612,1.0,True
Q13547_CHEMBL5394143,1.0,True
Q13547_CHEMBL5404245,1.0,True
Q13547_CHEMBL5401169,1.0,True
Q13547_CHEMBL5403206,1.0,True
Q13547_CHEMBL5430740,1.0,True
Q13547_CHEMBL5424224,1.0,True
Q13547_CHEMBL5411948,1.0,True
Q13547_CHEMBL5403974,1.0,True
Q13547_CHEMBL5415687,1.0,True
Q13627_CHEMBL5410811,1.0,True
Q13627_CHEMBL5403328,1.0,True
Q13627_CHEMBL5416086,1.0,True
Q13627_CHEMBL5417336,1.0,True
Q13627_CHEMBL5401513,1.0,True
Q13627_CHEMBL5401218,1.0,True
Q13627_CHEMBL5395267,1.0,True
Q13627_CHEMBL5414801,1.0,True
Q13627_CHEMBL5429707,1.0,True
Q13627_CHEMBL5428562,1.0,True
Q13627_CHEMBL5401556,1.0,True
Q13627_CHEMBL5432405,1.0,True
Q13627_CHEMBL5404093,1.0,True
Q13627_CHEMBL5401354,1.0,True
Q13627_CHEMBL5426463,1.0,True
Q13627_CHEMBL5417699,1.0,True
Q13627_CHEMBL5429691,1.0,True
Q13627_CHEMBL5432194,1.0,True
Q13627_CHEMBL5415554,1.0,True
Q13627_CHEMBL5395833,1.0,True
Q13627_CHEMBL5415238,1.0,True
Q13627_CHEMBL5428750,1.0,True
Q13627_CHEMBL5406864,1.0,True
Q13627_CHEMBL5435933,1.0,True
Q13627_CHEMBL5421052,1.0,True
Q13627_CHEMBL5429359,1.0,True
Q13627_CHEMBL5406490,1.0,True
Q13627_CHEMBL5426876,1.0,True
Q13627_CHEMBL5413380,1.0,True
Q13627_CHEMBL5396081,1.0,True
Q13627_CHEMBL5429086,1.0,True
Q13627_CHEMBL5411649,1.0,True
Q13627_CHEMBL5432630,1.0,True
Q13627_CHEMBL5413622,1.0,True
Q13627_CHEMBL5423818,1.0,True
Q13627_CHEMBL5416942,1.0,True
Q13627_CHEMBL5424488,1.0,True
Q13627_CHEMBL5417631,1.0,True
Q13627_CHEMBL5418822,1.0,True
Q13627_CHEMBL5439632,1.0,True
Q13627_CHEMBL5395734,1.0,True
Q13627_CHEMBL5416327,1.0,True
Q13627_CHEMBL5424114,1.0,True
Q13627_CHEMBL5435495,1.0,True
Q13627_CHEMBL5426335,1.0,True
Q13627_CHEMBL5440916,1.0,True
Q13627_CHEMBL5397989,1.0,True
Q13627_CHEMBL5410464,1.0,True
Q13627_CHEMBL5426304,1.0,True
Q13627_CHEMBL5425642,1.0,True
Q13627_CHEMBL5416749,1.0,True
Q13627_CHEMBL5401689,1.0,True
Q13627_CHEMBL5436022,1.0,True
Q13627_CHEMBL5402600,1.0,True
Q13627_CHEMBL5412760,1.0,True
Q13627_CHEMBL5440179,1.0,True
Q13627_CHEMBL5404932,1.0,True
Q13627_CHEMBL5412339,1.0,True
Q13627_CHEMBL5411492,1.0,True
Q13627_CHEMBL5411512,1.0,True
Q13627_CHEMBL5418042,1.0,True
Q13627_CHEMBL5404416,1.0,True
Q13627_CHEMBL5405572,1.0,True
Q13627_CHEMBL5394613,1.0,True
Q13627_CHEMBL5420724,1.0,True
Q13627_CHEMBL5437222,1.0,True
Q13627_CHEMBL5422413,1.0,True
Q13627_CHEMBL5419006,1.0,True
Q13627_CHEMBL5395680,1.0,True
Q13627_CHEMBL5435718,1.0,True
Q13627_CHEMBL5408457,1.0,True
Q13627_CHEMBL5413427,1.0,True
Q13627_CHEMBL5425748,1.0,True
Q13627_CHEMBL5410991,1.0,True
Q13627_CHEMBL5408540,1.0,True
Q13627_CHEMBL5428651,1.0,True
Q13627_CHEMBL5422936,1.0,True
Q13627_CHEMBL5437737,1.0,True
Q13627_CHEMBL5416971,1.0,True
Q13627_CHEMBL5415866,1.0,True
Q15910_CHEMBL5427886,1.0,True
Q15910_CHEMBL5407503,1.0,True
Q15910_CHEMBL5395024,1.0,True
Q15910_CHEMBL5406530,1.0,True
Q15910_CHEMBL5404097,1.0,True
Q15910_CHEMBL5408277,1.0,True
Q15910_CHEMBL5402038,1.0,True
Q15910_CHEMBL5429668,1.0,True
Q15910_CHEMBL5408839,1.0,True
Q15910_CHEMBL5433886,1.0,True
Q15910_CHEMBL5429234,1.0,True
Q15910_CHEMBL5436336,1.0,True
Q15910_CHEMBL5417925,1.0,True
Q15910_CHEMBL5396769,1.0,True
Q15910_CHEMBL5417070,1.0,True
Q15910_CHEMBL5394741,1.0,True
Q15910_CHEMBL5413031,1.0,True
Q15910_CHEMBL5393990,1.0,True
Q15910_CHEMBL5408520,1.0,True
Q15910_CHEMBL5436593,1.0,True
Q15910_CHEMBL5426154,1.0,True
Q15910_CHEMBL5400888,1.0,True
Q15910_CHEMBL5416575,1.0,True
Q15910_CHEMBL5418132,1.0,True
Q15910_CHEMBL5408322,1.0,True
Q15910_CHEMBL5421282,1.0,True
Q15910_CHEMBL5429552,1.0,True
Q15910_CHEMBL5412340,1.0,True
Q15910_CHEMBL5395240,1.0,True
Q15910_CHEMBL5412589,1.0,True
Q15910_CHEMBL5401078,1.0,True
Q15910_CHEMBL5417862,1.0,True
Q15910_CHEMBL5403771,1.0,True
Q15910_CHEMBL5394852,1.0,True
Q15910_CHEMBL5416625,1.0,True
Q15910_CHEMBL5406071,1.0,True
Q15910_CHEMBL5402033,1.0,True
Q15910_CHEMBL5395872,1.0,True
Q15910_CHEMBL5404212,1.0,True
Q15910_CHEMBL5439531,1.0,True
Q15910_CHEMBL5422341,1.0,True
Q15910_CHEMBL5418334,1.0,True
Q15910_CHEMBL5427802,1.0,True
Q15910_CHEMBL5418544,1.0,True
Q16769_CHEMBL5419581,1.0,True
Q16769_CHEMBL5415003,1.0,True
Q16769_CHEMBL5423339,1.0,True
Q16769_CHEMBL5425787,1.0,True
Q16769_CHEMBL5440008,1.0,True
Q16769_CHEMBL5432523,1.0,True
Q16769_CHEMBL5397959,1.0,True
Q16769_CHEMBL5401424,1.0,True
Q16769_CHEMBL5431187,1.0,True
Q16769_CHEMBL5440396,1.0,True
Q16769_CHEMBL5426515,1.0,True
Q16769_CHEMBL5416124,1.0,True
Q16769_CHEMBL5422902,1.0,True
Q16769_CHEMBL5413978,1.0,True
Q16769_CHEMBL5402529,1.0,True
Q16769_CHEMBL5403557,1.0,True
Q16769_CHEMBL5434053,1.0,True
Q16769_CHEMBL5396759,1.0,True
Q16769_CHEMBL5404640,1.0,True
Q16769_CHEMBL5411871,1.0,True
Q16769_CHEMBL5403701,1.0,True
Q16769_CHEMBL5412373,1.0,True
Q16769_CHEMBL5399860,1.0,True
Q16769_CHEMBL5418046,1.0,True
Q16769_CHEMBL5406211,1.0,True
Q16769_CHEMBL5439681,1.0,True
Q16769_CHEMBL5413227,1.0,True
Q16769_CHEMBL5395317,1.0,True
Q16769_CHEMBL5424881,1.0,True
Q16769_CHEMBL5396368,1.0,True
Q16769_CHEMBL5436993,1.0,True
Q16769_CHEMBL5395945,1.0,True
Q16769_CHEMBL5432131,1.0,True
Q16769_CHEMBL5410629,1.0,True
Q16769_CHEMBL5432557,1.0,True
Q16769_CHEMBL5409837,1.0,True
Q16769_CHEMBL5405586,1.0,True
Q16769_CHEMBL5408371,1.0,True
Q16769_CHEMBL5417729,1.0,True
Q16769_CHEMBL5402699,1.0,True
Q16769_CHEMBL5398463,1.0,True
Q16769_CHEMBL5436334,1.0,True
Q16769_CHEMBL5439156,1.0,True
Q16769_CHEMBL5437713,1.0,True
Q16769_CHEMBL5396027,1.0,True
Q16769_CHEMBL5426638,1.0,True
Q16769_CHEMBL5421548,1.0,True
Q16769_CHEMBL5440304,1.0,True
Q16769_CHEMBL5409643,1.0,True
Q16769_CHEMBL5425548,1.0,True
Q16769_CHEMBL5425419,1.0,True
Q16769_CHEMBL5403368,1.0,True
Q16790_CHEMBL5418946,1.0,True
Q16790_CHEMBL5395028,1.0,True
Q16790_CHEMBL5408660,1.0,True
Q16790_CHEMBL5394136,1.0,True
Q16790_CHEMBL5428616,1.0,True
Q16790_CHEMBL5411236,1.0,True
Q16790_CHEMBL5434644,1.0,True
Q16790_CHEMBL5418325,1.0,True
Q16790_CHEMBL5418448,1.0,True
Q16790_CHEMBL5396521,1.0,True
Q16790_CHEMBL5406454,1.0,True
Q16790_CHEMBL5415157,1.0,True
Q16790_CHEMBL5430687,1.0,True
Q16790_CHEMBL5402415,1.0,True
Q16790_CHEMBL5403443,1.0,True
Q16790_CHEMBL5423785,1.0,True
Q16790_CHEMBL5420806,1.0,True
Q16790_CHEMBL5408282,1.0,True
Q16790_CHEMBL5403015,1.0,True
Q16790_CHEMBL5418584,1.0,True
Q16790_CHEMBL5430954,1.0,True
Q16790_CHEMBL5398870,1.0,True
Q16790_CHEMBL5408801,1.0,True
Q16790_CHEMBL5427771,1.0,True
Q16790_CHEMBL5412006,1.0,True
Q16790_CHEMBL5408039,1.0,True
Q16790_CHEMBL5417623,1.0,True
Q16790_CHEMBL5419120,1.0,True
Q16790_CHEMBL5419562,1.0,True
Q16790_CHEMBL5409839,1.0,True
Q16790_CHEMBL5406763,1.0,True
Q16790_CHEMBL5398527,1.0,True
Q16790_CHEMBL5398482,1.0,True
Q16790_CHEMBL5404478,1.0,True
Q16790_CHEMBL5430744,1.0,True
Q16790_CHEMBL5404207,1.0,True
Q16790_CHEMBL5432122,1.0,True
Q16790_CHEMBL5400096,1.0,True
Q16790_CHEMBL5427772,1.0,True
Q16790_CHEMBL5439825,1.0,True
Q16790_CHEMBL5424006,1.0,True
Q16790_CHEMBL5419432,1.0,True
Q16790_CHEMBL5409853,1.0,True
Q16790_CHEMBL5418792,1.0,True
Q16790_CHEMBL5436128,1.0,True
Q16790_CHEMBL5411012,1.0,True
Q16790_CHEMBL5427767,1.0,True
Q16790_CHEMBL5412673,1.0,True
Q16790_CHEMBL5413719,1.0,True
Q16790_CHEMBL5434757,1.0,True
Q16790_CHEMBL5398809,1.0,True
Q16790_CHEMBL5423264,1.0,True
Q16790_CHEMBL5431226,1.0,True
Q16790_CHEMBL5400438,1.0,True
Q16790_CHEMBL5422561,1.0,True
Q16790_CHEMBL5422492,1.0,True
Q16790_CHEMBL5438275,1.0,True
Q16790_CHEMBL5411466,1.0,True
Q16790_CHEMBL5419182,1.0,True
Q16790_CHEMBL5428815,1.0,True
Q16790_CHEMBL5435073,1.0,True
Q16790_CHEMBL5438823,1.0,True
Q16790_CHEMBL5406041,1.0,True
Q16790_CHEMBL5402391,1.0,True
Q16790_CHEMBL5439068,1.0,True
Q16790_CHEMBL5406460,1.0,True
Q16790_CHEMBL5401486,1.0,True
Q16790_CHEMBL5424643,1.0,True
Q16790_CHEMBL5438359,1.0,True
Q16790_CHEMBL5395842,1.0,True
Q16790_CHEMBL5402861,1.0,True
Q16790_CHEMBL5422807,1.0,True
Q16790_CHEMBL5415701,1.0,True
Q16790_CHEMBL5417652,1.0,True
Q16790_CHEMBL5430843,1.0,True
Q16790_CHEMBL5415971,1.0,True
Q16790_CHEMBL5434579,1.0,True
Q16790_CHEMBL5427495,1.0,True
Q16790_CHEMBL5396279,1.0,True
Q16790_CHEMBL5427064,1.0,True
Q16790_CHEMBL5434717,1.0,True
Q16790_CHEMBL5405313,1.0,True
Q16790_CHEMBL5428119,1.0,True
Q16790_CHEMBL5399497,1.0,True
Q16790_CHEMBL5406828,1.0,True
Q16790_CHEMBL5421787,1.0,True
Q16790_CHEMBL5410832,1.0,True
Q16790_CHEMBL5396229,1.0,True
Q16790_CHEMBL5400915,1.0,True
Q16790_CHEMBL5409485,1.0,True
Q16790_CHEMBL5411876,1.0,True
Q16790_CHEMBL5430806,1.0,True
Q16790_CHEMBL5427215,1.0,True
Q16790_CHEMBL5418987,1.0,True
Q16790_CHEMBL5417966,1.0,True
Q16790_CHEMBL5427397,1.0,True
Q16790_CHEMBL5393899,1.0,True
Q16790_CHEMBL5416640,1.0,True
Q16790_CHEMBL5399753,1.0,True
Q16790_CHEMBL5432003,1.0,True
Q16790_CHEMBL5399026,1.0,True
Q16790_CHEMBL5413773,1.0,True
Q16790_CHEMBL5416330,1.0,True
Q16790_CHEMBL5429247,1.0,True
Q16790_CHEMBL5438146,1.0,True
Q16790_CHEMBL5400590,1.0,True
Q16790_CHEMBL5423705,1.0,True
Q16790_CHEMBL5420340,1.0,True
Q16790_CHEMBL5422630,1.0,True
Q16790_CHEMBL5412024,1.0,True
Q16790_CHEMBL5424738,1.0,True
Q16790_CHEMBL5423986,1.0,True
Q16790_CHEMBL5423626,1.0,True
Q16790_CHEMBL5407099,1.0,True
Q16790_CHEMBL5439232,1.0,True
Q16790_CHEMBL5412326,1.0,True
Q16790_CHEMBL5404854,1.0,True
Q16790_CHEMBL5434475,1.0,True
Q16790_CHEMBL5398061,1.0,True
Q16790_CHEMBL5422153,1.0,True
Q16790_CHEMBL5395857,1.0,True
Q16790_CHEMBL5397659,1.0,True
Q16790_CHEMBL5419752,1.0,True
Q16790_CHEMBL5404038,1.0,True
Q16790_CHEMBL5439318,1.0,True
Q16790_CHEMBL5405279,1.0,True
Q16790_CHEMBL5437142,1.0,True
Q16790_CHEMBL5420020,1.0,True
Q16790_CHEMBL5432770,1.0,True
Q16790_CHEMBL5395679,1.0,True
Q16790_CHEMBL5424727,1.0,True
Q16790_CHEMBL5425125,1.0,True
Q16790_CHEMBL5412351,1.0,True
Q16790_CHEMBL5424664,1.0,True
Q16790_CHEMBL5420931,1.0,True
Q16790_CHEMBL5417084,1.0,True
Q16790_CHEMBL5430482,1.0,True
Q16790_CHEMBL5414077,1.0,True
Q16790_CHEMBL5402143,1.0,True
Q16790_CHEMBL5426216,1.0,True
Q16790_CHEMBL5413021,1.0,True
Q16790_CHEMBL5402145,1.0,True
Q16790_CHEMBL5438010,1.0,True
Q16790_CHEMBL5421531,1.0,True
Q16790_CHEMBL5411936,1.0,True
Q16790_CHEMBL5419447,1.0,True
Q16790_CHEMBL5396393,1.0,True
Q16790_CHEMBL5409658,1.0,True
Q16790_CHEMBL5413693,1.0,True
Q16790_CHEMBL5429073,1.0,True
Q16790_CHEMBL5401434,1.0,True
Q16790_CHEMBL5402497,1.0,True
Q16790_CHEMBL5412870,1.0,True
Q16790_CHEMBL5432551,1.0,True
Q16790_CHEMBL5419500,1.0,True
Q16790_CHEMBL5420864,1.0,True
Q16790_CHEMBL5432940,1.0,True
Q16790_CHEMBL5402055,1.0,True
Q16790_CHEMBL5419817,1.0,True
Q16790_CHEMBL5422706,1.0,True
Q16790_CHEMBL5425202,1.0,True
Q16790_CHEMBL5433765,1.0,True
Q16790_CHEMBL5420539,1.0,True
Q16790_CHEMBL5395423,1.0,True
Q16790_CHEMBL5407842,1.0,True
Q16790_CHEMBL5396530,1.0,True
Q16790_CHEMBL5397521,1.0,True
Q16790_CHEMBL5395274,1.0,True
Q16790_CHEMBL5407876,1.0,True
Q16790_CHEMBL5430374,1.0,True
Q16790_CHEMBL5403578,1.0,True
Q16790_CHEMBL5439016,1.0,True
Q16790_CHEMBL5430474,1.0,True
Q16790_CHEMBL5439521,1.0,True
Q16790_CHEMBL5399974,1.0,True
Q16790_CHEMBL5420429,1.0,True
Q16790_CHEMBL5414672,1.0,True
Q16790_CHEMBL5413921,1.0,True
Q16790_CHEMBL5423604,1.0,True
Q16790_CHEMBL5436862,1.0,True
Q16790_CHEMBL5422102,1.0,True
Q16790_CHEMBL5406077,1.0,True
Q16790_CHEMBL5440906,1.0,True
Q16790_CHEMBL5440763,1.0,True
Q16790_CHEMBL5436282,1.0,True
Q16790_CHEMBL5411702,1.0,True
Q16790_CHEMBL5414836,1.0,True
Q16790_CHEMBL5399204,1.0,True
Q16790_CHEMBL5433154,1.0,True
Q16790_CHEMBL5409881,1.0,True
Q16790_CHEMBL5403938,1.0,True
Q16790_CHEMBL5421790,1.0,True
Q16790_CHEMBL5432812,1.0,True
Q16790_CHEMBL5408885,1.0,True
Q16790_CHEMBL5403077,1.0,True
Q16790_CHEMBL5420858,1.0,True
Q16790_CHEMBL5396677,1.0,True
Q16790_CHEMBL5413403,1.0,True
Q16790_CHEMBL5422467,1.0,True
Q16790_CHEMBL5417595,1.0,True
Q16790_CHEMBL5402892,1.0,True
Q16790_CHEMBL5421078,1.0,True
Q16790_CHEMBL5435151,1.0,True
Q16790_CHEMBL5404239,1.0,True
Q16790_CHEMBL5440220,1.0,True
Q16790_CHEMBL5400662,1.0,True
Q16790_CHEMBL5436091,1.0,True
Q16790_CHEMBL5415766,1.0,True
Q16790_CHEMBL5431518,1.0,True
Q72547_CHEMBL5437102,1.0,True
Q72547_CHEMBL5403361,1.0,True
Q72547_CHEMBL5430724,1.0,True
Q72547_CHEMBL5436123,1.0,True
Q72547_CHEMBL5414170,1.0,True
Q72547_CHEMBL5421863,1.0,True
Q72547_CHEMBL5434567,1.0,True
Q72547_CHEMBL5408036,1.0,True
Q72547_CHEMBL5432589,1.0,True
Q72547_CHEMBL5421732,1.0,True
Q72547_CHEMBL5421328,1.0,True
Q72547_CHEMBL5425978,1.0,True
Q72547_CHEMBL5411806,1.0,True
Q72547_CHEMBL5410504,1.0,True
Q72547_CHEMBL5412355,1.0,True
Q72547_CHEMBL5414542,1.0,True
Q72547_CHEMBL5434973,1.0,True
Q72547_CHEMBL5413052,1.0,True
Q72547_CHEMBL5423721,1.0,True
Q72547_CHEMBL5433252,1.0,True
Q72547_CHEMBL5409892,1.0,True
Q72547_CHEMBL5437826,1.0,True
Q72547_CHEMBL5422714,1.0,True
Q72547_CHEMBL5395311,1.0,True
Q72547_CHEMBL5434585,1.0,True
Q72547_CHEMBL5402197,1.0,True
Q72547_CHEMBL5433859,1.0,True
Q72547_CHEMBL5417744,1.0,True
Q72547_CHEMBL5403961,1.0,True
Q72547_CHEMBL5412702,1.0,True
Q72547_CHEMBL5399229,1.0,True
Q72547_CHEMBL5408567,1.0,True
Q72547_CHEMBL5429169,1.0,True
Q72547_CHEMBL5410024,1.0,True
Q72547_CHEMBL5431470,1.0,True
Q72547_CHEMBL5400728,1.0,True
Q72547_CHEMBL5423082,1.0,True
Q72547_CHEMBL5437686,1.0,True
Q72547_CHEMBL5409403,1.0,True
Q72547_CHEMBL5429742,1.0,True
Q72547_CHEMBL5418006,1.0,True
Q72547_CHEMBL5394722,1.0,True
Q72547_CHEMBL5438340,1.0,True
Q72547_CHEMBL5395031,1.0,True
Q72547_CHEMBL5399049,1.0,True
Q72547_CHEMBL5432145,1.0,True
Q72547_CHEMBL5402427,1.0,True
Q72547_CHEMBL5440501,1.0,True
Q72547_CHEMBL5400007,1.0,True
Q72547_CHEMBL5414641,1.0,True
Q72547_CHEMBL5404246,1.0,True
Q72547_CHEMBL5432180,1.0,True
Q72547_CHEMBL5437697,1.0,True
Q72547_CHEMBL5420999,1.0,True
Q72547_CHEMBL5422435,1.0,True
Q72547_CHEMBL5418212,1.0,True
Q72547_CHEMBL5423259,1.0,True
Q72547_CHEMBL5395688,1.0,True
Q72547_CHEMBL5427806,1.0,True
Q72547_CHEMBL5423899,1.0,True
Q72547_CHEMBL5412214,1.0,True
Q72547_CHEMBL5437547,1.0,True
Q72547_CHEMBL5433313,1.0,True
Q72547_CHEMBL5406818,1.0,True
Q72547_CHEMBL5394413,1.0,True
Q72547_CHEMBL5416739,1.0,True
Q72547_CHEMBL5425657,1.0,True
Q72547_CHEMBL5414892,1.0,True
Q72547_CHEMBL5420480,1.0,True
Q72547_CHEMBL5436275,1.0,True
Q72547_CHEMBL5428608,1.0,True
Q72547_CHEMBL5414233,1.0,True
Q72547_CHEMBL5419074,1.0,True
Q72547_CHEMBL5420519,1.0,True
Q72547_CHEMBL5428814,1.0,True
Q72547_CHEMBL5421253,1.0,True
Q72547_CHEMBL5414371,1.0,True
Q72547_CHEMBL5424986,1.0,True
Q72547_CHEMBL5414187,1.0,True
Q72547_CHEMBL5411923,1.0,True
Q72547_CHEMBL5405899,1.0,True
Q72547_CHEMBL5413532,1.0,True
Q72547_CHEMBL5419852,1.0,True
Q72547_CHEMBL5410815,1.0,True
Q72547_CHEMBL5422872,1.0,True
Q72547_CHEMBL5407066,1.0,True
Q72547_CHEMBL5440777,1.0,True
Q72547_CHEMBL5409981,1.0,True
Q72547_CHEMBL5402386,1.0,True
Q72547_CHEMBL5406045,1.0,True
Q72547_CHEMBL5394292,1.0,True
Q72547_CHEMBL5398028,1.0,True
Q72547_CHEMBL5405694,1.0,True
Q72547_CHEMBL5427373,1.0,True
Q72547_CHEMBL5438875,1.0,True
Q72547_CHEMBL5398376,1.0,True
Q72547_CHEMBL5436397,1.0,True
Q72547_CHEMBL5440503,1.0,True
Q72547_CHEMBL5417309,1.0,True
Q72547_CHEMBL5422808,1.0,True
Q72547_CHEMBL5398615,1.0,True
Q72547_CHEMBL5404869,1.0,True
Q72547_CHEMBL5407600,1.0,True
Q72547_CHEMBL5438525,1.0,True
Q72547_CHEMBL5434689,1.0,True
Q72547_CHEMBL5409172,1.0,True
Q72547_CHEMBL5425807,1.0,True
Q72547_CHEMBL5409149,1.0,True
Q72547_CHEMBL5413794,1.0,True
Q72547_CHEMBL5419737,1.0,True
Q72547_CHEMBL5402296,1.0,True
Q72547_CHEMBL5418677,1.0,True
Q72547_CHEMBL5437574,1.0,True
Q72547_CHEMBL5425655,1.0,True
Q72547_CHEMBL5423202,1.0,True
Q72547_CHEMBL5424824,1.0,True
Q72547_CHEMBL5419445,1.0,True
Q72547_CHEMBL5411228,1.0,True
Q72547_CHEMBL5414646,1.0,True
Q72547_CHEMBL5433492,1.0,True
Q72547_CHEMBL5427832,1.0,True
Q72547_CHEMBL5436945,1.0,True
Q72547_CHEMBL5401976,1.0,True
Q72547_CHEMBL5410294,1.0,True
Q72547_CHEMBL5411966,1.0,True
Q72547_CHEMBL5424039,1.0,True
Q72547_CHEMBL5435797,1.0,True
Q72547_CHEMBL5425407,1.0,True
Q72547_CHEMBL5418664,1.0,True
Q72547_CHEMBL5406223,1.0,True
Q72547_CHEMBL5412399,1.0,True
Q72547_CHEMBL5434617,1.0,True
Q72547_CHEMBL5394882,1.0,True
Q72547_CHEMBL5440098,1.0,True
Q72547_CHEMBL5426992,1.0,True
Q72547_CHEMBL5432569,1.0,True
Q72547_CHEMBL5417655,1.0,True
Q72547_CHEMBL5402928,1.0,True
Q72547_CHEMBL5401719,1.0,True
Q72547_CHEMBL5418820,1.0,True
Q72547_CHEMBL5436724,1.0,True
Q72547_CHEMBL5399525,1.0,True
Q72547_CHEMBL5438481,1.0,True
Q72547_CHEMBL5440205,1.0,True
Q72547_CHEMBL5432899,1.0,True
Q72547_CHEMBL5415230,1.0,True
Q72547_CHEMBL5421746,1.0,True
Q72547_CHEMBL5403318,1.0,True
Q72547_CHEMBL5433357,1.0,True
Q72547_CHEMBL5402037,1.0,True
Q72547_CHEMBL5397134,1.0,True
Q72547_CHEMBL5405381,1.0,True
Q72547_CHEMBL5404887,1.0,True
Q72547_CHEMBL5408091,1.0,True
Q72547_CHEMBL5429586,1.0,True
Q72547_CHEMBL5419176,1.0,True
Q72547_CHEMBL5434133,1.0,True
Q72547_CHEMBL5413955,1.0,True
Q72547_CHEMBL5409916,1.0,True
Q72547_CHEMBL5402178,1.0,True
Q72547_CHEMBL5421562,1.0,True
Q72547_CHEMBL5400179,1.0,True
Q72547_CHEMBL5435646,1.0,True
Q72547_CHEMBL5427921,1.0,True
Q92630_CHEMBL5405426,1.0,True
Q92630_CHEMBL5422366,1.0,True
Q92630_CHEMBL5404150,1.0,True
Q92630_CHEMBL5402534,1.0,True
Q92630_CHEMBL5408179,1.0,True
Q92630_CHEMBL5395194,1.0,True
Q92630_CHEMBL5414801,1.0,True
Q92630_CHEMBL5429707,1.0,True
Q92630_CHEMBL5428562,1.0,True
Q92630_CHEMBL5432405,1.0,True
Q92630_CHEMBL5429359,1.0,True
Q92630_CHEMBL5396081,1.0,True
Q92630_CHEMBL5429086,1.0,True
Q92630_CHEMBL5416942,1.0,True
Q92630_CHEMBL5421679,1.0,True
Q92630_CHEMBL5435495,1.0,True
Q92630_CHEMBL5420049,1.0,True
Q92630_CHEMBL5426556,1.0,True
Q92630_CHEMBL5407520,1.0,True
Q92630_CHEMBL5422059,1.0,True
Q92630_CHEMBL5408710,1.0,True
Q92630_CHEMBL5429972,1.0,True
Q92630_CHEMBL5422765,1.0,True
Q92630_CHEMBL5411017,1.0,True
Q92630_CHEMBL5402420,1.0,True
Q92630_CHEMBL5404416,1.0,True
Q92630_CHEMBL5405572,1.0,True
Q92630_CHEMBL5394613,1.0,True
Q92630_CHEMBL5420724,1.0,True
Q92630_CHEMBL5437222,1.0,True
Q92630_CHEMBL5422413,1.0,True
Q92630_CHEMBL5419006,1.0,True
Q92630_CHEMBL5395680,1.0,True
Q92630_CHEMBL5408457,1.0,True
Q92630_CHEMBL5413427,1.0,True
Q92630_CHEMBL5410991,1.0,True
Q92630_CHEMBL5428651,1.0,True
Q92630_CHEMBL5422936,1.0,True
Q92769_CHEMBL5395245,1.0,True
Q92769_CHEMBL5401232,1.0,True
Q92769_CHEMBL5397465,1.0,True
Q92769_CHEMBL5420438,1.0,True
Q92769_CHEMBL5407807,1.0,True
Q92769_CHEMBL5413269,1.0,True
Q92769_CHEMBL5439517,1.0,True
Q92769_CHEMBL5416731,1.0,True
Q92769_CHEMBL5422534,1.0,True
Q92769_CHEMBL5405779,1.0,True
Q92769_CHEMBL5437683,1.0,True
Q92769_CHEMBL5425203,1.0,True
Q92769_CHEMBL5423994,1.0,True
Q92769_CHEMBL5436930,1.0,True
Q92769_CHEMBL5434546,1.0,True
Q92769_CHEMBL5413000,1.0,True
Q92769_CHEMBL5410652,1.0,True
Q92769_CHEMBL5440192,1.0,True
Q92769_CHEMBL5411914,1.0,True
Q92769_CHEMBL5400421,1.0,True
Q92769_CHEMBL5412725,1.0,True
Q92769_CHEMBL5415050,1.0,True
Q92769_CHEMBL5396565,1.0,True
Q92769_CHEMBL5411315,1.0,True
Q92769_CHEMBL5417416,1.0,True
Q92769_CHEMBL5425253,1.0,True
Q92769_CHEMBL5431412,1.0,True
Q92769_CHEMBL5407714,1.0,True
Q92769_CHEMBL5404793,1.0,True
Q92769_CHEMBL5403777,1.0,True
Q92769_CHEMBL5433049,1.0,True
Q92769_CHEMBL5408299,1.0,True
Q92769_CHEMBL5415232,1.0,True
Q92769_CHEMBL5414971,1.0,True
Q92769_CHEMBL5432574,1.0,True
Q92769_CHEMBL5436873,1.0,True
Q92769_CHEMBL5434895,1.0,True
Q92769_CHEMBL5416448,1.0,True
Q92769_CHEMBL5436104,1.0,True
Q92769_CHEMBL5430740,1.0,True
Q92769_CHEMBL5424224,1.0,True
Q92918_CHEMBL5394698,1.0,True
Q92918_CHEMBL5405626,1.0,True
Q92918_CHEMBL5400089,1.0,True
Q92918_CHEMBL5395026,1.0,True
Q92918_CHEMBL5420572,1.0,True
Q92918_CHEMBL5436785,1.0,True
Q92918_CHEMBL5420367,1.0,True
Q92918_CHEMBL5421713,1.0,True
Q92918_CHEMBL5438517,1.0,True
Q92918_CHEMBL5430314,1.0,True
Q92918_CHEMBL5406326,1.0,True
Q92918_CHEMBL5435769,1.0,True
Q92918_CHEMBL5400921,1.0,True
Q92918_CHEMBL5403097,1.0,True
Q92918_CHEMBL5404996,1.0,True
Q92918_CHEMBL5422210,1.0,True
Q92918_CHEMBL5417283,1.0,True
Q92918_CHEMBL5439789,1.0,True
Q92918_CHEMBL5434634,1.0,True
Q92918_CHEMBL5410537,1.0,True
Q92918_CHEMBL5401436,1.0,True
Q92918_CHEMBL5422718,1.0,True
Q92918_CHEMBL5394328,1.0,True
Q92918_CHEMBL5435303,1.0,True
Q92918_CHEMBL5412260,1.0,True
Q92918_CHEMBL5417139,1.0,True
Q92918_CHEMBL5425762,1.0,True
Q92918_CHEMBL5407643,1.0,True
Q92918_CHEMBL5417277,1.0,True
Q92918_CHEMBL5403001,1.0,True
Q92918_CHEMBL5419396,1.0,True
Q92918_CHEMBL5426989,1.0,True
Q92918_CHEMBL5396877,1.0,True
Q92918_CHEMBL5406645,1.0,True
Q92918_CHEMBL5441105,1.0,True
Q92918_CHEMBL5412772,1.0,True
Q92918_CHEMBL5417927,1.0,True
Q92918_CHEMBL5440880,1.0,True
Q92918_CHEMBL5431039,1.0,True
Q92918_CHEMBL5430021,1.0,True
Q92918_CHEMBL5425004,1.0,True
Q92918_CHEMBL5440958,1.0,True
Q92918_CHEMBL5412652,1.0,True
Q92918_CHEMBL5401062,1.0,True
Q92918_CHEMBL5423834,1.0,True
Q92918_CHEMBL5395728,1.0,True
Q92918_CHEMBL5413114,1.0,True
Q92918_CHEMBL5434929,1.0,True
Q92918_CHEMBL5396756,1.0,True
Q92918_CHEMBL5415834,1.0,True
Q92918_CHEMBL5425905,1.0,True
Q92918_CHEMBL5394674,1.0,True
Q92918_CHEMBL5407935,1.0,True
Q92918_CHEMBL5439094,1.0,True
Q92918_CHEMBL5395011,1.0,True
Q92918_CHEMBL5405678,1.0,True
Q92918_CHEMBL5438038,1.0,True
Q92918_CHEMBL5410905,1.0,True
Q92918_CHEMBL5419415,1.0,True
Q92918_CHEMBL5404423,1.0,True
Q92918_CHEMBL5396262,1.0,True
Q92918_CHEMBL5408991,1.0,True
Q92918_CHEMBL5424570,1.0,True
Q92918_CHEMBL5408958,1.0,True
Q92918_CHEMBL5420011,1.0,True
Q92918_CHEMBL5435641,1.0,True
Q92918_CHEMBL5437932,1.0,True
Q92918_CHEMBL5415661,1.0,True
Q92918_CHEMBL5418420,1.0,True
Q92918_CHEMBL5435406,1.0,True
Q92918_CHEMBL5414886,1.0,True
Q92918_CHEMBL5397939,1.0,True
Q92918_CHEMBL5435524,1.0,True
Q92918_CHEMBL5410242,1.0,True
Q92918_CHEMBL5403804,1.0,True
Q92918_CHEMBL5429757,1.0,True
Q92918_CHEMBL5432400,1.0,True
Q92918_CHEMBL5426390,1.0,True
Q92918_CHEMBL5426604,1.0,True
Q92918_CHEMBL5436318,1.0,True
Q92918_CHEMBL5397265,1.0,True
Q92918_CHEMBL5402971,1.0,True
Q92918_CHEMBL5414817,1.0,True
Q92918_CHEMBL5424107,1.0,True
Q92918_CHEMBL5425514,1.0,True
Q92918_CHEMBL5422788,1.0,True
Q92918_CHEMBL5399247,1.0,True
Q92918_CHEMBL5411794,1.0,True
Q92918_CHEMBL5439204,1.0,True
Q92918_CHEMBL5437246,1.0,True
Q92918_CHEMBL5406408,1.0,True
Q92918_CHEMBL5395638,1.0,True
Q92918_CHEMBL5418553,1.0,True
Q92918_CHEMBL5400101,1.0,True
Q92918_CHEMBL5420868,1.0,True
Q92918_CHEMBL5420652,1.0,True
Q92918_CHEMBL5417747,1.0,True
Q92918_CHEMBL5423968,1.0,True
Q92918_CHEMBL5428695,1.0,True
Q92918_CHEMBL5421672,1.0,True
Q92918_CHEMBL5420966,1.0,True
Q92918_CHEMBL5409078,1.0,True
Q92918_CHEMBL5401088,1.0,True
Q92918_CHEMBL5424400,1.0,True
Q92918_CHEMBL5428265,1.0,True
Q92918_CHEMBL5408268,1.0,True
Q92918_CHEMBL5401820,1.0,True
Q92918_CHEMBL5427316,1.0,True
Q92918_CHEMBL5396156,1.0,True
Q92918_CHEMBL5411660,1.0,True
Q92918_CHEMBL5407240,1.0,True
Q92918_CHEMBL5404053,1.0,True
Q92918_CHEMBL5426590,1.0,True
Q92918_CHEMBL5412533,1.0,True
Q92918_CHEMBL5418285,1.0,True
Q92918_CHEMBL5401560,1.0,True
Q92918_CHEMBL5403199,1.0,True
Q92918_CHEMBL5432432,1.0,True
Q92918_CHEMBL5432826,1.0,True
Q92918_CHEMBL5407530,1.0,True
Q92918_CHEMBL5400234,1.0,True
Q92918_CHEMBL5409588,1.0,True
Q92918_CHEMBL5420397,1.0,True
Q92918_CHEMBL5416894,1.0,True
Q92918_CHEMBL5439779,1.0,True
Q92918_CHEMBL5404690,1.0,True
Q92918_CHEMBL5397290,1.0,True
Q92918_CHEMBL5435589,1.0,True
Q92918_CHEMBL5425744,1.0,True
Q92918_CHEMBL5439912,1.0,True
Q92918_CHEMBL5417963,1.0,True
Q92918_CHEMBL5419222,1.0,True
Q92918_CHEMBL5409616,1.0,True
Q92918_CHEMBL5421610,1.0,True
Q96P20_CHEMBL5401920,1.0,True
Q96P20_CHEMBL5413125,1.0,True
Q96P20_CHEMBL5399888,1.0,True
Q96P20_CHEMBL5397039,1.0,True
Q96P20_CHEMBL5415086,1.0,True
Q96P20_CHEMBL5432363,1.0,True
Q96P20_CHEMBL5411212,1.0,True
Q96P20_CHEMBL5439591,1.0,True
Q96P20_CHEMBL5401205,1.0,True
Q96P20_CHEMBL5398591,1.0,True
Q96P20_CHEMBL5420792,1.0,True
Q96P20_CHEMBL5435864,1.0,True
Q96P20_CHEMBL5402114,1.0,True
Q96P20_CHEMBL5395360,1.0,True
Q96P20_CHEMBL5396678,1.0,True
Q96P20_CHEMBL5421181,1.0,True
Q96P20_CHEMBL5398744,1.0,True
Q96P20_CHEMBL5409543,1.0,True
Q96P20_CHEMBL5418225,1.0,True
Q96P20_CHEMBL5423301,1.0,True
Q96P20_CHEMBL5439486,1.0,True
Q96P20_CHEMBL5412116,1.0,True
Q96P20_CHEMBL5405616,1.0,True
Q96P20_CHEMBL5400305,1.0,True
Q96P20_CHEMBL5409648,1.0,True
Q96P20_CHEMBL5394543,1.0,True
Q96P20_CHEMBL5410520,1.0,True
Q96P20_CHEMBL5440398,1.0,True
Q96P20_CHEMBL5416966,1.0,True
Q96P20_CHEMBL5400432,1.0,True
Q96P20_CHEMBL5434916,1.0,True
Q96P20_CHEMBL5423405,1.0,True
Q96P20_CHEMBL5427670,1.0,True
Q96P20_CHEMBL5422139,1.0,True
Q96P20_CHEMBL5395560,1.0,True
Q96P20_CHEMBL5425624,1.0,True
Q96P20_CHEMBL5423352,1.0,True
Q96P20_CHEMBL5396495,1.0,True
Q96P20_CHEMBL5408252,1.0,True
Q96P20_CHEMBL5409945,1.0,True
Q96P20_CHEMBL5421788,1.0,True
Q96P20_CHEMBL5410447,1.0,True
Q96P20_CHEMBL5394881,1.0,True
Q96P20_CHEMBL5401306,1.0,True
Q96P20_CHEMBL5417338,1.0,True
Q96P20_CHEMBL5406324,1.0,True
Q96P20_CHEMBL5397618,1.0,True
Q96P20_CHEMBL5439444,1.0,True
Q96P20_CHEMBL5435765,1.0,True
Q96P20_CHEMBL5431145,1.0,True
Q96P20_CHEMBL5396861,1.0,True
Q96P20_CHEMBL5430786,1.0,True
Q96P20_CHEMBL5434609,1.0,True
Q96P20_CHEMBL5421060,1.0,True
Q96P20_CHEMBL5423671,1.0,True
Q96P20_CHEMBL5422375,1.0,True
Q96P20_CHEMBL5405701,1.0,True
Q96P20_CHEMBL5420448,1.0,True
Q96P20_CHEMBL5419955,1.0,True
Q96P20_CHEMBL5431968,1.0,True
Q96P20_CHEMBL5404792,1.0,True
Q96P20_CHEMBL5439388,1.0,True
Q96P20_CHEMBL5432954,1.0,True
Q96P20_CHEMBL5431981,1.0,True
Q96P20_CHEMBL5409874,1.0,True
Q96P20_CHEMBL5434150,1.0,True
Q96P20_CHEMBL5405293,1.0,True
Q96P20_CHEMBL5438834,1.0,True
Q96P20_CHEMBL5422660,1.0,True
Q96P20_CHEMBL5409875,1.0,True
Q96P20_CHEMBL5424110,1.0,True
Q96P20_CHEMBL5435112,1.0,True
Q96P20_CHEMBL5411864,1.0,True
Q96SW2_CHEMBL5419709,1.0,True
Q96SW2_CHEMBL5434742,1.0,True
Q96SW2_CHEMBL5436622,1.0,True
Q96SW2_CHEMBL5405716,1.0,True
Q96SW2_CHEMBL5430307,1.0,True
Q96SW2_CHEMBL5435181,1.0,True
Q96SW2_CHEMBL5416921,1.0,True
Q96SW2_CHEMBL5414951,1.0,True
Q96SW2_CHEMBL5421440,1.0,True
Q96SW2_CHEMBL5409036,1.0,True
Q96SW2_CHEMBL5431079,1.0,True
Q96SW2_CHEMBL5403248,1.0,True
Q96SW2_CHEMBL5418383,1.0,True
Q96SW2_CHEMBL5418032,1.0,True
Q96SW2_CHEMBL5437508,1.0,True
Q96SW2_CHEMBL5403472,1.0,True
Q96SW2_CHEMBL5419971,1.0,True
Q96SW2_CHEMBL5406302,1.0,True
Q96SW2_CHEMBL5436049,1.0,True
Q96SW2_CHEMBL5399248,1.0,True
Q96SW2_CHEMBL5394825,1.0,True
Q96SW2_CHEMBL5422157,1.0,True
Q96SW2_CHEMBL5395213,1.0,True
Q96SW2_CHEMBL5394571,1.0,True
Q96SW2_CHEMBL5398776,1.0,True
Q96SW2_CHEMBL5422650,1.0,True
Q96SW2_CHEMBL5431364,1.0,True
Q96SW2_CHEMBL5405846,1.0,True
Q96SW2_CHEMBL5405431,1.0,True
Q96SW2_CHEMBL5421315,1.0,True
Q96SW2_CHEMBL5432640,1.0,True
Q96SW2_CHEMBL5439152,1.0,True
Q96SW2_CHEMBL5415959,1.0,True
Q96SW2_CHEMBL5420072,1.0,True
Q96SW2_CHEMBL5399086,1.0,True
Q96SW2_CHEMBL5420053,1.0,True
Q96SW2_CHEMBL5404650,1.0,True
Q96SW2_CHEMBL5441135,1.0,True
Q96SW2_CHEMBL5411137,1.0,True
Q96SW2_CHEMBL5411174,1.0,True
Q96SW2_CHEMBL5404825,1.0,True
Q96SW2_CHEMBL5423386,1.0,True
Q96SW2_CHEMBL5404837,1.0,True
Q96SW2_CHEMBL5418463,1.0,True
Q96SW2_CHEMBL5418739,1.0,True
Q96SW2_CHEMBL5413552,1.0,True
Q96SW2_CHEMBL5435497,1.0,True
Q96SW2_CHEMBL5409302,1.0,True
Q96SW2_CHEMBL5439702,1.0,True
Q96SW2_CHEMBL5435385,1.0,True
Q96SW2_CHEMBL5398118,1.0,True
Q96SW2_CHEMBL5431003,1.0,True
Q96SW2_CHEMBL5430028,1.0,True
Q96SW2_CHEMBL5439475,1.0,True
Q96SW2_CHEMBL5427622,1.0,True
Q96SW2_CHEMBL5397713,1.0,True
Q99538_CHEMBL5427098,1.0,True
Q99538_CHEMBL5419035,1.0,True
Q99538_CHEMBL5417499,1.0,True
Q99538_CHEMBL5404563,1.0,True
Q99538_CHEMBL5416142,1.0,True
Q99538_CHEMBL5424558,1.0,True
Q99538_CHEMBL5430648,1.0,True
Q99538_CHEMBL5420681,1.0,True
Q99538_CHEMBL5431473,1.0,True
Q99538_CHEMBL5431396,1.0,True
Q99538_CHEMBL5404612,1.0,True
Q99538_CHEMBL5427662,1.0,True
Q99538_CHEMBL5435136,1.0,True
Q99538_CHEMBL5425068,1.0,True
Q99538_CHEMBL5425708,1.0,True
Q99538_CHEMBL5421750,1.0,True
Q99538_CHEMBL5423559,1.0,True
Q99538_CHEMBL5425743,1.0,True
Q99538_CHEMBL5415768,1.0,True
Q99538_CHEMBL5406826,1.0,True
Q99538_CHEMBL5433073,1.0,True
Q99538_CHEMBL5436644,1.0,True
Q99538_CHEMBL5440673,1.0,True
Q99538_CHEMBL5416023,1.0,True
Q99538_CHEMBL5399304,1.0,True
Q99538_CHEMBL5406157,1.0,True
Q99538_CHEMBL5428991,1.0,True
Q99538_CHEMBL5422570,1.0,True
Q99538_CHEMBL5401961,1.0,True
Q99538_CHEMBL5420226,1.0,True
Q99538_CHEMBL5400642,1.0,True
Q99538_CHEMBL5429309,1.0,True
Q99538_CHEMBL5399981,1.0,True
Q99538_CHEMBL5409889,1.0,True
Q99538_CHEMBL5430081,1.0,True
Q99538_CHEMBL5404830,1.0,True
Q99538_CHEMBL5420042,1.0,True
Q99538_CHEMBL5394632,1.0,True
Q99538_CHEMBL5398959,1.0,True
Q99538_CHEMBL5415015,1.0,True
Q9NXA8_CHEMBL5433262,1.0,True
Q9NXA8_CHEMBL5421005,1.0,True
Q9NXA8_CHEMBL5403005,1.0,True
Q9NXA8_CHEMBL5423188,1.0,True
Q9NXA8_CHEMBL5406309,1.0,True
Q9NXA8_CHEMBL5407937,1.0,True
Q9NXA8_CHEMBL5434247,1.0,True
Q9NXA8_CHEMBL5441083,1.0,True
Q9NXA8_CHEMBL5440209,1.0,True
Q9NXA8_CHEMBL5396022,1.0,True
Q9NXA8_CHEMBL5438953,1.0,True
Q9NXA8_CHEMBL5402569,1.0,True
Q9NXA8_CHEMBL5433140,1.0,True
Q9NXA8_CHEMBL5418310,1.0,True
Q9NXA8_CHEMBL5424757,1.0,True
Q9NXA8_CHEMBL5406538,1.0,True
Q9NXA8_CHEMBL5436222,1.0,True
Q9NXA8_CHEMBL5424283,1.0,True
Q9NXA8_CHEMBL5413788,1.0,True
Q9NXA8_CHEMBL5436574,1.0,True
Q9NXA8_CHEMBL5401655,1.0,True
Q9NXA8_CHEMBL5397406,1.0,True
Q9NXA8_CHEMBL5440354,1.0,True
Q9NXA8_CHEMBL5415824,1.0,True
Q9NXA8_CHEMBL5418280,1.0,True
Q9NXA8_CHEMBL5395283,1.0,True
Q9NXA8_CHEMBL5421605,1.0,True
Q9NXA8_CHEMBL5431520,1.0,True
Q9NXA8_CHEMBL5410550,1.0,True
Q9NXA8_CHEMBL5418151,1.0,True
Q9NXA8_CHEMBL5416573,1.0,True
Q9NXA8_CHEMBL5427419,1.0,True
Q9NXA8_CHEMBL5430738,1.0,True
Q9NXA8_CHEMBL5424918,1.0,True
Q9NXA8_CHEMBL5405640,1.0,True
Q9NXA8_CHEMBL5433655,1.0,True
Q9NXA8_CHEMBL5427467,1.0,True
Q9NXA8_CHEMBL5427171,1.0,True
Q9NXA8_CHEMBL5405996,1.0,True
Q9NXA8_CHEMBL5398355,1.0,True
Q9NXA8_CHEMBL5412658,1.0,True
Q9NXA8_CHEMBL5435901,1.0,True
Q9NXA8_CHEMBL5439935,1.0,True
Q9NXA8_CHEMBL5404584,1.0,True
Q9NXA8_CHEMBL5402321,1.0,True
Q9NXA8_CHEMBL5428704,1.0,True
Q9NXA8_CHEMBL5412980,1.0,True
Q9NXA8_CHEMBL5430663,1.0,True
Q9NXA8_CHEMBL5429245,1.0,True
Q9NXA8_CHEMBL5433440,1.0,True
Q9NXA8_CHEMBL5416066,1.0,True
Q9NXA8_CHEMBL5440095,1.0,True
Q9NXA8_CHEMBL5432209,1.0,True
Q9NXA8_CHEMBL5406626,1.0,True
Q9NXA8_CHEMBL5394524,1.0,True
Q9NXA8_CHEMBL5423884,1.0,True
Q9NXA8_CHEMBL5427474,1.0,True
Q9NXA8_CHEMBL5413253,1.0,True
Q9NXA8_CHEMBL5414523,1.0,True
Q9NXA8_CHEMBL5394956,1.0,True
Q9NXA8_CHEMBL5431023,1.0,True
Q9NXA8_CHEMBL5431746,1.0,True
Q9NXA8_CHEMBL5408488,1.0,True
Q9NXA8_CHEMBL5399821,1.0,True
Q9NXA8_CHEMBL5423092,1.0,True
Q9NXA8_CHEMBL5399153,1.0,True
Q9NXA8_CHEMBL5434219,1.0,True
Q9NXA8_CHEMBL5417496,1.0,True
Q9NXA8_CHEMBL5439184,1.0,True
Q9NXA8_CHEMBL5420405,1.0,True
Q9NXA8_CHEMBL5427124,1.0,True
Q9NXA8_CHEMBL5418534,1.0,True
Q9NXA8_CHEMBL5396457,1.0,True
Q9NXA8_CHEMBL5425634,1.0,True
Q9NXA8_CHEMBL5434236,1.0,True
Q9NXA8_CHEMBL5406474,1.0,True
Q9NXA8_CHEMBL5408550,1.0,True
Q9NXA8_CHEMBL5429558,1.0,True
Q9NXA8_CHEMBL5427490,1.0,True
Q9NXA8_CHEMBL5411869,1.0,True
Q9NXA8_CHEMBL5434121,1.0,True
Q9NXA8_CHEMBL5417575,1.0,True
Q9NXA8_CHEMBL5421869,1.0,True
Q9NXA8_CHEMBL5413892,1.0,True
Q9NXA8_CHEMBL5425440,1.0,True
Q9NXA8_CHEMBL5395955,1.0,True
Q9NXA8_CHEMBL5431383,1.0,True
Q9NXA8_CHEMBL5432911,1.0,True
Q9NXA8_CHEMBL5401988,1.0,True
Q9NXA8_CHEMBL5429172,1.0,True
Q9NXA8_CHEMBL5429052,1.0,True
Q9NXA8_CHEMBL5430977,1.0,True
Q9NXA8_CHEMBL5413696,1.0,True
Q9NXA8_CHEMBL5402589,1.0,True
Q9NXA8_CHEMBL5398783,1.0,True
Q9Y463_CHEMBL5414801,1.0,True
Q9Y463_CHEMBL5429707,1.0,True
Q9Y463_CHEMBL5428562,1.0,True
Q9Y463_CHEMBL5432405,1.0,True
Q9Y463_CHEMBL5404093,1.0,True
Q9Y463_CHEMBL5417699,1.0,True
Q9Y463_CHEMBL5429691,1.0,True
Q9Y463_CHEMBL5432194,1.0,True
Q9Y463_CHEMBL5415554,1.0,True
Q9Y463_CHEMBL5395833,1.0,True
Q9Y463_CHEMBL5415238,1.0,True
Q9Y463_CHEMBL5428750,1.0,True
Q9Y463_CHEMBL5406864,1.0,True
Q9Y463_CHEMBL5435933,1.0,True
Q9Y463_CHEMBL5421052,1.0,True
Q9Y463_CHEMBL5429359,1.0,True
Q9Y463_CHEMBL5406490,1.0,True
Q9Y463_CHEMBL5426876,1.0,True
Q9Y463_CHEMBL5396081,1.0,True
Q9Y463_CHEMBL5429086,1.0,True
Q9Y463_CHEMBL5416942,1.0,True
Q9Y463_CHEMBL5435495,1.0,True
Q9Y463_CHEMBL5396725,1.0,True
Q9Y463_CHEMBL5414359,1.0,True
Q9Y463_CHEMBL5434183,1.0,True
Q9Y463_CHEMBL5416758,1.0,True
Q9Y463_CHEMBL5425043,1.0,True
Q9Y463_CHEMBL5404416,1.0,True
Q9Y463_CHEMBL5405572,1.0,True
Q9Y463_CHEMBL5394613,1.0,True
Q9Y463_CHEMBL5420724,1.0,True
Q9Y463_CHEMBL5437222,1.0,True
Q9Y463_CHEMBL5422413,1.0,True
Q9Y463_CHEMBL5419006,1.0,True
Q9Y463_CHEMBL5395680,1.0,True
Q9Y463_CHEMBL5408457,1.0,True
Q9Y463_CHEMBL5413427,1.0,True
Q9Y463_CHEMBL5425748,1.0,True
Q9Y463_CHEMBL5410991,1.0,True
Q9Y463_CHEMBL5428651,1.0,True
Q9Y463_CHEMBL5422936,1.0,True
Q9Y463_CHEMBL5437737,1.0,True
