target,molecule_chembl_id,n_prior_ligands,inchikey_exact_hit,inchikey_skeleton_hit,max_tanimoto
C7C422,CHEMBL5428850,125,False,False,0.21686746987951808
C7C422,CHEMBL5417591,125,False,False,0.3333333333333333
C7C422,CHEMBL5439975,125,False,False,0.35
C7C422,CHEMBL5417195,125,False,False,0.17647058823529413
C7C422,CHEMBL5432778,125,False,False,0.19672131147540983
C7C422,CHEMBL5413714,125,False,False,0.20754716981132076
C7C422,CHEMBL5437131,125,False,False,0.4
C7C422,CHEMBL5410303,125,False,False,0.21333333333333335
C7C422,CHEMBL5403178,125,False,False,0.2786885245901639
C7C422,CHEMBL5427511,125,False,False,0.24074074074074073
C7C422,CHEMBL5423006,125,False,False,0.4423076923076923
C7C422,CHEMBL5436726,125,False,False,0.22641509433962265
C7C422,CHEMBL5402652,125,False,False,0.48
C7C422,CHEMBL5435754,125,False,False,0.3137254901960784
C7C422,CHEMBL5432742,125,False,False,0.24561403508771928
C7C422,CHEMBL5413366,125,False,False,0.65625
C7C422,CHEMBL5429713,125,False,False,0.42105263157894735
C7C422,CHEMBL5394208,125,False,False,0.2236842105263158
C7C422,CHEMBL5409129,125,False,False,0.24615384615384617
C7C422,CHEMBL5431449,125,False,False,0.2
C7C422,CHEMBL5424977,125,False,False,0.18666666666666668
C7C422,CHEMBL5412136,125,False,False,0.22413793103448276
C7C422,CHEMBL5412587,125,False,False,0.3402061855670103
C7C422,CHEMBL5436857,125,False,False,0.2857142857142857
C7C422,CHEMBL5421632,125,False,False,0.27586206896551724
C7C422,CHEMBL5416932,125,False,False,0.22950819672131148
C7C422,CHEMBL5409968,125,False,False,0.21666666666666667
C7C422,CHEMBL5424619,125,False,False,0.234375
C7C422,CHEMBL5426400,125,False,False,0.27450980392156865
C7C422,CHEMBL5414788,125,False,False,0.2641509433962264
C7C422,CHEMBL5423672,125,False,False,0.2727272727272727
C7C422,CHEMBL5434080,125,False,False,0.22727272727272727
C7C422,CHEMBL5418994,125,False,False,0.25925925925925924
C7C422,CHEMBL5393815,125,False,False,0.2727272727272727
C7C422,CHEMBL5408921,125,False,False,0.2727272727272727
C7C422,CHEMBL5415172,125,False,False,0.33962264150943394
C7C422,CHEMBL5405077,125,False,False,0.2545454545454545
C7C422,CHEMBL5394233,125,False,False,0.25757575757575757
C7C422,CHEMBL5421999,125,False,False,0.2545454545454545
C7C422,CHEMBL5437270,125,False,False,0.32558139534883723
C7C422,CHEMBL5421395,125,False,False,0.2537313432835821
C7C422,CHEMBL5437627,125,False,False,0.3125
C7C422,CHEMBL5401063,125,False,False,0.25925925925925924
C7C422,CHEMBL5395915,125,False,False,0.2545454545454545
C7C422,CHEMBL5421154,125,False,False,0.2923076923076923
C7C422,CHEMBL5396318,125,False,False,0.19696969696969696
C7C422,CHEMBL5431286,125,False,False,0.25
C7C422,CHEMBL5425633,125,False,False,0.24242424242424243
C7C422,CHEMBL5413869,125,False,False,0.2413793103448276
O00444,CHEMBL5415514,1626,False,False,0.47619047619047616
O00444,CHEMBL5406293,1626,False,False,0.44776119402985076
O00444,CHEMBL5408339,1626,False,False,0.46153846153846156
O00444,CHEMBL5428085,1626,False,False,0.5813953488372093
O00444,CHEMBL5438941,1626,False,False,0.32857142857142857
O00444,CHEMBL5409987,1626,False,False,0.3375
O00444,CHEMBL5427137,1626,False,False,0.3375
O00444,CHEMBL5427658,1626,False,False,0.3972602739726027
O00444,CHEMBL5410628,1626,False,False,0.30864197530864196
O00444,CHEMBL5407680,1626,False,False,0.3076923076923077
O00444,CHEMBL5418921,1626,False,False,0.5294117647058824
O00444,CHEMBL5441117,1626,False,False,0.325
O00444,CHEMBL5396900,1626,False,False,0.5679012345679012
O00444,CHEMBL5438910,1626,False,False,0.47692307692307695
O00444,CHEMBL5399402,1626,False,False,0.3333333333333333
O00444,CHEMBL5416099,1626,False,False,0.36082474226804123
O00444,CHEMBL5439625,1626,False,False,0.34444444444444444
O00444,CHEMBL5394160,1626,False,False,0.32653061224489793
O00444,CHEMBL5440186,1626,False,False,0.47297297297297297
O00444,CHEMBL5407899,1626,False,False,0.3181818181818182
O00444,CHEMBL5399219,1626,False,False,0.5
O00444,CHEMBL5439296,1626,False,False,0.32323232323232326
O00444,CHEMBL5401624,1626,False,False,0.7051282051282052
O00444,CHEMBL5433061,1626,False,False,0.3561643835616438
O00444,CHEMBL5439723,1626,False,False,0.36904761904761907
O00444,CHEMBL5434198,1626,False,False,0.6470588235294118
O00444,CHEMBL5424061,1626,False,False,0.36470588235294116
O00444,CHEMBL5401850,1626,False,False,0.6395348837209303
O00444,CHEMBL5432215,1626,False,False,0.2976190476190476
O00444,CHEMBL5437830,1626,False,False,0.32558139534883723
O00444,CHEMBL5438958,1626,False,False,0.3780487804878049
O00444,CHEMBL5423452,1626,False,False,0.379746835443038
O00444,CHEMBL5404860,1626,False,False,0.3780487804878049
O00444,CHEMBL5440423,1626,False,False,0.3924050632911392
O00444,CHEMBL5437782,1626,False,False,0.3950617283950617
O00444,CHEMBL5421379,1626,False,False,0.37349397590361444
O00444,CHEMBL5410573,1626,False,False,0.42857142857142855
O00444,CHEMBL5410589,1626,False,False,0.37349397590361444
O00444,CHEMBL5395499,1626,False,False,0.3974358974358974
O00444,CHEMBL5411283,1626,False,False,0.3902439024390244
O00444,CHEMBL5394214,1626,False,False,0.375
O00444,CHEMBL5424982,1626,False,False,0.37349397590361444
O00444,CHEMBL5409586,1626,False,False,0.35714285714285715
O00444,CHEMBL5430398,1626,False,False,0.3614457831325301
O00444,CHEMBL5415639,1626,False,False,0.36923076923076925
O00444,CHEMBL5431124,1626,False,False,0.37349397590361444
O00444,CHEMBL5440224,1626,False,False,0.36046511627906974
O00444,CHEMBL5420676,1626,False,False,0.38271604938271603
O00444,CHEMBL5439579,1626,False,False,0.37349397590361444
O00444,CHEMBL5421662,1626,False,False,0.36585365853658536
O00444,CHEMBL5424261,1626,False,False,0.3614457831325301
O00444,CHEMBL5420664,1626,False,False,0.31645569620253167
O00444,CHEMBL5418913,1626,False,False,0.345679012345679
O00444,CHEMBL5407522,1626,False,False,0.875
O00444,CHEMBL5397303,1626,False,False,0.5542168674698795
O00444,CHEMBL5432162,1626,False,False,0.625
O00444,CHEMBL5400736,1626,False,False,0.6707317073170732
O00444,CHEMBL5426828,1626,False,False,0.6875
O00444,CHEMBL5404983,1626,False,False,0.6617647058823529
O00444,CHEMBL5432542,1626,False,False,0.6527777777777778
O00444,CHEMBL5399648,1626,False,False,0.5444444444444444
O00444,CHEMBL5420150,1626,False,False,0.5930232558139535
O00444,CHEMBL5402864,1626,False,False,0.691358024691358
O00444,CHEMBL5439790,1626,False,False,0.6
O00444,CHEMBL5423111,1626,False,False,0.6790123456790124
O00444,CHEMBL5408496,1626,False,False,0.7631578947368421
O00444,CHEMBL5425999,1626,False,False,0.6829268292682927
O00444,CHEMBL5424704,1626,False,False,0.6875
O00444,CHEMBL5439446,1626,False,False,0.6547619047619048
O00444,CHEMBL5420852,1626,False,False,0.632183908045977
O00444,CHEMBL5435158,1626,False,False,0.691358024691358
O00444,CHEMBL5424463,1626,False,False,0.6626506024096386
O00444,CHEMBL5429187,1626,False,False,0.6547619047619048
O00444,CHEMBL5429940,1626,False,False,0.6111111111111112
O00444,CHEMBL5397250,1626,False,False,0.6962025316455697
O00444,CHEMBL5435416,1626,False,False,0.6707317073170732
O00444,CHEMBL5409434,1626,False,False,0.6962025316455697
O00444,CHEMBL5438019,1626,False,False,0.6707317073170732
O00444,CHEMBL5430106,1626,False,False,0.7236842105263158
O00444,CHEMBL5418250,1626,False,False,0.7432432432432432
O00444,CHEMBL5429009,1626,False,False,0.75
O00444,CHEMBL5396416,1626,False,False,0.7105263157894737
O00444,CHEMBL5425790,1626,False,False,0.7012987012987013
O00444,CHEMBL5405656,1626,False,False,0.7297297297297297
O00444,CHEMBL5420682,1626,False,False,0.56
O00444,CHEMBL5433109,1626,False,False,0.5656565656565656
O00444,CHEMBL5410922,1626,False,False,0.5773195876288659
O00444,CHEMBL5435903,1626,False,False,0.5773195876288659
O00444,CHEMBL5423103,1626,False,False,0.5384615384615384
O00444,CHEMBL5434630,1626,False,False,0.5436893203883495
O00444,CHEMBL5413470,1626,False,False,0.5544554455445545
O00444,CHEMBL5435948,1626,False,False,0.5544554455445545
O00444,CHEMBL5438512,1626,False,False,0.5490196078431373
O00444,CHEMBL5431008,1626,False,False,0.5490196078431373
O00444,CHEMBL5396799,1626,False,False,0.5490196078431373
O00444,CHEMBL5401859,1626,False,False,0.5490196078431373
O00444,CHEMBL5436294,1626,False,False,0.5490196078431373
O00444,CHEMBL5397574,1626,False,False,0.5490196078431373
O00444,CHEMBL5422161,1626,False,False,0.5490196078431373
O00444,CHEMBL5396625,1626,False,False,0.5490196078431373
O00444,CHEMBL5407696,1626,False,False,0.5544554455445545
O00444,CHEMBL5408998,1626,False,False,0.56
O00444,CHEMBL5402930,1626,False,False,0.5384615384615384
O00444,CHEMBL5440306,1626,False,False,0.5436893203883495
O00444,CHEMBL5430793,1626,False,False,0.5490196078431373
O00444,CHEMBL5430165,1626,False,False,0.5544554455445545
O00444,CHEMBL5405221,1626,False,False,0.5773195876288659
O00444,CHEMBL5432601,1626,False,False,0.5588235294117647
O00444,CHEMBL5434881,1626,False,False,0.5333333333333333
O00444,CHEMBL5404385,1626,False,False,0.56
O00444,CHEMBL5438607,1626,False,False,0.5656565656565656
O00444,CHEMBL5422518,1626,False,False,0.5773195876288659
O00444,CHEMBL5397330,1626,False,False,0.5773195876288659
O00444,CHEMBL5394971,1626,False,False,0.5436893203883495
O00444,CHEMBL5430972,1626,False,False,0.7066666666666667
O00444,CHEMBL5412525,1626,False,False,0.6363636363636364
O00444,CHEMBL5420791,1626,False,False,0.6707317073170732
O00444,CHEMBL5435316,1626,False,False,0.3835616438356164
O00444,CHEMBL5424478,1626,False,False,0.36363636363636365
O00444,CHEMBL5432853,1626,False,False,0.35555555555555557
O00444,CHEMBL5413962,1626,False,False,0.3977272727272727
O00444,CHEMBL5414664,1626,False,False,0.4838709677419355
O00444,CHEMBL5408822,1626,False,False,0.44776119402985076
O00444,CHEMBL5410643,1626,False,False,0.46153846153846156
O00444,CHEMBL5402575,1626,False,False,0.4838709677419355
O00444,CHEMBL5395263,1626,False,False,0.44776119402985076
O00444,CHEMBL5416874,1626,False,False,0.46153846153846156
O00444,CHEMBL5400742,1626,False,False,0.39473684210526316
O00444,CHEMBL5432922,1626,False,False,0.3103448275862069
O00444,CHEMBL5434779,1626,False,False,0.38571428571428573
O00444,CHEMBL5407687,1626,False,False,0.40298507462686567
O00444,CHEMBL5399061,1626,False,False,0.47761194029850745
O00444,CHEMBL5394505,1626,False,False,0.47761194029850745
O00444,CHEMBL5402720,1626,False,False,0.42424242424242425
O00444,CHEMBL5429145,1626,False,False,0.2972972972972973
O00444,CHEMBL5417800,1626,False,False,0.32
O00444,CHEMBL5430526,1626,False,False,0.34285714285714286
O00444,CHEMBL5409014,1626,False,False,0.32894736842105265
O00444,CHEMBL5401427,1626,False,False,0.42028985507246375
O00444,CHEMBL5412717,1626,False,False,0.4
O00444,CHEMBL5431580,1626,False,False,0.5079365079365079
O00444,CHEMBL5401007,1626,False,False,0.33
O00444,CHEMBL5404382,1626,False,False,0.35714285714285715
O00444,CHEMBL5410562,1626,False,False,0.42857142857142855
O00444,CHEMBL5440788,1626,False,False,0.43478260869565216
O00444,CHEMBL5415559,1626,False,False,0.4918032786885246
O00444,CHEMBL5420027,1626,False,False,0.45454545454545453
O14757,CHEMBL5413462,5105,False,False,0.5633802816901409
O14757,CHEMBL5409504,5105,False,False,0.5342465753424658
O14757,CHEMBL5420872,5105,False,False,0.5416666666666666
O14757,CHEMBL5421825,5105,False,False,0.5342465753424658
O14757,CHEMBL5428033,5105,False,False,0.47368421052631576
O14757,CHEMBL5439250,5105,False,False,0.5652173913043478
O14757,CHEMBL5420001,5105,False,False,0.5
O14757,CHEMBL5421001,5105,False,False,0.6271186440677966
O14757,CHEMBL5431016,5105,False,False,0.5131578947368421
O14757,CHEMBL5427282,5105,False,False,0.5131578947368421
O14757,CHEMBL5407292,5105,False,False,0.45569620253164556
O14757,CHEMBL5408927,5105,False,False,0.5416666666666666
O14757,CHEMBL5409205,5105,False,False,0.4936708860759494
O14757,CHEMBL5401396,5105,False,False,0.5185185185185185
O14757,CHEMBL5408938,5105,False,False,0.42696629213483145
O14757,CHEMBL5398690,5105,False,False,0.5411764705882353
O14757,CHEMBL5394796,5105,False,False,0.5411764705882353
O14757,CHEMBL5430670,5105,False,False,0.5180722891566265
O14757,CHEMBL5398934,5105,False,False,0.5180722891566265
O14757,CHEMBL5419654,5105,False,False,0.5194805194805194
O14757,CHEMBL5403690,5105,False,False,0.4936708860759494
O14757,CHEMBL5432385,5105,False,False,0.4725274725274725
O14757,CHEMBL5425583,5105,False,False,0.4936708860759494
O14757,CHEMBL5427417,5105,False,False,0.4936708860759494
O14757,CHEMBL5433681,5105,False,False,0.43902439024390244
O14757,CHEMBL5433322,5105,False,False,0.52
O14757,CHEMBL5439325,5105,False,False,0.42391304347826086
O14757,CHEMBL5395135,5105,False,False,0.5131578947368421
O14757,CHEMBL5429443,5105,False,False,0.5256410256410257
O14757,CHEMBL5433344,5105,False,False,0.5064935064935064
O14757,CHEMBL5424522,5105,False,False,0.52
O14757,CHEMBL5430680,5105,False,False,0.5205479452054794
O14757,CHEMBL5424287,5105,False,False,0.5138888888888888
O14757,CHEMBL5438311,5105,False,False,0.5492957746478874
O14757,CHEMBL5409206,5105,False,False,0.5492957746478874
O14757,CHEMBL5410542,5105,False,False,0.4935064935064935
O14757,CHEMBL5406425,5105,False,False,0.5277777777777778
O14757,CHEMBL5408190,5105,False,False,0.5
O14757,CHEMBL5408027,5105,False,False,0.5428571428571428
O14757,CHEMBL5401267,5105,False,False,0.5138888888888888
O14757,CHEMBL5411672,5105,False,False,0.5441176470588235
O14757,CHEMBL5411251,5105,False,False,0.5064935064935064
O14757,CHEMBL5428756,5105,False,False,0.5064935064935064
O14757,CHEMBL5432487,5105,False,False,0.5571428571428572
O14757,CHEMBL5433221,5105,False,False,0.5652173913043478
O14757,CHEMBL5406086,5105,False,False,0.578125
O14757,CHEMBL5428278,5105,False,False,0.5606060606060606
O14757,CHEMBL5398258,5105,False,False,0.5205479452054794
O14757,CHEMBL5411719,5105,False,False,0.5
O14757,CHEMBL5424476,5105,False,False,0.5138888888888888
O14757,CHEMBL5438542,5105,False,False,0.5
O14757,CHEMBL5398244,5105,False,False,0.4868421052631579
O14757,CHEMBL5405689,5105,False,False,0.5606060606060606
O14757,CHEMBL5401305,5105,False,False,0.5606060606060606
O14757,CHEMBL5434637,5105,False,False,0.5441176470588235
O14757,CHEMBL5411252,5105,False,False,0.6065573770491803
O14757,CHEMBL5396674,5105,False,False,0.6065573770491803
O14757,CHEMBL5410841,5105,False,False,0.52
O14757,CHEMBL5426241,5105,False,False,0.5492957746478874
O43570,CHEMBL5433200,4924,False,False,0.7222222222222222
O43570,CHEMBL5418092,4924,False,False,0.7222222222222222
O43570,CHEMBL5431609,4924,False,False,0.7142857142857143
O43570,CHEMBL5434405,4924,False,False,0.7142857142857143
O43570,CHEMBL5399412,4924,False,False,0.6029411764705882
O43570,CHEMBL5410769,4924,False,False,0.6029411764705882
O43570,CHEMBL5430974,4924,False,False,0.7142857142857143
O43570,CHEMBL5420563,4924,False,False,0.7142857142857143
O43570,CHEMBL5394374,4924,False,False,0.6
O43570,CHEMBL5439211,4924,False,False,0.6
O43570,CHEMBL5420568,4924,False,False,0.46875
O43570,CHEMBL5429492,4924,False,False,0.5666666666666667
O43570,CHEMBL5406311,4924,False,False,0.46875
O43570,CHEMBL5395028,4924,False,False,0.4528301886792453
O43570,CHEMBL5408660,4924,False,False,0.45161290322580644
O43570,CHEMBL5394136,4924,False,False,0.3783783783783784
O43570,CHEMBL5428616,4924,False,False,0.5
O43570,CHEMBL5411236,4924,False,False,0.45454545454545453
O43570,CHEMBL5434644,4924,False,False,0.5535714285714286
O43570,CHEMBL5418325,4924,False,False,0.5
O43570,CHEMBL5418448,4924,False,False,0.625
O43570,CHEMBL5396521,4924,False,False,0.49206349206349204
O43570,CHEMBL5406454,4924,False,False,0.5471698113207547
O43570,CHEMBL5415157,4924,False,False,0.4166666666666667
O43570,CHEMBL5430687,4924,False,False,0.5636363636363636
O43570,CHEMBL5402415,4924,False,False,0.43548387096774194
O43570,CHEMBL5403443,4924,False,False,0.5625
O43570,CHEMBL5423785,4924,False,False,0.43636363636363634
O43570,CHEMBL5420806,4924,False,False,0.5471698113207547
O43570,CHEMBL5408282,4924,False,False,0.5471698113207547
O43570,CHEMBL5403015,4924,False,False,0.52
O43570,CHEMBL5418584,4924,False,False,0.5
O43570,CHEMBL5408039,4924,False,False,0.4307692307692308
O43570,CHEMBL5417623,4924,False,False,0.5
O43570,CHEMBL5419120,4924,False,False,0.47619047619047616
O43570,CHEMBL5419562,4924,False,False,0.48148148148148145
O43570,CHEMBL5409839,4924,False,False,0.47058823529411764
O43570,CHEMBL5406763,4924,False,False,0.5102040816326531
O43570,CHEMBL5398527,4924,False,False,0.5961538461538461
O43570,CHEMBL5398482,4924,False,False,0.47058823529411764
O43570,CHEMBL5404478,4924,False,False,0.625
O43570,CHEMBL5430744,4924,False,False,0.5263157894736842
O43570,CHEMBL5404207,4924,False,False,0.4528301886792453
O43570,CHEMBL5432122,4924,False,False,0.43636363636363634
O43570,CHEMBL5400096,4924,False,False,0.43636363636363634
O43570,CHEMBL5427772,4924,False,False,0.45454545454545453
O43570,CHEMBL5439825,4924,False,False,0.45614035087719296
O43570,CHEMBL5424006,4924,False,False,0.5223880597014925
O43570,CHEMBL5419432,4924,False,False,0.4691358024691358
O43570,CHEMBL5436128,4924,False,False,0.5
O43570,CHEMBL5411012,4924,False,False,0.4393939393939394
O43570,CHEMBL5427767,4924,False,False,0.3709677419354839
O43570,CHEMBL5412673,4924,False,False,0.4444444444444444
O43570,CHEMBL5413719,4924,False,False,0.42857142857142855
O43570,CHEMBL5434757,4924,False,False,0.4027777777777778
O43570,CHEMBL5398809,4924,False,False,0.35714285714285715
O43570,CHEMBL5423264,4924,False,False,0.3620689655172414
O43570,CHEMBL5431226,4924,False,False,0.4142857142857143
O43570,CHEMBL5400438,4924,False,False,0.4084507042253521
O43570,CHEMBL5422561,4924,False,False,0.4117647058823529
O43570,CHEMBL5422492,4924,False,False,0.5972222222222222
O43570,CHEMBL5438275,4924,False,False,0.4084507042253521
O43570,CHEMBL5411466,4924,False,False,0.42028985507246375
O43570,CHEMBL5419182,4924,False,False,0.4878048780487805
O43570,CHEMBL5428815,4924,False,False,0.6938775510204082
O43570,CHEMBL5406041,4924,False,False,0.4090909090909091
O43570,CHEMBL5439068,4924,False,False,0.6727272727272727
O43570,CHEMBL5401486,4924,False,False,0.49230769230769234
O43570,CHEMBL5424643,4924,False,False,0.5862068965517241
O43570,CHEMBL5402861,4924,False,False,0.5
O43570,CHEMBL5422807,4924,False,False,0.5
O43570,CHEMBL5415701,4924,False,False,0.5365853658536586
O43570,CHEMBL5417652,4924,False,False,0.52
O43570,CHEMBL5430843,4924,False,False,0.4482758620689655
O43570,CHEMBL5415971,4924,False,False,0.3793103448275862
O43570,CHEMBL5434579,4924,False,False,0.38596491228070173
O43570,CHEMBL5427495,4924,False,False,0.4426229508196721
O43570,CHEMBL5396279,4924,False,False,0.39655172413793105
O43570,CHEMBL5427064,4924,False,False,0.45454545454545453
O43570,CHEMBL5434717,4924,False,False,0.39285714285714285
O43570,CHEMBL5405313,4924,False,False,0.5576923076923077
O43570,CHEMBL5428119,4924,False,False,0.5686274509803921
O43570,CHEMBL5406828,4924,False,False,0.5370370370370371
O43570,CHEMBL5421787,4924,False,False,0.5471698113207547
O43570,CHEMBL5410832,4924,False,False,0.5660377358490566
O43570,CHEMBL5396229,4924,False,False,0.5079365079365079
O43570,CHEMBL5400915,4924,False,False,0.4528301886792453
O43570,CHEMBL5423723,4924,False,False,0.4
O43570,CHEMBL5409485,4924,False,False,0.5806451612903226
O43570,CHEMBL5411876,4924,False,False,0.52
O43570,CHEMBL5430806,4924,False,False,0.4878048780487805
O43570,CHEMBL5427215,4924,False,False,0.39655172413793105
O43570,CHEMBL5418987,4924,False,False,0.39344262295081966
O43570,CHEMBL5417966,4924,False,False,0.5476190476190477
O43570,CHEMBL5427397,4924,False,False,0.5
O43570,CHEMBL5393899,4924,False,False,0.4861111111111111
O43570,CHEMBL5416640,4924,False,False,0.5897435897435898
O43570,CHEMBL5399753,4924,False,False,0.8085106382978723
O43570,CHEMBL5432003,4924,False,False,0.6739130434782609
O43570,CHEMBL5399026,4924,False,False,0.6739130434782609
O43570,CHEMBL5413773,4924,False,False,0.5490196078431373
O43570,CHEMBL5416330,4924,False,False,0.509090909090909
O43570,CHEMBL5429247,4924,False,False,0.625
O43570,CHEMBL5438146,4924,False,False,0.5471698113207547
O43570,CHEMBL5400590,4924,False,False,0.625
O43570,CHEMBL5423705,4924,False,False,0.6666666666666666
O43570,CHEMBL5420340,4924,False,False,0.5740740740740741
O43570,CHEMBL5418256,4924,False,False,0.5333333333333333
O43570,CHEMBL5408414,4924,False,False,0.5333333333333333
O43570,CHEMBL5422630,4924,False,False,0.5454545454545454
O43570,CHEMBL5412024,4924,False,False,0.41333333333333333
O43570,CHEMBL5424738,4924,False,False,0.4626865671641791
O43570,CHEMBL5423986,4924,False,False,0.45454545454545453
O43570,CHEMBL5423626,4924,False,False,0.37777777777777777
O43570,CHEMBL5407099,4924,False,False,0.44776119402985076
O43570,CHEMBL5439232,4924,False,False,0.47619047619047616
O43570,CHEMBL5412326,4924,False,False,0.38636363636363635
O43570,CHEMBL5404854,4924,False,False,0.375
O43570,CHEMBL5434475,4924,False,False,0.38461538461538464
O43570,CHEMBL5398061,4924,False,False,0.41935483870967744
O43570,CHEMBL5422153,4924,False,False,0.44776119402985076
O43570,CHEMBL5395857,4924,False,False,0.4142857142857143
O43570,CHEMBL5397659,4924,False,False,0.5084745762711864
O43570,CHEMBL5419752,4924,False,False,0.5692307692307692
O43570,CHEMBL5404038,4924,False,False,0.44594594594594594
O43570,CHEMBL5439318,4924,False,False,0.4576271186440678
O43570,CHEMBL5405279,4924,False,False,0.5
O43570,CHEMBL5437142,4924,False,False,0.5344827586206896
O43570,CHEMBL5420020,4924,False,False,0.4745762711864407
O43570,CHEMBL5432770,4924,False,False,0.4393939393939394
O43570,CHEMBL5395679,4924,False,False,0.45901639344262296
O43570,CHEMBL5424727,4924,False,False,0.4745762711864407
O43570,CHEMBL5425125,4924,False,False,0.3486238532110092
O43570,CHEMBL5412351,4924,False,False,0.42857142857142855
O43570,CHEMBL5424664,4924,False,False,0.4090909090909091
O43570,CHEMBL5420931,4924,False,False,0.3968253968253968
O43570,CHEMBL5417084,4924,False,False,0.44776119402985076
O43570,CHEMBL5430482,4924,False,False,0.4142857142857143
O43570,CHEMBL5414077,4924,False,False,0.5084745762711864
O43570,CHEMBL5402143,4924,False,False,0.5692307692307692
O43570,CHEMBL5426216,4924,False,False,0.44594594594594594
O43570,CHEMBL5413021,4924,False,False,0.4576271186440678
O43570,CHEMBL5402145,4924,False,False,0.5
O43570,CHEMBL5438010,4924,False,False,0.5344827586206896
O43570,CHEMBL5421531,4924,False,False,0.4745762711864407
O43570,CHEMBL5411936,4924,False,False,0.4393939393939394
O43570,CHEMBL5419447,4924,False,False,0.45901639344262296
O43570,CHEMBL5396393,4924,False,False,0.4745762711864407
O43570,CHEMBL5409658,4924,False,False,0.3486238532110092
O43570,CHEMBL5413693,4924,False,False,0.42857142857142855
O43570,CHEMBL5429073,4924,False,False,0.4090909090909091
O43570,CHEMBL5401434,4924,False,False,0.3968253968253968
O43570,CHEMBL5402497,4924,False,False,0.4461538461538462
O43570,CHEMBL5412870,4924,False,False,0.4909090909090909
O43570,CHEMBL5422706,4924,False,False,0.6451612903225806
O43570,CHEMBL5425202,4924,False,False,0.5
O43570,CHEMBL5433765,4924,False,False,0.6140350877192983
O43570,CHEMBL5420539,4924,False,False,0.6451612903225806
O43570,CHEMBL5395423,4924,False,False,0.5
O43570,CHEMBL5407842,4924,False,False,0.609375
O43570,CHEMBL5396530,4924,False,False,0.576271186440678
O43570,CHEMBL5397521,4924,False,False,0.609375
O43570,CHEMBL5439370,4924,False,False,0.6666666666666666
O43570,CHEMBL5415949,4924,False,False,0.6666666666666666
O43570,CHEMBL5395274,4924,False,False,0.40625
O43570,CHEMBL5407876,4924,False,False,0.44642857142857145
O43570,CHEMBL5430374,4924,False,False,0.42
O43570,CHEMBL5403578,4924,False,False,0.4528301886792453
O43570,CHEMBL5439016,4924,False,False,0.4444444444444444
O43570,CHEMBL5430474,4924,False,False,0.4166666666666667
O43570,CHEMBL5439521,4924,False,False,0.3584905660377358
O43570,CHEMBL5433722,4924,False,False,0.6666666666666666
O43570,CHEMBL5416307,4924,False,False,0.543859649122807
O43570,CHEMBL5402383,4924,False,False,0.5294117647058824
O43570,CHEMBL5397739,4924,False,False,0.5294117647058824
O43570,CHEMBL5399974,4924,False,False,0.3424657534246575
O43570,CHEMBL5422102,4924,False,False,0.5277777777777778
O43570,CHEMBL5406077,4924,False,False,0.4090909090909091
O43570,CHEMBL5440906,4924,False,False,0.5161290322580645
O43570,CHEMBL5440763,4924,False,False,0.49206349206349204
O43570,CHEMBL5436282,4924,False,False,0.4909090909090909
O43570,CHEMBL5411702,4924,False,False,0.5161290322580645
O43570,CHEMBL5414836,4924,False,False,0.49206349206349204
O43570,CHEMBL5399204,4924,False,False,0.4861111111111111
O43570,CHEMBL5433154,4924,False,False,0.44871794871794873
O43570,CHEMBL5409881,4924,False,False,0.45454545454545453
O43570,CHEMBL5403938,4924,False,False,0.4861111111111111
O43570,CHEMBL5421790,4924,False,False,0.44871794871794873
O43570,CHEMBL5432812,4924,False,False,0.5535714285714286
O43570,CHEMBL5408885,4924,False,False,0.6825396825396826
O43570,CHEMBL5403077,4924,False,False,0.5866666666666667
O43570,CHEMBL5420858,4924,False,False,0.5507246376811594
O43570,CHEMBL5396677,4924,False,False,0.5277777777777778
O43570,CHEMBL5413403,4924,False,False,0.5362318840579711
O43570,CHEMBL5410282,4924,False,False,0.3958333333333333
O43570,CHEMBL5417595,4924,False,False,0.40789473684210525
O60341,CHEMBL5439389,2469,False,False,0.49333333333333335
O60341,CHEMBL5408271,2469,False,False,0.42168674698795183
O60341,CHEMBL5416205,2469,False,False,0.417910447761194
O60341,CHEMBL5423159,2469,False,False,0.4918032786885246
O60341,CHEMBL5425308,2469,False,False,0.45555555555555555
O60341,CHEMBL5433416,2469,False,False,0.5108695652173914
O60341,CHEMBL5396850,2469,False,False,0.4805194805194805
O60341,CHEMBL5434190,2469,False,False,0.49333333333333335
O60341,CHEMBL5430614,2469,False,False,0.5
O60341,CHEMBL5438843,2469,False,False,0.48936170212765956
O60341,CHEMBL5432041,2469,False,False,0.5064935064935064
O60341,CHEMBL5423712,2469,False,False,0.5125
O60341,CHEMBL5401491,2469,False,False,0.4875
O60341,CHEMBL5432465,2469,False,False,0.4936708860759494
O60341,CHEMBL5439259,2469,False,False,0.42857142857142855
O60341,CHEMBL5438431,2469,False,True,1.0
O60341,CHEMBL5410672,2469,False,False,0.41333333333333333
O60341,CHEMBL5430017,2469,False,False,0.2833333333333333
O60341,CHEMBL5406479,2469,False,False,0.5
O60341,CHEMBL5413049,2469,False,False,0.5423728813559322
O60341,CHEMBL5434915,2469,False,False,0.4918032786885246
O60341,CHEMBL5432927,2469,False,False,0.4125
O60341,CHEMBL5437604,2469,False,False,0.421875
O60341,CHEMBL5405904,2469,False,False,0.5
O60341,CHEMBL5420365,2469,False,False,0.40298507462686567
O60341,CHEMBL5421422,2469,False,False,0.4307692307692308
O60341,CHEMBL5422216,2469,False,False,0.38144329896907214
O60341,CHEMBL5433323,2469,False,False,0.46875
O60341,CHEMBL5409970,2469,False,False,0.4918032786885246
O60341,CHEMBL5426797,2469,False,False,0.8372093023255814
O60341,CHEMBL5434546,2469,False,False,0.5666666666666667
O60341,CHEMBL5429228,2469,False,False,0.5166666666666667
O60341,CHEMBL5435026,2469,False,False,0.453125
O60341,CHEMBL5407947,2469,False,False,0.45161290322580644
O60341,CHEMBL5440105,2469,False,False,0.39080459770114945
O60341,CHEMBL5406671,2469,False,False,0.45614035087719296
O60341,CHEMBL5429994,2469,False,False,0.27710843373493976
O60341,CHEMBL5419169,2469,False,False,0.4189189189189189
O60341,CHEMBL5440680,2469,False,False,0.4189189189189189
O60341,CHEMBL5409400,2469,False,False,0.532258064516129
O60341,CHEMBL5420493,2469,False,False,0.6428571428571429
O60341,CHEMBL5411051,2469,False,False,0.3018867924528302
O60341,CHEMBL5428732,2469,False,False,0.4383561643835616
O60341,CHEMBL5415964,2469,False,False,0.4375
O60341,CHEMBL5399635,2469,False,False,0.5645161290322581
O60341,CHEMBL5406759,2469,False,False,0.543859649122807
O60341,CHEMBL5413744,2469,False,False,0.5
O60341,CHEMBL5428176,2469,False,False,0.5084745762711864
O60341,CHEMBL5440196,2469,False,False,0.6363636363636364
O60341,CHEMBL5428924,2469,False,False,0.6078431372549019
O60341,CHEMBL5396510,2469,False,False,0.4722222222222222
O60341,CHEMBL5397056,2469,False,False,0.4675324675324675
O60341,CHEMBL5416718,2469,False,False,0.4342105263157895
O60341,CHEMBL5422540,2469,False,False,0.42857142857142855
O60341,CHEMBL5435872,2469,False,False,0.4927536231884058
O60341,CHEMBL5434343,2469,False,False,0.41333333333333333
O60341,CHEMBL5399692,2469,False,False,0.3974358974358974
O60341,CHEMBL5410411,2469,False,False,0.4342105263157895
O60341,CHEMBL5435978,2469,False,False,0.38666666666666666
O60341,CHEMBL5436412,2469,False,False,0.3466666666666667
O60341,CHEMBL5407104,2469,False,False,0.3561643835616438
O60341,CHEMBL5406892,2469,False,False,0.35526315789473684
O60341,CHEMBL5426980,2469,False,False,0.3333333333333333
O60341,CHEMBL5397316,2469,False,False,0.5571428571428572
O60341,CHEMBL5437172,2469,False,False,0.47692307692307695
O60341,CHEMBL5430058,2469,False,False,0.5352112676056338
O60341,CHEMBL5406132,2469,False,False,0.5217391304347826
O60341,CHEMBL5409890,2469,False,False,0.3815789473684211
O60341,CHEMBL5406521,2469,False,False,0.5074626865671642
O60341,CHEMBL5435173,2469,False,False,0.4794520547945205
O60341,CHEMBL5404495,2469,False,False,0.5
O60341,CHEMBL5410286,2469,False,False,0.484375
O60341,CHEMBL5425391,2469,False,False,0.5072463768115942
O60341,CHEMBL5423330,2469,False,False,0.4722222222222222
O60341,CHEMBL5428936,2469,False,False,0.5
O60341,CHEMBL5413148,2469,False,False,0.4788732394366197
O60341,CHEMBL5428788,2469,False,False,0.4675324675324675
O60341,CHEMBL5436427,2469,False,False,0.47368421052631576
O60341,CHEMBL5425120,2469,False,False,0.45
O60341,CHEMBL5423110,2469,False,False,0.4675324675324675
O60341,CHEMBL5431790,2469,False,False,0.47297297297297297
O60341,CHEMBL5399676,2469,False,False,0.4430379746835443
O60341,CHEMBL5440601,2469,False,False,0.42105263157894735
O60341,CHEMBL5413316,2469,False,False,0.5084745762711864
O60341,CHEMBL5440032,2469,False,False,0.6363636363636364
O60341,CHEMBL5405377,2469,False,False,0.45454545454545453
O60341,CHEMBL5400631,2469,False,False,0.5
O60341,CHEMBL5416905,2469,False,False,0.4925373134328358
O60341,CHEMBL5413825,2469,False,False,0.30357142857142855
O60341,CHEMBL5416497,2469,False,False,0.4
O60341,CHEMBL5415883,2469,False,False,0.3116883116883117
O60341,CHEMBL5394389,2469,False,False,0.48
O60341,CHEMBL5405788,2469,False,False,0.40789473684210525
O60341,CHEMBL5419993,2469,False,False,0.3924050632911392
O60341,CHEMBL5417682,2469,False,False,0.43103448275862066
O60341,CHEMBL5408302,2469,False,False,0.5161290322580645
O60341,CHEMBL5435117,2469,False,False,0.5614035087719298
O60341,CHEMBL5408598,2469,False,False,0.5081967213114754
O60341,CHEMBL5398801,2469,False,False,0.49206349206349204
O60341,CHEMBL5400344,2469,False,False,0.5087719298245614
O60341,CHEMBL5414185,2469,False,False,0.47692307692307695
O60341,CHEMBL5439488,2469,False,False,0.5245901639344263
O60341,CHEMBL5416264,2469,False,False,0.6226415094339622
O60341,CHEMBL5406191,2469,False,False,0.3698630136986301
O60341,CHEMBL5433364,2469,False,False,0.40625
O60341,CHEMBL5403602,2469,False,False,0.4727272727272727
O60341,CHEMBL5429412,2469,False,False,0.4084507042253521
O60341,CHEMBL5436035,2469,False,False,0.4230769230769231
O60341,CHEMBL5403862,2469,False,False,0.43478260869565216
O60341,CHEMBL5419295,2469,False,False,0.6226415094339622
O60341,CHEMBL5424948,2469,False,False,0.6153846153846154
O60341,CHEMBL5418093,2469,False,False,0.6153846153846154
O60341,CHEMBL5401496,2469,False,False,0.6153846153846154
O60341,CHEMBL5404895,2469,False,False,0.4418604651162791
O60341,CHEMBL5424591,2469,False,False,0.4430379746835443
O60341,CHEMBL5403548,2469,False,False,0.7169811320754716
O60341,CHEMBL5435587,2469,False,False,0.6078431372549019
O60341,CHEMBL5396414,2469,False,False,0.5166666666666667
O60341,CHEMBL5396152,2469,False,False,0.4838709677419355
O60341,CHEMBL5418619,2469,False,False,0.4918032786885246
O60341,CHEMBL5416406,2469,False,False,0.5161290322580645
O60341,CHEMBL5438908,2469,False,False,0.5138888888888888
O60674,CHEMBL5412815,10162,False,False,0.7076923076923077
O60674,CHEMBL5424439,10162,False,False,0.6333333333333333
O60674,CHEMBL5398468,10162,False,False,0.5074626865671642
O60674,CHEMBL5429688,10162,False,False,0.5714285714285714
O60674,CHEMBL5408539,10162,False,False,0.6081081081081081
O60674,CHEMBL5417474,10162,False,False,0.6323529411764706
O60674,CHEMBL5395839,10162,False,False,0.6417910447761194
O60674,CHEMBL5403897,10162,False,False,0.6515151515151515
O60674,CHEMBL5420083,10162,False,False,0.5454545454545454
O60674,CHEMBL5420971,10162,False,False,0.671875
O60674,CHEMBL5424098,10162,False,False,0.5915492957746479
O60674,CHEMBL5423387,10162,False,False,0.7432432432432432
O60674,CHEMBL5430795,10162,False,False,0.8285714285714286
O60674,CHEMBL5405043,10162,False,False,0.8285714285714286
O60674,CHEMBL5410919,10162,False,False,0.7083333333333334
O60674,CHEMBL5435417,10162,False,False,0.7714285714285715
O60674,CHEMBL5439582,10162,False,False,0.8382352941176471
O60674,CHEMBL5427932,10162,False,False,0.875
O60674,CHEMBL5405140,10162,False,False,0.859375
O60674,CHEMBL5404261,10162,False,False,0.8309859154929577
O60674,CHEMBL5441087,10162,False,False,0.7972972972972973
O60674,CHEMBL5440017,10162,False,False,0.7567567567567568
O60674,CHEMBL5434116,10162,False,True,1.0
O60674,CHEMBL5396523,10162,False,False,0.8285714285714286
O60674,CHEMBL5423894,10162,False,False,0.7910447761194029
O60674,CHEMBL5424497,10162,False,False,0.34210526315789475
O60674,CHEMBL5409953,10162,False,False,0.6785714285714286
O60674,CHEMBL5422886,10162,False,False,0.5522388059701493
O60674,CHEMBL5412967,10162,False,False,0.5070422535211268
O60674,CHEMBL5419117,10162,False,False,0.4084507042253521
O60674,CHEMBL5402252,10162,False,False,0.4084507042253521
O60674,CHEMBL5436068,10162,False,False,0.3815789473684211
O60674,CHEMBL5435274,10162,False,False,0.43283582089552236
O60674,CHEMBL5407329,10162,False,False,0.5806451612903226
O60674,CHEMBL5407260,10162,False,False,0.48
O60674,CHEMBL5396554,10162,False,False,0.48
O60674,CHEMBL5415586,10162,False,False,0.7407407407407407
O60674,CHEMBL5409666,10162,False,False,0.6666666666666666
O60674,CHEMBL5433426,10162,False,False,0.5645161290322581
O60674,CHEMBL5395378,10162,False,False,0.6229508196721312
O60674,CHEMBL5420468,10162,False,False,0.7108433734939759
O60674,CHEMBL5403288,10162,False,False,0.34375
O60674,CHEMBL5430060,10162,False,False,0.32051282051282054
O60674,CHEMBL5432029,10162,False,False,0.31645569620253167
O60674,CHEMBL5436997,10162,False,False,0.2988505747126437
O60674,CHEMBL5417435,10162,False,False,0.30666666666666664
O60674,CHEMBL5432284,10162,False,False,0.3058823529411765
O60674,CHEMBL5402797,10162,False,False,0.3380281690140845
O60674,CHEMBL5405344,10162,False,False,0.3472222222222222
O60674,CHEMBL5410239,10162,False,False,0.3108108108108108
O60674,CHEMBL5404765,10162,False,False,0.32
O60674,CHEMBL5434965,10162,False,False,0.3333333333333333
O60674,CHEMBL5429675,10162,False,False,0.3
O60674,CHEMBL5402554,10162,False,False,0.345679012345679
O60674,CHEMBL5415481,10162,False,False,0.3
O60674,CHEMBL5408994,10162,False,False,0.6164383561643836
O60674,CHEMBL5419978,10162,False,False,0.6164383561643836
O60674,CHEMBL5435482,10162,False,False,0.6338028169014085
O60674,CHEMBL5408205,10162,False,False,0.684931506849315
O60674,CHEMBL5436744,10162,False,False,0.7027027027027027
O60674,CHEMBL5440510,10162,False,False,0.6363636363636364
O60674,CHEMBL5438892,10162,False,False,0.6363636363636364
O60674,CHEMBL5414095,10162,False,False,0.532258064516129
O60674,CHEMBL5412619,10162,False,False,0.5238095238095238
O60674,CHEMBL5437653,10162,False,False,0.5633802816901409
O60674,CHEMBL5400209,10162,False,False,0.5633802816901409
O60674,CHEMBL5437261,10162,False,False,0.5217391304347826
O60674,CHEMBL5419271,10162,False,False,0.4927536231884058
O60674,CHEMBL5436383,10162,False,False,0.4714285714285714
O60674,CHEMBL5431257,10162,False,False,0.7169811320754716
O60674,CHEMBL5440264,10162,False,False,0.5135135135135135
O60674,CHEMBL5420928,10162,False,False,0.4125
O60674,CHEMBL5413489,10162,False,False,0.3563218390804598
O60674,CHEMBL5429461,10162,False,False,0.323943661971831
O60674,CHEMBL5421116,10162,False,False,0.6229508196721312
O60674,CHEMBL5422793,10162,False,False,0.6229508196721312
O60674,CHEMBL5430869,10162,False,False,0.4098360655737705
O60885,CHEMBL5437203,7427,False,False,0.6527777777777778
O60885,CHEMBL5416784,7427,False,False,0.696969696969697
O60885,CHEMBL5407959,7427,False,False,0.7096774193548387
O60885,CHEMBL5394534,7427,False,False,0.32432432432432434
O60885,CHEMBL5414323,7427,False,False,0.32894736842105265
O60885,CHEMBL5401408,7427,False,False,0.22549019607843138
O60885,CHEMBL5440275,7427,False,False,0.36923076923076925
O60885,CHEMBL5436620,7427,False,False,0.3283582089552239
O60885,CHEMBL5401812,7427,False,False,0.3283582089552239
O60885,CHEMBL5432311,7427,False,False,0.2571428571428571
O60885,CHEMBL5394840,7427,False,False,0.32098765432098764
O60885,CHEMBL5414143,7427,False,False,0.3472222222222222
O60885,CHEMBL5424895,7427,False,False,0.23655913978494625
O60885,CHEMBL5439894,7427,False,False,0.27472527472527475
O60885,CHEMBL5435639,7427,False,False,0.32432432432432434
O60885,CHEMBL5431833,7427,False,False,0.32432432432432434
O60885,CHEMBL5435025,7427,False,False,0.35064935064935066
O60885,CHEMBL5411975,7427,False,False,0.323943661971831
O60885,CHEMBL5405537,7427,False,False,0.38461538461538464
O60885,CHEMBL5419237,7427,False,False,0.36
O60885,CHEMBL5400204,7427,False,False,0.35064935064935066
O60885,CHEMBL5409544,7427,False,False,0.3561643835616438
O60885,CHEMBL5420313,7427,False,False,0.27058823529411763
O60885,CHEMBL5412097,7427,False,False,0.2840909090909091
O60885,CHEMBL5406544,7427,False,False,0.3023255813953488
O60885,CHEMBL5429382,7427,False,False,0.25609756097560976
O60885,CHEMBL5435156,7427,False,False,0.2441860465116279
O60885,CHEMBL5437305,7427,False,False,0.26666666666666666
O60885,CHEMBL5417286,7427,False,False,0.6595744680851063
O60885,CHEMBL5427202,7427,False,False,0.6595744680851063
O60885,CHEMBL5419274,7427,False,False,0.5974025974025974
O60885,CHEMBL5426703,7427,False,False,0.5569620253164557
O60885,CHEMBL5429376,7427,False,False,0.6
O60885,CHEMBL5423707,7427,False,False,0.33707865168539325
O60885,CHEMBL5440150,7427,False,False,0.32857142857142857
O60885,CHEMBL5438020,7427,False,False,0.3333333333333333
O60885,CHEMBL5420638,7427,False,False,0.3291139240506329
O60885,CHEMBL5406585,7427,False,False,0.484375
O60885,CHEMBL5404986,7427,False,False,0.484375
O60885,CHEMBL5416229,7427,False,False,0.4626865671641791
O60885,CHEMBL5427136,7427,False,False,0.4626865671641791
O60885,CHEMBL5430730,7427,False,False,0.47761194029850745
O60885,CHEMBL5396885,7427,False,False,0.26744186046511625
O60885,CHEMBL5403013,7427,False,False,0.5
O60885,CHEMBL5410968,7427,False,False,0.6375
O60885,CHEMBL5412127,7427,False,False,0.6623376623376623
O60885,CHEMBL5421238,7427,False,False,0.6923076923076923
O60885,CHEMBL5434467,7427,False,False,0.611764705882353
O60885,CHEMBL5418320,7427,False,False,0.5977011494252874
O60885,CHEMBL5408013,7427,False,False,0.5977011494252874
O60885,CHEMBL5402704,7427,False,False,0.5777777777777777
O60885,CHEMBL5408583,7427,False,False,0.6190476190476191
O60885,CHEMBL5395241,7427,False,False,0.6179775280898876
O60885,CHEMBL5402431,7427,False,False,0.5842696629213483
O60885,CHEMBL5402922,7427,False,False,0.5842696629213483
O60885,CHEMBL5422245,7427,False,False,0.4803921568627451
O60885,CHEMBL5426693,7427,False,False,0.56
O60885,CHEMBL5430428,7427,False,False,0.4954128440366973
O60885,CHEMBL5437467,7427,False,False,0.5777777777777777
O60885,CHEMBL5415794,7427,False,False,0.6309523809523809
O60885,CHEMBL5410310,7427,False,False,0.5977011494252874
O60885,CHEMBL5422930,7427,False,False,0.6046511627906976
O60885,CHEMBL5417441,7427,False,False,0.5909090909090909
O60885,CHEMBL5417454,7427,False,False,0.5777777777777777
O60885,CHEMBL5428017,7427,False,False,0.5909090909090909
O60885,CHEMBL5440739,7427,False,False,0.5909090909090909
O60885,CHEMBL5412529,7427,False,False,0.5777777777777777
O60885,CHEMBL5409700,7427,False,False,0.6190476190476191
O60885,CHEMBL5428087,7427,False,False,0.6046511627906976
O60885,CHEMBL5403358,7427,False,False,0.6265060240963856
O60885,CHEMBL5426964,7427,False,False,0.625
O60885,CHEMBL5427957,7427,False,False,0.5909090909090909
O60885,CHEMBL5438409,7427,False,False,0.5909090909090909
O60885,CHEMBL5403473,7427,False,False,0.5913978494623656
O60885,CHEMBL5406467,7427,False,False,0.48514851485148514
O60885,CHEMBL5437723,7427,False,False,0.5
O60885,CHEMBL5419367,7427,False,False,0.6385542168674698
O60885,CHEMBL5394764,7427,False,False,0.5977011494252874
O60885,CHEMBL5401381,7427,False,False,0.5842696629213483
O60885,CHEMBL5418129,7427,False,False,0.5977011494252874
O60885,CHEMBL5417495,7427,False,False,0.5978260869565217
O60885,CHEMBL5421723,7427,False,False,0.550561797752809
O60885,CHEMBL5408776,7427,False,False,0.494949494949495
O60885,CHEMBL5415796,7427,False,False,0.49
O60885,CHEMBL5400502,7427,False,False,0.5531914893617021
O60885,CHEMBL5409453,7427,False,False,0.5094339622641509
O60885,CHEMBL5395480,7427,False,False,0.6091954022988506
O60885,CHEMBL5398977,7427,False,False,0.5977011494252874
O60885,CHEMBL5429440,7427,False,False,0.5842696629213483
O60885,CHEMBL5422122,7427,False,False,0.632183908045977
O60885,CHEMBL5416208,7427,False,False,0.6511627906976745
O60885,CHEMBL5435085,7427,False,False,0.6
O60885,CHEMBL5413543,7427,False,False,0.6829268292682927
O60885,CHEMBL5437669,7427,False,False,0.6410256410256411
O60885,CHEMBL5421597,7427,False,False,0.484375
O60885,CHEMBL5397570,7427,False,False,0.24242424242424243
O60885,CHEMBL5430358,7427,False,False,0.313953488372093
O60885,CHEMBL5435289,7427,False,False,0.25301204819277107
O60885,CHEMBL5425156,7427,False,False,0.24444444444444444
O60885,CHEMBL5397432,7427,False,False,0.27058823529411763
O60885,CHEMBL5412647,7427,False,False,0.26
O60885,CHEMBL5431086,7427,False,False,0.2777777777777778
O60885,CHEMBL5424755,7427,False,False,0.28703703703703703
O60885,CHEMBL5394236,7427,False,False,0.38095238095238093
O60885,CHEMBL5426902,7427,False,False,0.32558139534883723
O60885,CHEMBL5409622,7427,False,False,0.25316455696202533
O60885,CHEMBL5415469,7427,False,False,0.26506024096385544
O60885,CHEMBL5419925,7427,False,False,0.27906976744186046
O60885,CHEMBL5400544,7427,False,False,0.2631578947368421
O60885,CHEMBL5415548,7427,False,False,0.27956989247311825
O60885,CHEMBL5434208,7427,False,False,0.2571428571428571
O60885,CHEMBL5413668,7427,False,False,0.29292929292929293
O60885,CHEMBL5424207,7427,False,False,0.28
O60885,CHEMBL5414895,7427,False,False,0.26881720430107525
O60885,CHEMBL5409463,7427,False,False,0.3246753246753247
O60885,CHEMBL5431009,7427,False,False,0.36065573770491804
O60885,CHEMBL5398139,7427,False,False,0.34782608695652173
O60885,CHEMBL5407114,7427,False,False,0.3380281690140845
O60885,CHEMBL5435255,7427,False,False,0.35714285714285715
O60885,CHEMBL5416494,7427,False,False,0.3968253968253968
O60885,CHEMBL5420470,7427,False,False,0.34
O60885,CHEMBL5416132,7427,False,False,0.3225806451612903
O60885,CHEMBL5428113,7427,False,False,0.3333333333333333
O60885,CHEMBL5431735,7427,False,False,0.4107142857142857
O60885,CHEMBL5399489,7427,False,False,0.6753246753246753
O60885,CHEMBL5424952,7427,False,False,0.8387096774193549
O60885,CHEMBL5440797,7427,False,False,0.2631578947368421
O60885,CHEMBL5415106,7427,False,False,0.4875
O60885,CHEMBL5425218,7427,False,False,0.46987951807228917
O60885,CHEMBL5432760,7427,False,False,0.23529411764705882
O60885,CHEMBL5421082,7427,False,False,0.38666666666666666
O60885,CHEMBL5432892,7427,False,False,0.5166666666666667
O60885,CHEMBL5394142,7427,False,False,0.31746031746031744
O60885,CHEMBL5422546,7427,False,False,0.3620689655172414
O60885,CHEMBL5439855,7427,False,False,0.2962962962962963
O60885,CHEMBL5408978,7427,False,False,0.29310344827586204
O60885,CHEMBL5409681,7427,False,False,0.34375
O60885,CHEMBL5416926,7427,False,False,0.3709677419354839
O60885,CHEMBL5405269,7427,False,False,0.32142857142857145
O60885,CHEMBL5409461,7427,False,False,0.3448275862068966
O60885,CHEMBL5415611,7427,False,False,0.34375
O60885,CHEMBL5422534,7427,False,False,0.5641025641025641
O60885,CHEMBL5405779,7427,False,False,0.5882352941176471
O60885,CHEMBL5403879,7427,False,False,0.31645569620253167
O60885,CHEMBL5408181,7427,False,False,0.813953488372093
O60885,CHEMBL5426022,7427,False,False,0.8333333333333334
O60885,CHEMBL5426762,7427,False,False,0.8333333333333334
O60885,CHEMBL5400407,7427,False,False,0.5636363636363636
O60885,CHEMBL5414236,7427,False,False,0.48
O60885,CHEMBL5405536,7427,False,False,0.5344827586206896
O60885,CHEMBL5432627,7427,False,False,0.5740740740740741
O60885,CHEMBL5411662,7427,False,False,0.5254237288135594
O60885,CHEMBL5399062,7427,False,False,0.6491228070175439
O60885,CHEMBL5438588,7427,False,False,0.5535714285714286
O60885,CHEMBL5422966,7427,False,False,0.5535714285714286
O60885,CHEMBL5432665,7427,False,False,0.5689655172413793
O60885,CHEMBL5440431,7427,False,False,0.647887323943662
O60885,CHEMBL5413916,7427,False,False,0.647887323943662
O60885,CHEMBL5418662,7427,False,False,0.5897435897435898
O60885,CHEMBL5395658,7427,False,False,0.5974025974025974
O60885,CHEMBL5394124,7427,False,False,0.6052631578947368
O60885,CHEMBL5395952,7427,False,False,0.6388888888888888
O60885,CHEMBL5439597,7427,False,False,0.7230769230769231
O60885,CHEMBL5409942,7427,False,False,0.6388888888888888
O60885,CHEMBL5414030,7427,False,False,0.6527777777777778
O60885,CHEMBL5416283,7427,False,False,0.6216216216216216
O60885,CHEMBL5421774,7427,False,False,0.6301369863013698
O60885,CHEMBL5400900,7427,False,False,0.6133333333333333
O60885,CHEMBL5411322,7427,False,False,0.6301369863013698
O60885,CHEMBL5425663,7427,False,False,0.6197183098591549
O60885,CHEMBL5413795,7427,False,False,0.711864406779661
O60885,CHEMBL5408527,7427,False,False,0.5930232558139535
O60885,CHEMBL5406617,7427,False,False,0.6222222222222222
O60885,CHEMBL5423358,7427,False,False,0.6666666666666666
O60885,CHEMBL5396203,7427,False,False,0.6304347826086957
O60885,CHEMBL5405309,7427,False,False,0.6744186046511628
O60885,CHEMBL5435358,7427,False,False,0.6666666666666666
O60885,CHEMBL5394959,7427,False,False,0.7297297297297297
O60885,CHEMBL5416735,7427,False,False,0.7162162162162162
O60885,CHEMBL5428438,7427,False,False,0.6837606837606838
O60885,CHEMBL5423609,7427,False,False,0.7007874015748031
O60885,CHEMBL5426726,7427,False,False,0.6796875
O60885,CHEMBL5439504,7427,False,False,0.6511627906976745
O60885,CHEMBL5430595,7427,False,False,0.6475409836065574
O60885,CHEMBL5427802,7427,False,False,0.379746835443038
O60885,CHEMBL5416468,7427,False,False,0.5692307692307692
O60885,CHEMBL5396537,7427,False,False,0.5984848484848485
O60885,CHEMBL5418544,7427,False,False,0.5984848484848485
O60885,CHEMBL5431657,7427,False,False,0.5923076923076923
O60885,CHEMBL5439456,7427,False,False,0.5846153846153846
O60885,CHEMBL5397122,7427,False,False,0.41379310344827586
O60885,CHEMBL5424066,7427,False,False,0.4090909090909091
O60885,CHEMBL5422964,7427,False,False,0.4044943820224719
O60885,CHEMBL5422361,7427,False,False,0.4044943820224719
O60885,CHEMBL5437464,7427,False,False,0.45569620253164556
O60885,CHEMBL5409547,7427,False,False,0.43529411764705883
O60885,CHEMBL5415295,7427,False,False,0.4222222222222222
O60885,CHEMBL5397177,7427,False,False,0.41379310344827586
O60885,CHEMBL5411832,7427,False,False,0.6
O60885,CHEMBL5407801,7427,False,False,0.425
O60885,CHEMBL5422566,7427,False,False,0.4931506849315068
O60885,CHEMBL5406228,7427,False,False,0.4246575342465753
O60885,CHEMBL5416135,7427,False,False,0.9516129032258065
O60885,CHEMBL5416632,7427,False,False,0.9516129032258065
O60885,CHEMBL5402948,7427,False,False,0.8529411764705882
O60885,CHEMBL5404499,7427,False,False,0.8529411764705882
O60885,CHEMBL5393966,7427,False,False,0.45569620253164556
O60885,CHEMBL5420388,7427,False,False,0.43902439024390244
O60885,CHEMBL5429506,7427,False,False,0.43902439024390244
O60885,CHEMBL5426710,7427,False,False,0.31666666666666665
O60885,CHEMBL5429974,7427,False,False,0.45
O60885,CHEMBL5398464,7427,False,False,0.5555555555555556
O60885,CHEMBL5426714,7427,False,False,0.2876712328767123
O60885,CHEMBL5405549,7427,False,False,0.32857142857142857
O60885,CHEMBL5433198,7427,False,False,0.34285714285714286
O60885,CHEMBL5431061,7427,False,False,0.33707865168539325
O60885,CHEMBL5409043,7427,False,False,0.2976190476190476
O60885,CHEMBL5434529,7427,False,False,0.29069767441860467
O60885,CHEMBL5416328,7427,False,False,0.3373493975903614
O60885,CHEMBL5424589,7427,False,False,0.3382352941176471
O60885,CHEMBL5415843,7427,False,False,0.373134328358209
O60885,CHEMBL5421726,7427,False,False,0.28735632183908044
O60885,CHEMBL5406183,7427,False,False,0.5638297872340425
O60885,CHEMBL5409305,7427,False,False,0.6090909090909091
O60885,CHEMBL5416329,7427,False,False,0.49019607843137253
O60885,CHEMBL5398000,7427,False,False,0.7105263157894737
O60885,CHEMBL5422163,7427,False,False,0.7647058823529411
O60885,CHEMBL5401253,7427,False,False,0.7761194029850746
O60885,CHEMBL5440537,7427,False,False,0.7536231884057971
O60885,CHEMBL5403848,7427,False,False,0.7536231884057971
O60885,CHEMBL5420752,7427,False,False,0.7647058823529411
O60885,CHEMBL5440963,7427,False,False,0.7428571428571429
O60885,CHEMBL5439607,7427,False,False,0.7575757575757576
O60885,CHEMBL5434035,7427,False,False,0.2878787878787879
O75116,CHEMBL5439783,4733,False,False,0.5070422535211268
O75116,CHEMBL5435627,4733,False,False,0.5070422535211268
O75116,CHEMBL5422545,4733,False,False,0.5686274509803921
O75116,CHEMBL5414693,4733,False,False,0.5
O75116,CHEMBL5430368,4733,False,False,0.5
O75116,CHEMBL5411877,4733,False,False,0.2647058823529412
O75116,CHEMBL5396883,4733,False,False,0.6923076923076923
O75116,CHEMBL5399426,4733,False,False,0.72
O75116,CHEMBL5434756,4733,False,False,0.8461538461538461
O75116,CHEMBL5407662,4733,False,False,0.72
O75116,CHEMBL5403816,4733,False,False,0.5915492957746479
O75116,CHEMBL5397091,4733,False,False,0.3333333333333333
O75116,CHEMBL5405298,4733,False,False,0.5
O75116,CHEMBL5438833,4733,False,False,0.5
O75116,CHEMBL5398844,4733,False,False,0.5
O75116,CHEMBL5403605,4733,False,False,0.5217391304347826
O75116,CHEMBL5408850,4733,False,False,0.5217391304347826
O75116,CHEMBL5411955,4733,False,False,0.7446808510638298
O75116,CHEMBL5437526,4733,False,False,0.5217391304347826
O75116,CHEMBL5399221,4733,False,False,0.5217391304347826
O75116,CHEMBL5428479,4733,False,False,0.5333333333333333
O75116,CHEMBL5408387,4733,False,False,0.5333333333333333
O75116,CHEMBL5439971,4733,False,False,0.5512820512820513
O75116,CHEMBL5417698,4733,False,False,0.5512820512820513
O75116,CHEMBL5424408,4733,False,False,0.34146341463414637
O75116,CHEMBL5439375,4733,False,False,0.569620253164557
O75116,CHEMBL5426208,4733,False,False,0.569620253164557
O75116,CHEMBL5421321,4733,False,False,0.7230769230769231
O75116,CHEMBL5397611,4733,False,False,0.6911764705882353
O75116,CHEMBL5409106,4733,False,False,0.5147058823529411
O75116,CHEMBL5416265,4733,False,False,0.7101449275362319
O75116,CHEMBL5414146,4733,False,False,0.5217391304347826
O75116,CHEMBL5403088,4733,False,False,0.5333333333333333
O75116,CHEMBL5409229,4733,False,False,0.5333333333333333
O75116,CHEMBL5403685,4733,False,False,0.5
O75116,CHEMBL5427927,4733,False,False,0.5
O75116,CHEMBL5400934,4733,False,False,0.26262626262626265
O75116,CHEMBL5438374,4733,False,False,0.28865979381443296
O75116,CHEMBL5414576,4733,False,False,0.27906976744186046
O75116,CHEMBL5428430,4733,False,False,0.25510204081632654
O75116,CHEMBL5421280,4733,False,False,0.25252525252525254
O75116,CHEMBL5404104,4733,False,False,0.2571428571428571
O75116,CHEMBL5412156,4733,False,False,0.2903225806451613
O75116,CHEMBL5406146,4733,False,False,0.25742574257425743
O75116,CHEMBL5437264,4733,False,False,0.2828282828282828
O75116,CHEMBL5422811,4733,False,False,0.2777777777777778
O75116,CHEMBL5407182,4733,False,False,0.34408602150537637
O75116,CHEMBL5440366,4733,False,False,0.3146067415730337
O75116,CHEMBL5428749,4733,False,False,0.28421052631578947
O75116,CHEMBL5426560,4733,False,False,0.3404255319148936
O75116,CHEMBL5425811,4733,False,False,0.25742574257425743
O75116,CHEMBL5430350,4733,False,False,0.7083333333333334
O75116,CHEMBL5403316,4733,False,False,0.5588235294117647
O75116,CHEMBL5420736,4733,False,False,0.5588235294117647
O75116,CHEMBL5418416,4733,False,False,0.5512820512820513
O75116,CHEMBL5420109,4733,False,False,0.5512820512820513
O75116,CHEMBL5440816,4733,False,False,0.5294117647058824
O75116,CHEMBL5400899,4733,False,False,0.5294117647058824
O75116,CHEMBL5419207,4733,False,False,0.578125
O75116,CHEMBL5412281,4733,False,False,0.578125
O75874,CHEMBL5406779,36561,False,False,0.6235294117647059
O75874,CHEMBL5395826,36561,False,False,0.6351351351351351
O75874,CHEMBL5397019,36561,False,False,0.7142857142857143
O75874,CHEMBL5435681,36561,False,False,0.6025641025641025
O75874,CHEMBL5395971,36561,False,False,0.5875
O75874,CHEMBL5429617,36561,False,False,0.5595238095238095
O75874,CHEMBL5435016,36561,False,False,0.2804878048780488
O75874,CHEMBL5427214,36561,False,False,0.5595238095238095
O75874,CHEMBL5407884,36561,False,False,0.5494505494505495
O75874,CHEMBL5440722,36561,False,False,0.6351351351351351
O75874,CHEMBL5430621,36561,False,False,0.6666666666666666
O75874,CHEMBL5431953,36561,False,False,0.6103896103896104
O75874,CHEMBL5401441,36561,False,False,0.34177215189873417
O75874,CHEMBL5402222,36561,False,False,0.7142857142857143
O75874,CHEMBL5401096,36561,False,False,0.5875
O75874,CHEMBL5426190,36561,False,False,0.26436781609195403
O75874,CHEMBL5395437,36561,False,False,0.6103896103896104
O75874,CHEMBL5420050,36561,False,False,0.6266666666666667
O75874,CHEMBL5436549,36561,False,False,0.5949367088607594
O75874,CHEMBL5394135,36561,False,False,0.5402298850574713
O75874,CHEMBL5432595,36561,False,False,0.5595238095238095
O75874,CHEMBL5399782,36561,False,False,0.6410256410256411
O75874,CHEMBL5398072,36561,False,False,0.5833333333333334
O75874,CHEMBL5426656,36561,False,False,0.6835443037974683
O75874,CHEMBL5429295,36561,False,False,0.6707317073170732
O75874,CHEMBL5400253,36561,False,False,0.5853658536585366
O75874,CHEMBL5422753,36561,False,False,0.6309523809523809
O75874,CHEMBL5410097,36561,False,False,0.6438356164383562
O75874,CHEMBL5410611,36561,False,False,0.6103896103896104
O75874,CHEMBL5413084,36561,False,False,0.5949367088607594
O75874,CHEMBL5403346,36561,False,False,0.5662650602409639
O75874,CHEMBL5408062,36561,False,False,0.5662650602409639
O75874,CHEMBL5400037,36561,False,False,0.5681818181818182
O75874,CHEMBL5436629,36561,False,False,0.6956521739130435
O75874,CHEMBL5414869,36561,False,False,0.35064935064935066
O75874,CHEMBL5425321,36561,False,False,0.6527777777777778
O75874,CHEMBL5436810,36561,False,False,0.7352941176470589
O75874,CHEMBL5408544,36561,False,False,0.2716049382716049
O75874,CHEMBL5426446,36561,False,False,0.9848484848484849
O94925,CHEMBL5427008,16535,False,False,0.7936507936507936
O94925,CHEMBL5409568,16535,False,False,0.6805555555555556
O94925,CHEMBL5415915,16535,False,False,0.8591549295774648
O94925,CHEMBL5405118,16535,False,False,0.726027397260274
O94925,CHEMBL5404634,16535,False,False,0.6545454545454545
O94925,CHEMBL5435169,16535,False,False,0.4883720930232558
O94925,CHEMBL5409517,16535,False,False,0.4772727272727273
O94925,CHEMBL5396896,16535,False,False,0.7936507936507936
O94925,CHEMBL5411562,16535,False,False,0.7746478873239436
O94925,CHEMBL5411945,16535,False,False,0.7714285714285715
O94925,CHEMBL5433686,16535,False,False,0.7631578947368421
O94925,CHEMBL5415283,16535,False,False,0.8676470588235294
O94925,CHEMBL5428990,16535,False,False,0.8676470588235294
O94925,CHEMBL5428837,16535,False,False,0.8805970149253731
O94925,CHEMBL5394045,16535,False,False,0.8805970149253731
O94925,CHEMBL5412557,16535,False,False,0.9384615384615385
O94925,CHEMBL5429833,16535,False,False,0.9384615384615385
O94925,CHEMBL5439210,16535,False,False,0.5714285714285714
O94925,CHEMBL5411575,16535,False,False,0.9384615384615385
O94925,CHEMBL5401042,16535,False,False,0.6379310344827587
O94925,CHEMBL5398509,16535,False,False,0.525
O94925,CHEMBL5422173,16535,False,False,0.8225806451612904
O94925,CHEMBL5417938,16535,False,False,0.819672131147541
O94925,CHEMBL5437177,16535,False,False,0.84375
O94925,CHEMBL5436876,16535,False,False,0.8615384615384616
O94925,CHEMBL5423461,16535,False,False,0.7681159420289855
O94925,CHEMBL5416007,16535,False,False,0.7571428571428571
O94925,CHEMBL5396169,16535,False,False,0.7571428571428571
O94925,CHEMBL5433758,16535,False,False,0.49411764705882355
O94925,CHEMBL5399021,16535,False,False,0.6666666666666666
O94925,CHEMBL5396294,16535,False,False,0.7571428571428571
O94925,CHEMBL5396133,16535,False,False,0.7123287671232876
O94925,CHEMBL5419657,16535,False,False,0.7681159420289855
O94925,CHEMBL5399908,16535,False,False,0.5060240963855421
O94925,CHEMBL5427312,16535,False,False,0.49411764705882355
O94925,CHEMBL5414948,16535,False,False,0.6027397260273972
O94925,CHEMBL5399039,16535,False,False,0.6842105263157895
O94925,CHEMBL5414772,16535,False,False,0.7222222222222222
O94925,CHEMBL5416991,16535,False,False,0.7794117647058824
O94925,CHEMBL5426671,16535,False,False,0.5185185185185185
O94925,CHEMBL5407314,16535,False,False,0.5060240963855421
O94925,CHEMBL5414848,16535,False,False,0.6521739130434783
O94925,CHEMBL5420513,16535,False,False,0.56
O94925,CHEMBL5439818,16535,False,False,0.5967741935483871
O94925,CHEMBL5438137,16535,False,False,0.525
O94925,CHEMBL5397823,16535,False,False,0.578125
O94925,CHEMBL5407097,16535,False,False,0.5121951219512195
O94925,CHEMBL5427538,16535,False,False,0.6164383561643836
O94925,CHEMBL5436092,16535,False,False,0.6166666666666667
O94925,CHEMBL5439476,16535,False,False,0.5487804878048781
O94925,CHEMBL5415662,16535,False,False,0.5692307692307692
O94925,CHEMBL5412204,16535,False,False,0.5357142857142857
O94925,CHEMBL5399803,16535,False,False,0.5967741935483871
O94925,CHEMBL5427647,16535,False,False,0.578125
O94925,CHEMBL5437334,16535,False,False,0.5967741935483871
O94925,CHEMBL5399812,16535,False,False,0.5692307692307692
O94925,CHEMBL5412671,16535,False,False,0.5692307692307692
O94925,CHEMBL5430127,16535,False,False,0.5692307692307692
O94925,CHEMBL5399969,16535,False,False,0.5
O94925,CHEMBL5431067,16535,False,False,0.5692307692307692
O94925,CHEMBL5429509,16535,False,False,0.6379310344827587
O94925,CHEMBL5436285,16535,False,False,0.49411764705882355
O94925,CHEMBL5439110,16535,False,False,0.4827586206896552
O94925,CHEMBL5416840,16535,False,False,0.325
O94925,CHEMBL5395264,16535,False,False,0.34
O94925,CHEMBL5411097,16535,False,False,0.32
O94925,CHEMBL5429363,16535,False,False,0.5714285714285714
O94925,CHEMBL5427092,16535,False,False,0.49411764705882355
O94925,CHEMBL5414977,16535,False,False,0.5060240963855421
O94925,CHEMBL5402230,16535,False,False,0.4883720930232558
O94925,CHEMBL5431271,16535,False,False,0.525
O94925,CHEMBL5431644,16535,False,False,0.5185185185185185
O94925,CHEMBL5398009,16535,False,False,0.6231884057971014
O94925,CHEMBL5405323,16535,False,False,0.6271186440677966
O94925,CHEMBL5412885,16535,False,False,0.6379310344827587
O94925,CHEMBL5396735,16535,False,False,0.6271186440677966
O94925,CHEMBL5426166,16535,False,False,0.6166666666666667
O94925,CHEMBL5401295,16535,False,False,0.6271186440677966
O94925,CHEMBL5417574,16535,False,False,0.6065573770491803
O94925,CHEMBL5431922,16535,False,False,0.5692307692307692
O94925,CHEMBL5422733,16535,False,False,0.5967741935483871
O94925,CHEMBL5440854,16535,False,False,0.4722222222222222
O94925,CHEMBL5397149,16535,False,False,0.35
O94925,CHEMBL5429695,16535,False,False,0.38636363636363635
O96028,CHEMBL5402134,745,False,False,0.27631578947368424
O96028,CHEMBL5424751,745,False,False,0.3442622950819672
O96028,CHEMBL5403046,745,False,False,0.3442622950819672
O96028,CHEMBL5401066,745,False,False,0.3548387096774194
O96028,CHEMBL5435611,745,False,False,0.3548387096774194
O96028,CHEMBL5412710,745,False,False,0.4
O96028,CHEMBL5401031,745,False,False,0.4
O96028,CHEMBL5420895,745,False,False,0.2413793103448276
O96028,CHEMBL5412847,745,False,False,0.35185185185185186
O96028,CHEMBL5397372,745,False,False,0.30985915492957744
O96028,CHEMBL5419919,745,False,False,0.3870967741935484
O96028,CHEMBL5412582,745,False,False,0.3088235294117647
O96028,CHEMBL5433538,745,False,False,0.39622641509433965
O96028,CHEMBL5401919,745,False,False,0.37777777777777777
O96028,CHEMBL5441106,745,False,False,0.7794117647058824
O96028,CHEMBL5419286,745,False,False,0.3442622950819672
O96028,CHEMBL5397613,745,False,False,0.3442622950819672
O96028,CHEMBL5422301,745,False,False,0.3548387096774194
O96028,CHEMBL5402868,745,False,False,0.3548387096774194
O96028,CHEMBL5430389,745,False,False,0.40625
O96028,CHEMBL5406546,745,False,False,0.40625
O96028,CHEMBL5436306,745,False,False,0.3283582089552239
O96028,CHEMBL5402955,745,False,False,0.3283582089552239
O96028,CHEMBL5414580,745,False,False,0.14444444444444443
O96028,CHEMBL5427103,745,False,False,0.25
O96028,CHEMBL5418169,745,False,False,0.36231884057971014
O96028,CHEMBL5407373,745,False,False,0.34782608695652173
O96028,CHEMBL5431172,745,False,False,0.28125
O96028,CHEMBL5393738,745,False,False,0.2542372881355932
O96028,CHEMBL5418173,745,False,False,0.2903225806451613
O96028,CHEMBL5406268,745,False,False,0.34782608695652173
O96028,CHEMBL5408020,745,False,False,0.3695652173913043
O96028,CHEMBL5397204,745,False,False,0.34782608695652173
O96028,CHEMBL5428630,745,False,False,0.43636363636363634
P00533,CHEMBL5400371,15048,False,False,0.6595744680851063
P00533,CHEMBL5415196,15048,False,False,0.525
P00533,CHEMBL5427961,15048,False,False,0.49411764705882355
P00533,CHEMBL5432280,15048,False,False,0.4827586206896552
P00533,CHEMBL5431658,15048,False,False,0.4883720930232558
P00533,CHEMBL5432716,15048,False,False,0.47674418604651164
P00533,CHEMBL5435372,15048,False,False,0.4772727272727273
P00533,CHEMBL5398132,15048,False,False,0.4772727272727273
P00533,CHEMBL5413423,15048,False,False,0.5121951219512195
P00533,CHEMBL5416719,15048,False,False,0.5058823529411764
P00533,CHEMBL5422592,15048,False,False,0.46153846153846156
P00533,CHEMBL5426811,15048,False,False,0.46153846153846156
P00533,CHEMBL5403023,15048,False,False,0.4772727272727273
P00533,CHEMBL5437854,15048,False,False,0.4772727272727273
P00533,CHEMBL5420997,15048,False,False,0.5737704918032787
P00533,CHEMBL5406494,15048,False,False,0.618421052631579
P00533,CHEMBL5409123,15048,False,False,0.5802469135802469
P00533,CHEMBL5406792,15048,False,False,0.6052631578947368
P00533,CHEMBL5440626,15048,False,False,0.5795454545454546
P00533,CHEMBL5437343,15048,False,False,0.5730337078651685
P00533,CHEMBL5430958,15048,False,False,0.573170731707317
P00533,CHEMBL5422135,15048,False,False,0.8
P00533,CHEMBL5441041,15048,False,False,0.5232558139534884
P00533,CHEMBL5428368,15048,False,False,0.5555555555555556
P00533,CHEMBL5435463,15048,False,False,0.5875
P00533,CHEMBL5400012,15048,False,False,0.5116279069767442
P00533,CHEMBL5438475,15048,False,False,0.6818181818181818
P00533,CHEMBL5436101,15048,False,False,0.8524590163934426
P00533,CHEMBL5432017,15048,False,False,0.7741935483870968
P00533,CHEMBL5394139,15048,False,False,0.7014925373134329
P00533,CHEMBL5423938,15048,False,False,0.6811594202898551
P00533,CHEMBL5437181,15048,False,False,0.6811594202898551
P00533,CHEMBL5417638,15048,False,False,0.6714285714285714
P00533,CHEMBL5420051,15048,False,False,0.6956521739130435
P00533,CHEMBL5420947,15048,False,False,0.6486486486486487
P00533,CHEMBL5434109,15048,False,False,0.7101449275362319
P00533,CHEMBL5429210,15048,False,False,0.7313432835820896
P00533,CHEMBL5425734,15048,False,False,0.6857142857142857
P00533,CHEMBL5415565,15048,False,False,0.6666666666666666
P00533,CHEMBL5437252,15048,False,False,0.803030303030303
P00533,CHEMBL5408586,15048,False,False,0.7794117647058824
P00533,CHEMBL5429838,15048,False,False,0.6081081081081081
P00533,CHEMBL5408234,15048,False,False,0.5588235294117647
P00533,CHEMBL5401943,15048,False,False,0.46511627906976744
P00533,CHEMBL5404799,15048,False,False,0.5409836065573771
P00533,CHEMBL5403085,15048,False,False,0.6206896551724138
P00533,CHEMBL5408900,15048,False,False,0.36904761904761907
P00533,CHEMBL5400975,15048,False,False,0.5238095238095238
P00533,CHEMBL5413772,15048,False,False,0.5925925925925926
P00533,CHEMBL5405436,15048,False,False,0.7014925373134329
P00533,CHEMBL5402816,15048,False,False,0.4329896907216495
P00533,CHEMBL5414512,15048,False,False,0.4375
P00533,CHEMBL5418732,15048,False,False,0.5245901639344263
P00533,CHEMBL5416812,15048,False,False,0.44329896907216493
P00533,CHEMBL5415613,15048,False,False,0.5783132530120482
P00533,CHEMBL5415774,15048,False,False,0.5897435897435898
P00533,CHEMBL5438940,15048,False,False,0.3047619047619048
P00533,CHEMBL5408255,15048,False,False,0.3106796116504854
P00533,CHEMBL5404784,15048,False,False,0.3106796116504854
P00533,CHEMBL5400143,15048,False,False,0.4642857142857143
P00533,CHEMBL5417458,15048,False,False,0.4489795918367347
P00533,CHEMBL5401125,15048,False,False,0.5853658536585366
P00533,CHEMBL5427952,15048,False,False,0.6195652173913043
P00533,CHEMBL5410422,15048,False,False,0.5853658536585366
P00533,CHEMBL5434067,15048,False,False,0.7023809523809523
P00533,CHEMBL5405737,15048,False,False,0.5393258426966292
P00533,CHEMBL5401619,15048,False,False,0.5393258426966292
P00533,CHEMBL5398953,15048,False,False,0.4077669902912621
P00533,CHEMBL5427116,15048,False,False,0.7051282051282052
P00533,CHEMBL5436057,15048,False,False,0.7567567567567568
P00533,CHEMBL5422465,15048,False,False,0.6301369863013698
P00533,CHEMBL5417607,15048,False,False,0.6301369863013698
P00533,CHEMBL5434169,15048,False,False,0.47126436781609193
P00533,CHEMBL5412108,15048,False,False,0.4742268041237113
P00533,CHEMBL5424597,15048,False,False,0.3717948717948718
P00533,CHEMBL5409629,15048,False,False,0.3625
P00533,CHEMBL5420857,15048,False,False,0.3625
P00533,CHEMBL5404315,15048,False,False,0.38271604938271603
P00533,CHEMBL5418474,15048,False,False,0.5692307692307692
P00533,CHEMBL5431583,15048,False,False,0.5423728813559322
P00533,CHEMBL5413223,15048,False,False,0.41818181818181815
P00533,CHEMBL5432592,15048,False,False,0.5625
P00533,CHEMBL5436096,15048,False,False,0.5925925925925926
P00533,CHEMBL5434318,15048,False,False,0.5
P00533,CHEMBL5403478,15048,False,False,0.484375
P00533,CHEMBL5424694,15048,False,False,0.4603174603174603
P00533,CHEMBL5419520,15048,False,False,0.6101694915254238
P00533,CHEMBL5406951,15048,False,False,0.6101694915254238
P00533,CHEMBL5398727,15048,False,False,0.34
P00533,CHEMBL5420945,15048,False,False,0.49230769230769234
P00533,CHEMBL5425883,15048,False,False,0.3780487804878049
P00533,CHEMBL5406771,15048,False,False,0.4342105263157895
P00533,CHEMBL5439547,15048,False,False,0.4520547945205479
P00533,CHEMBL5440989,15048,False,False,0.48148148148148145
P00533,CHEMBL5435881,15048,False,False,0.4727272727272727
P00533,CHEMBL5439991,15048,False,False,0.49056603773584906
P00533,CHEMBL5423287,15048,False,False,0.48148148148148145
P00533,CHEMBL5435735,15048,False,False,0.48148148148148145
P00533,CHEMBL5401094,15048,False,False,0.4842105263157895
P00533,CHEMBL5431909,15048,False,False,0.926829268292683
P00533,CHEMBL5419934,15048,False,False,0.5064935064935064
P00533,CHEMBL5429059,15048,False,False,0.6944444444444444
P00533,CHEMBL5440872,15048,False,False,0.7733333333333333
P00533,CHEMBL5438568,15048,False,False,0.6307692307692307
P00533,CHEMBL5411378,15048,False,False,0.5423728813559322
P00533,CHEMBL5401705,15048,False,False,0.35802469135802467
P00533,CHEMBL5411347,15048,False,False,0.5227272727272727
P00533,CHEMBL5440766,15048,False,False,0.5932203389830508
P00533,CHEMBL5418313,15048,False,False,0.4523809523809524
P00533,CHEMBL5414964,15048,False,False,0.46774193548387094
P00533,CHEMBL5398855,15048,False,False,0.4523809523809524
P00533,CHEMBL5398800,15048,False,False,0.45161290322580644
P00533,CHEMBL5439126,15048,False,False,0.48484848484848486
P00533,CHEMBL5418087,15048,False,False,0.3972602739726027
P00533,CHEMBL5428404,15048,False,False,0.44776119402985076
P00533,CHEMBL5397490,15048,False,False,0.5238095238095238
P00533,CHEMBL5411617,15048,False,False,0.47761194029850745
P00533,CHEMBL5404033,15048,False,False,0.43661971830985913
P00533,CHEMBL5436321,15048,False,False,0.4411764705882353
P00533,CHEMBL5417494,15048,False,False,0.49206349206349204
P00533,CHEMBL5433431,15048,False,False,0.4
P00533,CHEMBL5439652,15048,False,False,0.2608695652173913
P00533,CHEMBL5395404,15048,False,False,0.2804878048780488
P00533,CHEMBL5425169,15048,False,False,0.2765957446808511
P00533,CHEMBL5411535,15048,False,False,0.4823529411764706
P00533,CHEMBL5397983,15048,False,False,0.46875
P00533,CHEMBL5401604,15048,False,False,0.5189873417721519
P00533,CHEMBL5429694,15048,False,False,0.47619047619047616
P00533,CHEMBL5430683,15048,False,False,0.46875
P00533,CHEMBL5421809,15048,False,False,0.5
P00533,CHEMBL5401490,15048,False,False,0.5054945054945055
P00533,CHEMBL5436634,15048,False,False,0.4642857142857143
P00533,CHEMBL5441026,15048,False,False,0.4642857142857143
P00533,CHEMBL5396183,15048,False,False,0.44680851063829785
P00533,CHEMBL5416668,15048,False,False,0.5416666666666666
P00533,CHEMBL5400539,15048,False,True,1.0
P00533,CHEMBL5397557,15048,False,False,0.7872340425531915
P00533,CHEMBL5439143,15048,False,False,0.5306122448979592
P00533,CHEMBL5425121,15048,False,False,0.5161290322580645
P00915,CHEMBL5433200,8870,False,False,0.7222222222222222
P00915,CHEMBL5418092,8870,False,False,0.7222222222222222
P00915,CHEMBL5431609,8870,False,False,0.7142857142857143
P00915,CHEMBL5434405,8870,False,False,0.7142857142857143
P00915,CHEMBL5399412,8870,False,False,0.6029411764705882
P00915,CHEMBL5410769,8870,False,False,0.6029411764705882
P00915,CHEMBL5430974,8870,False,False,0.7142857142857143
P00915,CHEMBL5420563,8870,False,False,0.7142857142857143
P00915,CHEMBL5434750,8870,False,False,0.49122807017543857
P00915,CHEMBL5394374,8870,False,False,0.6
P00915,CHEMBL5439211,8870,False,False,0.6
P00915,CHEMBL5420568,8870,False,False,0.46875
P00915,CHEMBL5429492,8870,False,False,0.5666666666666667
P00915,CHEMBL5425027,8870,False,False,0.36065573770491804
P00915,CHEMBL5406311,8870,False,False,0.46875
P00915,CHEMBL5418946,8870,False,False,0.5714285714285714
P00915,CHEMBL5395028,8870,False,False,0.4528301886792453
P00915,CHEMBL5408660,8870,False,False,0.45161290322580644
P00915,CHEMBL5394136,8870,False,False,0.3968253968253968
P00915,CHEMBL5428616,8870,False,False,0.5
P00915,CHEMBL5411236,8870,False,False,0.45454545454545453
P00915,CHEMBL5434644,8870,False,False,0.5535714285714286
P00915,CHEMBL5418325,8870,False,False,0.5
P00915,CHEMBL5418448,8870,False,False,0.625
P00915,CHEMBL5396521,8870,False,False,0.49206349206349204
P00915,CHEMBL5406454,8870,False,False,0.5471698113207547
P00915,CHEMBL5415157,8870,False,False,0.44642857142857145
P00915,CHEMBL5430687,8870,False,False,0.5636363636363636
P00915,CHEMBL5402415,8870,False,False,0.43548387096774194
P00915,CHEMBL5403443,8870,False,False,0.5625
P00915,CHEMBL5423785,8870,False,False,0.43636363636363634
P00915,CHEMBL5420806,8870,False,False,0.5471698113207547
P00915,CHEMBL5408282,8870,False,False,0.5471698113207547
P00915,CHEMBL5403015,8870,False,False,0.52
P00915,CHEMBL5418584,8870,False,False,0.5
P00915,CHEMBL5430954,8870,False,False,0.8
P00915,CHEMBL5398870,8870,False,False,0.6129032258064516
P00915,CHEMBL5408801,8870,False,False,0.7692307692307693
P00915,CHEMBL5427771,8870,False,False,0.59375
P00915,CHEMBL5412006,8870,False,False,0.5238095238095238
P00915,CHEMBL5408039,8870,False,False,0.4307692307692308
P00915,CHEMBL5417623,8870,False,False,0.5
P00915,CHEMBL5419120,8870,False,False,0.47619047619047616
P00915,CHEMBL5419562,8870,False,False,0.4827586206896552
P00915,CHEMBL5409839,8870,False,False,0.47058823529411764
P00915,CHEMBL5406763,8870,False,False,0.5102040816326531
P00915,CHEMBL5398527,8870,False,False,0.5961538461538461
P00915,CHEMBL5398482,8870,False,False,0.47058823529411764
P00915,CHEMBL5404478,8870,False,False,0.625
P00915,CHEMBL5430744,8870,False,False,0.5263157894736842
P00915,CHEMBL5404207,8870,False,False,0.4528301886792453
P00915,CHEMBL5432122,8870,False,False,0.4426229508196721
P00915,CHEMBL5400096,8870,False,False,0.4426229508196721
P00915,CHEMBL5427772,8870,False,False,0.45454545454545453
P00915,CHEMBL5439825,8870,False,False,0.45614035087719296
P00915,CHEMBL5424006,8870,False,False,0.5753424657534246
P00915,CHEMBL5419432,8870,False,False,0.4691358024691358
P00915,CHEMBL5409853,8870,False,False,0.639344262295082
P00915,CHEMBL5436128,8870,False,False,0.5
P00915,CHEMBL5411012,8870,False,False,0.4393939393939394
P00915,CHEMBL5427767,8870,False,False,0.3709677419354839
P00915,CHEMBL5412673,8870,False,False,0.4444444444444444
P00915,CHEMBL5413719,8870,False,False,0.42857142857142855
P00915,CHEMBL5434757,8870,False,False,0.4375
P00915,CHEMBL5431226,8870,False,False,0.45454545454545453
P00915,CHEMBL5400438,8870,False,False,0.4696969696969697
P00915,CHEMBL5422561,8870,False,False,0.45161290322580644
P00915,CHEMBL5399183,8870,False,False,0.5507246376811594
P00915,CHEMBL5437429,8870,False,False,0.5189873417721519
P00915,CHEMBL5431631,8870,False,False,0.7413793103448276
P00915,CHEMBL5411887,8870,False,False,0.5757575757575758
P00915,CHEMBL5408930,8870,False,False,0.6
P00915,CHEMBL5422492,8870,False,False,0.5972222222222222
P00915,CHEMBL5438275,8870,False,False,0.4696969696969697
P00915,CHEMBL5411466,8870,False,False,0.5573770491803278
P00915,CHEMBL5419182,8870,False,False,0.4878048780487805
P00915,CHEMBL5428815,8870,False,False,0.6938775510204082
P00915,CHEMBL5435073,8870,False,False,0.7704918032786885
P00915,CHEMBL5438823,8870,False,False,0.5507246376811594
P00915,CHEMBL5406041,8870,False,False,0.4666666666666667
P00915,CHEMBL5402391,8870,False,False,0.5166666666666667
P00915,CHEMBL5438178,8870,False,False,0.5194805194805194
P00915,CHEMBL5433495,8870,False,False,0.609375
P00915,CHEMBL5440256,8870,False,False,0.5087719298245614
P00915,CHEMBL5439068,8870,False,False,0.6727272727272727
P00915,CHEMBL5406460,8870,False,False,0.5555555555555556
P00915,CHEMBL5401486,8870,False,False,0.49230769230769234
P00915,CHEMBL5424643,8870,False,False,0.5862068965517241
P00915,CHEMBL5438359,8870,False,False,0.6949152542372882
P00915,CHEMBL5395842,8870,False,False,0.5571428571428572
P00915,CHEMBL5402861,8870,False,False,0.5
P00915,CHEMBL5422807,8870,False,False,0.5
P00915,CHEMBL5415701,8870,False,False,0.5365853658536586
P00915,CHEMBL5417652,8870,False,False,0.52
P00915,CHEMBL5430843,8870,False,False,0.4482758620689655
P00915,CHEMBL5415971,8870,False,False,0.3793103448275862
P00915,CHEMBL5434579,8870,False,False,0.38596491228070173
P00915,CHEMBL5427495,8870,False,False,0.4426229508196721
P00915,CHEMBL5396279,8870,False,False,0.39655172413793105
P00915,CHEMBL5427064,8870,False,False,0.45454545454545453
P00915,CHEMBL5434717,8870,False,False,0.39285714285714285
P00915,CHEMBL5405313,8870,False,False,0.5576923076923077
P00915,CHEMBL5428119,8870,False,False,0.5686274509803921
P00915,CHEMBL5399497,8870,False,False,0.7758620689655172
P00915,CHEMBL5406828,8870,False,False,0.5370370370370371
P00915,CHEMBL5421787,8870,False,False,0.5471698113207547
P00915,CHEMBL5410832,8870,False,False,0.5660377358490566
P00915,CHEMBL5396229,8870,False,False,0.576271186440678
P00915,CHEMBL5400915,8870,False,False,0.4528301886792453
P00915,CHEMBL5423723,8870,False,False,0.5423728813559322
P00915,CHEMBL5409485,8870,False,False,0.5806451612903226
P00915,CHEMBL5411876,8870,False,False,0.52
P00915,CHEMBL5430806,8870,False,False,0.4878048780487805
P00915,CHEMBL5427215,8870,False,False,0.39655172413793105
P00915,CHEMBL5418987,8870,False,False,0.39344262295081966
P00915,CHEMBL5417966,8870,False,False,0.5476190476190477
P00915,CHEMBL5427397,8870,False,False,0.5098039215686274
P00915,CHEMBL5393899,8870,False,False,0.4861111111111111
P00915,CHEMBL5416640,8870,False,False,0.5897435897435898
P00915,CHEMBL5399753,8870,False,False,0.8085106382978723
P00915,CHEMBL5432003,8870,False,False,0.6739130434782609
P00915,CHEMBL5399026,8870,False,False,0.6739130434782609
P00915,CHEMBL5413773,8870,False,False,0.5490196078431373
P00915,CHEMBL5416330,8870,False,False,0.509090909090909
P00915,CHEMBL5429247,8870,False,False,0.625
P00915,CHEMBL5438146,8870,False,False,0.5471698113207547
P00915,CHEMBL5400590,8870,False,False,0.625
P00915,CHEMBL5423705,8870,False,False,0.6666666666666666
P00915,CHEMBL5420340,8870,False,False,0.5740740740740741
P00915,CHEMBL5418256,8870,False,False,0.5892857142857143
P00915,CHEMBL5408414,8870,False,False,0.5892857142857143
P00915,CHEMBL5422630,8870,False,False,0.5454545454545454
P00915,CHEMBL5412024,8870,False,False,0.41333333333333333
P00915,CHEMBL5424738,8870,False,False,0.5344827586206896
P00915,CHEMBL5423986,8870,False,False,0.45454545454545453
P00915,CHEMBL5439333,8870,False,False,0.5333333333333333
P00915,CHEMBL5435748,8870,False,False,0.5333333333333333
P00915,CHEMBL5422747,8870,False,False,0.5161290322580645
P00915,CHEMBL5423626,8870,False,False,0.37777777777777777
P00915,CHEMBL5407099,8870,False,False,0.44776119402985076
P00915,CHEMBL5439232,8870,False,False,0.47619047619047616
P00915,CHEMBL5412326,8870,False,False,0.38636363636363635
P00915,CHEMBL5404854,8870,False,False,0.375
P00915,CHEMBL5434475,8870,False,False,0.38461538461538464
P00915,CHEMBL5398061,8870,False,False,0.41935483870967744
P00915,CHEMBL5422153,8870,False,False,0.44776119402985076
P00915,CHEMBL5395857,8870,False,False,0.4142857142857143
P00915,CHEMBL5397659,8870,False,False,0.5084745762711864
P00915,CHEMBL5419752,8870,False,False,0.5692307692307692
P00915,CHEMBL5404038,8870,False,False,0.5645161290322581
P00915,CHEMBL5439318,8870,False,False,0.4603174603174603
P00915,CHEMBL5405279,8870,False,False,0.5
P00915,CHEMBL5437142,8870,False,False,0.5344827586206896
P00915,CHEMBL5420020,8870,False,False,0.4745762711864407
P00915,CHEMBL5432770,8870,False,False,0.4393939393939394
P00915,CHEMBL5395679,8870,False,False,0.45901639344262296
P00915,CHEMBL5424727,8870,False,False,0.4745762711864407
P00915,CHEMBL5425125,8870,False,False,0.375
P00915,CHEMBL5412351,8870,False,False,0.5
P00915,CHEMBL5424664,8870,False,False,0.4918032786885246
P00915,CHEMBL5420931,8870,False,False,0.4852941176470588
P00915,CHEMBL5417084,8870,False,False,0.44776119402985076
P00915,CHEMBL5430482,8870,False,False,0.4142857142857143
P00915,CHEMBL5414077,8870,False,False,0.5084745762711864
P00915,CHEMBL5402143,8870,False,False,0.5692307692307692
P00915,CHEMBL5426216,8870,False,False,0.5645161290322581
P00915,CHEMBL5413021,8870,False,False,0.4603174603174603
P00915,CHEMBL5402145,8870,False,False,0.5
P00915,CHEMBL5438010,8870,False,False,0.5344827586206896
P00915,CHEMBL5421531,8870,False,False,0.4745762711864407
P00915,CHEMBL5411936,8870,False,False,0.4393939393939394
P00915,CHEMBL5419447,8870,False,False,0.45901639344262296
P00915,CHEMBL5396393,8870,False,False,0.4745762711864407
P00915,CHEMBL5409658,8870,False,False,0.375
P00915,CHEMBL5413693,8870,False,False,0.5
P00915,CHEMBL5429073,8870,False,False,0.4918032786885246
P00915,CHEMBL5401434,8870,False,False,0.4852941176470588
P00915,CHEMBL5402497,8870,False,False,0.55
P00915,CHEMBL5412870,8870,False,False,0.509090909090909
P00915,CHEMBL5432551,8870,False,False,0.7916666666666666
P00915,CHEMBL5419500,8870,False,False,0.6964285714285714
P00915,CHEMBL5420864,8870,False,False,0.8214285714285714
P00915,CHEMBL5432940,8870,False,False,0.676923076923077
P00915,CHEMBL5402055,8870,False,False,0.7719298245614035
P00915,CHEMBL5419817,8870,False,False,0.76
P00915,CHEMBL5422706,8870,False,False,0.6451612903225806
P00915,CHEMBL5425202,8870,False,False,0.5
P00915,CHEMBL5433765,8870,False,False,0.6140350877192983
P00915,CHEMBL5420539,8870,False,False,0.6451612903225806
P00915,CHEMBL5395423,8870,False,False,0.5
P00915,CHEMBL5405733,8870,False,False,0.7272727272727273
P00915,CHEMBL5403355,8870,False,False,0.5901639344262295
P00915,CHEMBL5407842,8870,False,False,0.609375
P00915,CHEMBL5396530,8870,False,False,0.576271186440678
P00915,CHEMBL5397521,8870,False,False,0.609375
P00915,CHEMBL5439370,8870,False,False,0.6666666666666666
P00915,CHEMBL5415949,8870,False,False,0.6666666666666666
P00915,CHEMBL5395274,8870,False,False,0.45161290322580644
P00915,CHEMBL5407876,8870,False,False,0.44642857142857145
P00915,CHEMBL5430374,8870,False,False,0.4909090909090909
P00915,CHEMBL5403578,8870,False,False,0.4528301886792453
P00915,CHEMBL5439016,8870,False,False,0.4444444444444444
P00915,CHEMBL5430474,8870,False,False,0.4716981132075472
P00915,CHEMBL5439521,8870,False,False,0.36065573770491804
P00915,CHEMBL5433722,8870,False,False,0.6666666666666666
P00915,CHEMBL5416307,8870,False,False,0.574468085106383
P00915,CHEMBL5402383,8870,False,False,0.6086956521739131
P00915,CHEMBL5397739,8870,False,False,0.6086956521739131
P00915,CHEMBL5399974,8870,False,False,0.38095238095238093
P00915,CHEMBL5420429,8870,False,False,0.6271186440677966
P00915,CHEMBL5414672,8870,False,False,0.5671641791044776
P00915,CHEMBL5413921,8870,False,False,0.5757575757575758
P00915,CHEMBL5423604,8870,False,False,0.59375
P00915,CHEMBL5436862,8870,False,False,0.6065573770491803
P00915,CHEMBL5422102,8870,False,False,0.5277777777777778
P00915,CHEMBL5406077,8870,False,False,0.5344827586206896
P00915,CHEMBL5440906,8870,False,False,0.5161290322580645
P00915,CHEMBL5440763,8870,False,False,0.49206349206349204
P00915,CHEMBL5436282,8870,False,False,0.4909090909090909
P00915,CHEMBL5411702,8870,False,False,0.5161290322580645
P00915,CHEMBL5414836,8870,False,False,0.49206349206349204
P00915,CHEMBL5418786,8870,False,False,0.5806451612903226
P00915,CHEMBL5412077,8870,False,False,0.5818181818181818
P00915,CHEMBL5433578,8870,False,False,0.5370370370370371
P00915,CHEMBL5399204,8870,False,False,0.5072463768115942
P00915,CHEMBL5433154,8870,False,False,0.5147058823529411
P00915,CHEMBL5409881,8870,False,False,0.5555555555555556
P00915,CHEMBL5403938,8870,False,False,0.5072463768115942
P00915,CHEMBL5421790,8870,False,False,0.5147058823529411
P00915,CHEMBL5432812,8870,False,False,0.5535714285714286
P00915,CHEMBL5408885,8870,False,False,0.6825396825396826
P00915,CHEMBL5403077,8870,False,False,0.5866666666666667
P00915,CHEMBL5420858,8870,False,False,0.5507246376811594
P00915,CHEMBL5396677,8870,False,False,0.5277777777777778
P00915,CHEMBL5413403,8870,False,False,0.6153846153846154
P00915,CHEMBL5410282,8870,False,False,0.43636363636363634
P00915,CHEMBL5422467,8870,False,False,0.5294117647058824
P00915,CHEMBL5417595,8870,False,False,0.40789473684210525
P00915,CHEMBL5402892,8870,False,False,0.6885245901639344
P00915,CHEMBL5421078,8870,False,False,0.4482758620689655
P00915,CHEMBL5435151,8870,False,False,0.45614035087719296
P00915,CHEMBL5404239,8870,False,False,0.5166666666666667
P00915,CHEMBL5440220,8870,False,False,0.5
P00915,CHEMBL5400662,8870,False,False,0.5
P00915,CHEMBL5436091,8870,False,False,0.425531914893617
P00915,CHEMBL5415766,8870,False,False,0.45454545454545453
P00915,CHEMBL5431518,8870,False,False,0.5454545454545454
P00918,CHEMBL5433200,10653,False,False,0.7222222222222222
P00918,CHEMBL5418092,10653,False,False,0.7222222222222222
P00918,CHEMBL5431609,10653,False,False,0.7142857142857143
P00918,CHEMBL5434405,10653,False,False,0.7142857142857143
P00918,CHEMBL5414353,10653,False,False,0.47761194029850745
P00918,CHEMBL5399412,10653,False,False,0.6029411764705882
P00918,CHEMBL5410769,10653,False,False,0.6029411764705882
P00918,CHEMBL5430974,10653,False,False,0.7142857142857143
P00918,CHEMBL5420563,10653,False,False,0.7142857142857143
P00918,CHEMBL5422580,10653,False,False,0.49122807017543857
P00918,CHEMBL5434750,10653,False,False,0.49122807017543857
P00918,CHEMBL5394374,10653,False,False,0.6
P00918,CHEMBL5439211,10653,False,False,0.6
P00918,CHEMBL5420568,10653,False,False,0.46875
P00918,CHEMBL5429492,10653,False,False,0.5666666666666667
P00918,CHEMBL5425027,10653,False,False,0.36065573770491804
P00918,CHEMBL5406311,10653,False,False,0.46875
P00918,CHEMBL5418946,10653,False,False,0.5714285714285714
P00918,CHEMBL5395028,10653,False,False,0.4528301886792453
P00918,CHEMBL5408660,10653,False,False,0.45161290322580644
P00918,CHEMBL5394136,10653,False,False,0.3968253968253968
P00918,CHEMBL5428616,10653,False,False,0.5
P00918,CHEMBL5411236,10653,False,False,0.45454545454545453
P00918,CHEMBL5434644,10653,False,False,0.5535714285714286
P00918,CHEMBL5418325,10653,False,False,0.5
P00918,CHEMBL5418448,10653,False,False,0.625
P00918,CHEMBL5396521,10653,False,False,0.49206349206349204
P00918,CHEMBL5406454,10653,False,False,0.5471698113207547
P00918,CHEMBL5415157,10653,False,False,0.44642857142857145
P00918,CHEMBL5430687,10653,False,False,0.5636363636363636
P00918,CHEMBL5402415,10653,False,False,0.43548387096774194
P00918,CHEMBL5403443,10653,False,False,0.5625
P00918,CHEMBL5423785,10653,False,False,0.43636363636363634
P00918,CHEMBL5420806,10653,False,False,0.5471698113207547
P00918,CHEMBL5408282,10653,False,False,0.5471698113207547
P00918,CHEMBL5403015,10653,False,False,0.52
P00918,CHEMBL5418584,10653,False,False,0.5
P00918,CHEMBL5430954,10653,False,False,0.8
P00918,CHEMBL5398870,10653,False,False,0.6129032258064516
P00918,CHEMBL5408801,10653,False,False,0.7692307692307693
P00918,CHEMBL5427771,10653,False,False,0.59375
P00918,CHEMBL5412006,10653,False,False,0.5238095238095238
P00918,CHEMBL5408039,10653,False,False,0.4307692307692308
P00918,CHEMBL5417623,10653,False,False,0.5
P00918,CHEMBL5419120,10653,False,False,0.47619047619047616
P00918,CHEMBL5419562,10653,False,False,0.4827586206896552
P00918,CHEMBL5409839,10653,False,False,0.47058823529411764
P00918,CHEMBL5406763,10653,False,False,0.5102040816326531
P00918,CHEMBL5398527,10653,False,False,0.5961538461538461
P00918,CHEMBL5398482,10653,False,False,0.47058823529411764
P00918,CHEMBL5404478,10653,False,False,0.625
P00918,CHEMBL5430744,10653,False,False,0.5263157894736842
P00918,CHEMBL5404207,10653,False,False,0.4528301886792453
P00918,CHEMBL5432122,10653,False,False,0.4426229508196721
P00918,CHEMBL5400096,10653,False,False,0.4426229508196721
P00918,CHEMBL5427772,10653,False,False,0.45454545454545453
P00918,CHEMBL5439825,10653,False,False,0.45614035087719296
P00918,CHEMBL5424006,10653,False,False,0.5753424657534246
P00918,CHEMBL5419432,10653,False,False,0.4691358024691358
P00918,CHEMBL5409853,10653,False,False,0.639344262295082
P00918,CHEMBL5435757,10653,False,False,0.5
P00918,CHEMBL5436128,10653,False,False,0.5
P00918,CHEMBL5411012,10653,False,False,0.4393939393939394
P00918,CHEMBL5427767,10653,False,False,0.3709677419354839
P00918,CHEMBL5412673,10653,False,False,0.4444444444444444
P00918,CHEMBL5413719,10653,False,False,0.42857142857142855
P00918,CHEMBL5434757,10653,False,False,0.4375
P00918,CHEMBL5431226,10653,False,False,0.45454545454545453
P00918,CHEMBL5400438,10653,False,False,0.4696969696969697
P00918,CHEMBL5422561,10653,False,False,0.45161290322580644
P00918,CHEMBL5399183,10653,False,False,0.5507246376811594
P00918,CHEMBL5437429,10653,False,False,0.5189873417721519
P00918,CHEMBL5418551,10653,False,False,0.5757575757575758
P00918,CHEMBL5417736,10653,False,False,0.47692307692307695
P00918,CHEMBL5431631,10653,False,False,0.7413793103448276
P00918,CHEMBL5411887,10653,False,False,0.5757575757575758
P00918,CHEMBL5408930,10653,False,False,0.6
P00918,CHEMBL5406683,10653,False,False,0.5074626865671642
P00918,CHEMBL5414681,10653,False,False,0.5303030303030303
P00918,CHEMBL5405122,10653,False,False,0.47619047619047616
P00918,CHEMBL5422492,10653,False,False,0.5972222222222222
P00918,CHEMBL5438275,10653,False,False,0.4696969696969697
P00918,CHEMBL5411466,10653,False,False,0.5573770491803278
P00918,CHEMBL5419182,10653,False,False,0.4878048780487805
P00918,CHEMBL5428815,10653,False,False,0.6938775510204082
P00918,CHEMBL5435073,10653,False,False,0.7704918032786885
P00918,CHEMBL5438823,10653,False,False,0.5507246376811594
P00918,CHEMBL5406041,10653,False,False,0.4666666666666667
P00918,CHEMBL5402391,10653,False,False,0.5166666666666667
P00918,CHEMBL5438178,10653,False,False,0.5194805194805194
P00918,CHEMBL5438727,10653,False,False,0.484375
P00918,CHEMBL5433495,10653,False,False,0.609375
P00918,CHEMBL5440256,10653,False,False,0.5087719298245614
P00918,CHEMBL5433631,10653,False,False,0.4838709677419355
P00918,CHEMBL5439068,10653,False,False,0.6727272727272727
P00918,CHEMBL5406460,10653,False,False,0.5555555555555556
P00918,CHEMBL5401486,10653,False,False,0.49230769230769234
P00918,CHEMBL5424643,10653,False,False,0.5862068965517241
P00918,CHEMBL5438359,10653,False,False,0.6949152542372882
P00918,CHEMBL5395842,10653,False,False,0.5571428571428572
P00918,CHEMBL5402861,10653,False,False,0.5
P00918,CHEMBL5422807,10653,False,False,0.5
P00918,CHEMBL5415701,10653,False,False,0.5365853658536586
P00918,CHEMBL5417652,10653,False,False,0.52
P00918,CHEMBL5430843,10653,False,False,0.4482758620689655
P00918,CHEMBL5415971,10653,False,False,0.4339622641509434
P00918,CHEMBL5434579,10653,False,False,0.4423076923076923
P00918,CHEMBL5427495,10653,False,False,0.4426229508196721
P00918,CHEMBL5396279,10653,False,False,0.42592592592592593
P00918,CHEMBL5427064,10653,False,False,0.45454545454545453
P00918,CHEMBL5434717,10653,False,False,0.39285714285714285
P00918,CHEMBL5405313,10653,False,False,0.5576923076923077
P00918,CHEMBL5428119,10653,False,False,0.5686274509803921
P00918,CHEMBL5399497,10653,False,False,0.7758620689655172
P00918,CHEMBL5416544,10653,False,False,0.546875
P00918,CHEMBL5413914,10653,False,False,0.546875
P00918,CHEMBL5435567,10653,False,False,0.5
P00918,CHEMBL5406828,10653,False,False,0.5370370370370371
P00918,CHEMBL5421787,10653,False,False,0.6037735849056604
P00918,CHEMBL5410832,10653,False,False,0.5660377358490566
P00918,CHEMBL5396229,10653,False,False,0.576271186440678
P00918,CHEMBL5400915,10653,False,False,0.4528301886792453
P00918,CHEMBL5423723,10653,False,False,0.5423728813559322
P00918,CHEMBL5409485,10653,False,False,0.5806451612903226
P00918,CHEMBL5411876,10653,False,False,0.52
P00918,CHEMBL5430806,10653,False,False,0.4878048780487805
P00918,CHEMBL5427215,10653,False,False,0.5111111111111111
P00918,CHEMBL5418987,10653,False,False,0.5319148936170213
P00918,CHEMBL5417966,10653,False,False,0.5476190476190477
P00918,CHEMBL5427397,10653,False,False,0.5098039215686274
P00918,CHEMBL5393899,10653,False,False,0.4861111111111111
P00918,CHEMBL5416640,10653,False,False,0.5897435897435898
P00918,CHEMBL5399753,10653,False,False,0.8085106382978723
P00918,CHEMBL5432003,10653,False,False,0.6739130434782609
P00918,CHEMBL5399026,10653,False,False,0.6739130434782609
P00918,CHEMBL5413773,10653,False,False,0.5490196078431373
P00918,CHEMBL5416330,10653,False,False,0.509090909090909
P00918,CHEMBL5429247,10653,False,False,0.625
P00918,CHEMBL5438146,10653,False,False,0.5471698113207547
P00918,CHEMBL5400590,10653,False,False,0.625
P00918,CHEMBL5423705,10653,False,False,0.6666666666666666
P00918,CHEMBL5420340,10653,False,False,0.5740740740740741
P00918,CHEMBL5418256,10653,False,False,0.5892857142857143
P00918,CHEMBL5408414,10653,False,False,0.5892857142857143
P00918,CHEMBL5422630,10653,False,False,0.5454545454545454
P00918,CHEMBL5412024,10653,False,False,0.41333333333333333
P00918,CHEMBL5424738,10653,False,False,0.5344827586206896
P00918,CHEMBL5423986,10653,False,False,0.45454545454545453
P00918,CHEMBL5439333,10653,False,False,0.5333333333333333
P00918,CHEMBL5435748,10653,False,False,0.5333333333333333
P00918,CHEMBL5422747,10653,False,False,0.5161290322580645
P00918,CHEMBL5423626,10653,False,False,0.37777777777777777
P00918,CHEMBL5407099,10653,False,False,0.44776119402985076
P00918,CHEMBL5439232,10653,False,False,0.47619047619047616
P00918,CHEMBL5412326,10653,False,False,0.38636363636363635
P00918,CHEMBL5404854,10653,False,False,0.375
P00918,CHEMBL5434475,10653,False,False,0.38461538461538464
P00918,CHEMBL5398061,10653,False,False,0.41935483870967744
P00918,CHEMBL5422153,10653,False,False,0.44776119402985076
P00918,CHEMBL5395857,10653,False,False,0.4142857142857143
P00918,CHEMBL5397659,10653,False,False,0.5084745762711864
P00918,CHEMBL5419752,10653,False,False,0.5692307692307692
P00918,CHEMBL5404038,10653,False,False,0.5645161290322581
P00918,CHEMBL5439318,10653,False,False,0.4603174603174603
P00918,CHEMBL5405279,10653,False,False,0.5
P00918,CHEMBL5437142,10653,False,False,0.5344827586206896
P00918,CHEMBL5420020,10653,False,False,0.4745762711864407
P00918,CHEMBL5432770,10653,False,False,0.4393939393939394
P00918,CHEMBL5395679,10653,False,False,0.45901639344262296
P00918,CHEMBL5424727,10653,False,False,0.4745762711864407
P00918,CHEMBL5425125,10653,False,False,0.375
P00918,CHEMBL5412351,10653,False,False,0.5
P00918,CHEMBL5424664,10653,False,False,0.4918032786885246
P00918,CHEMBL5420931,10653,False,False,0.4852941176470588
P00918,CHEMBL5417084,10653,False,False,0.44776119402985076
P00918,CHEMBL5430482,10653,False,False,0.4142857142857143
P00918,CHEMBL5414077,10653,False,False,0.5084745762711864
P00918,CHEMBL5402143,10653,False,False,0.5692307692307692
P00918,CHEMBL5426216,10653,False,False,0.5645161290322581
P00918,CHEMBL5413021,10653,False,False,0.4603174603174603
P00918,CHEMBL5402145,10653,False,False,0.5
P00918,CHEMBL5438010,10653,False,False,0.5344827586206896
P00918,CHEMBL5421531,10653,False,False,0.4745762711864407
P00918,CHEMBL5411936,10653,False,False,0.4393939393939394
P00918,CHEMBL5419447,10653,False,False,0.45901639344262296
P00918,CHEMBL5396393,10653,False,False,0.4745762711864407
P00918,CHEMBL5409658,10653,False,False,0.375
P00918,CHEMBL5413693,10653,False,False,0.5
P00918,CHEMBL5429073,10653,False,False,0.4918032786885246
P00918,CHEMBL5401434,10653,False,False,0.4852941176470588
P00918,CHEMBL5402497,10653,False,False,0.55
P00918,CHEMBL5412870,10653,False,False,0.509090909090909
P00918,CHEMBL5432551,10653,False,False,0.7916666666666666
P00918,CHEMBL5419500,10653,False,False,0.6964285714285714
P00918,CHEMBL5420864,10653,False,False,0.8214285714285714
P00918,CHEMBL5432940,10653,False,False,0.676923076923077
P00918,CHEMBL5402055,10653,False,False,0.7719298245614035
P00918,CHEMBL5419817,10653,False,False,0.76
P00918,CHEMBL5422706,10653,False,False,0.6451612903225806
P00918,CHEMBL5425202,10653,False,False,0.5
P00918,CHEMBL5433765,10653,False,False,0.6140350877192983
P00918,CHEMBL5420539,10653,False,False,0.6451612903225806
P00918,CHEMBL5395423,10653,False,False,0.5
P00918,CHEMBL5405733,10653,False,False,0.7272727272727273
P00918,CHEMBL5403355,10653,False,False,0.5901639344262295
P00918,CHEMBL5407842,10653,False,False,0.609375
P00918,CHEMBL5396530,10653,False,False,0.576271186440678
P00918,CHEMBL5397521,10653,False,False,0.609375
P00918,CHEMBL5439370,10653,False,False,0.6666666666666666
P00918,CHEMBL5415949,10653,False,False,0.6666666666666666
P00918,CHEMBL5395274,10653,False,False,0.45161290322580644
P00918,CHEMBL5407876,10653,False,False,0.44642857142857145
P00918,CHEMBL5430374,10653,False,False,0.4909090909090909
P00918,CHEMBL5403578,10653,False,False,0.4528301886792453
P00918,CHEMBL5439016,10653,False,False,0.4444444444444444
P00918,CHEMBL5430474,10653,False,False,0.4716981132075472
P00918,CHEMBL5439521,10653,False,False,0.36065573770491804
P00918,CHEMBL5433722,10653,False,False,0.6666666666666666
P00918,CHEMBL5416307,10653,False,False,0.574468085106383
P00918,CHEMBL5402383,10653,False,False,0.6086956521739131
P00918,CHEMBL5397739,10653,False,False,0.6086956521739131
P00918,CHEMBL5399974,10653,False,False,0.38095238095238093
P00918,CHEMBL5420429,10653,False,False,0.6271186440677966
P00918,CHEMBL5414672,10653,False,False,0.5671641791044776
P00918,CHEMBL5413921,10653,False,False,0.5757575757575758
P00918,CHEMBL5423604,10653,False,False,0.59375
P00918,CHEMBL5436862,10653,False,False,0.6065573770491803
P00918,CHEMBL5422102,10653,False,False,0.5277777777777778
P00918,CHEMBL5406077,10653,False,False,0.5344827586206896
P00918,CHEMBL5440906,10653,False,False,0.5161290322580645
P00918,CHEMBL5440763,10653,False,False,0.49206349206349204
P00918,CHEMBL5436282,10653,False,False,0.4909090909090909
P00918,CHEMBL5411702,10653,False,False,0.5161290322580645
P00918,CHEMBL5414836,10653,False,False,0.49206349206349204
P00918,CHEMBL5418786,10653,False,False,0.5806451612903226
P00918,CHEMBL5412077,10653,False,False,0.5818181818181818
P00918,CHEMBL5433578,10653,False,False,0.5370370370370371
P00918,CHEMBL5399204,10653,False,False,0.5072463768115942
P00918,CHEMBL5433154,10653,False,False,0.5147058823529411
P00918,CHEMBL5409881,10653,False,False,0.5555555555555556
P00918,CHEMBL5403938,10653,False,False,0.5072463768115942
P00918,CHEMBL5421790,10653,False,False,0.5147058823529411
P00918,CHEMBL5433629,10653,False,False,0.5079365079365079
P00918,CHEMBL5425764,10653,False,False,0.5079365079365079
P00918,CHEMBL5420500,10653,False,False,0.48333333333333334
P00918,CHEMBL5432812,10653,False,False,0.5535714285714286
P00918,CHEMBL5408885,10653,False,False,0.6825396825396826
P00918,CHEMBL5403077,10653,False,False,0.5866666666666667
P00918,CHEMBL5420858,10653,False,False,0.5507246376811594
P00918,CHEMBL5396677,10653,False,False,0.5277777777777778
P00918,CHEMBL5413403,10653,False,False,0.6153846153846154
P00918,CHEMBL5410282,10653,False,False,0.43636363636363634
P00918,CHEMBL5422467,10653,False,False,0.5294117647058824
P00918,CHEMBL5417595,10653,False,False,0.40789473684210525
P00918,CHEMBL5402892,10653,False,False,0.6885245901639344
P00918,CHEMBL5421078,10653,False,False,0.4482758620689655
P00918,CHEMBL5435151,10653,False,False,0.45614035087719296
P00918,CHEMBL5404239,10653,False,False,0.5166666666666667
P00918,CHEMBL5440220,10653,False,False,0.5
P00918,CHEMBL5400662,10653,False,False,0.5
P00918,CHEMBL5436091,10653,False,False,0.425531914893617
P00918,CHEMBL5415766,10653,False,False,0.45454545454545453
P00918,CHEMBL5431518,10653,False,False,0.5454545454545454
P01116,CHEMBL5405893,780,False,False,0.7029702970297029
P01116,CHEMBL5430615,780,False,False,0.6907216494845361
P01116,CHEMBL5436936,780,False,False,0.44
P01116,CHEMBL5394061,780,False,False,0.8444444444444444
P01116,CHEMBL5431314,780,False,False,0.38509316770186336
P01116,CHEMBL5406019,780,False,False,0.35664335664335667
P01116,CHEMBL5437416,780,False,False,0.35294117647058826
P01116,CHEMBL5397857,780,False,False,0.35714285714285715
P01116,CHEMBL5408905,780,False,False,0.3696969696969697
P01116,CHEMBL5401101,780,False,False,0.35714285714285715
P01116,CHEMBL5413564,780,False,False,0.3592814371257485
P01116,CHEMBL5415578,780,False,False,0.3284671532846715
P01116,CHEMBL5402298,780,False,False,0.3472222222222222
P01116,CHEMBL5408294,780,False,False,0.35172413793103446
P01116,CHEMBL5434304,780,False,False,0.463768115942029
P01116,CHEMBL5396905,780,False,False,0.5168539325842697
P01116,CHEMBL5397270,780,False,False,0.4823529411764706
P01116,CHEMBL5434387,780,False,False,0.4823529411764706
P01116,CHEMBL5436538,780,False,False,0.525
P01116,CHEMBL5423732,780,False,False,0.5844155844155844
P01116,CHEMBL5439404,780,False,False,0.5454545454545454
P01116,CHEMBL5411433,780,False,False,0.48314606741573035
P01116,CHEMBL5440242,780,False,False,0.45161290322580644
P01116,CHEMBL5411023,780,False,False,0.6395348837209303
P01116,CHEMBL5434277,780,False,False,0.5974025974025974
P01116,CHEMBL5430597,780,False,False,0.6907216494845361
P01116,CHEMBL5401145,780,False,False,0.8426966292134831
P01116,CHEMBL5420106,780,False,False,0.42276422764227645
P01116,CHEMBL5413109,780,False,False,0.45871559633027525
P01116,CHEMBL5429450,780,False,False,0.42424242424242425
P01116,CHEMBL5413213,780,False,False,0.4094488188976378
P01116,CHEMBL5407974,780,False,False,0.4406779661016949
P01116,CHEMBL5423141,780,False,False,0.41935483870967744
P01116,CHEMBL5440407,780,False,False,0.416
P01116,CHEMBL5432250,780,False,False,0.42276422764227645
P01116,CHEMBL5433325,780,False,False,0.4094488188976378
P01116,CHEMBL5399365,780,False,False,0.4369747899159664
P01116,CHEMBL5434458,780,False,False,0.40310077519379844
P01116,CHEMBL5407525,780,False,False,0.4262295081967213
P01116,CHEMBL5407640,780,False,False,0.4094488188976378
P01116,CHEMBL5439684,780,False,False,0.4126984126984127
P01116,CHEMBL5403842,780,False,False,0.4482758620689655
P01116,CHEMBL5421903,780,False,False,0.424
P01116,CHEMBL5400481,780,False,False,0.40625
P01116,CHEMBL5400366,780,False,False,0.424
P01116,CHEMBL5403626,780,False,False,0.41935483870967744
P01116,CHEMBL5401087,780,False,False,0.4094488188976378
P01116,CHEMBL5429318,780,False,False,0.4369747899159664
P01116,CHEMBL5438399,780,False,False,0.43333333333333335
P01116,CHEMBL5405632,780,False,False,0.42727272727272725
P01116,CHEMBL5426739,780,False,False,0.6597938144329897
P01116,CHEMBL5398980,780,False,False,0.7362637362637363
P03372,CHEMBL5408419,9580,False,False,0.8292682926829268
P03372,CHEMBL5435203,9580,False,False,0.5283018867924528
P03372,CHEMBL5419649,9580,False,False,0.6571428571428571
P03372,CHEMBL5414572,9580,False,False,0.6388888888888888
P03372,CHEMBL5428681,9580,False,False,0.6388888888888888
P03372,CHEMBL5406865,9580,False,False,0.7931034482758621
P03372,CHEMBL5398866,9580,False,False,0.6666666666666666
P03372,CHEMBL5432102,9580,False,False,0.6666666666666666
P03372,CHEMBL5432210,9580,False,False,0.616
P03372,CHEMBL5409872,9580,False,False,0.639344262295082
P03372,CHEMBL5425958,9580,False,False,0.6475409836065574
P03372,CHEMBL5430840,9580,False,False,0.624
P03372,CHEMBL5402062,9580,False,False,0.6475409836065574
P03372,CHEMBL5422265,9580,False,False,0.6021505376344086
P03372,CHEMBL5418457,9580,False,False,0.624
P03372,CHEMBL5438497,9580,False,False,0.6475409836065574
P03372,CHEMBL5394554,9580,False,False,0.624
P03372,CHEMBL5421913,9580,False,False,0.624
P03372,CHEMBL5397899,9580,False,False,0.624
P03372,CHEMBL5436713,9580,False,False,0.6716417910447762
P03372,CHEMBL5435743,9580,False,False,0.6521739130434783
P03372,CHEMBL5423781,9580,False,False,0.6521739130434783
P03372,CHEMBL5394879,9580,False,False,0.6818181818181818
P03372,CHEMBL5423408,9580,False,False,0.6818181818181818
P03372,CHEMBL5403080,9580,False,False,0.6197183098591549
P03372,CHEMBL5407335,9580,False,False,0.581081081081081
P03372,CHEMBL5414659,9580,False,False,0.5733333333333334
P03372,CHEMBL5424929,9580,False,False,0.6056338028169014
P03372,CHEMBL5426251,9580,False,False,0.6
P03372,CHEMBL5423258,9580,False,False,0.581081081081081
P03372,CHEMBL5414261,9580,False,False,0.8181818181818182
P03372,CHEMBL5433532,9580,False,False,0.782608695652174
P03372,CHEMBL5398724,9580,False,False,0.782608695652174
P03372,CHEMBL5396802,9580,False,True,1.0
P03372,CHEMBL5409541,9580,False,False,0.5714285714285714
P03372,CHEMBL5417949,9580,False,False,0.5877862595419847
P03372,CHEMBL5404699,9580,False,False,0.7818181818181819
P03372,CHEMBL5420394,9580,False,False,0.7413793103448276
P03372,CHEMBL5427513,9580,False,False,0.7413793103448276
P03372,CHEMBL5403840,9580,False,False,0.7375
P03372,CHEMBL5406802,9580,False,False,0.5747126436781609
P03372,CHEMBL5424786,9580,False,False,0.6341463414634146
P03372,CHEMBL5417452,9580,False,False,0.6551724137931034
P03372,CHEMBL5426947,9580,False,False,0.6551724137931034
P03372,CHEMBL5398397,9580,False,False,0.5846153846153846
P03372,CHEMBL5413289,9580,False,False,0.6062992125984252
P03372,CHEMBL5404403,9580,False,False,0.6062992125984252
P03372,CHEMBL5409715,9580,False,False,0.35
P03372,CHEMBL5430117,9580,False,False,0.3492063492063492
P03372,CHEMBL5394007,9580,False,False,0.7868852459016393
P03372,CHEMBL5399056,9580,False,False,0.6785714285714286
P03372,CHEMBL5400203,9580,False,False,0.6764705882352942
P03372,CHEMBL5437007,9580,False,False,0.7450980392156863
P03372,CHEMBL5425664,9580,False,False,0.6794871794871795
P03372,CHEMBL5436409,9580,False,False,0.7419354838709677
P03372,CHEMBL5429522,9580,False,False,0.6067415730337079
P03372,CHEMBL5394016,9580,False,False,0.5955056179775281
P03372,CHEMBL5395953,9580,False,False,0.5909090909090909
P03372,CHEMBL5431822,9580,False,False,0.56
P03372,CHEMBL5427627,9580,False,False,0.56
P03372,CHEMBL5428797,9580,False,False,0.55
P03372,CHEMBL5413340,9580,False,False,0.7619047619047619
P03372,CHEMBL5404063,9580,False,False,0.7619047619047619
P03372,CHEMBL5394546,9580,False,False,0.7169811320754716
P03372,CHEMBL5412790,9580,False,False,0.6551724137931034
P03372,CHEMBL5421409,9580,False,False,0.6551724137931034
P03372,CHEMBL5433442,9580,False,False,0.6571428571428571
P03372,CHEMBL5405944,9580,False,False,0.6571428571428571
P03372,CHEMBL5408038,9580,False,False,0.6551724137931034
P03372,CHEMBL5422315,9580,False,False,0.6551724137931034
P03372,CHEMBL5401146,9580,False,False,0.6551724137931034
P03372,CHEMBL5400803,9580,False,False,0.75
P03372,CHEMBL5403786,9580,False,False,0.6666666666666666
P03372,CHEMBL5410004,9580,False,False,0.6666666666666666
P03372,CHEMBL5426175,9580,False,False,0.6805555555555556
P03372,CHEMBL5411799,9580,False,False,0.7540983606557377
P03372,CHEMBL5418690,9580,False,False,0.7272727272727273
P03372,CHEMBL5436925,9580,False,False,0.6212121212121212
P03372,CHEMBL5402392,9580,False,False,0.6619718309859155
P03951,CHEMBL5399926,1342,False,True,1.0
P03951,CHEMBL5400859,1342,False,False,0.5795454545454546
P03951,CHEMBL5422323,1342,False,False,0.5168539325842697
P03951,CHEMBL5428779,1342,False,True,1.0
P03951,CHEMBL5438074,1342,False,False,0.44680851063829785
P03951,CHEMBL5422380,1342,False,False,0.4666666666666667
P03951,CHEMBL5395642,1342,False,False,0.6025641025641025
P03951,CHEMBL5416393,1342,False,False,0.4778761061946903
P03951,CHEMBL5413065,1342,False,True,1.0
P03951,CHEMBL5426898,1342,False,False,0.6727272727272727
P03951,CHEMBL5419603,1342,False,False,0.6708860759493671
P03951,CHEMBL5439061,1342,False,False,0.651685393258427
P03951,CHEMBL5406534,1342,False,False,0.7407407407407407
P03951,CHEMBL5427891,1342,False,True,1.0
P03951,CHEMBL5412953,1342,False,False,0.7402597402597403
P03951,CHEMBL5420409,1342,False,False,0.7368421052631579
P03951,CHEMBL5439131,1342,False,False,0.7671232876712328
P03951,CHEMBL5420055,1342,False,False,0.7407407407407407
P03951,CHEMBL5431336,1342,False,False,0.7380952380952381
P03951,CHEMBL5398062,1342,False,True,1.0
P03951,CHEMBL5416199,1342,False,True,1.0
P03951,CHEMBL5434010,1342,False,True,1.0
P03951,CHEMBL5432831,1342,False,True,1.0
P03951,CHEMBL5404596,1342,False,True,1.0
P03951,CHEMBL5437779,1342,False,True,1.0
P03951,CHEMBL5419156,1342,False,True,1.0
P03951,CHEMBL5400795,1342,False,True,1.0
P03951,CHEMBL5400667,1342,False,True,1.0
P03951,CHEMBL5395901,1342,False,False,0.51
P03951,CHEMBL5435153,1342,False,False,0.8082191780821918
P03951,CHEMBL5436073,1342,False,False,0.6901408450704225
P03951,CHEMBL5426362,1342,False,False,0.34831460674157305
P03951,CHEMBL5426903,1342,False,False,0.3181818181818182
P03951,CHEMBL5397593,1342,False,False,0.6966292134831461
P03951,CHEMBL5403102,1342,False,False,0.3119266055045872
P03951,CHEMBL5425168,1342,False,False,0.6388888888888888
P03951,CHEMBL5423135,1342,False,False,0.6197183098591549
P03951,CHEMBL5410680,1342,False,False,0.5294117647058824
P03951,CHEMBL5403224,1342,False,False,0.34513274336283184
P04629,CHEMBL5428085,5805,False,False,0.5494505494505495
P04629,CHEMBL5424164,5805,False,False,0.8028169014084507
P04629,CHEMBL5427137,5805,False,False,0.42857142857142855
P04629,CHEMBL5407680,5805,False,False,0.34177215189873417
P04629,CHEMBL5418921,5805,False,False,0.46153846153846156
P04629,CHEMBL5424443,5805,False,True,1.0
P04629,CHEMBL5396900,5805,False,False,0.44047619047619047
P04629,CHEMBL5399402,5805,False,False,0.4634146341463415
P04629,CHEMBL5406952,5805,False,False,0.48
P04629,CHEMBL5414386,5805,False,False,0.4090909090909091
P04629,CHEMBL5422637,5805,False,False,0.42452830188679247
P04629,CHEMBL5439768,5805,False,False,0.449438202247191
P04629,CHEMBL5406821,5805,False,False,0.40384615384615385
P04629,CHEMBL5401624,5805,False,False,0.6
P04629,CHEMBL5430182,5805,False,False,0.45
P04629,CHEMBL5403006,5805,False,False,0.4576271186440678
P04629,CHEMBL5434198,5805,False,False,0.5543478260869565
P04629,CHEMBL5401850,5805,False,False,0.5652173913043478
P04629,CHEMBL5394214,5805,False,False,0.4142857142857143
P04629,CHEMBL5431124,5805,False,False,0.3918918918918919
P04629,CHEMBL5421662,5805,False,False,0.3835616438356164
P04629,CHEMBL5400169,5805,False,False,0.6818181818181818
P04629,CHEMBL5410147,5805,False,False,0.5137614678899083
P04629,CHEMBL5416521,5805,False,False,0.75
P04629,CHEMBL5432219,5805,False,False,0.6952380952380952
P04629,CHEMBL5410884,5805,False,False,0.6388888888888888
P04629,CHEMBL5421829,5805,False,False,0.7722772277227723
P04629,CHEMBL5405759,5805,False,False,0.6952380952380952
P04629,CHEMBL5396972,5805,False,False,0.7340425531914894
P04629,CHEMBL5415833,5805,False,False,0.5877192982456141
P04629,CHEMBL5420615,5805,False,False,0.6126126126126126
P04629,CHEMBL5404881,5805,False,False,0.4818181818181818
P04629,CHEMBL5393854,5805,False,False,0.5454545454545454
P04629,CHEMBL5406744,5805,False,False,0.47368421052631576
P04629,CHEMBL5397303,5805,False,False,0.49382716049382713
P04629,CHEMBL5432162,5805,False,False,0.44680851063829785
P04629,CHEMBL5400736,5805,False,False,0.627906976744186
P04629,CHEMBL5426828,5805,False,False,0.6235294117647059
P04629,CHEMBL5404983,5805,False,False,0.4868421052631579
P04629,CHEMBL5432542,5805,False,False,0.47191011235955055
P04629,CHEMBL5399648,5805,False,False,0.5268817204301075
P04629,CHEMBL5420150,5805,False,False,0.5434782608695652
P04629,CHEMBL5402864,5805,False,False,0.6666666666666666
P04629,CHEMBL5439790,5805,False,False,0.5494505494505495
P04629,CHEMBL5423111,5805,False,False,0.5795454545454546
P04629,CHEMBL5408496,5805,False,False,0.5930232558139535
P04629,CHEMBL5425999,5805,False,False,0.6206896551724138
P04629,CHEMBL5424704,5805,False,False,0.6428571428571429
P04629,CHEMBL5439446,5805,False,False,0.5604395604395604
P04629,CHEMBL5420852,5805,False,False,0.5425531914893617
P04629,CHEMBL5435158,5805,False,False,0.5730337078651685
P04629,CHEMBL5424463,5805,False,False,0.6206896551724138
P04629,CHEMBL5429187,5805,False,False,0.6136363636363636
P04629,CHEMBL5429940,5805,False,False,0.5578947368421052
P04629,CHEMBL5397250,5805,False,False,0.5930232558139535
P04629,CHEMBL5435416,5805,False,False,0.5730337078651685
P04629,CHEMBL5409434,5805,False,False,0.5930232558139535
P04629,CHEMBL5438019,5805,False,False,0.627906976744186
P04629,CHEMBL5430106,5805,False,False,0.6144578313253012
P04629,CHEMBL5418250,5805,False,False,0.6296296296296297
P04629,CHEMBL5429009,5805,False,False,0.72
P04629,CHEMBL5396416,5805,False,False,0.6835443037974683
P04629,CHEMBL5425790,5805,False,False,0.675
P04629,CHEMBL5405656,5805,False,False,0.7012987012987013
P04629,CHEMBL5430972,5805,False,False,0.6375
P04629,CHEMBL5412525,5805,False,False,0.45161290322580644
P04629,CHEMBL5416004,5805,False,False,0.47368421052631576
P04629,CHEMBL5420791,5805,False,False,0.5730337078651685
P04629,CHEMBL5394049,5805,False,False,0.7475728155339806
P04629,CHEMBL5438621,5805,False,False,0.75
P04629,CHEMBL5408929,5805,False,False,0.75
P04629,CHEMBL5433110,5805,False,False,0.75
P04629,CHEMBL5422195,5805,False,False,0.7745098039215687
P04629,CHEMBL5394378,5805,False,False,0.8282828282828283
P04629,CHEMBL5429379,5805,False,False,0.84375
P04629,CHEMBL5422461,5805,False,False,0.39285714285714285
P04629,CHEMBL5411653,5805,False,False,0.3625
P04629,CHEMBL5431604,5805,False,False,0.7
P04629,CHEMBL5404930,5805,False,False,0.6666666666666666
P04629,CHEMBL5429933,5805,False,False,0.6153846153846154
P04629,CHEMBL5394749,5805,False,False,0.3218390804597701
P04629,CHEMBL5436505,5805,False,False,0.35789473684210527
P04629,CHEMBL5401007,5805,False,False,0.375
P04629,CHEMBL5421856,5805,False,False,0.5510204081632653
P04629,CHEMBL5401510,5805,False,False,0.5625
P04629,CHEMBL5404415,5805,False,False,0.6129032258064516
P04629,CHEMBL5409228,5805,False,False,0.5094339622641509
P04629,CHEMBL5422996,5805,False,False,0.5192307692307693
P04629,CHEMBL5393979,5805,False,False,0.47368421052631576
P04629,CHEMBL5434909,5805,False,False,0.48
P04629,CHEMBL5418831,5805,False,False,0.47368421052631576
P04629,CHEMBL5412950,5805,False,False,0.5192307692307693
P04629,CHEMBL5406403,5805,False,False,0.352112676056338
P04629,CHEMBL5402630,5805,False,False,0.37681159420289856
P04629,CHEMBL5412694,5805,False,False,0.5423728813559322
P04629,CHEMBL5435508,5805,False,False,0.3424657534246575
P04629,CHEMBL5429071,5805,False,False,0.38571428571428573
P04629,CHEMBL5421895,5805,False,False,0.48214285714285715
P04629,CHEMBL5426432,5805,False,False,0.47368421052631576
P04629,CHEMBL5424554,5805,False,False,0.4576271186440678
P04629,CHEMBL5412491,5805,False,False,0.47368421052631576
P04629,CHEMBL5405520,5805,False,False,0.4909090909090909
P04629,CHEMBL5431992,5805,False,False,0.5161290322580645
P04629,CHEMBL5426605,5805,False,False,0.5
P04629,CHEMBL5432702,5805,False,False,0.5192307692307693
P04629,CHEMBL5399429,5805,False,False,0.5
P04629,CHEMBL5423414,5805,False,False,0.5
P04629,CHEMBL5406562,5805,False,False,0.5
P04629,CHEMBL5429205,5805,False,False,0.5
P04629,CHEMBL5439400,5805,False,False,0.4909090909090909
P04629,CHEMBL5412443,5805,False,False,0.5833333333333334
P04629,CHEMBL5415584,5805,False,False,0.5490196078431373
P04629,CHEMBL5436311,5805,False,False,0.5294117647058824
P06276,CHEMBL5394478,5251,False,False,0.49382716049382713
P06276,CHEMBL5400593,5251,False,False,0.5063291139240507
P06276,CHEMBL5428978,5251,False,False,0.5189873417721519
P06276,CHEMBL5410208,5251,False,False,0.5675675675675675
P06276,CHEMBL5431791,5251,False,False,0.515625
P06276,CHEMBL5399188,5251,False,False,0.515625
P06276,CHEMBL5421921,5251,False,False,0.5063291139240507
P06276,CHEMBL5417071,5251,False,False,0.4918032786885246
P06276,CHEMBL5398025,5251,False,False,0.417910447761194
P06276,CHEMBL5422164,5251,False,False,0.42424242424242425
P06276,CHEMBL5403494,5251,False,False,0.4
P06276,CHEMBL5397813,5251,False,False,0.3157894736842105
P06276,CHEMBL5420941,5251,False,False,0.38461538461538464
P06276,CHEMBL5399726,5251,False,False,0.390625
P06276,CHEMBL5431372,5251,False,False,0.34782608695652173
P06276,CHEMBL5422439,5251,False,False,0.34782608695652173
P06276,CHEMBL5414976,5251,False,False,0.33783783783783783
P06276,CHEMBL5420342,5251,False,False,0.35384615384615387
P06276,CHEMBL5400996,5251,False,False,0.3559322033898305
P06276,CHEMBL5418052,5251,False,False,0.3333333333333333
P06276,CHEMBL5411459,5251,False,False,0.42168674698795183
P06276,CHEMBL5411568,5251,False,False,0.6481481481481481
P06276,CHEMBL5431415,5251,False,False,0.6545454545454545
P06276,CHEMBL5425456,5251,False,False,0.6862745098039216
P06276,CHEMBL5435772,5251,False,False,0.7058823529411765
P06276,CHEMBL5394683,5251,False,False,0.6
P06276,CHEMBL5407856,5251,False,False,0.5774647887323944
P06276,CHEMBL5429001,5251,False,False,0.3448275862068966
P06276,CHEMBL5440735,5251,False,False,0.5694444444444444
P06276,CHEMBL5413749,5251,False,False,0.6666666666666666
P06276,CHEMBL5408610,5251,False,False,0.45901639344262296
P06276,CHEMBL5404420,5251,False,False,0.45901639344262296
P06276,CHEMBL5421463,5251,False,False,0.746268656716418
P06276,CHEMBL5406889,5251,False,False,0.36764705882352944
P06276,CHEMBL5420247,5251,False,False,0.4375
P06276,CHEMBL5409611,5251,False,False,0.4153846153846154
P06276,CHEMBL5412993,5251,False,False,0.38235294117647056
P06276,CHEMBL5398273,5251,False,False,0.3770491803278688
P06276,CHEMBL5396049,5251,False,False,0.4262295081967213
P06276,CHEMBL5424979,5251,False,False,0.3880597014925373
P06276,CHEMBL5413699,5251,False,False,0.3770491803278688
P06276,CHEMBL5420880,5251,False,False,0.3787878787878788
P06276,CHEMBL5437254,5251,False,False,0.3787878787878788
P06276,CHEMBL5434796,5251,False,False,0.35294117647058826
P06276,CHEMBL5441139,5251,False,False,0.3870967741935484
P06276,CHEMBL5429766,5251,False,False,0.39285714285714285
P06276,CHEMBL5409303,5251,False,False,0.78125
P06276,CHEMBL5395691,5251,False,False,0.5555555555555556
P06276,CHEMBL5414324,5251,False,False,0.4528301886792453
P06276,CHEMBL5395228,5251,False,False,0.819672131147541
P06276,CHEMBL5405929,5251,False,False,0.5555555555555556
P06276,CHEMBL5424787,5251,False,False,0.7936507936507936
P06276,CHEMBL5395270,5251,False,False,0.7142857142857143
P06276,CHEMBL5416421,5251,False,False,0.7246376811594203
P06276,CHEMBL5421196,5251,False,False,0.7971014492753623
P06276,CHEMBL5404463,5251,False,False,0.7333333333333333
P06276,CHEMBL5425753,5251,False,False,0.7702702702702703
P06276,CHEMBL5411758,5251,False,False,0.7796610169491526
P06276,CHEMBL5429690,5251,False,False,0.5098039215686274
P06276,CHEMBL5401121,5251,False,False,0.45161290322580644
P06276,CHEMBL5440083,5251,False,False,0.45161290322580644
P06276,CHEMBL5425341,5251,False,False,0.421875
P06276,CHEMBL5436185,5251,False,False,0.46551724137931033
P06276,CHEMBL5434452,5251,False,False,0.4807692307692308
P06276,CHEMBL5403457,5251,False,False,0.8260869565217391
P06276,CHEMBL5406359,5251,False,False,0.2753623188405797
P06276,CHEMBL5430829,5251,False,False,0.4375
P06276,CHEMBL5411397,5251,False,False,0.7076923076923077
P06276,CHEMBL5422050,5251,False,False,0.7424242424242424
P06276,CHEMBL5412500,5251,False,False,0.7692307692307693
P06276,CHEMBL5414873,5251,False,False,0.6428571428571429
P06276,CHEMBL5419243,5251,False,False,0.6290322580645161
P06276,CHEMBL5417346,5251,False,False,0.9074074074074074
P06276,CHEMBL5426103,5251,False,False,0.6290322580645161
P06276,CHEMBL5440753,5251,False,False,0.9074074074074074
P06276,CHEMBL5434553,5251,False,False,0.9074074074074074
P06276,CHEMBL5396497,5251,False,False,0.8909090909090909
P06276,CHEMBL5433692,5251,False,False,0.6545454545454545
P06276,CHEMBL5429608,5251,False,False,0.55
P06276,CHEMBL5396394,5251,False,False,0.5483870967741935
P06276,CHEMBL5435599,5251,False,False,0.559322033898305
P06276,CHEMBL5426763,5251,False,False,0.5409836065573771
P06276,CHEMBL5407369,5251,False,False,0.5076923076923077
P06276,CHEMBL5405546,5251,False,False,0.703125
P06276,CHEMBL5426641,5251,False,False,0.2878787878787879
P06276,CHEMBL5412278,5251,False,False,0.30303030303030304
P06276,CHEMBL5412829,5251,False,False,0.55
P06276,CHEMBL5408735,5251,False,False,0.34328358208955223
P06276,CHEMBL5422875,5251,False,False,0.4084507042253521
P06276,CHEMBL5427320,5251,False,False,0.3333333333333333
P06276,CHEMBL5416357,5251,False,False,0.2962962962962963
P06276,CHEMBL5419364,5251,False,False,0.7575757575757576
P06276,CHEMBL5436261,5251,False,False,0.625
P06276,CHEMBL5405496,5251,False,False,0.5512820512820513
P06276,CHEMBL5415210,5251,False,False,0.5921052631578947
P06276,CHEMBL5440573,5251,False,False,0.3968253968253968
P06276,CHEMBL5416559,5251,False,False,0.453125
P06276,CHEMBL5418400,5251,False,False,0.43859649122807015
P06276,CHEMBL5417185,5251,False,False,0.4
P06276,CHEMBL5408893,5251,False,False,0.3333333333333333
P06276,CHEMBL5415204,5251,False,False,0.4576271186440678
P06276,CHEMBL5439292,5251,False,False,0.6842105263157895
P06276,CHEMBL5433937,5251,False,False,0.5454545454545454
P06276,CHEMBL5439067,5251,False,False,0.42
P06276,CHEMBL5438175,5251,False,False,0.42592592592592593
P06276,CHEMBL5430903,5251,False,False,0.38095238095238093
P06276,CHEMBL5398901,5251,False,False,0.8125
P06276,CHEMBL5415150,5251,False,False,0.3125
P06276,CHEMBL5399673,5251,False,False,0.34782608695652173
P06276,CHEMBL5438801,5251,False,False,0.9137931034482759
P06276,CHEMBL5431870,5251,False,False,0.78125
P06276,CHEMBL5416710,5251,False,False,0.3333333333333333
P06276,CHEMBL5439093,5251,False,False,0.34782608695652173
P06276,CHEMBL5412564,5251,False,False,0.6964285714285714
P06276,CHEMBL5409365,5251,False,False,0.6727272727272727
P06276,CHEMBL5411394,5251,False,False,0.4225352112676056
P06276,CHEMBL5401934,5251,False,False,0.5370370370370371
P06276,CHEMBL5418088,5251,False,False,0.6842105263157895
P06276,CHEMBL5436917,5251,False,False,0.6086956521739131
P06276,CHEMBL5426401,5251,False,False,0.425
P06276,CHEMBL5414920,5251,False,False,0.5283018867924528
P06276,CHEMBL5395541,5251,False,False,0.6785714285714286
P06276,CHEMBL5401178,5251,False,False,0.3939393939393939
P06276,CHEMBL5412854,5251,False,False,0.3770491803278688
P06276,CHEMBL5409352,5251,False,False,0.5
P06276,CHEMBL5433139,5251,False,False,0.6470588235294118
P07333,CHEMBL5405436,3785,False,False,0.7014925373134329
P07333,CHEMBL5418732,3785,False,False,0.5245901639344263
P07333,CHEMBL5415503,3785,False,False,0.4444444444444444
P07333,CHEMBL5428147,3785,False,False,0.345679012345679
P07333,CHEMBL5430774,3785,False,False,0.35802469135802467
P07333,CHEMBL5438171,3785,False,False,0.3493975903614458
P07333,CHEMBL5427025,3785,False,False,0.3372093023255814
P07333,CHEMBL5422579,3785,False,False,0.29896907216494845
P07333,CHEMBL5422465,3785,False,False,0.5454545454545454
P07333,CHEMBL5417607,3785,False,False,0.6301369863013698
P07333,CHEMBL5407395,3785,False,False,0.29333333333333333
P07333,CHEMBL5431736,3785,False,False,0.2894736842105263
P07333,CHEMBL5417420,3785,False,False,0.2875
P07333,CHEMBL5406229,3785,False,False,0.2911392405063291
P07333,CHEMBL5424810,3785,False,False,0.3111111111111111
P07333,CHEMBL5401076,3785,False,False,0.34177215189873417
P07333,CHEMBL5404686,3785,False,False,0.31645569620253167
P07333,CHEMBL5400254,3785,False,False,0.29577464788732394
P07333,CHEMBL5399299,3785,False,False,0.3291139240506329
P07333,CHEMBL5394928,3785,False,False,0.3484848484848485
P07333,CHEMBL5418474,3785,False,False,0.4868421052631579
P07333,CHEMBL5431583,3785,False,False,0.5423728813559322
P07333,CHEMBL5413223,3785,False,False,0.3582089552238806
P07333,CHEMBL5432592,3785,False,False,0.4358974358974359
P07333,CHEMBL5436096,3785,False,False,0.42857142857142855
P07333,CHEMBL5417945,3785,False,False,0.45161290322580644
P07333,CHEMBL5438430,3785,False,False,0.3835616438356164
P07333,CHEMBL5405639,3785,False,False,0.45454545454545453
P07333,CHEMBL5410996,3785,False,False,0.3050847457627119
P07333,CHEMBL5434318,3785,False,False,0.47692307692307695
P07333,CHEMBL5429835,3785,False,False,0.32
P07333,CHEMBL5432649,3785,False,False,0.484375
P07333,CHEMBL5410355,3785,False,False,0.32432432432432434
P07333,CHEMBL5403478,3785,False,False,0.484375
P07333,CHEMBL5428255,3785,False,False,0.3611111111111111
P07333,CHEMBL5426924,3785,False,False,0.45454545454545453
P07333,CHEMBL5428593,3785,False,False,0.3026315789473684
P07333,CHEMBL5397493,3785,False,False,0.3026315789473684
P07333,CHEMBL5424694,3785,False,False,0.4603174603174603
P07333,CHEMBL5403333,3785,False,False,0.3064516129032258
P07333,CHEMBL5419520,3785,False,False,0.6101694915254238
P07333,CHEMBL5406951,3785,False,False,0.6101694915254238
P07333,CHEMBL5416633,3785,False,False,0.2962962962962963
P07333,CHEMBL5431035,3785,False,False,0.3048780487804878
P07333,CHEMBL5416379,3785,False,False,0.3291139240506329
P07333,CHEMBL5416772,3785,False,False,0.3333333333333333
P07333,CHEMBL5415647,3785,False,False,0.33783783783783783
P07333,CHEMBL5425883,3785,False,False,0.3037974683544304
P07333,CHEMBL5406771,3785,False,False,0.3561643835616438
P07333,CHEMBL5439547,3785,False,False,0.37142857142857144
P07333,CHEMBL5435513,3785,False,False,0.35714285714285715
P07333,CHEMBL5411378,3785,False,False,0.3939393939393939
P07333,CHEMBL5430633,3785,False,False,0.3333333333333333
P07333,CHEMBL5414671,3785,False,False,0.2948717948717949
P07333,CHEMBL5411522,3785,False,False,0.3939393939393939
P07333,CHEMBL5399857,3785,False,False,0.323943661971831
P07333,CHEMBL5408316,3785,False,False,0.3116883116883117
P07333,CHEMBL5398307,3785,False,False,0.4626865671641791
P07333,CHEMBL5440766,3785,False,False,0.5932203389830508
P07333,CHEMBL5414964,3785,False,False,0.46774193548387094
P07333,CHEMBL5431785,3785,False,False,0.3
P07333,CHEMBL5395449,3785,False,False,0.43283582089552236
P07333,CHEMBL5405206,3785,False,False,0.37209302325581395
P07333,CHEMBL5439126,3785,False,False,0.3611111111111111
P07333,CHEMBL5417719,3785,False,False,0.3287671232876712
P07333,CHEMBL5397426,3785,False,False,0.36619718309859156
P07333,CHEMBL5418087,3785,False,False,0.36486486486486486
P07333,CHEMBL5430348,3785,False,False,0.35064935064935066
P07333,CHEMBL5428404,3785,False,False,0.44776119402985076
P07333,CHEMBL5410595,3785,False,False,0.3150684931506849
P07333,CHEMBL5420485,3785,False,False,0.34285714285714286
P07333,CHEMBL5397490,3785,False,False,0.36231884057971014
P07333,CHEMBL5411617,3785,False,False,0.32954545454545453
P07333,CHEMBL5404033,3785,False,False,0.34285714285714286
P07333,CHEMBL5398778,3785,False,False,0.4098360655737705
P07333,CHEMBL5436321,3785,False,False,0.3230769230769231
P07333,CHEMBL5417494,3785,False,False,0.49206349206349204
P07333,CHEMBL5435576,3785,False,False,0.32432432432432434
P07333,CHEMBL5431339,3785,False,False,0.625
P07333,CHEMBL5397557,3785,False,False,0.660377358490566
P07333,CHEMBL5439143,3785,False,False,0.41935483870967744
P08183,CHEMBL5425185,5997,False,False,0.647887323943662
P08183,CHEMBL5437398,5997,False,False,0.4470588235294118
P08183,CHEMBL5436340,5997,False,False,0.4074074074074074
P08183,CHEMBL5429850,5997,False,False,0.38271604938271603
P08183,CHEMBL5430468,5997,False,False,0.6268656716417911
P08183,CHEMBL5413805,5997,False,False,0.6268656716417911
P08183,CHEMBL5434737,5997,False,False,0.6153846153846154
P08183,CHEMBL5438188,5997,False,False,0.5263157894736842
P08183,CHEMBL5439235,5997,False,False,0.2987012987012987
P08183,CHEMBL5419493,5997,False,False,0.3108108108108108
P08183,CHEMBL5405329,5997,False,False,0.31868131868131866
P08183,CHEMBL5421503,5997,False,False,0.30985915492957744
P08183,CHEMBL5405630,5997,False,False,0.4823529411764706
P08183,CHEMBL5399482,5997,False,False,0.23809523809523808
P08183,CHEMBL5417686,5997,False,False,0.5061728395061729
P08183,CHEMBL5400964,5997,False,False,0.5737704918032787
P08183,CHEMBL5426932,5997,False,False,0.26229508196721313
P08183,CHEMBL5437506,5997,False,False,0.3
P08183,CHEMBL5415709,5997,False,False,0.5737704918032787
P08183,CHEMBL5438538,5997,False,False,0.5517241379310345
P08183,CHEMBL5425919,5997,False,False,0.5423728813559322
P08183,CHEMBL5402480,5997,False,False,0.5423728813559322
P08183,CHEMBL5418484,5997,False,False,0.5423728813559322
P08183,CHEMBL5441059,5997,False,False,0.4852941176470588
P08183,CHEMBL5420094,5997,False,False,0.5405405405405406
P08183,CHEMBL5412607,5997,False,False,0.4788732394366197
P08183,CHEMBL5437560,5997,False,False,0.4857142857142857
P08183,CHEMBL5415893,5997,False,False,0.4823529411764706
P08183,CHEMBL5436448,5997,False,False,0.5569620253164557
P08183,CHEMBL5396671,5997,False,False,0.5121951219512195
P08183,CHEMBL5407482,5997,False,False,0.5316455696202531
P08183,CHEMBL5407412,5997,False,False,0.56
P08183,CHEMBL5431081,5997,False,False,0.525
P08183,CHEMBL5412371,5997,False,False,0.5119047619047619
P08183,CHEMBL5425892,5997,False,False,0.5783132530120482
P08183,CHEMBL5399662,5997,False,False,0.5116279069767442
P08183,CHEMBL5426025,5997,False,False,0.4827586206896552
P08183,CHEMBL5398052,5997,False,False,0.5185185185185185
P08183,CHEMBL5407313,5997,False,False,0.5
P08183,CHEMBL5407159,5997,False,False,0.5789473684210527
P08183,CHEMBL5421510,5997,False,False,0.5060240963855421
P08183,CHEMBL5414246,5997,False,False,0.4883720930232558
P08183,CHEMBL5416933,5997,False,False,0.5185185185185185
P08183,CHEMBL5411388,5997,False,False,0.5060240963855421
P08183,CHEMBL5401765,5997,False,False,0.5
P08183,CHEMBL5428669,5997,False,False,0.5
P08183,CHEMBL5438795,5997,False,False,0.5263157894736842
P08183,CHEMBL5418459,5997,False,False,0.5362318840579711
P08183,CHEMBL5394148,5997,False,False,0.5131578947368421
P08183,CHEMBL5419927,5997,False,False,0.4935064935064935
P08183,CHEMBL5396336,5997,False,False,0.5857142857142857
P08183,CHEMBL5404144,5997,False,False,0.4857142857142857
P08183,CHEMBL5400694,5997,False,False,0.4857142857142857
P08183,CHEMBL5423555,5997,False,False,0.5074626865671642
P08183,CHEMBL5422672,5997,False,False,0.6153846153846154
P08183,CHEMBL5436137,5997,False,False,0.6153846153846154
P08183,CHEMBL5399386,5997,False,False,0.6212121212121212
P08183,CHEMBL5426234,5997,False,False,0.6153846153846154
P08183,CHEMBL5414919,5997,False,False,0.5079365079365079
P08183,CHEMBL5434966,5997,False,False,0.640625
P08183,CHEMBL5394194,5997,False,False,0.55
P08183,CHEMBL5416906,5997,False,False,0.5409836065573771
P08183,CHEMBL5407375,5997,False,False,0.5409836065573771
P08183,CHEMBL5432918,5997,False,False,0.5846153846153846
P08183,CHEMBL5422643,5997,False,False,0.5076923076923077
P08183,CHEMBL5431776,5997,False,False,0.6666666666666666
P08183,CHEMBL5411739,5997,False,False,0.5409836065573771
P08183,CHEMBL5429916,5997,False,False,0.532258064516129
P08183,CHEMBL5401629,5997,False,False,0.532258064516129
P08183,CHEMBL5409465,5997,False,False,0.5645161290322581
P08183,CHEMBL5420038,5997,False,False,0.5
P08183,CHEMBL5424759,5997,False,False,0.578125
P08183,CHEMBL5416557,5997,False,False,0.6666666666666666
P08183,CHEMBL5407483,5997,False,False,0.5862068965517241
P08183,CHEMBL5423562,5997,False,False,0.6031746031746031
P08183,CHEMBL5402347,5997,False,False,0.5352112676056338
P08183,CHEMBL5396962,5997,False,False,0.5316455696202531
P08183,CHEMBL5412611,5997,False,False,0.578125
P08183,CHEMBL5400984,5997,False,False,0.5147058823529411
P08183,CHEMBL5438614,5997,False,False,0.5060240963855421
P08183,CHEMBL5426953,5997,False,False,0.71875
P08183,CHEMBL5408118,5997,False,False,0.5416666666666666
P08183,CHEMBL5439145,5997,False,False,0.5342465753424658
P08684,CHEMBL5441414,34109,False,False,0.24742268041237114
P08684,CHEMBL5441415,34109,False,False,0.24742268041237114
P08684,CHEMBL5441417,34109,False,False,0.3125
P08684,CHEMBL5409856,34109,False,False,0.7796610169491526
P08684,CHEMBL5422322,34109,False,False,0.7931034482758621
P08684,CHEMBL5405570,34109,False,False,0.7833333333333333
P08684,CHEMBL5419165,34109,False,False,0.32941176470588235
P08684,CHEMBL5412917,34109,False,False,0.38666666666666666
P08684,CHEMBL5395642,34109,False,False,0.30864197530864196
P08684,CHEMBL5401381,34109,False,False,0.44954128440366975
P08684,CHEMBL5429440,34109,False,False,0.44954128440366975
P08684,CHEMBL5435085,34109,False,False,0.43243243243243246
P08684,CHEMBL5441413,34109,False,False,0.24271844660194175
P08684,CHEMBL5441401,34109,False,False,0.25
P08684,CHEMBL5439866,34109,False,False,0.54
P08684,CHEMBL5412953,34109,False,False,0.3076923076923077
P08684,CHEMBL5420409,34109,False,False,0.29213483146067415
P08684,CHEMBL5439131,34109,False,False,0.32
P08684,CHEMBL5420055,34109,False,False,0.2875
P08684,CHEMBL5403040,34109,False,False,0.625
P08684,CHEMBL5435819,34109,False,False,0.6621621621621622
P08684,CHEMBL5403485,34109,False,False,0.68
P08684,CHEMBL5427758,34109,False,False,0.49122807017543857
P08684,CHEMBL5410914,34109,False,False,0.6078431372549019
P08684,CHEMBL5411496,34109,False,False,0.7
P08684,CHEMBL5430409,34109,False,False,0.5094339622641509
P08684,CHEMBL5396316,34109,False,False,0.6744186046511628
P08684,CHEMBL5408831,34109,False,False,0.6595744680851063
P08684,CHEMBL5416830,34109,False,False,0.759493670886076
P08684,CHEMBL5404974,34109,False,False,0.6739130434782609
P08684,CHEMBL5441398,34109,False,False,0.3225806451612903
P08684,CHEMBL5425736,34109,False,False,0.673469387755102
P08684,CHEMBL5402399,34109,False,False,0.5
P08684,CHEMBL5416061,34109,False,False,0.5
P08684,CHEMBL5400274,34109,False,False,0.5555555555555556
P08684,CHEMBL5425498,34109,False,False,0.47191011235955055
P08684,CHEMBL5395411,34109,False,False,0.8055555555555556
P08684,CHEMBL5418212,34109,False,False,0.4368932038834951
P08684,CHEMBL5395688,34109,False,False,0.47474747474747475
P08684,CHEMBL5435782,34109,False,False,0.25274725274725274
P08684,CHEMBL5430709,34109,False,False,0.3008849557522124
P08684,CHEMBL5406811,34109,False,False,0.32142857142857145
P08684,CHEMBL5395784,34109,False,False,0.4074074074074074
P08684,CHEMBL5424297,34109,False,False,0.4268292682926829
P08684,CHEMBL5441391,34109,False,False,0.24210526315789474
P08684,CHEMBL5432620,34109,False,False,0.35384615384615387
P08684,CHEMBL5412197,34109,False,False,0.26881720430107525
P08684,CHEMBL5397192,34109,False,False,0.574468085106383
P08684,CHEMBL5422931,34109,False,False,0.5
P08684,CHEMBL5428544,34109,False,False,0.42857142857142855
P08684,CHEMBL5407563,34109,False,False,0.7142857142857143
P08684,CHEMBL5427813,34109,False,False,0.5625
P08684,CHEMBL5429860,34109,False,False,0.37662337662337664
P08684,CHEMBL5418057,34109,False,False,0.5555555555555556
P08684,CHEMBL5419892,34109,False,False,0.25806451612903225
P08684,CHEMBL5420576,34109,False,False,0.5737704918032787
P08908,CHEMBL5433300,9033,False,False,0.7021276595744681
P08908,CHEMBL5405562,9033,False,False,0.782608695652174
P08908,CHEMBL5406900,9033,False,False,0.6938775510204082
P08908,CHEMBL5397704,9033,False,False,0.5769230769230769
P08908,CHEMBL5405414,9033,False,False,0.4827586206896552
P08908,CHEMBL5419441,9033,False,False,0.5740740740740741
P08908,CHEMBL5416678,9033,False,False,0.5357142857142857
P08908,CHEMBL5433857,9033,False,False,0.723404255319149
P08908,CHEMBL5400892,9033,False,False,0.4666666666666667
P08908,CHEMBL5410706,9033,False,False,0.5384615384615384
P08908,CHEMBL5420304,9033,False,False,0.6938775510204082
P08908,CHEMBL5434373,9033,False,False,0.6666666666666666
P08908,CHEMBL5412886,9033,False,False,0.5294117647058824
P08908,CHEMBL5424897,9033,False,False,0.53125
P08908,CHEMBL5409134,9033,False,False,0.6212121212121212
P08908,CHEMBL5437660,9033,False,False,0.5573770491803278
P08908,CHEMBL5408223,9033,False,False,0.6
P08908,CHEMBL5404054,9033,False,False,0.527027027027027
P08908,CHEMBL5436003,9033,False,False,0.660377358490566
P08908,CHEMBL5423649,9033,False,False,0.58
P08908,CHEMBL5395867,9033,False,False,0.6153846153846154
P08908,CHEMBL5406837,9033,False,False,0.7446808510638298
P08908,CHEMBL5397523,9033,False,False,0.717391304347826
P08908,CHEMBL5434229,9033,False,False,0.5
P08908,CHEMBL5431103,9033,False,False,0.7049180327868853
P08908,CHEMBL5403268,9033,False,False,0.5072463768115942
P08908,CHEMBL5422870,9033,False,False,0.5263157894736842
P08908,CHEMBL5403204,9033,False,False,0.5774647887323944
P08908,CHEMBL5418283,9033,False,False,0.5942028985507246
P08908,CHEMBL5427695,9033,False,False,0.6774193548387096
P08908,CHEMBL5415412,9033,False,False,0.6451612903225806
P08908,CHEMBL5425252,9033,False,False,0.6212121212121212
P08908,CHEMBL5400232,9033,False,False,0.6060606060606061
P08908,CHEMBL5404031,9033,False,False,0.5454545454545454
P08908,CHEMBL5407925,9033,False,False,0.48333333333333334
P08908,CHEMBL5402096,9033,False,False,0.6274509803921569
P08908,CHEMBL5435580,9033,False,False,0.6865671641791045
P08908,CHEMBL5411002,9033,False,False,0.6212121212121212
P08908,CHEMBL5424052,9033,False,False,0.5217391304347826
P08908,CHEMBL5422196,9033,False,False,0.5538461538461539
P08908,CHEMBL5429491,9033,False,False,0.5692307692307692
P08908,CHEMBL5395668,9033,False,False,0.6031746031746031
P08908,CHEMBL5420627,9033,False,False,0.6333333333333333
P08908,CHEMBL5439203,9033,False,False,0.5901639344262295
P08908,CHEMBL5436641,9033,False,False,0.4864864864864865
P08908,CHEMBL5429826,9033,False,False,0.6176470588235294
P09874,CHEMBL5399361,4415,False,False,0.6625
P09874,CHEMBL5395127,4415,False,False,0.6625
P09874,CHEMBL5411930,4415,False,False,0.2777777777777778
P09874,CHEMBL5419831,4415,False,False,0.7368421052631579
P09874,CHEMBL5400153,4415,False,False,0.7297297297297297
P09874,CHEMBL5434732,4415,False,False,0.6533333333333333
P09874,CHEMBL5406001,4415,False,False,0.7088607594936709
P09874,CHEMBL5432851,4415,False,False,0.7222222222222222
P09874,CHEMBL5428217,4415,False,False,0.6944444444444444
P09874,CHEMBL5435200,4415,False,False,0.5625
P09874,CHEMBL5421873,4415,False,False,0.2682926829268293
P09874,CHEMBL5423934,4415,False,False,0.6329113924050633
P09874,CHEMBL5423161,4415,False,False,0.625
P09874,CHEMBL5411446,4415,False,False,0.273972602739726
P09874,CHEMBL5435531,4415,False,False,0.2714285714285714
P09874,CHEMBL5404171,4415,False,False,0.6585365853658537
P09874,CHEMBL5432860,4415,False,False,0.6666666666666666
P09874,CHEMBL5437947,4415,False,False,0.7532467532467533
P09874,CHEMBL5394020,4415,False,False,0.7631578947368421
P09874,CHEMBL5425070,4415,False,False,0.6506024096385542
P09874,CHEMBL5433754,4415,False,False,0.25
P09874,CHEMBL5393999,4415,False,False,0.7088607594936709
P09874,CHEMBL5435418,4415,False,False,0.6666666666666666
P09874,CHEMBL5437680,4415,False,False,0.6
P09874,CHEMBL5422955,4415,False,False,0.2878787878787879
P09874,CHEMBL5421652,4415,False,False,0.4084507042253521
P09874,CHEMBL5409104,4415,False,False,0.5714285714285714
P09874,CHEMBL5427401,4415,False,False,0.5070422535211268
P09874,CHEMBL5396940,4415,False,False,0.5142857142857142
P09874,CHEMBL5425005,4415,False,False,0.5454545454545454
P09874,CHEMBL5431841,4415,False,False,0.5373134328358209
P09874,CHEMBL5397084,4415,False,False,0.47297297297297297
P09874,CHEMBL5396037,4415,False,False,0.2727272727272727
P09874,CHEMBL5408420,4415,False,False,0.7058823529411765
P09874,CHEMBL5426926,4415,False,False,0.547945205479452
P09874,CHEMBL5433982,4415,False,False,0.691358024691358
P09874,CHEMBL5419303,4415,False,False,0.675
P09874,CHEMBL5421189,4415,False,False,0.6875
P09874,CHEMBL5416514,4415,False,False,0.4777777777777778
P09874,CHEMBL5393855,4415,False,False,0.43902439024390244
P09874,CHEMBL5411021,4415,False,False,0.23809523809523808
P09874,CHEMBL5407371,4415,False,False,0.4875
P09874,CHEMBL5420282,4415,False,False,0.2823529411764706
P09874,CHEMBL5422190,4415,False,False,0.6666666666666666
P09874,CHEMBL5432591,4415,False,False,0.5072463768115942
P09874,CHEMBL5438098,4415,False,False,0.6363636363636364
P09874,CHEMBL5420649,4415,False,False,0.7341772151898734
P09874,CHEMBL5427942,4415,False,False,0.2
P09874,CHEMBL5433095,4415,False,False,0.3493975903614458
P09874,CHEMBL5437110,4415,False,False,0.3950617283950617
P09874,CHEMBL5431101,4415,False,False,0.32954545454545453
P09874,CHEMBL5394860,4415,False,False,0.42168674698795183
P09874,CHEMBL5409257,4415,False,False,0.48
P09874,CHEMBL5431329,4415,False,False,0.43902439024390244
P09874,CHEMBL5404678,4415,False,False,0.4125
P09874,CHEMBL5417871,4415,False,False,0.4864864864864865
P09874,CHEMBL5413064,4415,False,False,0.4375
P09874,CHEMBL5420171,4415,False,False,0.2111111111111111
P09874,CHEMBL5410421,4415,False,False,0.23076923076923078
P09874,CHEMBL5397810,4415,False,False,0.34065934065934067
P09874,CHEMBL5421786,4415,False,False,0.3258426966292135
P09874,CHEMBL5424475,4415,False,False,0.35051546391752575
P09874,CHEMBL5438488,4415,False,False,0.32222222222222224
P09874,CHEMBL5415928,4415,False,False,0.49382716049382713
P09874,CHEMBL5398663,4415,False,False,0.28421052631578947
P09874,CHEMBL5403416,4415,False,False,0.45569620253164556
P09874,CHEMBL5441085,4415,False,False,0.3137254901960784
P09874,CHEMBL5398128,4415,False,False,0.4931506849315068
P09874,CHEMBL5429533,4415,False,False,0.3902439024390244
P09874,CHEMBL5428997,4415,False,False,0.2727272727272727
P09874,CHEMBL5428376,4415,False,False,0.7105263157894737
P09874,CHEMBL5393840,4415,False,False,0.2
P09874,CHEMBL5438131,4415,False,False,0.7105263157894737
P09874,CHEMBL5401937,4415,False,False,0.7966101694915254
P09874,CHEMBL5424406,4415,False,False,0.5
P09874,CHEMBL5427132,4415,False,False,0.6923076923076923
P09874,CHEMBL5434068,4415,False,False,0.625
P09874,CHEMBL5431934,4415,False,False,0.6172839506172839
P09874,CHEMBL5411944,4415,False,False,0.6024096385542169
P09874,CHEMBL5400911,4415,False,False,0.423728813559322
P09874,CHEMBL5405947,4415,False,False,0.625
P09874,CHEMBL5430669,4415,False,False,0.6172839506172839
P09874,CHEMBL5404605,4415,False,False,0.675
P09874,CHEMBL5398361,4415,False,False,0.7966101694915254
P09874,CHEMBL5403532,4415,False,False,0.5882352941176471
P09874,CHEMBL5427693,4415,False,False,0.5671641791044776
P09874,CHEMBL5428981,4415,False,False,0.4605263157894737
P09874,CHEMBL5417544,4415,False,False,0.3617021276595745
P09874,CHEMBL5407016,4415,False,False,0.5
P09874,CHEMBL5427365,4415,False,False,0.54
P09874,CHEMBL5427638,4415,False,False,0.7
P09874,CHEMBL5417122,4415,False,False,0.6885245901639344
P09874,CHEMBL5440303,4415,False,False,0.819672131147541
P09874,CHEMBL5403607,4415,False,False,0.8333333333333334
P09874,CHEMBL5403789,4415,False,False,0.7936507936507936
P09874,CHEMBL5417924,4415,False,False,0.7088607594936709
P09874,CHEMBL5437055,4415,False,False,0.76
P09874,CHEMBL5436743,4415,False,False,0.6923076923076923
P09874,CHEMBL5412306,4415,False,False,0.6951219512195121
P09874,CHEMBL5423216,4415,False,False,0.691358024691358
P09874,CHEMBL5410501,4415,False,False,0.6875
P09874,CHEMBL5432616,4415,False,False,0.6875
P09874,CHEMBL5425729,4415,False,False,0.6790123456790124
P09874,CHEMBL5429957,4415,False,False,0.6506024096385542
P09874,CHEMBL5401127,4415,False,False,0.6428571428571429
P09874,CHEMBL5408163,4415,False,False,0.7012987012987013
P09874,CHEMBL5416682,4415,False,False,0.6666666666666666
P09874,CHEMBL5425393,4415,False,False,0.72
P09874,CHEMBL5421957,4415,False,False,0.72
P09874,CHEMBL5395197,4415,False,False,0.7297297297297297
P09874,CHEMBL5397203,4415,False,False,0.8472222222222222
P09874,CHEMBL5434897,4415,False,False,0.6527777777777778
P09874,CHEMBL5414478,4415,False,False,0.6438356164383562
P09874,CHEMBL5439635,4415,False,False,0.647887323943662
P09874,CHEMBL5416806,4415,False,False,0.6388888888888888
P09874,CHEMBL5423072,4415,False,False,0.6428571428571429
P09874,CHEMBL5428859,4415,False,False,0.7230769230769231
P09874,CHEMBL5421933,4415,False,False,0.7083333333333334
P09874,CHEMBL5419639,4415,False,False,0.7222222222222222
P09874,CHEMBL5397373,4415,False,False,0.68
P09874,CHEMBL5421335,4415,False,False,0.6710526315789473
P09874,CHEMBL5437813,4415,False,False,0.7088607594936709
P09874,CHEMBL5414994,4415,False,False,0.75
P09874,CHEMBL5418896,4415,False,False,0.6973684210526315
P09874,CHEMBL5432033,4415,False,False,0.7017543859649122
P09874,CHEMBL5428478,4415,False,False,0.7222222222222222
P09874,CHEMBL5408263,4415,False,False,0.7027027027027027
P0DTD1,CHEMBL5401763,8520,False,False,0.6666666666666666
P0DTD1,CHEMBL5407849,8520,False,False,0.5875
P0DTD1,CHEMBL5435659,8520,False,False,0.5844155844155844
P0DTD1,CHEMBL5409319,8520,False,False,0.6707317073170732
P0DTD1,CHEMBL5396631,8520,False,False,0.7792207792207793
P0DTD1,CHEMBL5401883,8520,False,False,0.8571428571428571
P0DTD1,CHEMBL5406957,8520,False,False,0.7424242424242424
P0DTD1,CHEMBL5399907,8520,False,False,0.8611111111111112
P0DTD1,CHEMBL5423593,8520,False,False,0.8
P0DTD1,CHEMBL5430129,8520,False,False,0.48936170212765956
P0DTD1,CHEMBL5408402,8520,False,False,0.5333333333333333
P0DTD1,CHEMBL5441037,8520,False,False,0.5714285714285714
P0DTD1,CHEMBL5418476,8520,False,False,0.8
P0DTD1,CHEMBL5429971,8520,False,False,0.2753623188405797
P0DTD1,CHEMBL5429672,8520,False,False,0.726027397260274
P0DTD1,CHEMBL5412724,8520,False,False,0.8153846153846154
P0DTD1,CHEMBL5441950,8520,False,False,0.3037974683544304
P0DTD1,CHEMBL5441791,8520,False,False,0.449438202247191
P0DTD1,CHEMBL5411271,8520,False,False,0.5632183908045977
P0DTD1,CHEMBL5441510,8520,False,False,0.33695652173913043
P0DTD1,CHEMBL5441605,8520,False,False,0.36363636363636365
P0DTD1,CHEMBL5441935,8520,False,False,0.3275862068965517
P0DTD1,CHEMBL5441732,8520,False,False,0.32142857142857145
P0DTD1,CHEMBL5441826,8520,False,False,0.34523809523809523
P0DTD1,CHEMBL5426704,8520,False,False,0.4375
P0DTD1,CHEMBL5415290,8520,False,False,0.8769230769230769
P0DTD1,CHEMBL5427537,8520,False,False,0.803030303030303
P0DTD1,CHEMBL5434998,8520,False,False,0.30434782608695654
P0DTD1,CHEMBL5414443,8520,False,False,0.5052631578947369
P0DTD1,CHEMBL5438575,8520,False,False,0.5454545454545454
P0DTD1,CHEMBL5409804,8520,False,False,0.5393258426966292
P0DTD1,CHEMBL5403964,8520,False,False,0.5333333333333333
P0DTD1,CHEMBL5408555,8520,False,False,0.3114754098360656
P0DTD1,CHEMBL5397992,8520,False,False,0.36
P0DTD1,CHEMBL5440889,8520,False,False,0.35365853658536583
P0DTD1,CHEMBL5434494,8520,False,False,0.4642857142857143
P0DTD1,CHEMBL5425267,8520,False,False,0.6455696202531646
P0DTD1,CHEMBL5432119,8520,False,True,1.0
P0DTD1,CHEMBL5441539,8520,False,False,0.3333333333333333
P0DTD1,CHEMBL5441427,8520,False,False,0.30851063829787234
P0DTD1,CHEMBL5441471,8520,False,False,0.3013698630136986
P0DTD1,CHEMBL5395936,8520,False,False,0.8333333333333334
P0DTD1,CHEMBL5410610,8520,False,False,0.7407407407407407
P0DTD1,CHEMBL5403352,8520,False,False,0.7894736842105263
P0DTD1,CHEMBL5441402,8520,False,False,0.3333333333333333
P0DTD1,CHEMBL5441700,8520,False,False,0.30851063829787234
P0DTD1,CHEMBL5424128,8520,False,False,0.3584905660377358
P0DTD1,CHEMBL5407708,8520,False,False,0.32558139534883723
P0DTD1,CHEMBL5432454,8520,False,False,0.32
P0DTD1,CHEMBL5413385,8520,False,False,0.6486486486486487
P0DTD1,CHEMBL5396481,8520,False,False,0.6486486486486487
P0DTD1,CHEMBL5414071,8520,False,False,0.6551724137931034
P0DTD1,CHEMBL5420595,8520,False,False,0.6363636363636364
P0DTD1,CHEMBL5428994,8520,False,False,0.7391304347826086
P0DTD1,CHEMBL5426613,8520,False,False,0.7183098591549296
P0DTD1,CHEMBL5393926,8520,False,False,0.64
P0DTD1,CHEMBL5405557,8520,False,False,0.6477272727272727
P0DTD1,CHEMBL5408912,8520,False,False,0.6282051282051282
P0DTD1,CHEMBL5433524,8520,False,False,0.7432432432432432
P0DTD1,CHEMBL5405589,8520,False,False,0.5443037974683544
P0DTD1,CHEMBL5426970,8520,False,False,0.7285714285714285
P0DTD1,CHEMBL5402239,8520,False,False,0.625
P0DTD1,CHEMBL5415120,8520,False,False,0.7083333333333334
P0DTD1,CHEMBL5421269,8520,False,False,0.6708860759493671
P0DTD1,CHEMBL5438553,8520,False,False,0.6627906976744186
P0DTD1,CHEMBL5424235,8520,False,False,0.7727272727272727
P0DTD1,CHEMBL5426938,8520,False,False,0.5145631067961165
P0DTD1,CHEMBL5397697,8520,False,False,0.6271186440677966
P0DTD1,CHEMBL5405842,8520,False,False,0.7142857142857143
P0DTD1,CHEMBL5412571,8520,False,True,1.0
P0DTD1,CHEMBL5405273,8520,False,False,0.30434782608695654
P0DTD1,CHEMBL5399660,8520,False,False,0.2857142857142857
P0DTD1,CHEMBL5406891,8520,False,False,0.3508771929824561
P0DTD1,CHEMBL5400991,8520,False,False,0.36507936507936506
P0DTD1,CHEMBL5434000,8520,False,False,0.34545454545454546
P0DTD1,CHEMBL5409249,8520,False,False,0.32075471698113206
P0DTD1,CHEMBL5394410,8520,False,False,0.3181818181818182
P0DTD1,CHEMBL5441563,8520,False,False,0.3333333333333333
P0DTD1,CHEMBL5442069,8520,False,False,0.2835820895522388
P0DTD1,CHEMBL5441727,8520,False,False,0.2878787878787879
P0DTD1,CHEMBL5441819,8520,False,False,0.32786885245901637
P0DTD1,CHEMBL5441643,8520,False,False,0.32558139534883723
P0DTD1,CHEMBL5441930,8520,False,False,0.34444444444444444
P0DTD1,CHEMBL5441856,8520,False,False,0.29473684210526313
P0DTD1,CHEMBL5441587,8520,False,False,0.3670886075949367
P0DTD1,CHEMBL5441883,8520,False,False,0.3333333333333333
P0DTD1,CHEMBL5441871,8520,False,False,0.37209302325581395
P0DTD1,CHEMBL5441794,8520,False,False,0.3614457831325301
P0DTD1,CHEMBL5442006,8520,False,False,0.43037974683544306
P0DTD1,CHEMBL5441473,8520,False,False,0.3626373626373626
P0DTD1,CHEMBL5441829,8520,False,False,0.3522727272727273
P0DTD1,CHEMBL5441570,8520,False,False,0.33766233766233766
P0DTD1,CHEMBL5441961,8520,False,False,0.3875
P0DTD1,CHEMBL5442039,8520,False,False,0.37349397590361444
P0DTD1,CHEMBL5441517,8520,False,False,0.3595505617977528
P0DTD1,CHEMBL5441425,8520,False,False,0.35555555555555557
P0DTD1,CHEMBL5442027,8520,False,False,0.36904761904761907
P0DTD1,CHEMBL5441419,8520,False,False,0.35555555555555557
P0DTD1,CHEMBL5441459,8520,False,False,0.34408602150537637
P0DTD1,CHEMBL5442050,8520,False,False,0.3614457831325301
P0DTD1,CHEMBL5441725,8520,False,False,0.4578313253012048
P0DTD1,CHEMBL5441492,8520,False,False,0.3488372093023256
P0DTD1,CHEMBL5441576,8520,False,False,0.32954545454545453
P0DTD1,CHEMBL5441571,8520,False,False,0.31521739130434784
P0DTD1,CHEMBL5441705,8520,False,False,0.35443037974683544
P0DTD1,CHEMBL5441765,8520,False,False,0.3373493975903614
P0DTD1,CHEMBL5441896,8520,False,False,0.3563218390804598
P0DTD1,CHEMBL5441683,8520,False,False,0.345679012345679
P0DTD1,CHEMBL5442008,8520,False,False,0.34444444444444444
P0DTD1,CHEMBL5441956,8520,False,False,0.3493975903614458
P0DTD1,CHEMBL5441812,8520,False,False,0.37349397590361444
P0DTD1,CHEMBL5442158,8520,False,False,0.3333333333333333
P0DTD1,CHEMBL5442144,8520,False,False,0.345679012345679
P0DTD1,CHEMBL5441580,8520,False,False,0.345679012345679
P0DTD1,CHEMBL5441781,8520,False,False,0.32941176470588235
P0DTD1,CHEMBL5441515,8520,False,False,0.3218390804597701
P0DTD1,CHEMBL5441630,8520,False,False,0.3333333333333333
P0DTD1,CHEMBL5442110,8520,False,False,0.3717948717948718
P0DTD1,CHEMBL5441468,8520,False,False,0.3176470588235294
P0DTD1,CHEMBL5441882,8520,False,False,0.3181818181818182
P0DTD1,CHEMBL5441797,8520,False,False,0.3181818181818182
P0DTD1,CHEMBL5441851,8520,False,False,0.3625
P0DTD1,CHEMBL5442054,8520,False,False,0.35294117647058826
P0DTD1,CHEMBL5441972,8520,False,False,0.35365853658536583
P0DTD1,CHEMBL5441687,8520,False,False,0.313953488372093
P0DTD1,CHEMBL5441689,8520,False,False,0.3614457831325301
P0DTD1,CHEMBL5441716,8520,False,False,0.34065934065934067
P0DTD1,CHEMBL5441822,8520,False,False,0.3333333333333333
P0DTD1,CHEMBL5441987,8520,False,False,0.33695652173913043
P0DTD1,CHEMBL5441813,8520,False,False,0.33707865168539325
P0DTD1,CHEMBL5441802,8520,False,False,0.3411764705882353
P0DTD1,CHEMBL5441724,8520,False,False,0.3258426966292135
P0DTD1,CHEMBL5441780,8520,False,False,0.3333333333333333
P0DTD1,CHEMBL5441426,8520,False,False,0.3333333333333333
P0DTD1,CHEMBL5441609,8520,False,False,0.3373493975903614
P0DTD1,CHEMBL5441696,8520,False,False,0.36585365853658536
P0DTD1,CHEMBL5441589,8520,False,False,0.3409090909090909
P0DTD1,CHEMBL5442015,8520,False,False,0.36585365853658536
P0DTD1,CHEMBL5441619,8520,False,False,0.3181818181818182
P0DTD1,CHEMBL5442153,8520,False,False,0.3333333333333333
P0DTD1,CHEMBL5441620,8520,False,False,0.375
P0DTD1,CHEMBL5441420,8520,False,False,0.36470588235294116
P0DTD1,CHEMBL5441982,8520,False,False,0.3448275862068966
P0DTD1,CHEMBL5441397,8520,False,False,0.3488372093023256
P0DTD1,CHEMBL5441652,8520,False,False,0.2978723404255319
P0DTD1,CHEMBL5441416,8520,False,False,0.3181818181818182
P0DTD1,CHEMBL5441435,8520,False,False,0.3118279569892473
P0DTD1,CHEMBL5441434,8520,False,False,0.2872340425531915
P0DTD1,CHEMBL5441414,8520,False,False,0.2967032967032967
P0DTD1,CHEMBL5441440,8520,False,False,0.3373493975903614
P0DTD1,CHEMBL5441508,8520,False,False,0.32967032967032966
P0DTD1,CHEMBL5441634,8520,False,False,0.35294117647058826
P0DTD1,CHEMBL5441938,8520,False,False,0.3448275862068966
P0DTD1,CHEMBL5441952,8520,False,False,0.32954545454545453
P0DTD1,CHEMBL5441432,8520,False,False,0.34065934065934067
P0DTD1,CHEMBL5441433,8520,False,False,0.3368421052631579
P0DTD1,CHEMBL5441823,8520,False,False,0.3333333333333333
P0DTD1,CHEMBL5441441,8520,False,False,0.3522727272727273
P0DTD1,CHEMBL5441429,8520,False,False,0.34782608695652173
P0DTD1,CHEMBL5442036,8520,False,False,0.3225806451612903
P0DTD1,CHEMBL5441422,8520,False,False,0.32967032967032966
P0DTD1,CHEMBL5442120,8520,False,False,0.33695652173913043
P0DTD1,CHEMBL5442100,8520,False,False,0.3563218390804598
P0DTD1,CHEMBL5441423,8520,False,False,0.34444444444444444
P0DTD1,CHEMBL5441764,8520,False,False,0.3448275862068966
P0DTD1,CHEMBL5441555,8520,False,False,0.3625
P0DTD1,CHEMBL5441739,8520,False,False,0.3048780487804878
P0DTD1,CHEMBL5441990,8520,False,False,0.2926829268292683
P0DTD1,CHEMBL5441486,8520,False,False,0.27472527472527475
P0DTD1,CHEMBL5441835,8520,False,False,0.29411764705882354
P0DTD1,CHEMBL5442087,8520,False,False,0.3116883116883117
P0DTD1,CHEMBL5442049,8520,False,False,0.27956989247311825
P0DTD1,CHEMBL5442072,8520,False,False,0.3238095238095238
P0DTD1,CHEMBL5441575,8520,False,False,0.27472527472527475
P0DTD1,CHEMBL5441844,8520,False,False,0.2717391304347826
P0DTD1,CHEMBL5441506,8520,False,False,0.2777777777777778
P0DTD1,CHEMBL5442037,8520,False,False,0.2857142857142857
P0DTD1,CHEMBL5441954,8520,False,False,0.2808988764044944
P0DTD1,CHEMBL5441893,8520,False,False,0.27956989247311825
P0DTD1,CHEMBL5441755,8520,False,False,0.28888888888888886
P0DTD1,CHEMBL5441771,8520,False,False,0.2840909090909091
P0DTD1,CHEMBL5442045,8520,False,False,0.2826086956521739
P0DTD1,CHEMBL5441977,8520,False,False,0.26595744680851063
P0DTD1,CHEMBL5442077,8520,False,False,0.2736842105263158
P0DTD1,CHEMBL5441626,8520,False,False,0.26881720430107525
P0DTD1,CHEMBL5441647,8520,False,False,0.27956989247311825
P0DTD1,CHEMBL5441754,8520,False,False,0.29464285714285715
P0DTD1,CHEMBL5441533,8520,False,False,0.2777777777777778
P0DTD1,CHEMBL5442070,8520,False,False,0.2826086956521739
P0DTD1,CHEMBL5441495,8520,False,False,0.27472527472527475
P0DTD1,CHEMBL5441892,8520,False,False,0.27472527472527475
P0DTD1,CHEMBL5441936,8520,False,False,0.3068181818181818
P0DTD1,CHEMBL5441983,8520,False,False,0.2903225806451613
P0DTD1,CHEMBL5442057,8520,False,False,0.3291139240506329
P0DTD1,CHEMBL5441396,8520,False,False,0.28125
P0DTD1,CHEMBL5441387,8520,False,False,0.28125
P0DTD1,CHEMBL5441595,8520,False,False,0.3116883116883117
P0DTD1,CHEMBL5441627,8520,False,False,0.28440366972477066
P0DTD1,CHEMBL5441513,8520,False,False,0.2962962962962963
P0DTD1,CHEMBL5442114,8520,False,False,0.2716049382716049
P0DTD1,CHEMBL5441672,8520,False,False,0.3291139240506329
P0DTD1,CHEMBL5441913,8520,False,False,0.2716049382716049
P0DTD1,CHEMBL5442017,8520,False,False,0.2948717948717949
P0DTD1,CHEMBL5442067,8520,False,False,0.3125
P0DTD1,CHEMBL5441428,8520,False,False,0.3076923076923077
P0DTD1,CHEMBL5442119,8520,False,False,0.3333333333333333
P0DTD1,CHEMBL5441776,8520,False,False,0.3218390804597701
P0DTD1,CHEMBL5441991,8520,False,False,0.3218390804597701
P0DTD1,CHEMBL5441465,8520,False,False,0.2823529411764706
P0DTD1,CHEMBL5441992,8520,False,False,0.3283582089552239
P0DTD1,CHEMBL5441525,8520,False,False,0.2727272727272727
P0DTD1,CHEMBL5441516,8520,False,False,0.2823529411764706
P0DTD1,CHEMBL5441546,8520,False,False,0.2808988764044944
P0DTD1,CHEMBL5441714,8520,False,False,0.29411764705882354
P0DTD1,CHEMBL5441511,8520,False,False,0.27058823529411763
P0DTD1,CHEMBL5442116,8520,False,False,0.2692307692307692
P0DTD1,CHEMBL5441746,8520,False,False,0.3108108108108108
P0DTD1,CHEMBL5441708,8520,False,False,0.2911392405063291
P0DTD1,CHEMBL5441418,8520,False,False,0.2631578947368421
P0DTD1,CHEMBL5441613,8520,False,False,0.3
P0DTD1,CHEMBL5441702,8520,False,False,0.2716049382716049
P0DTD1,CHEMBL5441788,8520,False,False,0.25882352941176473
P0DTD1,CHEMBL5442047,8520,False,False,0.2682926829268293
P0DTD1,CHEMBL5442061,8520,False,False,0.3387096774193548
P0DTD1,CHEMBL5441741,8520,False,False,0.39344262295081966
P0DTD1,CHEMBL5441815,8520,False,False,0.3013698630136986
P0DTD1,CHEMBL5442142,8520,False,False,0.36666666666666664
P0DTD1,CHEMBL5441719,8520,False,False,0.3194444444444444
P0DTD1,CHEMBL5441784,8520,False,False,0.3333333333333333
P0DTD1,CHEMBL5441604,8520,False,False,0.32
P0DTD1,CHEMBL5441863,8520,False,False,0.3382352941176471
P0DTD1,CHEMBL5441530,8520,False,False,0.3037974683544304
P0DTD1,CHEMBL5442035,8520,False,False,0.3058823529411765
P0DTD1,CHEMBL5441407,8520,False,False,0.3142857142857143
P0DTD1,CHEMBL5441733,8520,False,False,0.3116883116883117
P0DTD1,CHEMBL5441464,8520,False,False,0.3142857142857143
P0DTD1,CHEMBL5441545,8520,False,False,0.3230769230769231
P0DTD1,CHEMBL5441386,8520,False,False,0.3157894736842105
P0DTD1,CHEMBL5441406,8520,False,False,0.30985915492957744
P0DTD1,CHEMBL5441482,8520,False,False,0.3188405797101449
P0DTD1,CHEMBL5441891,8520,False,False,0.32941176470588235
P0DTD1,CHEMBL5441737,8520,False,False,0.3157894736842105
P0DTD1,CHEMBL5442154,8520,False,False,0.29577464788732394
P0DTD1,CHEMBL5483082,8520,False,False,0.2876712328767123
P0DTD1,CHEMBL5441878,8520,False,False,0.30666666666666664
P0DTD1,CHEMBL5441489,8520,False,False,0.3013698630136986
P0DTD1,CHEMBL5441738,8520,False,False,0.3157894736842105
P0DTD1,CHEMBL5441849,8520,False,False,0.3181818181818182
P0DTD1,CHEMBL5441676,8520,False,False,0.30303030303030304
P0DTD1,CHEMBL5441610,8520,False,False,0.3181818181818182
P0DTD1,CHEMBL5441978,8520,False,False,0.31343283582089554
P0DTD1,CHEMBL5442012,8520,False,False,0.3684210526315789
P0DTD1,CHEMBL5441645,8520,False,False,0.3382352941176471
P0DTD1,CHEMBL5441527,8520,False,False,0.3125
P0DTD1,CHEMBL5441476,8520,False,False,0.34177215189873417
P0DTD1,CHEMBL5441888,8520,False,False,0.2878787878787879
P0DTD1,CHEMBL5442033,8520,False,False,0.3508771929824561
P0DTD1,CHEMBL5441490,8520,False,False,0.2835820895522388
P0DTD1,CHEMBL5442081,8520,False,False,0.24358974358974358
P0DTD1,CHEMBL5441979,8520,False,False,0.32786885245901637
P0DTD1,CHEMBL5441562,8520,False,False,0.30303030303030304
P0DTD1,CHEMBL5441718,8520,False,False,0.29347826086956524
P0DTD1,CHEMBL5441734,8520,False,False,0.359375
P0DTD1,CHEMBL5441598,8520,False,False,0.3548387096774194
P0DTD1,CHEMBL5424014,8520,False,False,0.5679012345679012
P0DTD1,CHEMBL5438782,8520,False,False,0.575
P0DTD1,CHEMBL5401358,8520,False,False,0.5802469135802469
P0DTD1,CHEMBL5409791,8520,False,False,0.5662650602409639
P0DTD1,CHEMBL5395225,8520,False,False,0.65
P0DTD1,CHEMBL5402990,8520,False,False,0.5662650602409639
P0DTD1,CHEMBL5441879,8520,False,False,0.32786885245901637
P0DTD1,CHEMBL5441412,8520,False,False,0.36470588235294116
P0DTD1,CHEMBL5441410,8520,False,False,0.2978723404255319
P0DTD1,CHEMBL5441989,8520,False,False,0.3181818181818182
P0DTD1,CHEMBL5441400,8520,False,False,0.3118279569892473
P0DTD1,CHEMBL5441404,8520,False,False,0.2872340425531915
P0DTD1,CHEMBL5441415,8520,False,False,0.2967032967032967
P0DTD1,CHEMBL5441778,8520,False,False,0.34065934065934067
P0DTD1,CHEMBL5441960,8520,False,False,0.3368421052631579
P0DTD1,CHEMBL5441608,8520,False,False,0.3522727272727273
P0DTD1,CHEMBL5441394,8520,False,False,0.34782608695652173
P0DTD1,CHEMBL5441761,8520,False,False,0.32967032967032966
P0DTD1,CHEMBL5441962,8520,False,False,0.28125
P0DTD1,CHEMBL5441782,8520,False,False,0.28125
P0DTD1,CHEMBL5441824,8520,False,False,0.2631578947368421
P0DTD1,CHEMBL5441681,8520,False,False,0.3230769230769231
P0DTD1,CHEMBL5441417,8520,False,False,0.3157894736842105
P0DTD1,CHEMBL5441479,8520,False,False,0.34177215189873417
P0DTD1,CHEMBL5441567,8520,False,False,0.2878787878787879
P0DTD1,CHEMBL5441859,8520,False,False,0.2878787878787879
P0DTD1,CHEMBL5441663,8520,False,False,0.2835820895522388
P0DTD1,CHEMBL5441759,8520,False,False,0.32786885245901637
P0DTD1,CHEMBL5425140,8520,False,False,0.40425531914893614
P0DTD1,CHEMBL5441847,8520,False,False,0.32142857142857145
P0DTD1,CHEMBL5427073,8520,False,False,0.32558139534883723
P0DTD1,CHEMBL5427494,8520,False,False,0.5604395604395604
P0DTD1,CHEMBL5435314,8520,False,False,0.3541666666666667
P0DTD1,CHEMBL5414042,8520,False,False,0.2926829268292683
P0DTD1,CHEMBL5410809,8520,False,False,0.36619718309859156
P0DTD1,CHEMBL5411183,8520,False,False,0.32075471698113206
P0DTD1,CHEMBL5410459,8520,False,False,0.3291139240506329
P0DTD1,CHEMBL5437930,8520,False,False,0.3924050632911392
P0DTD1,CHEMBL5409154,8520,False,False,0.4
P0DTD1,CHEMBL5413108,8520,False,False,0.4177215189873418
P0DTD1,CHEMBL5400538,8520,False,False,0.43037974683544306
P0DTD1,CHEMBL5421327,8520,False,False,0.3764705882352941
P0DTD1,CHEMBL5398813,8520,False,False,0.36470588235294116
P0DTD1,CHEMBL5414005,8520,False,False,0.3953488372093023
P0DTD1,CHEMBL5415228,8520,False,False,0.38271604938271603
P0DTD1,CHEMBL5435034,8520,False,False,0.6707317073170732
P0DTD1,CHEMBL5425010,8520,False,False,0.6623376623376623
P0DTD1,CHEMBL5440769,8520,False,False,0.7671232876712328
P0DTD1,CHEMBL5398911,8520,False,False,0.7123287671232876
P0DTD1,CHEMBL5433693,8520,False,False,0.6
P0DTD1,CHEMBL5409790,8520,False,False,0.6271186440677966
P0DTD1,CHEMBL5417410,8520,False,False,0.5636363636363636
P0DTD1,CHEMBL5410934,8520,False,False,0.38961038961038963
P0DTD1,CHEMBL5437199,8520,False,False,0.3026315789473684
P0DTD1,CHEMBL5433473,8520,False,False,0.2972972972972973
P0DTD1,CHEMBL5402209,8520,False,False,0.3026315789473684
P0DTD1,CHEMBL5419891,8520,False,False,0.2875
P0DTD1,CHEMBL5395044,8520,False,False,0.2840909090909091
P0DTD1,CHEMBL5401195,8520,False,False,0.2988505747126437
P0DTD1,CHEMBL5394565,8520,False,False,0.3103448275862069
P0DTD1,CHEMBL5395848,8520,False,False,0.29069767441860467
P0DTD1,CHEMBL5429124,8520,False,False,0.26881720430107525
P0DTD1,CHEMBL5417240,8520,False,False,0.30337078651685395
P0DTD1,CHEMBL5439502,8520,False,False,0.2978723404255319
P0DTD1,CHEMBL5398507,8520,False,False,0.38571428571428573
P0DTD1,CHEMBL5411855,8520,False,False,0.36363636363636365
P0DTD1,CHEMBL5402020,8520,False,False,0.6619718309859155
P0DTD1,CHEMBL5441706,8520,False,False,0.35714285714285715
P0DTD1,CHEMBL5400055,8520,False,False,0.7894736842105263
P0DTD1,CHEMBL5407468,8520,False,False,0.8243243243243243
P0DTD1,CHEMBL5423096,8520,False,False,0.8142857142857143
P0DTD1,CHEMBL5427053,8520,False,False,0.821917808219178
P0DTD1,CHEMBL5411560,8520,False,False,0.8266666666666667
P0DTD1,CHEMBL5428251,8520,False,False,0.8289473684210527
P0DTD1,CHEMBL5397764,8520,False,False,0.25
P0DTD1,CHEMBL5441588,8520,False,False,0.273972602739726
P0DTD1,CHEMBL5441949,8520,False,False,0.2702702702702703
P0DTD1,CHEMBL5442140,8520,False,False,0.2696629213483146
P0DTD1,CHEMBL5441707,8520,False,False,0.3058823529411765
P0DTD1,CHEMBL5441845,8520,False,False,0.3076923076923077
P0DTD1,CHEMBL5441399,8520,False,False,0.3170731707317073
P0DTD1,CHEMBL5441390,8520,False,False,0.3068181818181818
P0DTD1,CHEMBL5441838,8520,False,False,0.2826086956521739
P0DTD1,CHEMBL5441388,8520,False,False,0.28888888888888886
P0DTD1,CHEMBL5441411,8520,False,False,0.29213483146067415
P0DTD1,CHEMBL5441596,8520,False,False,0.2808988764044944
P0DTD1,CHEMBL5441496,8520,False,False,0.2978723404255319
P0DTD1,CHEMBL5441642,8520,False,False,0.32954545454545453
P0DTD1,CHEMBL5442156,8520,False,False,0.30303030303030304
P0DTD1,CHEMBL5441680,8520,False,False,0.3058823529411765
P0DTD1,CHEMBL5441902,8520,False,False,0.29213483146067415
P0DTD1,CHEMBL5441439,8520,False,False,0.3170731707317073
P0DTD1,CHEMBL5442146,8520,False,False,0.3068181818181818
P0DTD1,CHEMBL5441971,8520,False,False,0.30337078651685395
P0DTD1,CHEMBL5441524,8520,False,False,0.2857142857142857
P0DTD1,CHEMBL5441650,8520,False,False,0.28735632183908044
P0DTD1,CHEMBL5441519,8520,False,False,0.3125
P0DTD1,CHEMBL5441760,8520,False,False,0.2857142857142857
P0DTD1,CHEMBL5408081,8520,False,False,0.5217391304347826
P0DTD1,CHEMBL5406269,8520,False,False,0.4492753623188406
P0DTD1,CHEMBL5441748,8520,False,False,0.2967032967032967
P0DTD1,CHEMBL5414300,8520,False,False,0.6140350877192983
P0DTD1,CHEMBL5442084,8520,False,False,0.25
P0DTD1,CHEMBL5442078,8520,False,False,0.2948717948717949
P0DTD1,CHEMBL5441584,8520,False,False,0.34523809523809523
P0DTD1,CHEMBL5442029,8520,False,False,0.36904761904761907
P0DTD1,CHEMBL5442086,8520,False,False,0.4074074074074074
P0DTD1,CHEMBL5441629,8520,False,False,0.3780487804878049
P0DTD1,CHEMBL5441467,8520,False,False,0.36904761904761907
P0DTD1,CHEMBL5441474,8520,False,False,0.3522727272727273
P0DTD1,CHEMBL5441504,8520,False,False,0.3902439024390244
P0DTD1,CHEMBL5441749,8520,False,False,0.38271604938271603
P0DTD1,CHEMBL5408911,8520,False,False,0.5824175824175825
P0DTD1,CHEMBL5423458,8520,False,False,0.5408163265306123
P0DTD1,CHEMBL5403236,8520,False,False,0.7222222222222222
P0DTD1,CHEMBL5441614,8520,False,False,0.3246753246753247
P0DTD1,CHEMBL5418521,8520,False,False,0.39325842696629215
P0DTD1,CHEMBL5433055,8520,False,False,0.37373737373737376
P0DTD1,CHEMBL5441526,8520,False,False,0.34831460674157305
P0DTD1,CHEMBL5441413,8520,False,False,0.34408602150537637
P0DTD1,CHEMBL5441943,8520,False,False,0.34831460674157305
P0DTD1,CHEMBL5441424,8520,False,False,0.34408602150537637
P0DTD1,CHEMBL5441682,8520,False,False,0.26582278481012656
P0DTD1,CHEMBL5441549,8520,False,False,0.2926829268292683
P0DTD1,CHEMBL5441594,8520,False,False,0.2777777777777778
P0DTD1,CHEMBL5441436,8520,False,False,0.2777777777777778
P0DTD1,CHEMBL5441869,8520,False,False,0.2727272727272727
P0DTD1,CHEMBL5441392,8520,False,False,0.2962962962962963
P0DTD1,CHEMBL5441430,8520,False,False,0.28735632183908044
P0DTD1,CHEMBL5442161,8520,False,False,0.2727272727272727
P0DTD1,CHEMBL5441701,8520,False,False,0.28735632183908044
P0DTD1,CHEMBL5441502,8520,False,False,0.4126984126984127
P0DTD1,CHEMBL5441988,8520,False,False,0.3488372093023256
P0DTD1,CHEMBL5441393,8520,False,False,0.34444444444444444
P0DTD1,CHEMBL5441431,8520,False,False,0.34444444444444444
P0DTD1,CHEMBL5441777,8520,False,False,0.32857142857142857
P0DTD1,CHEMBL5441603,8520,False,False,0.3333333333333333
P0DTD1,CHEMBL5441573,8520,False,False,0.35714285714285715
P0DTD1,CHEMBL5441401,8520,False,False,0.34444444444444444
P0DTD1,CHEMBL5441405,8520,False,False,0.32967032967032966
P0DTD1,CHEMBL5441403,8520,False,False,0.34444444444444444
P0DTD1,CHEMBL5441779,8520,False,False,0.32967032967032966
P0DTD1,CHEMBL5439416,8520,False,False,0.5967741935483871
P0DTD1,CHEMBL5441801,8520,False,False,0.27710843373493976
P0DTD1,CHEMBL5441726,8520,False,False,0.3188405797101449
P0DTD1,CHEMBL5441757,8520,False,False,0.2625
P0DTD1,CHEMBL5441976,8520,False,False,0.31666666666666665
P0DTD1,CHEMBL5441484,8520,False,False,0.35384615384615387
P0DTD1,CHEMBL5441842,8520,False,False,0.3142857142857143
P0DTD1,CHEMBL5442103,8520,False,False,0.26436781609195403
P0DTD1,CHEMBL5427720,8520,False,False,0.8169014084507042
P0DTD1,CHEMBL5424971,8520,False,False,0.8208955223880597
P0DTD1,CHEMBL5415934,8520,False,False,0.8285714285714286
P0DTD1,CHEMBL5438762,8520,False,False,0.8333333333333334
P0DTD1,CHEMBL5394180,8520,False,False,0.8356164383561644
P0DTD1,CHEMBL5411233,8520,False,False,0.803030303030303
P0DTD1,CHEMBL5402071,8520,False,False,0.8688524590163934
P0DTD1,CHEMBL5442094,8520,False,False,0.3103448275862069
P0DTD1,CHEMBL5441617,8520,False,False,0.2926829268292683
P0DTD1,CHEMBL5441854,8520,False,False,0.3333333333333333
P0DTD1,CHEMBL5441787,8520,False,False,0.30120481927710846
P0DTD1,CHEMBL5441751,8520,False,False,0.2962962962962963
P0DTD1,CHEMBL5428967,8520,False,False,0.32432432432432434
P0DTD1,CHEMBL5441591,8520,False,False,0.3068181818181818
P0DTD1,CHEMBL5442095,8520,False,False,0.2717391304347826
P0DTD1,CHEMBL5441810,8520,False,False,0.25609756097560976
P0DTD1,CHEMBL5441980,8520,False,False,0.30526315789473685
P0DTD1,CHEMBL5441900,8520,False,False,0.30526315789473685
P0DTD1,CHEMBL5441825,8520,False,False,0.3010752688172043
P0DTD1,CHEMBL5441577,8520,False,False,0.2916666666666667
P0DTD1,CHEMBL5441612,8520,False,False,0.30864197530864196
P0DTD1,CHEMBL5427783,8520,False,False,0.5662650602409639
P0DTD1,CHEMBL5409350,8520,False,False,0.5662650602409639
P0DTD1,CHEMBL5441632,8520,False,False,0.36231884057971014
P0DTD1,CHEMBL5441886,8520,False,False,0.2553191489361702
P0DTD1,CHEMBL5441800,8520,False,False,0.3333333333333333
P0DTD1,CHEMBL5434910,8520,False,False,0.4523809523809524
P0DTD1,CHEMBL5441793,8520,False,False,0.3013698630136986
P0DTD1,CHEMBL5410076,8520,False,False,0.5660377358490566
P0DTD1,CHEMBL5408097,8520,False,False,0.39759036144578314
P0DTD1,CHEMBL5405634,8520,False,False,0.2857142857142857
P0DTD1,CHEMBL5423655,8520,False,False,0.30337078651685395
P0DTD1,CHEMBL5428745,8520,False,False,0.6133333333333333
P0DTD1,CHEMBL5401656,8520,False,False,0.6111111111111112
P0DTD1,CHEMBL5393994,8520,False,False,0.5913978494623656
P0DTD1,CHEMBL5396377,8520,False,False,0.5670103092783505
P0DTD1,CHEMBL5413359,8520,False,False,0.55
P0DTD1,CHEMBL5421616,8520,False,False,0.8205128205128205
P0DTD1,CHEMBL5442053,8520,False,False,0.39705882352941174
P0DTD1,CHEMBL5441925,8520,False,False,0.3484848484848485
P0DTD1,CHEMBL5441767,8520,False,False,0.2619047619047619
P0DTD1,CHEMBL5441803,8520,False,False,0.2619047619047619
P0DTD1,CHEMBL5441409,8520,False,False,0.3333333333333333
P0DTD1,CHEMBL5441923,8520,False,False,0.273972602739726
P0DTD1,CHEMBL5441985,8520,False,False,0.3108108108108108
P0DTD1,CHEMBL5441914,8520,False,False,0.35185185185185186
P0DTD1,CHEMBL5441951,8520,False,False,0.30434782608695654
P0DTD1,CHEMBL5442126,8520,False,False,0.39705882352941174
P0DTD1,CHEMBL5442117,8520,False,False,0.3484848484848485
P0DTD1,CHEMBL5441398,8520,False,False,0.3333333333333333
P0DTD1,CHEMBL5441967,8520,False,False,0.3194444444444444
P0DTD1,CHEMBL5405232,8520,False,False,0.4262295081967213
P0DTD1,CHEMBL5441578,8520,False,False,0.3194444444444444
P0DTD1,CHEMBL5442060,8520,False,False,0.3275862068965517
P0DTD1,CHEMBL5398479,8520,False,False,0.6818181818181818
P0DTD1,CHEMBL5399253,8520,False,False,0.7261904761904762
P0DTD1,CHEMBL5431050,8520,False,False,0.821917808219178
P0DTD1,CHEMBL5424171,8520,False,False,0.68
P0DTD1,CHEMBL5442020,8520,False,False,0.2923076923076923
P0DTD1,CHEMBL5397501,8520,False,False,0.5542168674698795
P0DTD1,CHEMBL5414006,8520,False,False,0.7297297297297297
P0DTD1,CHEMBL5433514,8520,False,False,0.4588235294117647
P0DTD1,CHEMBL5411464,8520,False,False,0.4222222222222222
P0DTD1,CHEMBL5442125,8520,False,False,0.2765957446808511
P0DTD1,CHEMBL5441498,8520,False,False,0.3218390804597701
P0DTD1,CHEMBL5441946,8520,False,False,0.2631578947368421
P0DTD1,CHEMBL5442042,8520,False,False,0.3218390804597701
P0DTD1,CHEMBL5441551,8520,False,False,0.32926829268292684
P0DTD1,CHEMBL5441811,8520,False,False,0.3387096774193548
P0DTD1,CHEMBL5441602,8520,False,False,0.32
P0DTD1,CHEMBL5397356,8520,False,False,0.6712328767123288
P0DTD1,CHEMBL5441528,8520,False,False,0.4098360655737705
P0DTD1,CHEMBL5441438,8520,False,False,0.4098360655737705
P0DTD1,CHEMBL5441688,8520,False,False,0.3037974683544304
P0DTD1,CHEMBL5430702,8520,False,False,0.5
P0DTD1,CHEMBL5421184,8520,False,False,0.4084507042253521
P0DTD1,CHEMBL5397315,8520,False,False,0.8970588235294118
P0DTD1,CHEMBL5441408,8520,False,False,0.4098360655737705
P0DTD1,CHEMBL5442162,8520,False,False,0.25263157894736843
P0DTD1,CHEMBL5441904,8520,False,False,0.29347826086956524
P0DTD1,CHEMBL5442136,8520,False,False,0.2698412698412698
P0DTD1,CHEMBL5442009,8520,False,False,0.2571428571428571
P0DTD1,CHEMBL5441867,8520,False,False,0.27710843373493976
P0DTD1,CHEMBL5441880,8520,False,False,0.30666666666666664
P0DTD1,CHEMBL5441766,8520,False,False,0.3333333333333333
P0DTD1,CHEMBL5441520,8520,False,False,0.30337078651685395
P0DTD1,CHEMBL5426089,8520,False,False,0.30666666666666664
P0DTD1,CHEMBL5441690,8520,False,False,0.35
P0DTD1,CHEMBL5442076,8520,False,False,0.3670886075949367
P0DTD1,CHEMBL5442019,8520,False,False,0.3625
P0DTD1,CHEMBL5442085,8520,False,False,0.3373493975903614
P0DTD1,CHEMBL5441669,8520,False,False,0.3373493975903614
P0DTD1,CHEMBL5424318,8520,False,False,0.34328358208955223
P0DTD1,CHEMBL5406997,8520,False,False,0.34285714285714286
P0DTD1,CHEMBL5427453,8520,False,False,0.34328358208955223
P0DTD1,CHEMBL5441550,8520,False,False,0.27956989247311825
P0DTD1,CHEMBL5441942,8520,False,False,0.3333333333333333
P0DTD1,CHEMBL5415275,8520,False,False,0.36065573770491804
P0DTD1,CHEMBL5441906,8520,False,False,0.2875
P0DTD1,CHEMBL5421429,8520,False,False,0.4125
P0DTD1,CHEMBL5397709,8520,False,False,0.29545454545454547
P0DTD1,CHEMBL5402611,8520,False,False,0.313953488372093
P0DTD1,CHEMBL5431675,8520,False,False,0.5632183908045977
P0DTD1,CHEMBL5412104,8520,False,False,0.5777777777777777
P0DTD1,CHEMBL5400638,8520,False,False,0.5212765957446809
P0DTD1,CHEMBL5427101,8520,False,False,0.5360824742268041
P0DTD1,CHEMBL5410336,8520,False,False,0.6571428571428571
P0DTD1,CHEMBL5406405,8520,False,False,0.647887323943662
P0DTD1,CHEMBL5442046,8520,False,False,0.36507936507936506
P0DTD1,CHEMBL5441984,8520,False,False,0.3333333333333333
P0DTD1,CHEMBL5436099,8520,False,False,0.3617021276595745
P0DTD1,CHEMBL5405544,8520,False,False,0.38095238095238093
P0DTD1,CHEMBL5439047,8520,False,False,0.3404255319148936
P0DTD1,CHEMBL5441723,8520,False,False,0.3333333333333333
P0DTD1,CHEMBL5441958,8520,False,False,0.34146341463414637
P0DTD1,CHEMBL5441736,8520,False,False,0.2755102040816326
P0DTD1,CHEMBL5441908,8520,False,False,0.32926829268292684
P0DTD1,CHEMBL5441639,8520,False,False,0.34146341463414637
P0DTD1,CHEMBL5441830,8520,False,False,0.34146341463414637
P0DTD1,CHEMBL5441860,8520,False,False,0.3333333333333333
P0DTD1,CHEMBL5441538,8520,False,False,0.30434782608695654
P0DTD1,CHEMBL5394734,8520,False,False,0.3894736842105263
P0DTD1,CHEMBL5441970,8520,False,False,0.3188405797101449
P0DTD1,CHEMBL5441421,8520,False,False,0.3717948717948718
P0DTD1,CHEMBL5441874,8520,False,False,0.35365853658536583
P0DTD1,CHEMBL5441924,8520,False,False,0.32926829268292684
P0DTD1,CHEMBL5442032,8520,False,False,0.2717391304347826
P0DTD1,CHEMBL5441518,8520,False,False,0.27472527472527475
P0DTD1,CHEMBL5442051,8520,False,False,0.3333333333333333
P0DTD1,CHEMBL5441389,8520,False,False,0.3258426966292135
P0DTD1,CHEMBL5441395,8520,False,False,0.3258426966292135
P0DTD1,CHEMBL5442004,8520,False,False,0.3373493975903614
P0DTD1,CHEMBL5442152,8520,False,False,0.31868131868131866
P0DTD1,CHEMBL5441481,8520,False,False,0.2717391304347826
P0DTD1,CHEMBL5441818,8520,False,False,0.26153846153846155
P0DTD1,CHEMBL5441648,8520,False,False,0.26153846153846155
P0DTD1,CHEMBL5441973,8520,False,False,0.30666666666666664
P0DTD1,CHEMBL5441653,8520,False,False,0.3373493975903614
P0DTD1,CHEMBL5442055,8520,False,False,0.32954545454545453
P0DTD1,CHEMBL5441922,8520,False,False,0.3253012048192771
P0DTD1,CHEMBL5441625,8520,False,False,0.3372093023255814
P0DTD1,CHEMBL5441664,8520,False,False,0.3333333333333333
P0DTD1,CHEMBL5437439,8520,False,False,0.40425531914893614
P0DTD1,CHEMBL5412903,8520,False,False,0.39361702127659576
P0DTD1,CHEMBL5427542,8520,False,False,0.3974358974358974
P0DTD1,CHEMBL5431872,8520,False,False,0.4105263157894737
P0DTD1,CHEMBL5441995,8520,False,False,0.4057971014492754
P0DTD1,CHEMBL5442121,8520,False,False,0.3
P0DTD1,CHEMBL5442097,8520,False,False,0.2835820895522388
P0DTD1,CHEMBL5441437,8520,False,False,0.3
P0DTD1,CHEMBL5441391,8520,False,False,0.2765957446808511
P0DTD1,CHEMBL5441993,8520,False,False,0.2765957446808511
P0DTD1,CHEMBL5441957,8520,False,False,0.29577464788732394
P0DTD1,CHEMBL5441763,8520,False,False,0.2876712328767123
P0DTD1,CHEMBL5433491,8520,False,False,0.5813953488372093
P0DTD1,CHEMBL5439420,8520,False,False,0.2833333333333333
P0DTD1,CHEMBL5409259,8520,False,False,0.4
P0DTD1,CHEMBL5436573,8520,False,False,0.5168539325842697
P0DTD1,CHEMBL5412310,8520,False,False,0.5542168674698795
P0DTD1,CHEMBL5396421,8520,False,False,0.5476190476190477
P0DTD1,CHEMBL5439916,8520,False,False,0.573170731707317
P0DTD1,CHEMBL5402227,8520,False,False,0.5483870967741935
P0DTD1,CHEMBL5400701,8520,False,False,0.5
P0DTD1,CHEMBL5394078,8520,False,False,0.6578947368421053
P0DTD1,CHEMBL5409052,8520,False,False,0.6493506493506493
P0DTD1,CHEMBL5399795,8520,False,False,0.26582278481012656
P0DTD1,CHEMBL5405138,8520,False,False,0.65
P0DTD1,CHEMBL5421800,8520,False,False,0.34285714285714286
P0DTD1,CHEMBL5426830,8520,False,False,0.38235294117647056
P0DTD1,CHEMBL5395762,8520,False,False,0.6470588235294118
P0DTD1,CHEMBL5438646,8520,False,False,0.6301369863013698
P0DTD1,CHEMBL5439086,8520,False,False,0.7941176470588235
P0DTD1,CHEMBL5420170,8520,False,False,0.7777777777777778
P0DTD1,CHEMBL5403276,8520,False,False,0.6216216216216216
P0DTD1,CHEMBL5411147,8520,False,False,0.6547619047619048
P0DTD1,CHEMBL5423053,8520,False,False,0.782608695652174
P0DTD1,CHEMBL5437799,8520,False,False,0.765625
P0DTD1,CHEMBL5418419,8520,False,False,0.6835443037974683
P0DTD1,CHEMBL5407441,8520,False,False,0.31746031746031744
P0DTD1,CHEMBL5408702,8520,False,False,0.7714285714285715
P0DTD1,CHEMBL5414023,8520,False,False,0.7714285714285715
P0DTD1,CHEMBL5418992,8520,False,False,0.7638888888888888
P0DTD1,CHEMBL5403743,8520,False,False,0.8235294117647058
P0DTD1,CHEMBL5417180,8520,False,False,0.835820895522388
P0DTD1,CHEMBL5430366,8520,False,False,0.7733333333333333
P0DTD1,CHEMBL5412579,8520,False,False,0.7941176470588235
P0DTD1,CHEMBL5441572,8520,False,False,0.27
P0DTD1,CHEMBL5396073,8520,False,False,0.7083333333333334
P0DTD1,CHEMBL5442089,8520,False,False,0.36065573770491804
P0DTD1,CHEMBL5441698,8520,False,False,0.30985915492957744
P0DTD1,CHEMBL5441841,8520,False,False,0.30985915492957744
P0DTD1,CHEMBL5442135,8520,False,False,0.2962962962962963
P0DTD1,CHEMBL5441921,8520,False,False,0.323943661971831
P0DTD1,CHEMBL5441785,8520,False,False,0.3157894736842105
P0DTD1,CHEMBL5438913,8520,False,False,0.5652173913043478
P0DTD1,CHEMBL5442079,8520,False,False,0.30985915492957744
P0DTD1,CHEMBL5442059,8520,False,False,0.27848101265822783
P0DTD1,CHEMBL5441675,8520,False,False,0.27848101265822783
P0DTD1,CHEMBL5442099,8520,False,False,0.3620689655172414
P0DTD1,CHEMBL5441699,8520,False,False,0.43859649122807015
P0DTD1,CHEMBL5415241,8520,False,False,0.3877551020408163
P0DTD1,CHEMBL5414823,8520,False,False,0.5416666666666666
P0DTD1,CHEMBL5441646,8520,False,False,0.45098039215686275
P0DTD1,CHEMBL5441899,8520,False,False,0.3484848484848485
P0DTD1,CHEMBL5442056,8520,False,False,0.3387096774193548
P0DTD1,CHEMBL5441865,8520,False,False,0.3559322033898305
P0DTD1,CHEMBL5442104,8520,False,False,0.3559322033898305
P0DTD1,CHEMBL5441937,8520,False,False,0.38461538461538464
P0DTD1,CHEMBL5441832,8520,False,False,0.375
P0DTD1,CHEMBL5442068,8520,False,False,0.2786885245901639
P0DTD1,CHEMBL5441711,8520,False,False,0.3088235294117647
P0DTD1,CHEMBL5441695,8520,False,False,0.30434782608695654
P0DTD1,CHEMBL5441466,8520,False,False,0.3384615384615385
P0DTD1,CHEMBL5441975,8520,False,False,0.30303030303030304
P0DTD1,CHEMBL5441821,8520,False,False,0.30434782608695654
P0DTD1,CHEMBL5442106,8520,False,False,0.3088235294117647
P0DTD1,CHEMBL5441804,8520,False,False,0.2916666666666667
P0DTD1,CHEMBL5441918,8520,False,False,0.38461538461538464
P0DTD1,CHEMBL5441742,8520,False,False,0.34375
P0DTD1,CHEMBL5441586,8520,False,False,0.26595744680851063
P0DTD1,CHEMBL5441514,8520,False,False,0.2972972972972973
P0DTD1,CHEMBL5442159,8520,False,False,0.3150684931506849
P0DTD1,CHEMBL5441684,8520,False,False,0.3068181818181818
P0DTD1,CHEMBL5442134,8520,False,False,0.29333333333333333
P0DTD1,CHEMBL5441475,8520,False,False,0.3469387755102041
P0DTD1,CHEMBL5441685,8520,False,False,0.3181818181818182
P0DTD1,CHEMBL5441861,8520,False,False,0.3492063492063492
P0DTD1,CHEMBL5441901,8520,False,False,0.375
P0DTD1,CHEMBL5441798,8520,False,False,0.34375
P0DTD1,CHEMBL5441655,8520,False,False,0.35384615384615387
P0DTD1,CHEMBL5441480,8520,False,False,0.3880597014925373
P0DTD1,CHEMBL5441656,8520,False,False,0.4262295081967213
P0DTD1,CHEMBL5441981,8520,False,False,0.3333333333333333
P0DTD1,CHEMBL5441789,8520,False,False,0.3880597014925373
P0DTD1,CHEMBL5441768,8520,False,False,0.28378378378378377
P0DTD1,CHEMBL5442031,8520,False,False,0.27631578947368424
P0DTD1,CHEMBL5441641,8520,False,False,0.2876712328767123
P0DTD1,CHEMBL5441622,8520,False,False,0.28
P0DTD1,CHEMBL5441560,8520,False,False,0.2835820895522388
P0DTD1,CHEMBL5441907,8520,False,False,0.3125
P0DTD1,CHEMBL5441894,8520,False,False,0.2727272727272727
P0DTD1,CHEMBL5437572,8520,False,False,0.2823529411764706
P0DTD1,CHEMBL5433579,8520,False,False,0.27906976744186046
P0DTD1,CHEMBL5418478,8520,False,False,0.29411764705882354
P0DTD1,CHEMBL5407311,8520,False,False,0.3058823529411765
P0DTD1,CHEMBL5430369,8520,False,False,0.3466666666666667
P0DTD1,CHEMBL5426918,8520,False,False,0.27472527472527475
P0DTD1,CHEMBL5436025,8520,False,False,0.29545454545454547
P0DTD1,CHEMBL5406509,8520,False,False,0.2987012987012987
P0DTD1,CHEMBL5415422,8520,False,False,0.29577464788732394
P0DTD1,CHEMBL5426064,8520,False,True,1.0
P0DTD1,CHEMBL5435470,8520,False,False,0.6623376623376623
P0DTD1,CHEMBL5437518,8520,False,False,0.6875
P0DTD1,CHEMBL5398423,8520,False,False,0.6578947368421053
P0DTD1,CHEMBL5438286,8520,False,False,0.6493506493506493
P0DTD1,CHEMBL5427578,8520,False,False,0.7397260273972602
P0DTD1,CHEMBL5416515,8520,False,False,0.2898550724637681
P0DTD1,CHEMBL5433628,8520,False,False,0.32653061224489793
P0DTD1,CHEMBL5433083,8520,False,False,0.39285714285714285
P0DTD1,CHEMBL5406209,8520,False,False,0.32
P0DTD1,CHEMBL5410698,8520,False,False,0.36538461538461536
P0DTD1,CHEMBL5436202,8520,False,False,0.35294117647058826
P0DTD1,CHEMBL5430534,8520,False,False,0.3695652173913043
P0DTD1,CHEMBL5418838,8520,False,False,0.3617021276595745
P0DTD1,CHEMBL5428437,8520,False,False,0.34
P0DTD1,CHEMBL5423390,8520,False,False,0.3617021276595745
P0DTD1,CHEMBL5436067,8520,False,False,0.3617021276595745
P0DTD1,CHEMBL5400454,8520,False,False,0.3617021276595745
P0DTD1,CHEMBL5418540,8520,False,False,0.3870967741935484
P0DTD1,CHEMBL5397302,8520,False,False,0.4166666666666667
P0DTD1,CHEMBL5416294,8520,False,False,0.3404255319148936
P0DTD1,CHEMBL5408630,8520,False,False,0.32857142857142857
P0DTD1,CHEMBL5418940,8520,False,False,0.3404255319148936
P0DTD1,CHEMBL5395882,8520,False,False,0.34782608695652173
P0DTD1,CHEMBL5405838,8520,False,False,0.3953488372093023
P0DTD1,CHEMBL5417362,8520,False,False,0.3684210526315789
P0DTD1,CHEMBL5401478,8520,False,False,0.359375
P0DTD1,CHEMBL5435180,8520,False,False,0.37037037037037035
P0DTD1,CHEMBL5405362,8520,False,False,0.3404255319148936
P0DTD1,CHEMBL5396109,8520,False,False,0.3181818181818182
P0DTD1,CHEMBL5413101,8520,False,False,0.3090909090909091
P0DTD1,CHEMBL5412979,8520,False,False,0.30357142857142855
P0DTD1,CHEMBL5416685,8520,False,False,0.35555555555555557
P0DTD1,CHEMBL5420763,8520,False,False,0.3888888888888889
P0DTD1,CHEMBL5402360,8520,False,False,0.38461538461538464
P0DTD1,CHEMBL5428134,8520,False,False,0.5555555555555556
P0DTD1,CHEMBL5439438,8520,False,False,0.3838383838383838
P0DTD1,CHEMBL5399537,8520,False,False,0.3894736842105263
P0DTD1,CHEMBL5406180,8520,False,False,0.38144329896907214
P0DTD1,CHEMBL5423178,8520,False,False,0.38144329896907214
P0DTD1,CHEMBL5419145,8520,False,False,0.36538461538461536
P0DTD1,CHEMBL5425241,8520,False,False,0.3275862068965517
P0DTD1,CHEMBL5418627,8520,False,False,0.3584905660377358
P0DTD1,CHEMBL5439575,8520,False,False,0.3333333333333333
P0DTD1,CHEMBL5400303,8520,False,False,0.39215686274509803
P0DTD1,CHEMBL5423618,8520,False,False,0.3382352941176471
P0DTD1,CHEMBL5398166,8520,False,False,0.3275862068965517
P0DTD1,CHEMBL5429980,8520,False,False,0.3584905660377358
P0DTD1,CHEMBL5406114,8520,False,False,0.34545454545454546
P0DTD1,CHEMBL5425758,8520,False,False,0.3392857142857143
P0DTD1,CHEMBL5418919,8520,False,False,0.3584905660377358
P0DTD1,CHEMBL5422331,8520,False,False,0.39622641509433965
P0DTD1,CHEMBL5418023,8520,False,False,0.5476190476190477
P0DTD1,CHEMBL5394951,8520,False,False,0.39215686274509803
P0DTD1,CHEMBL5398922,8520,False,False,0.3387096774193548
P0DTD1,CHEMBL5404766,8520,False,False,0.42028985507246375
P0DTD1,CHEMBL5442074,8520,False,False,0.4406779661016949
P0DTD1,CHEMBL5434729,8520,False,False,0.46511627906976744
P0DTD1,CHEMBL5435359,8520,False,False,0.6578947368421053
P0DTD1,CHEMBL5441828,8520,False,False,0.32075471698113206
P0DTD1,CHEMBL5441635,8520,False,False,0.3287671232876712
P0DTD1,CHEMBL5442149,8520,False,False,0.33783783783783783
P10275,CHEMBL5423257,5910,False,False,0.7222222222222222
P10275,CHEMBL5399353,5910,False,False,0.4838709677419355
P10275,CHEMBL5430612,5910,False,False,0.4918032786885246
P10275,CHEMBL5398564,5910,False,False,0.4838709677419355
P10275,CHEMBL5422234,5910,False,False,0.47297297297297297
P10275,CHEMBL5421324,5910,False,False,0.47619047619047616
P10275,CHEMBL5424470,5910,False,False,0.46875
P10275,CHEMBL5398752,5910,False,False,0.4794520547945205
P10275,CHEMBL5398420,5910,False,False,0.6865671641791045
P10275,CHEMBL5431700,5910,False,False,0.36507936507936506
P10275,CHEMBL5405109,5910,False,False,0.328125
P10275,CHEMBL5401872,5910,False,False,0.2727272727272727
P10275,CHEMBL5394108,5910,False,False,0.323943661971831
P10275,CHEMBL5424031,5910,False,False,0.32432432432432434
P10275,CHEMBL5439835,5910,False,False,0.31746031746031744
P10275,CHEMBL5409469,5910,False,False,0.30666666666666664
P10275,CHEMBL5416202,5910,False,False,0.24691358024691357
P10275,CHEMBL5416819,5910,False,False,0.25609756097560976
P10275,CHEMBL5395364,5910,False,False,0.3026315789473684
P10275,CHEMBL5421312,5910,False,False,0.24390243902439024
P10275,CHEMBL5440496,5910,False,False,0.2549019607843137
P10275,CHEMBL5395976,5910,False,False,0.3404255319148936
P10275,CHEMBL5394445,5910,False,False,0.30612244897959184
P10275,CHEMBL5430613,5910,False,False,0.288135593220339
P10275,CHEMBL5423482,5910,False,False,0.288135593220339
P10275,CHEMBL5429958,5910,False,False,0.28888888888888886
P10275,CHEMBL5423748,5910,False,False,0.3333333333333333
P10275,CHEMBL5435387,5910,False,False,0.7647058823529411
P10275,CHEMBL5440678,5910,False,False,0.6027397260273972
P10275,CHEMBL5421919,5910,False,False,0.819672131147541
P10275,CHEMBL5399091,5910,False,False,0.6285714285714286
P10275,CHEMBL5405995,5910,False,False,0.4166666666666667
P10275,CHEMBL5416300,5910,False,False,0.2916666666666667
P10275,CHEMBL5433104,5910,False,False,0.30952380952380953
P10275,CHEMBL5395092,5910,False,False,0.30434782608695654
P10275,CHEMBL5393933,5910,False,False,0.6
P14416,CHEMBL5399833,12825,False,False,0.5324675324675324
P14416,CHEMBL5435325,12825,False,False,0.5641025641025641
P14416,CHEMBL5415842,12825,False,False,0.4266666666666667
P14416,CHEMBL5415691,12825,False,False,0.4657534246575342
P14416,CHEMBL5407845,12825,False,False,0.2716049382716049
P14416,CHEMBL5410716,12825,False,False,0.8620689655172413
P14416,CHEMBL5399568,12825,False,False,0.8596491228070176
P14416,CHEMBL5425375,12825,False,False,0.8571428571428571
P14416,CHEMBL5399166,12825,False,False,0.8571428571428571
P14416,CHEMBL5397609,12825,False,False,0.5
P14416,CHEMBL5411545,12825,False,False,0.4936708860759494
P14416,CHEMBL5410387,12825,False,False,0.8545454545454545
P14416,CHEMBL5438487,12825,False,False,0.8867924528301887
P14416,CHEMBL5396616,12825,False,False,0.7966101694915254
P14416,CHEMBL5433001,12825,False,False,0.8490566037735849
P14416,CHEMBL5430494,12825,False,False,0.5526315789473685
P14416,CHEMBL5440936,12825,False,False,0.5131578947368421
P14416,CHEMBL5406355,12825,False,False,0.5584415584415584
P14416,CHEMBL5414152,12825,False,False,0.547945205479452
P14416,CHEMBL5418890,12825,False,False,0.3953488372093023
P14416,CHEMBL5424038,12825,False,False,0.5526315789473685
P14416,CHEMBL5421574,12825,False,False,0.3333333333333333
P14416,CHEMBL5441140,12825,False,False,0.5416666666666666
P14416,CHEMBL5418748,12825,False,False,0.4
P14416,CHEMBL5414422,12825,False,False,0.34831460674157305
P14416,CHEMBL5417227,12825,False,False,0.40789473684210525
P14416,CHEMBL5401818,12825,False,False,0.5466666666666666
P14416,CHEMBL5426286,12825,False,False,0.5352112676056338
P14416,CHEMBL5412359,12825,False,False,0.38961038961038963
P14416,CHEMBL5435054,12825,False,False,0.5138888888888888
P14416,CHEMBL5438433,12825,False,False,0.5333333333333333
P14416,CHEMBL5412886,12825,False,False,0.5833333333333334
P14416,CHEMBL5427065,12825,False,False,0.4594594594594595
P14416,CHEMBL5424897,12825,False,False,0.56
P14416,CHEMBL5409134,12825,False,False,0.6212121212121212
P14416,CHEMBL5437660,12825,False,False,0.5573770491803278
P14416,CHEMBL5424241,12825,False,False,0.6363636363636364
P14416,CHEMBL5409755,12825,False,False,0.5666666666666667
P14416,CHEMBL5421925,12825,False,False,0.5405405405405406
P14416,CHEMBL5408223,12825,False,False,0.6923076923076923
P14416,CHEMBL5415846,12825,False,False,0.8214285714285714
P14416,CHEMBL5404807,12825,False,False,0.5064935064935064
P14416,CHEMBL5425134,12825,False,False,0.6290322580645161
P14416,CHEMBL5440422,12825,False,False,0.6056338028169014
P14416,CHEMBL5404054,12825,False,False,0.7162162162162162
P14416,CHEMBL5410159,12825,False,False,0.5
P14416,CHEMBL5409322,12825,False,False,0.5757575757575758
P14416,CHEMBL5412606,12825,False,False,0.4659090909090909
P14416,CHEMBL5421714,12825,False,False,0.6710526315789473
P14416,CHEMBL5395539,12825,False,False,0.5185185185185185
P14416,CHEMBL5398913,12825,False,False,0.4909090909090909
P14416,CHEMBL5436551,12825,False,False,0.4909090909090909
P14416,CHEMBL5436957,12825,False,False,0.6229508196721312
P14416,CHEMBL5400528,12825,False,False,0.7017543859649122
P14416,CHEMBL5420316,12825,False,False,0.5555555555555556
P14416,CHEMBL5426620,12825,False,False,0.5737704918032787
P14416,CHEMBL5402212,12825,False,False,0.609375
P14416,CHEMBL5396600,12825,False,False,0.35384615384615387
P14416,CHEMBL5433284,12825,False,False,0.7678571428571429
P14416,CHEMBL5438081,12825,False,False,0.5294117647058824
P14416,CHEMBL5435745,12825,False,False,0.59375
P14416,CHEMBL5399129,12825,False,False,0.49295774647887325
P14416,CHEMBL5421827,12825,False,False,0.5072463768115942
P14416,CHEMBL5434229,12825,False,False,0.5972222222222222
P14416,CHEMBL5431103,12825,False,False,0.7213114754098361
P14416,CHEMBL5403268,12825,False,False,0.6764705882352942
P14416,CHEMBL5422870,12825,False,False,0.6486486486486487
P14416,CHEMBL5428803,12825,False,False,0.7777777777777778
P14416,CHEMBL5403204,12825,False,False,0.6119402985074627
P14416,CHEMBL5439853,12825,False,False,0.6119402985074627
P14416,CHEMBL5407341,12825,False,False,0.6567164179104478
P14416,CHEMBL5417643,12825,False,False,0.47368421052631576
P14416,CHEMBL5399720,12825,False,False,0.5079365079365079
P14416,CHEMBL5416644,12825,False,False,0.6515151515151515
P14416,CHEMBL5411404,12825,False,False,0.6615384615384615
P14416,CHEMBL5409227,12825,False,False,0.7230769230769231
P14416,CHEMBL5427695,12825,False,False,0.6774193548387096
P14416,CHEMBL5414097,12825,False,False,0.48148148148148145
P14416,CHEMBL5415178,12825,False,False,0.5194805194805194
P14416,CHEMBL5409419,12825,False,False,0.6027397260273972
P14416,CHEMBL5426242,12825,False,False,0.5466666666666666
P14416,CHEMBL5395417,12825,False,False,0.4
P14416,CHEMBL5393856,12825,False,False,0.4788732394366197
P14416,CHEMBL5402456,12825,False,False,0.4246575342465753
P14416,CHEMBL5410217,12825,False,False,0.5774647887323944
P14416,CHEMBL5433201,12825,False,False,0.5675675675675675
P14416,CHEMBL5427288,12825,False,False,0.5333333333333333
P14416,CHEMBL5425434,12825,False,False,0.625
P14416,CHEMBL5417857,12825,False,False,0.6176470588235294
P14416,CHEMBL5396612,12825,False,False,0.6029411764705882
P14416,CHEMBL5405133,12825,False,False,0.5970149253731343
P14416,CHEMBL5415412,12825,False,False,0.6779661016949152
P14416,CHEMBL5421272,12825,False,False,0.5789473684210527
P14416,CHEMBL5433509,12825,False,False,0.6301369863013698
P14416,CHEMBL5438205,12825,False,False,0.6216216216216216
P14416,CHEMBL5412718,12825,False,False,0.6388888888888888
P14416,CHEMBL5405333,12825,False,False,0.6507936507936508
P14416,CHEMBL5396317,12825,False,False,0.5671641791044776
P14416,CHEMBL5427937,12825,False,False,0.578125
P14416,CHEMBL5395187,12825,False,False,0.6571428571428571
P14416,CHEMBL5405086,12825,False,False,0.6266666666666667
P14416,CHEMBL5425252,12825,False,False,0.6212121212121212
P14416,CHEMBL5415335,12825,False,False,0.7068965517241379
P14416,CHEMBL5394431,12825,False,False,0.6081081081081081
P14416,CHEMBL5431474,12825,False,False,0.7666666666666667
P14416,CHEMBL5416728,12825,False,False,0.6615384615384615
P14416,CHEMBL5410179,12825,False,False,0.5942028985507246
P14416,CHEMBL5436809,12825,False,False,0.6133333333333333
P14416,CHEMBL5400232,12825,False,False,0.6290322580645161
P14416,CHEMBL5403504,12825,False,False,0.6851851851851852
P14416,CHEMBL5404031,12825,False,False,0.5942028985507246
P14416,CHEMBL5418730,12825,False,False,0.29411764705882354
P14416,CHEMBL5407747,12825,False,False,0.5846153846153846
P14416,CHEMBL5425944,12825,False,False,0.5230769230769231
P14416,CHEMBL5413807,12825,False,False,0.36486486486486486
P14416,CHEMBL5429207,12825,False,False,0.40298507462686567
P14416,CHEMBL5423250,12825,False,False,0.43243243243243246
P14416,CHEMBL5400356,12825,False,False,0.47761194029850745
P14416,CHEMBL5417351,12825,False,False,0.7777777777777778
P14416,CHEMBL5435580,12825,False,False,0.6865671641791045
P14416,CHEMBL5411002,12825,False,False,0.6212121212121212
P14416,CHEMBL5424052,12825,False,False,0.5714285714285714
P14416,CHEMBL5422196,12825,False,False,0.631578947368421
P14416,CHEMBL5429491,12825,False,False,0.5967741935483871
P14416,CHEMBL5395668,12825,False,False,0.6031746031746031
P14416,CHEMBL5420627,12825,False,False,0.6333333333333333
P14416,CHEMBL5439203,12825,False,False,0.5901639344262295
P14416,CHEMBL5436641,12825,False,False,0.6486486486486487
P14416,CHEMBL5395965,12825,False,False,0.6567164179104478
P14416,CHEMBL5398100,12825,False,False,0.6
P14416,CHEMBL5429048,12825,False,False,0.734375
P14416,CHEMBL5429826,12825,False,False,0.7222222222222222
P14416,CHEMBL5414943,12825,False,False,0.6086956521739131
P14416,CHEMBL5438499,12825,False,False,0.5846153846153846
P17931,CHEMBL5437841,365,False,False,0.21739130434782608
P17931,CHEMBL5402838,365,False,False,0.2840909090909091
P17931,CHEMBL5400634,365,False,False,0.5405405405405406
P17931,CHEMBL5431444,365,False,False,0.2619047619047619
P17931,CHEMBL5406384,365,False,False,0.7540983606557377
P17931,CHEMBL5401732,365,False,False,0.24705882352941178
P17931,CHEMBL5429754,365,False,False,0.21839080459770116
P17931,CHEMBL5415297,365,False,False,0.5882352941176471
P17931,CHEMBL5430941,365,False,False,0.5882352941176471
P17931,CHEMBL5421500,365,False,False,0.20224719101123595
P17931,CHEMBL5439240,365,False,False,0.1956521739130435
P17931,CHEMBL5427260,365,False,False,0.20212765957446807
P17931,CHEMBL5430273,365,False,False,0.18947368421052632
P17931,CHEMBL5441028,365,False,False,0.21428571428571427
P17931,CHEMBL5417087,365,False,False,0.18085106382978725
P17931,CHEMBL5394601,365,False,False,0.17777777777777778
P17931,CHEMBL5419357,365,False,False,0.1978021978021978
P17931,CHEMBL5412010,365,False,False,0.19767441860465115
P17931,CHEMBL5396404,365,False,False,0.19148936170212766
P17931,CHEMBL5406006,365,False,False,0.1956521739130435
P17931,CHEMBL5436075,365,False,False,0.19148936170212766
P17931,CHEMBL5422699,365,False,False,0.18811881188118812
P17931,CHEMBL5406342,365,False,False,0.18556701030927836
P17931,CHEMBL5433343,365,False,False,0.2222222222222222
P17931,CHEMBL5415648,365,False,False,0.18627450980392157
P17931,CHEMBL5436399,365,False,False,0.2087912087912088
P17931,CHEMBL5440690,365,False,False,0.2087912087912088
P17931,CHEMBL5436088,365,False,False,0.26582278481012656
P17931,CHEMBL5437593,365,False,False,0.21052631578947367
P17931,CHEMBL5434120,365,False,False,0.20224719101123595
P17931,CHEMBL5436190,365,False,False,0.20430107526881722
P17931,CHEMBL5440430,365,False,False,0.6451612903225806
P17931,CHEMBL5411478,365,False,False,0.6197183098591549
P17931,CHEMBL5432913,365,False,False,0.6811594202898551
P17931,CHEMBL5395001,365,False,False,0.6911764705882353
P17931,CHEMBL5397280,365,False,False,0.6911764705882353
P17931,CHEMBL5399144,365,False,False,0.6911764705882353
P17931,CHEMBL5395141,365,False,False,0.6206896551724138
P21728,CHEMBL5398357,5223,False,False,0.8666666666666667
P21728,CHEMBL5420515,5223,False,False,0.8620689655172413
P21728,CHEMBL5436253,5223,False,False,0.8360655737704918
P21728,CHEMBL5399393,5223,False,False,0.8666666666666667
P21728,CHEMBL5412881,5223,False,False,0.8813559322033898
P21728,CHEMBL5423775,5223,False,False,0.896551724137931
P21728,CHEMBL5439661,5223,False,False,0.896551724137931
P21728,CHEMBL5394838,5223,False,False,0.8125
P21728,CHEMBL5410716,5223,False,False,0.8620689655172413
P21728,CHEMBL5439212,5223,False,False,0.8305084745762712
P21728,CHEMBL5399422,5223,False,False,0.8620689655172413
P21728,CHEMBL5437148,5223,False,False,0.8928571428571429
P21728,CHEMBL5399933,5223,False,False,0.8928571428571429
P21728,CHEMBL5423880,5223,False,False,0.864406779661017
P21728,CHEMBL5409939,5223,False,False,0.8596491228070176
P21728,CHEMBL5399568,5223,False,False,0.8596491228070176
P21728,CHEMBL5416700,5223,False,False,0.8620689655172413
P21728,CHEMBL5425375,5223,False,False,0.8571428571428571
P21728,CHEMBL5399166,5223,False,False,0.8571428571428571
P21728,CHEMBL5402269,5223,False,False,0.8909090909090909
P21728,CHEMBL5420387,5223,False,False,0.8032786885245902
P21728,CHEMBL5410387,5223,False,False,0.8545454545454545
P21728,CHEMBL5395272,5223,False,False,0.8214285714285714
P21728,CHEMBL5438487,5223,False,False,0.8867924528301887
P21728,CHEMBL5396616,5223,False,False,0.7966101694915254
P21728,CHEMBL5433001,5223,False,False,0.8490566037735849
P21728,CHEMBL5437660,5223,False,False,0.4722222222222222
P21728,CHEMBL5408223,5223,False,False,0.6
P21728,CHEMBL5404054,5223,False,False,0.527027027027027
P21728,CHEMBL5431103,5223,False,False,0.7049180327868853
P21728,CHEMBL5422870,5223,False,False,0.5194805194805194
P21728,CHEMBL5428803,5223,False,False,0.7777777777777778
P21728,CHEMBL5403204,5223,False,False,0.5774647887323944
P21728,CHEMBL5409419,5223,False,False,0.5
P21728,CHEMBL5426242,5223,False,False,0.43373493975903615
P21728,CHEMBL5425252,5223,False,False,0.6212121212121212
P21728,CHEMBL5400232,5223,False,False,0.6060606060606061
P22303,CHEMBL5394478,10287,False,False,0.49382716049382713
P22303,CHEMBL5400593,10287,False,False,0.5063291139240507
P22303,CHEMBL5428978,10287,False,False,0.5189873417721519
P22303,CHEMBL5410208,10287,False,False,0.5675675675675675
P22303,CHEMBL5431791,10287,False,False,0.515625
P22303,CHEMBL5399188,10287,False,False,0.515625
P22303,CHEMBL5421921,10287,False,False,0.5063291139240507
P22303,CHEMBL5406712,10287,False,False,0.29333333333333333
P22303,CHEMBL5430507,10287,False,False,0.35714285714285715
P22303,CHEMBL5394683,10287,False,False,0.6
P22303,CHEMBL5407856,10287,False,False,0.5774647887323944
P22303,CHEMBL5440735,10287,False,False,0.5694444444444444
P22303,CHEMBL5407180,10287,False,False,0.453125
P22303,CHEMBL5417332,10287,False,False,0.5466666666666666
P22303,CHEMBL5395691,10287,False,False,0.5555555555555556
P22303,CHEMBL5405929,10287,False,False,0.5555555555555556
P22303,CHEMBL5424787,10287,False,False,0.7936507936507936
P22303,CHEMBL5395270,10287,False,False,0.7142857142857143
P22303,CHEMBL5416421,10287,False,False,0.7246376811594203
P22303,CHEMBL5425753,10287,False,False,0.7702702702702703
P22303,CHEMBL5411758,10287,False,False,0.7796610169491526
P22303,CHEMBL5419644,10287,False,False,0.7222222222222222
P22303,CHEMBL5414144,10287,False,False,0.3939393939393939
P22303,CHEMBL5407164,10287,False,False,0.42857142857142855
P22303,CHEMBL5434888,10287,False,False,0.38461538461538464
P22303,CHEMBL5406359,10287,False,False,0.28735632183908044
P22303,CHEMBL5407691,10287,False,False,0.3018867924528302
P22303,CHEMBL5420040,10287,False,False,0.2818181818181818
P22303,CHEMBL5433354,10287,False,False,0.29357798165137616
P22303,CHEMBL5421943,10287,False,False,0.26548672566371684
P22303,CHEMBL5402496,10287,False,False,0.26785714285714285
P22303,CHEMBL5426913,10287,False,False,0.29906542056074764
P22303,CHEMBL5407606,10287,False,False,0.27927927927927926
P22303,CHEMBL5412970,10287,False,False,0.2909090909090909
P22303,CHEMBL5424767,10287,False,False,0.2727272727272727
P22303,CHEMBL5433166,10287,False,False,0.2897196261682243
P22303,CHEMBL5429003,10287,False,False,0.2857142857142857
P22303,CHEMBL5424712,10287,False,False,0.2702702702702703
P22303,CHEMBL5419243,10287,False,False,0.6290322580645161
P22303,CHEMBL5417346,10287,False,False,0.9074074074074074
P22303,CHEMBL5426103,10287,False,False,0.6290322580645161
P22303,CHEMBL5440753,10287,False,False,0.9074074074074074
P22303,CHEMBL5417632,10287,False,False,0.6290322580645161
P22303,CHEMBL5434553,10287,False,False,0.9074074074074074
P22303,CHEMBL5418455,10287,False,False,0.6190476190476191
P22303,CHEMBL5396497,10287,False,False,0.8909090909090909
P22303,CHEMBL5433692,10287,False,False,0.6545454545454545
P22303,CHEMBL5427383,10287,False,False,0.30158730158730157
P22303,CHEMBL5416845,10287,False,False,0.29850746268656714
P22303,CHEMBL5401085,10287,False,False,0.3148148148148148
P22303,CHEMBL5424185,10287,False,False,0.3090909090909091
P22303,CHEMBL5429608,10287,False,False,0.55
P22303,CHEMBL5396394,10287,False,False,0.5483870967741935
P22303,CHEMBL5435599,10287,False,False,0.559322033898305
P22303,CHEMBL5426763,10287,False,False,0.5409836065573771
P22303,CHEMBL5407369,10287,False,False,0.5076923076923077
P22303,CHEMBL5405546,10287,False,False,0.703125
P22303,CHEMBL5413217,10287,False,False,0.3142857142857143
P22303,CHEMBL5414511,10287,False,False,0.5128205128205128
P22303,CHEMBL5396214,10287,False,False,0.4657534246575342
P22303,CHEMBL5436875,10287,False,False,0.4794520547945205
P22303,CHEMBL5435812,10287,False,False,0.4722222222222222
P22303,CHEMBL5397159,10287,False,False,0.4647887323943662
P22303,CHEMBL5412278,10287,False,False,0.3380281690140845
P22303,CHEMBL5412829,10287,False,False,0.55
P22303,CHEMBL5425561,10287,False,False,0.3611111111111111
P22303,CHEMBL5407081,10287,False,False,0.3194444444444444
P22303,CHEMBL5416407,10287,False,False,0.36046511627906974
P22303,CHEMBL5404812,10287,False,False,0.44285714285714284
P22303,CHEMBL5419364,10287,False,False,0.7575757575757576
P22303,CHEMBL5436261,10287,False,False,0.625
P22303,CHEMBL5405496,10287,False,False,0.5512820512820513
P22303,CHEMBL5415210,10287,False,False,0.5921052631578947
P22303,CHEMBL5424891,10287,False,False,0.3563218390804598
P22303,CHEMBL5429752,10287,False,False,0.7037037037037037
P22303,CHEMBL5428266,10287,False,False,0.7547169811320755
P22303,CHEMBL5411628,10287,False,False,0.6964285714285714
P22303,CHEMBL5424094,10287,False,False,0.5806451612903226
P22303,CHEMBL5423918,10287,False,False,0.647887323943662
P22303,CHEMBL5400395,10287,False,False,0.6363636363636364
P22303,CHEMBL5408925,10287,False,False,0.6714285714285714
P22303,CHEMBL5417392,10287,False,False,0.6617647058823529
P22303,CHEMBL5433956,10287,False,False,0.6507936507936508
P22303,CHEMBL5430903,10287,False,False,0.38095238095238093
P22303,CHEMBL5426478,10287,False,False,0.36363636363636365
P22303,CHEMBL5438801,10287,False,False,0.9137931034482759
P22303,CHEMBL5431870,10287,False,False,0.78125
P22303,CHEMBL5433193,10287,False,False,0.6862745098039216
P22303,CHEMBL5414221,10287,False,False,0.2903225806451613
P22303,CHEMBL5433082,10287,False,False,0.3176470588235294
P22303,CHEMBL5397824,10287,False,False,0.375
P22303,CHEMBL5412564,10287,False,False,0.6964285714285714
P22303,CHEMBL5409365,10287,False,False,0.6727272727272727
P22303,CHEMBL5396781,10287,False,False,0.3493975903614458
P22303,CHEMBL5437711,10287,False,False,0.7647058823529411
P22303,CHEMBL5411077,10287,False,False,0.559322033898305
P22303,CHEMBL5401627,10287,False,False,0.7037037037037037
P22303,CHEMBL5426401,10287,False,False,0.425
P22303,CHEMBL5408201,10287,False,False,0.5540540540540541
P22303,CHEMBL5401178,10287,False,False,0.3939393939393939
P22303,CHEMBL5432462,10287,False,False,0.5
P22303,CHEMBL5415532,10287,False,False,0.375
P22303,CHEMBL5413533,10287,False,False,0.33766233766233766
P22303,CHEMBL5427748,10287,False,False,0.532258064516129
P22303,CHEMBL5428301,10287,False,False,0.6
P22303,CHEMBL5429288,10287,False,False,0.6964285714285714
P22303,CHEMBL5409352,10287,False,False,0.5
P22303,CHEMBL5433139,10287,False,False,0.6716417910447762
P22303,CHEMBL5435163,10287,False,False,0.3055555555555556
P23458,CHEMBL5408535,6946,False,False,0.6440677966101694
P23458,CHEMBL5396134,6946,False,False,0.3108108108108108
P23458,CHEMBL5440598,6946,False,False,0.4931506849315068
P23458,CHEMBL5438309,6946,False,False,0.45977011494252873
P23458,CHEMBL5396692,6946,False,False,0.5
P23458,CHEMBL5433067,6946,False,False,0.5151515151515151
P23458,CHEMBL5406170,6946,False,False,0.5
P23458,CHEMBL5397997,6946,False,False,0.453125
P23458,CHEMBL5424439,6946,False,False,0.6333333333333333
P23458,CHEMBL5419924,6946,False,False,0.36363636363636365
P23458,CHEMBL5426253,6946,False,False,0.5151515151515151
P23458,CHEMBL5426809,6946,False,False,0.4810126582278481
P23458,CHEMBL5407349,6946,False,False,0.6176470588235294
P23458,CHEMBL5431607,6946,False,False,0.46987951807228917
P23458,CHEMBL5437567,6946,False,False,0.5138888888888888
P23458,CHEMBL5413174,6946,False,False,0.5571428571428572
P23458,CHEMBL5398468,6946,False,False,0.5074626865671642
P23458,CHEMBL5419274,6946,False,False,0.5063291139240507
P23458,CHEMBL5440065,6946,False,False,0.46153846153846156
P23458,CHEMBL5426703,6946,False,False,0.5569620253164557
P23458,CHEMBL5429376,6946,False,False,0.5822784810126582
P23458,CHEMBL5431099,6946,False,False,0.4823529411764706
P23458,CHEMBL5429154,6946,False,False,0.4857142857142857
P23458,CHEMBL5436045,6946,False,False,0.4603174603174603
P23458,CHEMBL5417474,6946,False,False,0.6323529411764706
P23458,CHEMBL5395839,6946,False,False,0.6417910447761194
P23458,CHEMBL5403897,6946,False,False,0.6515151515151515
P23458,CHEMBL5420083,6946,False,False,0.5454545454545454
P23458,CHEMBL5420971,6946,False,False,0.671875
P23458,CHEMBL5399325,6946,False,False,0.5151515151515151
P23458,CHEMBL5424098,6946,False,False,0.5555555555555556
P23458,CHEMBL5405262,6946,False,False,0.5342465753424658
P23458,CHEMBL5439485,6946,False,False,0.5789473684210527
P23458,CHEMBL5423387,6946,False,False,0.7432432432432432
P23458,CHEMBL5430795,6946,False,False,0.8285714285714286
P23458,CHEMBL5405043,6946,False,False,0.8285714285714286
P23458,CHEMBL5410919,6946,False,False,0.7083333333333334
P23458,CHEMBL5435417,6946,False,False,0.7714285714285715
P23458,CHEMBL5439582,6946,False,False,0.8382352941176471
P23458,CHEMBL5427932,6946,False,False,0.875
P23458,CHEMBL5405140,6946,False,False,0.859375
P23458,CHEMBL5404261,6946,False,False,0.8309859154929577
P23458,CHEMBL5441087,6946,False,False,0.7972972972972973
P23458,CHEMBL5440017,6946,False,False,0.7567567567567568
P23458,CHEMBL5434116,6946,False,True,1.0
P23458,CHEMBL5396523,6946,False,False,0.8285714285714286
P23458,CHEMBL5423894,6946,False,False,0.7910447761194029
P23458,CHEMBL5424497,6946,False,False,0.34210526315789475
P23458,CHEMBL5409953,6946,False,False,0.6785714285714286
P23458,CHEMBL5422886,6946,False,False,0.5522388059701493
P23458,CHEMBL5412967,6946,False,False,0.5070422535211268
P23458,CHEMBL5417371,6946,False,False,0.35802469135802467
P23458,CHEMBL5440832,6946,False,False,0.39285714285714285
P23458,CHEMBL5417190,6946,False,False,0.37209302325581395
P23458,CHEMBL5404411,6946,False,False,0.34146341463414637
P23458,CHEMBL5436647,6946,False,False,0.3939393939393939
P23458,CHEMBL5431456,6946,False,False,0.32098765432098764
P23458,CHEMBL5396190,6946,False,False,0.3170731707317073
P23458,CHEMBL5438882,6946,False,False,0.38823529411764707
P23458,CHEMBL5424372,6946,False,False,0.3132530120481928
P23458,CHEMBL5436482,6946,False,False,0.3176470588235294
P23458,CHEMBL5407329,6946,False,False,0.5806451612903226
P23458,CHEMBL5407260,6946,False,False,0.48
P23458,CHEMBL5396554,6946,False,False,0.48
P23458,CHEMBL5415586,6946,False,False,0.7407407407407407
P23458,CHEMBL5409666,6946,False,False,0.6666666666666666
P23458,CHEMBL5433426,6946,False,False,0.5645161290322581
P23458,CHEMBL5395378,6946,False,False,0.6229508196721312
P23458,CHEMBL5420468,6946,False,False,0.7108433734939759
P23458,CHEMBL5408994,6946,False,False,0.5454545454545454
P23458,CHEMBL5419978,6946,False,False,0.5454545454545454
P23458,CHEMBL5435482,6946,False,False,0.6338028169014085
P23458,CHEMBL5398464,6946,False,False,0.5625
P23458,CHEMBL5440510,6946,False,False,0.6363636363636364
P23458,CHEMBL5438892,6946,False,False,0.6363636363636364
P23458,CHEMBL5412619,6946,False,False,0.5238095238095238
P23458,CHEMBL5400209,6946,False,False,0.5633802816901409
P23458,CHEMBL5437261,6946,False,False,0.5217391304347826
P23458,CHEMBL5428461,6946,False,False,0.676923076923077
P23458,CHEMBL5419271,6946,False,False,0.5
P23458,CHEMBL5436383,6946,False,False,0.4714285714285714
P23458,CHEMBL5431257,6946,False,False,0.7169811320754716
P23458,CHEMBL5440264,6946,False,False,0.5135135135135135
P23458,CHEMBL5420928,6946,False,False,0.4125
P23458,CHEMBL5413489,6946,False,False,0.3563218390804598
P23458,CHEMBL5417745,6946,False,False,0.515625
P23458,CHEMBL5414410,6946,False,False,0.449438202247191
P23458,CHEMBL5431565,6946,False,False,0.43333333333333335
P23458,CHEMBL5398705,6946,False,False,0.32786885245901637
P23458,CHEMBL5423237,6946,False,False,0.38333333333333336
P23458,CHEMBL5411082,6946,False,False,0.5072463768115942
P23458,CHEMBL5424761,6946,False,False,0.32857142857142857
P23458,CHEMBL5394914,6946,False,False,0.5
P23458,CHEMBL5421116,6946,False,False,0.6229508196721312
P23458,CHEMBL5422793,6946,False,False,0.6229508196721312
P23458,CHEMBL5418073,6946,False,False,0.43333333333333335
P23458,CHEMBL5407116,6946,False,False,0.3466666666666667
P23458,CHEMBL5422110,6946,False,False,0.4166666666666667
P23458,CHEMBL5430869,6946,False,False,0.4098360655737705
P24941,CHEMBL5416233,12222,False,False,0.5178571428571429
P24941,CHEMBL5414905,12222,False,False,0.6
P24941,CHEMBL5399420,12222,False,False,0.6666666666666666
P24941,CHEMBL5428330,12222,False,False,0.5151515151515151
P24941,CHEMBL5417371,12222,False,False,0.390625
P24941,CHEMBL5440832,12222,False,False,0.4927536231884058
P24941,CHEMBL5417190,12222,False,False,0.4857142857142857
P24941,CHEMBL5404411,12222,False,False,0.36923076923076925
P24941,CHEMBL5436647,12222,False,False,0.3939393939393939
P24941,CHEMBL5431456,12222,False,False,0.3783783783783784
P24941,CHEMBL5396190,12222,False,False,0.37333333333333335
P24941,CHEMBL5438882,12222,False,False,0.5072463768115942
P24941,CHEMBL5424372,12222,False,False,0.38666666666666666
P24941,CHEMBL5427047,12222,False,False,0.559322033898305
P24941,CHEMBL5436482,12222,False,False,0.35443037974683544
P24941,CHEMBL5401267,12222,False,False,0.5316455696202531
P24941,CHEMBL5413620,12222,False,False,0.4
P24941,CHEMBL5407688,12222,False,False,0.4375
P24941,CHEMBL5434594,12222,False,False,0.2777777777777778
P24941,CHEMBL5440790,12222,False,False,0.28
P24941,CHEMBL5428382,12222,False,False,0.28169014084507044
P24941,CHEMBL5410597,12222,False,False,0.3333333333333333
P24941,CHEMBL5427324,12222,False,False,0.32051282051282054
P24941,CHEMBL5421310,12222,False,False,0.27631578947368424
P24941,CHEMBL5406341,12222,False,False,0.27380952380952384
P24941,CHEMBL5439522,12222,False,False,0.275
P24941,CHEMBL5421048,12222,False,False,0.29069767441860467
P24941,CHEMBL5394608,12222,False,False,0.32051282051282054
P24941,CHEMBL5394312,12222,False,False,0.30985915492957744
P24941,CHEMBL5412165,12222,False,False,0.4666666666666667
P24941,CHEMBL5439308,12222,False,False,0.34210526315789475
P24941,CHEMBL5407777,12222,False,False,0.4375
P24941,CHEMBL5414410,12222,False,False,0.37662337662337664
P24941,CHEMBL5431565,12222,False,False,0.43333333333333335
P24941,CHEMBL5435746,12222,False,False,0.5189873417721519
P24941,CHEMBL5398705,12222,False,False,0.4117647058823529
P24941,CHEMBL5435410,12222,False,False,0.49122807017543857
P24941,CHEMBL5432928,12222,False,False,0.3484848484848485
P24941,CHEMBL5400738,12222,False,False,0.49122807017543857
P24941,CHEMBL5427192,12222,False,False,0.45161290322580644
P24941,CHEMBL5423185,12222,False,False,0.4666666666666667
P24941,CHEMBL5423683,12222,False,False,0.4375
P24941,CHEMBL5412113,12222,False,False,0.3188405797101449
P24941,CHEMBL5404611,12222,False,False,0.49122807017543857
P24941,CHEMBL5401897,12222,False,False,0.45901639344262296
P24941,CHEMBL5432063,12222,False,False,0.4666666666666667
P24941,CHEMBL5423237,12222,False,False,0.38333333333333336
P24941,CHEMBL5424761,12222,False,False,0.375
P24941,CHEMBL5418073,12222,False,False,0.43333333333333335
P24941,CHEMBL5407116,12222,False,False,0.3466666666666667
P27338,CHEMBL5417937,6392,False,False,0.5882352941176471
P27338,CHEMBL5428315,6392,False,False,0.6444444444444445
P27338,CHEMBL5434825,6392,False,False,0.58
P27338,CHEMBL5395648,6392,False,False,0.5686274509803921
P27338,CHEMBL5402309,6392,False,False,0.31666666666666665
P27338,CHEMBL5399743,6392,False,False,0.4262295081967213
P27338,CHEMBL5400613,6392,False,False,0.5714285714285714
P27338,CHEMBL5411972,6392,False,False,0.7
P27338,CHEMBL5434514,6392,False,False,0.35135135135135137
P27338,CHEMBL5425979,6392,False,False,0.6808510638297872
P27338,CHEMBL5440858,6392,False,False,0.75
P27338,CHEMBL5427590,6392,False,False,0.7796610169491526
P27338,CHEMBL5419792,6392,False,False,0.7068965517241379
P27338,CHEMBL5414346,6392,False,False,0.46551724137931033
P27338,CHEMBL5423119,6392,False,False,0.4166666666666667
P27338,CHEMBL5430666,6392,False,False,0.6792452830188679
P27338,CHEMBL5399671,6392,False,False,0.36507936507936506
P27338,CHEMBL5409741,6392,False,False,0.7115384615384616
P27338,CHEMBL5433292,6392,False,False,0.4126984126984127
P27338,CHEMBL5402353,6392,False,False,0.6428571428571429
P27338,CHEMBL5404978,6392,False,False,0.38181818181818183
P27338,CHEMBL5406273,6392,False,False,0.6727272727272727
P27338,CHEMBL5428685,6392,False,False,0.4126984126984127
P27338,CHEMBL5399314,6392,False,False,0.5918367346938775
P27338,CHEMBL5416870,6392,False,False,0.3880597014925373
P27338,CHEMBL5438815,6392,False,False,0.6206896551724138
P27338,CHEMBL5427855,6392,False,False,0.4084507042253521
P27338,CHEMBL5438218,6392,False,False,0.44776119402985076
P27338,CHEMBL5393927,6392,False,False,0.5510204081632653
P27338,CHEMBL5436279,6392,False,False,0.5294117647058824
P27338,CHEMBL5422519,6392,False,False,0.7959183673469388
P27338,CHEMBL5406099,6392,False,False,0.4492753623188406
P27338,CHEMBL5415952,6392,False,False,0.49122807017543857
P27338,CHEMBL5416702,6392,False,False,0.75
P27338,CHEMBL5403831,6392,False,False,0.5454545454545454
P27338,CHEMBL5415563,6392,False,False,0.7538461538461538
P27338,CHEMBL5413841,6392,False,False,0.4142857142857143
P27338,CHEMBL5403156,6392,False,False,0.4482758620689655
P27338,CHEMBL5398332,6392,False,False,0.4426229508196721
P27338,CHEMBL5404106,6392,False,False,0.42857142857142855
P27338,CHEMBL5423573,6392,False,False,0.78
P27338,CHEMBL5400090,6392,False,False,0.5714285714285714
P27338,CHEMBL5403314,6392,False,False,0.5106382978723404
P27338,CHEMBL5403469,6392,False,False,0.5333333333333333
P27338,CHEMBL5404959,6392,False,False,0.5
P27338,CHEMBL5395261,6392,False,False,0.5217391304347826
P27338,CHEMBL5416897,6392,False,False,0.48
P27338,CHEMBL5396287,6392,False,False,0.5454545454545454
P27338,CHEMBL5394729,6392,False,False,0.48
P27338,CHEMBL5436440,6392,False,False,0.5106382978723404
P27338,CHEMBL5430903,6392,False,False,0.38095238095238093
P27338,CHEMBL5399676,6392,False,False,0.37209302325581395
P27338,CHEMBL5419856,6392,False,False,0.5454545454545454
P27338,CHEMBL5416185,6392,False,False,0.45652173913043476
P27338,CHEMBL5423045,6392,False,False,0.7272727272727273
P27338,CHEMBL5417198,6392,False,False,0.6792452830188679
P27338,CHEMBL5425546,6392,False,False,0.8604651162790697
P27338,CHEMBL5415156,6392,False,False,0.7446808510638298
P27338,CHEMBL5416761,6392,False,False,0.6739130434782609
P27338,CHEMBL5431945,6392,False,False,0.6938775510204082
P27338,CHEMBL5395527,6392,False,False,0.4461538461538462
P27338,CHEMBL5396512,6392,False,False,0.4406779661016949
P27338,CHEMBL5424650,6392,False,False,0.5714285714285714
P27338,CHEMBL5423810,6392,False,False,0.6031746031746031
P27338,CHEMBL5415650,6392,False,False,0.6166666666666667
P27338,CHEMBL5431708,6392,False,False,0.7377049180327869
P27338,CHEMBL5414093,6392,False,False,0.7894736842105263
P27338,CHEMBL5434761,6392,False,False,0.8181818181818182
P27338,CHEMBL5399687,6392,False,False,0.639344262295082
P27338,CHEMBL5399540,6392,False,False,0.7014925373134329
P27338,CHEMBL5436231,6392,False,False,0.7272727272727273
P27338,CHEMBL5408055,6392,False,False,0.7014925373134329
P27338,CHEMBL5404165,6392,False,False,0.7272727272727273
P27338,CHEMBL5395788,6392,False,False,0.7419354838709677
P27338,CHEMBL5398537,6392,False,False,0.7419354838709677
P27338,CHEMBL5408318,6392,False,False,0.5882352941176471
P27338,CHEMBL5410682,6392,False,False,0.6862745098039216
P27338,CHEMBL5421285,6392,False,False,0.6730769230769231
P27338,CHEMBL5425310,6392,False,False,0.38
P27338,CHEMBL5417092,6392,False,False,0.5535714285714286
P27338,CHEMBL5437538,6392,False,False,0.4925373134328358
P27338,CHEMBL5422460,6392,False,False,0.46875
P27338,CHEMBL5422732,6392,False,False,0.5396825396825397
P27338,CHEMBL5438053,6392,False,False,0.45454545454545453
P27338,CHEMBL5402945,6392,False,False,0.5692307692307692
P27338,CHEMBL5434678,6392,False,False,0.7377049180327869
P27338,CHEMBL5418924,6392,False,False,0.5641025641025641
P27338,CHEMBL5428671,6392,False,False,0.5
P27338,CHEMBL5428196,6392,False,False,0.5116279069767442
P27338,CHEMBL5433019,6392,False,False,0.46
P27338,CHEMBL5399496,6392,False,False,0.5909090909090909
P27338,CHEMBL5413087,6392,False,False,0.4666666666666667
P27338,CHEMBL5433787,6392,False,False,0.6351351351351351
P27338,CHEMBL5429656,6392,False,False,0.7272727272727273
P27338,CHEMBL5421246,6392,False,False,0.7608695652173914
P27338,CHEMBL5437543,6392,False,False,0.6739130434782609
P27338,CHEMBL5423398,6392,False,False,0.775
P27338,CHEMBL5423186,6392,False,False,0.8095238095238095
P27338,CHEMBL5426795,6392,False,False,0.6818181818181818
P27338,CHEMBL5434275,6392,False,False,0.6530612244897959
P27338,CHEMBL5400189,6392,False,False,0.6851851851851852
P27338,CHEMBL5404200,6392,False,False,0.782608695652174
P27338,CHEMBL5431507,6392,False,False,0.7021276595744681
P27338,CHEMBL5406057,6392,False,False,0.75
P27338,CHEMBL5432117,6392,False,False,0.75
P27338,CHEMBL5403995,6392,False,False,0.6666666666666666
P27338,CHEMBL5401875,6392,False,False,0.34615384615384615
P27338,CHEMBL5401572,6392,False,False,0.36363636363636365
P27338,CHEMBL5407170,6392,False,False,0.5882352941176471
P27338,CHEMBL5440632,6392,False,True,1.0
P27338,CHEMBL5394801,6392,False,False,0.4909090909090909
P27338,CHEMBL5441072,6392,False,False,0.4166666666666667
P27338,CHEMBL5430381,6392,False,False,0.4897959183673469
P27338,CHEMBL5414652,6392,False,False,0.3939393939393939
P27338,CHEMBL5415223,6392,False,False,0.46
P27338,CHEMBL5398247,6392,False,False,0.48
P27338,CHEMBL5418090,6392,False,False,0.5098039215686274
P27338,CHEMBL5426461,6392,False,False,0.5294117647058824
P27338,CHEMBL5400685,6392,False,False,0.54
P27338,CHEMBL5428123,6392,False,False,0.45454545454545453
P27338,CHEMBL5438301,6392,False,False,0.4583333333333333
P27338,CHEMBL5394462,6392,False,False,0.4772727272727273
P27338,CHEMBL5427279,6392,False,False,0.48
P27338,CHEMBL5432246,6392,False,False,0.6129032258064516
P28223,CHEMBL5433300,8979,False,False,0.7021276595744681
P28223,CHEMBL5405562,8979,False,False,0.782608695652174
P28223,CHEMBL5406900,8979,False,False,0.6938775510204082
P28223,CHEMBL5397704,8979,False,False,0.5769230769230769
P28223,CHEMBL5405414,8979,False,False,0.4827586206896552
P28223,CHEMBL5419441,8979,False,False,0.5740740740740741
P28223,CHEMBL5416678,8979,False,False,0.5357142857142857
P28223,CHEMBL5433857,8979,False,False,0.723404255319149
P28223,CHEMBL5400892,8979,False,False,0.4666666666666667
P28223,CHEMBL5410706,8979,False,False,0.5384615384615384
P28223,CHEMBL5420304,8979,False,False,0.6938775510204082
P28223,CHEMBL5434373,8979,False,False,0.6666666666666666
P28223,CHEMBL5416642,8979,False,False,0.5625
P28223,CHEMBL5412886,8979,False,False,0.5454545454545454
P28223,CHEMBL5424897,8979,False,False,0.56
P28223,CHEMBL5409134,8979,False,False,0.6212121212121212
P28223,CHEMBL5437660,8979,False,False,0.5573770491803278
P28223,CHEMBL5408223,8979,False,False,0.6923076923076923
P28223,CHEMBL5404054,8979,False,False,0.7162162162162162
P28223,CHEMBL5436003,8979,False,False,0.660377358490566
P28223,CHEMBL5423649,8979,False,False,0.58
P28223,CHEMBL5395867,8979,False,False,0.6153846153846154
P28223,CHEMBL5406837,8979,False,False,0.7446808510638298
P28223,CHEMBL5397523,8979,False,False,0.717391304347826
P28223,CHEMBL5434229,8979,False,False,0.5972222222222222
P28223,CHEMBL5431103,8979,False,False,0.7049180327868853
P28223,CHEMBL5422870,8979,False,False,0.52
P28223,CHEMBL5403204,8979,False,False,0.5774647887323944
P28223,CHEMBL5418283,8979,False,False,0.5942028985507246
P28223,CHEMBL5409227,8979,False,False,0.7230769230769231
P28223,CHEMBL5409419,8979,False,False,0.5
P28223,CHEMBL5426242,8979,False,False,0.46835443037974683
P28223,CHEMBL5415412,8979,False,False,0.6376811594202898
P28223,CHEMBL5425252,8979,False,False,0.6212121212121212
P28223,CHEMBL5400232,8979,False,False,0.6060606060606061
P28223,CHEMBL5404031,8979,False,False,0.5217391304347826
P28223,CHEMBL5407925,8979,False,False,0.48333333333333334
P28223,CHEMBL5402096,8979,False,False,0.6274509803921569
P28223,CHEMBL5409782,8979,False,False,0.726027397260274
P28223,CHEMBL5419552,8979,False,False,0.7083333333333334
P28223,CHEMBL5422180,8979,False,False,0.7323943661971831
P28223,CHEMBL5435580,8979,False,False,0.6865671641791045
P28223,CHEMBL5411002,8979,False,False,0.6212121212121212
P28223,CHEMBL5424052,8979,False,False,0.5217391304347826
P28223,CHEMBL5422196,8979,False,False,0.5757575757575758
P28223,CHEMBL5429491,8979,False,False,0.5692307692307692
P28223,CHEMBL5395668,8979,False,False,0.6031746031746031
P28223,CHEMBL5439203,8979,False,False,0.5901639344262295
P28223,CHEMBL5436641,8979,False,False,0.6486486486486487
P28223,CHEMBL5429826,8979,False,False,0.7222222222222222
P28223,CHEMBL5409331,8979,False,False,0.35384615384615387
P28223,CHEMBL5428071,8979,False,False,0.35384615384615387
P28223,CHEMBL5394464,8979,False,False,0.359375
P28223,CHEMBL5429818,8979,False,False,0.359375
P28335,CHEMBL5424897,7085,False,False,0.53125
P28335,CHEMBL5409134,7085,False,False,0.6212121212121212
P28335,CHEMBL5437660,7085,False,False,0.5573770491803278
P28335,CHEMBL5408223,7085,False,False,0.6
P28335,CHEMBL5404054,7085,False,False,0.527027027027027
P28335,CHEMBL5434229,7085,False,False,0.4266666666666667
P28335,CHEMBL5431103,7085,False,False,0.7049180327868853
P28335,CHEMBL5418283,7085,False,False,0.5942028985507246
P28335,CHEMBL5430057,7085,False,False,0.36363636363636365
P28335,CHEMBL5409227,7085,False,False,0.7230769230769231
P28335,CHEMBL5427640,7085,False,False,0.35
P28335,CHEMBL5409419,7085,False,False,0.5
P28335,CHEMBL5426242,7085,False,False,0.43373493975903615
P28335,CHEMBL5395233,7085,False,False,0.4032258064516129
P28335,CHEMBL5436641,7085,False,False,0.38271604938271603
P28335,CHEMBL5429826,7085,False,False,0.6176470588235294
P28335,CHEMBL5409331,7085,False,False,0.35384615384615387
P28335,CHEMBL5435945,7085,False,False,0.35384615384615387
P28335,CHEMBL5428071,7085,False,False,0.35384615384615387
P28335,CHEMBL5394464,7085,False,False,0.359375
P28335,CHEMBL5441076,7085,False,False,0.359375
P28335,CHEMBL5432740,7085,False,False,0.323943661971831
P28907,CHEMBL5423247,308,False,False,0.42105263157894735
P28907,CHEMBL5397412,308,False,False,0.6666666666666666
P28907,CHEMBL5403659,308,False,False,0.5633802816901409
P28907,CHEMBL5395994,308,False,False,0.5774647887323944
P28907,CHEMBL5421625,308,False,False,0.5555555555555556
P28907,CHEMBL5405886,308,False,False,0.8225806451612904
P28907,CHEMBL5404154,308,False,False,0.8225806451612904
P28907,CHEMBL5415804,308,False,False,0.5873015873015873
P28907,CHEMBL5432974,308,False,False,0.5151515151515151
P28907,CHEMBL5434557,308,False,False,0.463768115942029
P28907,CHEMBL5427100,308,False,False,0.5967741935483871
P28907,CHEMBL5395515,308,False,False,0.5151515151515151
P28907,CHEMBL5415574,308,False,False,0.3170731707317073
P28907,CHEMBL5430964,308,False,False,0.4520547945205479
P28907,CHEMBL5429970,308,False,False,0.4520547945205479
P28907,CHEMBL5440312,308,False,False,0.3076923076923077
P28907,CHEMBL5405079,308,False,False,0.3048780487804878
P28907,CHEMBL5434460,308,False,False,0.2804878048780488
P28907,CHEMBL5431367,308,False,False,0.4025974025974026
P28907,CHEMBL5436110,308,False,False,0.4305555555555556
P28907,CHEMBL5417850,308,False,False,0.4246575342465753
P28907,CHEMBL5434181,308,False,False,0.4246575342465753
P28907,CHEMBL5436403,308,False,False,0.3
P28907,CHEMBL5426011,308,False,False,0.2804878048780488
P28907,CHEMBL5401022,308,False,False,0.2891566265060241
P28907,CHEMBL5440681,308,False,False,0.2948717948717949
P28907,CHEMBL5398114,308,False,False,0.2962962962962963
P28907,CHEMBL5425216,308,False,False,0.2911392405063291
P28907,CHEMBL5418653,308,False,False,0.2926829268292683
P28907,CHEMBL5424500,308,False,False,0.3058823529411765
P28907,CHEMBL5410644,308,False,False,0.2891566265060241
P28907,CHEMBL5396888,308,False,False,0.3253012048192771
P28907,CHEMBL5414411,308,False,False,0.325
P28907,CHEMBL5427901,308,False,False,0.2987012987012987
P28907,CHEMBL5420517,308,False,False,0.3253012048192771
P28907,CHEMBL5437449,308,False,False,0.3375
P28907,CHEMBL5424631,308,False,False,0.3291139240506329
P29274,CHEMBL5416209,11657,False,False,0.7704918032786885
P29274,CHEMBL5405570,11657,False,False,0.7833333333333333
P29274,CHEMBL5393920,11657,False,False,0.7833333333333333
P29274,CHEMBL5436220,11657,False,False,0.5822784810126582
P29274,CHEMBL5421109,11657,False,False,0.8
P29274,CHEMBL5427211,11657,False,False,0.7023809523809523
P29274,CHEMBL5422711,11657,False,False,0.6941176470588235
P29274,CHEMBL5437109,11657,False,False,0.5483870967741935
P29274,CHEMBL5395897,11657,False,False,0.5573770491803278
P29274,CHEMBL5399921,11657,False,False,0.5263157894736842
P29274,CHEMBL5439422,11657,False,False,0.36904761904761907
P29274,CHEMBL5404268,11657,False,False,0.3888888888888889
P29274,CHEMBL5402843,11657,False,False,0.4117647058823529
P29274,CHEMBL5416491,11657,False,False,0.43373493975903615
P29274,CHEMBL5416911,11657,False,False,0.4069767441860465
P29274,CHEMBL5429151,11657,False,False,0.40963855421686746
P29274,CHEMBL5410668,11657,False,False,0.4268292682926829
P29274,CHEMBL5430246,11657,False,False,0.45454545454545453
P29274,CHEMBL5426841,11657,False,False,0.43209876543209874
P29274,CHEMBL5413371,11657,False,False,0.4470588235294118
P29274,CHEMBL5438060,11657,False,False,0.42528735632183906
P29274,CHEMBL5439885,11657,False,False,0.4125
P29274,CHEMBL5399566,11657,False,False,0.41975308641975306
P29274,CHEMBL5433808,11657,False,False,0.425
P29274,CHEMBL5415792,11657,False,False,0.43373493975903615
P29274,CHEMBL5437168,11657,False,False,0.5454545454545454
P29274,CHEMBL5401706,11657,False,False,0.4375
P29274,CHEMBL5398651,11657,False,False,0.41975308641975306
P29274,CHEMBL5401410,11657,False,False,0.41975308641975306
P29274,CHEMBL5408699,11657,False,False,0.4375
P29274,CHEMBL5426226,11657,False,False,0.3977272727272727
P29274,CHEMBL5422621,11657,False,False,0.43902439024390244
P29274,CHEMBL5408447,11657,False,False,0.43902439024390244
P29274,CHEMBL5397080,11657,False,False,0.44155844155844154
P29274,CHEMBL5400341,11657,False,False,0.38636363636363635
P29274,CHEMBL5417712,11657,False,False,0.4358974358974359
P29274,CHEMBL5412117,11657,False,False,0.43037974683544306
P29274,CHEMBL5422530,11657,False,False,0.43037974683544306
P29274,CHEMBL5415529,11657,False,False,0.45454545454545453
P29274,CHEMBL5408468,11657,False,False,0.5263157894736842
P29274,CHEMBL5405584,11657,False,False,0.3880597014925373
P29274,CHEMBL5420888,11657,False,False,0.4605263157894737
P29274,CHEMBL5427931,11657,False,False,0.6521739130434783
P29274,CHEMBL5419573,11657,False,False,0.4675324675324675
P29274,CHEMBL5395100,11657,False,False,0.6486486486486487
P29274,CHEMBL5438754,11657,False,False,0.6575342465753424
P29597,CHEMBL5418687,3744,False,False,0.27941176470588236
P29597,CHEMBL5396134,3744,False,False,0.34328358208955223
P29597,CHEMBL5414765,3744,False,False,0.29850746268656714
P29597,CHEMBL5394367,3744,False,False,0.3010752688172043
P29597,CHEMBL5424439,3744,False,False,0.6333333333333333
P29597,CHEMBL5417474,3744,False,False,0.6323529411764706
P29597,CHEMBL5395839,3744,False,False,0.6417910447761194
P29597,CHEMBL5403897,3744,False,False,0.6515151515151515
P29597,CHEMBL5420083,3744,False,False,0.5454545454545454
P29597,CHEMBL5420971,3744,False,False,0.671875
P29597,CHEMBL5424098,3744,False,False,0.5915492957746479
P29597,CHEMBL5403272,3744,False,False,0.29850746268656714
P29597,CHEMBL5423387,3744,False,False,0.7432432432432432
P29597,CHEMBL5430795,3744,False,False,0.8285714285714286
P29597,CHEMBL5405043,3744,False,False,0.8285714285714286
P29597,CHEMBL5410919,3744,False,False,0.7083333333333334
P29597,CHEMBL5435417,3744,False,False,0.7714285714285715
P29597,CHEMBL5439582,3744,False,False,0.8382352941176471
P29597,CHEMBL5427932,3744,False,False,0.875
P29597,CHEMBL5405140,3744,False,False,0.859375
P29597,CHEMBL5404261,3744,False,False,0.8309859154929577
P29597,CHEMBL5441087,3744,False,False,0.7972972972972973
P29597,CHEMBL5440017,3744,False,False,0.7567567567567568
P29597,CHEMBL5434116,3744,False,True,1.0
P29597,CHEMBL5396523,3744,False,False,0.8285714285714286
P29597,CHEMBL5423894,3744,False,False,0.7910447761194029
P29597,CHEMBL5424497,3744,False,False,0.34523809523809523
P29597,CHEMBL5438635,3744,False,False,0.4418604651162791
P29597,CHEMBL5409953,3744,False,False,0.6785714285714286
P29597,CHEMBL5422886,3744,False,False,0.5522388059701493
P29597,CHEMBL5412967,3744,False,False,0.5070422535211268
P29597,CHEMBL5407329,3744,False,False,0.5806451612903226
P29597,CHEMBL5407260,3744,False,False,0.48
P29597,CHEMBL5396554,3744,False,False,0.48
P29597,CHEMBL5415586,3744,False,False,0.7407407407407407
P29597,CHEMBL5409666,3744,False,False,0.6666666666666666
P29597,CHEMBL5433426,3744,False,False,0.5645161290322581
P29597,CHEMBL5408994,3744,False,False,0.6164383561643836
P29597,CHEMBL5419978,3744,False,False,0.6164383561643836
P29597,CHEMBL5435482,3744,False,False,0.6338028169014085
P29597,CHEMBL5440510,3744,False,False,0.6363636363636364
P29597,CHEMBL5438892,3744,False,False,0.6363636363636364
P29597,CHEMBL5412619,3744,False,False,0.5238095238095238
P29597,CHEMBL5437653,3744,False,False,0.5633802816901409
P29597,CHEMBL5400209,3744,False,False,0.5633802816901409
P29597,CHEMBL5437261,3744,False,False,0.5217391304347826
P29597,CHEMBL5431257,3744,False,False,0.7169811320754716
P29597,CHEMBL5440264,3744,False,False,0.5135135135135135
P29597,CHEMBL5413489,3744,False,False,0.6351351351351351
P29597,CHEMBL5429461,3744,False,False,0.29577464788732394
P29597,CHEMBL5422793,3744,False,False,0.6229508196721312
P31153,CHEMBL5405042,590,False,False,0.25301204819277107
P31153,CHEMBL5402991,590,False,False,0.5925925925925926
P31153,CHEMBL5395201,590,False,False,0.30337078651685395
P31153,CHEMBL5415073,590,False,False,0.611764705882353
P31153,CHEMBL5400994,590,False,False,0.3763440860215054
P31153,CHEMBL5412431,590,False,False,0.4470588235294118
P31153,CHEMBL5437430,590,False,False,0.5454545454545454
P31153,CHEMBL5419227,590,False,False,0.625
P31153,CHEMBL5418094,590,False,False,0.6666666666666666
P31153,CHEMBL5440991,590,False,False,0.654320987654321
P31153,CHEMBL5412125,590,False,False,0.6708860759493671
P31153,CHEMBL5425823,590,False,False,0.5432098765432098
P31153,CHEMBL5401515,590,False,False,0.7105263157894737
P31153,CHEMBL5430139,590,False,False,0.5119047619047619
P31153,CHEMBL5434352,590,False,False,0.6385542168674698
P31153,CHEMBL5423083,590,False,False,0.6162790697674418
P31153,CHEMBL5432232,590,False,False,0.6585365853658537
P31153,CHEMBL5397124,590,False,False,0.6582278481012658
P31153,CHEMBL5405749,590,False,False,0.6582278481012658
P31153,CHEMBL5435278,590,False,False,0.23404255319148937
P31153,CHEMBL5419203,590,False,False,0.2716049382716049
P31153,CHEMBL5413291,590,False,False,0.27
P31153,CHEMBL5406558,590,False,False,0.2553191489361702
P31153,CHEMBL5409231,590,False,False,0.3181818181818182
P31153,CHEMBL5405041,590,False,False,0.26595744680851063
P31153,CHEMBL5422027,590,False,False,0.24
P31153,CHEMBL5399691,590,False,False,0.2647058823529412
P31153,CHEMBL5426479,590,False,False,0.26136363636363635
P31153,CHEMBL5399738,590,False,False,0.5662650602409639
P31153,CHEMBL5413811,590,False,False,0.5294117647058824
P31153,CHEMBL5427061,590,False,False,0.7283950617283951
P31153,CHEMBL5426003,590,False,False,0.6172839506172839
P31153,CHEMBL5419023,590,False,False,0.23728813559322035
P31153,CHEMBL5413791,590,False,False,0.24691358024691357
P31153,CHEMBL5422860,590,False,False,0.2696629213483146
P31153,CHEMBL5401688,590,False,False,0.23943661971830985
P31153,CHEMBL5399741,590,False,False,0.2875
P31153,CHEMBL5411162,590,False,False,0.31343283582089554
P31153,CHEMBL5439586,590,False,False,0.20454545454545456
P31153,CHEMBL5407969,590,False,False,0.2625
P31153,CHEMBL5420391,590,False,False,0.2753623188405797
P31153,CHEMBL5393737,590,False,False,0.6
P31153,CHEMBL5403351,590,False,False,0.24615384615384617
P31153,CHEMBL5436630,590,False,False,0.24096385542168675
P31153,CHEMBL5425116,590,False,False,0.2777777777777778
P31153,CHEMBL5439496,590,False,False,0.2222222222222222
P31153,CHEMBL5398803,590,False,False,0.23529411764705882
P31153,CHEMBL5431494,590,False,False,0.26666666666666666
P31153,CHEMBL5433315,590,False,False,0.23255813953488372
P31153,CHEMBL5438211,590,False,False,0.22727272727272727
P34913,CHEMBL5433817,2720,False,False,0.6567164179104478
P34913,CHEMBL5435984,2720,False,False,0.44871794871794873
P34913,CHEMBL5404981,2720,False,False,0.45454545454545453
P34913,CHEMBL5430033,2720,False,False,0.47297297297297297
P34913,CHEMBL5432207,2720,False,False,0.5416666666666666
P34913,CHEMBL5414017,2720,False,False,0.44680851063829785
P34913,CHEMBL5405712,2720,False,False,0.532258064516129
P34913,CHEMBL5419231,2720,False,False,0.48148148148148145
P34913,CHEMBL5438968,2720,False,False,0.5135135135135135
P34913,CHEMBL5406085,2720,False,False,0.47297297297297297
P34913,CHEMBL5396859,2720,False,False,0.5
P34913,CHEMBL5423765,2720,False,False,0.5
P34913,CHEMBL5402713,2720,False,False,0.4605263157894737
P34913,CHEMBL5394017,2720,False,False,0.527027027027027
P34913,CHEMBL5427173,2720,False,False,0.4666666666666667
P34913,CHEMBL5429531,2720,False,False,0.5131578947368421
P34913,CHEMBL5425833,2720,False,False,0.4605263157894737
P34913,CHEMBL5430521,2720,False,False,0.4117647058823529
P34913,CHEMBL5431410,2720,False,False,0.43209876543209874
P34913,CHEMBL5431664,2720,False,False,0.4875
P34913,CHEMBL5435879,2720,False,False,0.4375
P34913,CHEMBL5434178,2720,False,False,0.49295774647887325
P34913,CHEMBL5399542,2720,False,False,0.5223880597014925
P34913,CHEMBL5420723,2720,False,False,0.4268292682926829
P34913,CHEMBL5435557,2720,False,False,0.5072463768115942
P34913,CHEMBL5423755,2720,False,False,0.4375
P34913,CHEMBL5410246,2720,False,False,0.509090909090909
P34913,CHEMBL5421307,2720,False,False,0.4605263157894737
P34913,CHEMBL5395369,2720,False,False,0.5
P34913,CHEMBL5437028,2720,False,False,0.5223880597014925
P34913,CHEMBL5397730,2720,False,False,0.5147058823529411
P34913,CHEMBL5422052,2720,False,False,0.5064935064935064
P34913,CHEMBL5414179,2720,False,False,0.582089552238806
P34913,CHEMBL5431497,2720,False,False,0.5555555555555556
P34913,CHEMBL5425040,2720,False,False,0.5205479452054794
P34913,CHEMBL5433621,2720,False,False,0.48717948717948717
P34913,CHEMBL5424246,2720,False,False,0.5205479452054794
P34913,CHEMBL5421374,2720,False,False,0.5205479452054794
P34913,CHEMBL5399478,2720,False,False,0.5352112676056338
P34913,CHEMBL5417426,2720,False,False,0.5757575757575758
P34913,CHEMBL5412026,2720,False,False,0.5072463768115942
P34913,CHEMBL5433624,2720,False,False,0.5072463768115942
P34913,CHEMBL5429004,2720,False,False,0.5072463768115942
P34913,CHEMBL5415121,2720,False,False,0.5555555555555556
P34913,CHEMBL5429256,2720,False,False,0.4794520547945205
P34913,CHEMBL5404352,2720,False,False,0.4861111111111111
P34913,CHEMBL5435276,2720,False,False,0.4666666666666667
P34913,CHEMBL5403016,2720,False,False,0.4794520547945205
P34913,CHEMBL5417008,2720,False,False,0.4794520547945205
P34913,CHEMBL5410521,2720,False,False,0.4861111111111111
P34913,CHEMBL5414609,2720,False,False,0.5303030303030303
P34913,CHEMBL5428998,2720,False,False,0.5223880597014925
P34913,CHEMBL5437010,2720,False,False,0.43209876543209874
P34913,CHEMBL5410982,2720,False,False,0.45454545454545453
P34913,CHEMBL5437647,2720,False,False,0.6612903225806451
P34913,CHEMBL5406849,2720,False,False,0.5384615384615384
P34913,CHEMBL5428089,2720,False,False,0.5283018867924528
P34913,CHEMBL5411642,2720,False,False,0.5846153846153846
P34913,CHEMBL5415470,2720,False,False,0.6721311475409836
P34913,CHEMBL5418650,2720,False,False,0.5303030303030303
P34913,CHEMBL5420193,2720,False,False,0.5490196078431373
P34913,CHEMBL5426753,2720,False,False,0.5283018867924528
P34913,CHEMBL5411340,2720,False,False,0.509090909090909
P34913,CHEMBL5435336,2720,False,False,0.5185185185185185
P34913,CHEMBL5438483,2720,False,False,0.5283018867924528
P34913,CHEMBL5411847,2720,False,False,0.640625
P34913,CHEMBL5415175,2720,False,False,0.6333333333333333
P34913,CHEMBL5408127,2720,False,False,0.6451612903225806
P34913,CHEMBL5407621,2720,False,False,0.5344827586206896
P34913,CHEMBL5439306,2720,False,False,0.5384615384615384
P34972,CHEMBL5420560,9636,False,False,0.8309859154929577
P34972,CHEMBL5423328,9636,False,False,0.7058823529411765
P34972,CHEMBL5406438,9636,False,False,0.5802469135802469
P34972,CHEMBL5403405,9636,False,False,0.618421052631579
P34972,CHEMBL5411459,9636,False,False,0.345679012345679
P34972,CHEMBL5415690,9636,False,False,0.6
P34972,CHEMBL5421210,9636,False,False,0.5517241379310345
P34972,CHEMBL5418589,9636,False,False,0.6
P34972,CHEMBL5437097,9636,False,False,0.5189873417721519
P34972,CHEMBL5422404,9636,False,False,0.6285714285714286
P34972,CHEMBL5409471,9636,False,False,0.5517241379310345
P34972,CHEMBL5428372,9636,False,False,0.578125
P34972,CHEMBL5419335,9636,False,False,0.5072463768115942
P34972,CHEMBL5406967,9636,False,False,0.5970149253731343
P34972,CHEMBL5410025,9636,False,False,0.609375
P34972,CHEMBL5422557,9636,False,False,0.6376811594202898
P34972,CHEMBL5430360,9636,False,False,0.5625
P34972,CHEMBL5421463,9636,False,False,0.7575757575757576
P34972,CHEMBL5409303,9636,False,False,0.7936507936507936
P34972,CHEMBL5395270,9636,False,False,0.7681159420289855
P34972,CHEMBL5416421,9636,False,False,0.7794117647058824
P34972,CHEMBL5429476,9636,False,False,0.7735849056603774
P34972,CHEMBL5430169,9636,False,False,0.71875
P34972,CHEMBL5411397,9636,False,False,0.7777777777777778
P34972,CHEMBL5412500,9636,False,False,0.7692307692307693
P34972,CHEMBL5414873,9636,False,False,0.6716417910447762
P34972,CHEMBL5409074,9636,False,False,0.53125
P34972,CHEMBL5405774,9636,False,False,0.47297297297297297
P34972,CHEMBL5417553,9636,False,False,0.5333333333333333
P34972,CHEMBL5415150,9636,False,False,0.2727272727272727
P35372,CHEMBL5413043,11670,False,False,0.6875
P35372,CHEMBL5435390,11670,False,False,0.5964912280701754
P35372,CHEMBL5402755,11670,False,False,0.7358490566037735
P35372,CHEMBL5398409,11670,False,False,0.421875
P35372,CHEMBL5408683,11670,False,False,0.421875
P35372,CHEMBL5406692,11670,False,False,0.6875
P35372,CHEMBL5435537,11670,False,False,0.625
P35372,CHEMBL5403243,11670,False,False,0.559322033898305
P35372,CHEMBL5435711,11670,False,False,0.5789473684210527
P35372,CHEMBL5415842,11670,False,False,0.3617021276595745
P35372,CHEMBL5415691,11670,False,False,0.38095238095238093
P35372,CHEMBL5413237,11670,False,False,0.38961038961038963
P35372,CHEMBL5407845,11670,False,False,0.4657534246575342
P35372,CHEMBL5413536,11670,False,False,0.4067796610169492
P35372,CHEMBL5397609,11670,False,False,0.5
P35372,CHEMBL5410159,11670,False,False,0.5
P35372,CHEMBL5409322,11670,False,False,0.5737704918032787
P35372,CHEMBL5412606,11670,False,False,0.4659090909090909
P35372,CHEMBL5421714,11670,False,False,0.6710526315789473
P35372,CHEMBL5395539,11670,False,False,0.42857142857142855
P35372,CHEMBL5398913,11670,False,False,0.4909090909090909
P35372,CHEMBL5436551,11670,False,False,0.4909090909090909
P35372,CHEMBL5407379,11670,False,False,0.5079365079365079
P35372,CHEMBL5421526,11670,False,False,0.5423728813559322
P35372,CHEMBL5429557,11670,False,False,0.4307692307692308
P35372,CHEMBL5437720,11670,False,False,0.313953488372093
P35372,CHEMBL5417643,11670,False,False,0.47368421052631576
P35372,CHEMBL5418730,11670,False,False,0.4305555555555556
P35372,CHEMBL5407747,11670,False,False,0.4931506849315068
P35372,CHEMBL5425944,11670,False,False,0.42105263157894735
P35372,CHEMBL5413807,11670,False,False,0.4788732394366197
P35372,CHEMBL5429207,11670,False,False,0.379746835443038
P35372,CHEMBL5423250,11670,False,False,0.4117647058823529
P35372,CHEMBL5400356,11670,False,False,0.4117647058823529
P35372,CHEMBL5401204,11670,False,False,0.8333333333333334
P35408,CHEMBL5436396,1268,False,False,0.45454545454545453
P35408,CHEMBL5429723,1268,False,False,0.425
P35408,CHEMBL5414713,1268,False,False,0.4647887323943662
P35408,CHEMBL5426459,1268,False,False,0.4927536231884058
P35408,CHEMBL5416297,1268,False,False,0.4358974358974359
P35408,CHEMBL5408721,1268,False,False,0.5333333333333333
P35408,CHEMBL5395204,1268,False,False,0.6875
P35408,CHEMBL5421486,1268,False,False,0.5571428571428572
P35408,CHEMBL5437320,1268,False,False,0.48
P35408,CHEMBL5430051,1268,False,False,0.5068493150684932
P35408,CHEMBL5405516,1268,False,False,0.7014925373134329
P35408,CHEMBL5407123,1268,False,False,0.6923076923076923
P35408,CHEMBL5433739,1268,False,False,0.5068493150684932
P35408,CHEMBL5435929,1268,False,False,0.47761194029850745
P35408,CHEMBL5426990,1268,False,False,0.4383561643835616
P35408,CHEMBL5427471,1268,False,False,0.37662337662337664
P35408,CHEMBL5394316,1268,False,False,0.6923076923076923
P35408,CHEMBL5431483,1268,False,False,0.5806451612903226
P35408,CHEMBL5419736,1268,False,False,0.6774193548387096
P35408,CHEMBL5413066,1268,False,False,0.56
P35408,CHEMBL5427264,1268,False,False,0.6029411764705882
P35408,CHEMBL5410514,1268,False,False,0.4626865671641791
P35408,CHEMBL5430749,1268,False,False,0.4027777777777778
P35408,CHEMBL5426152,1268,False,False,0.3902439024390244
P35408,CHEMBL5402258,1268,False,False,0.6285714285714286
P35408,CHEMBL5434593,1268,False,False,0.44285714285714284
P35408,CHEMBL5401228,1268,False,False,0.5671641791044776
P35408,CHEMBL5411028,1268,False,False,0.5671641791044776
P35408,CHEMBL5411223,1268,False,False,0.45714285714285713
P35408,CHEMBL5401935,1268,False,False,0.43661971830985913
P35408,CHEMBL5408723,1268,False,False,0.4864864864864865
P35408,CHEMBL5414398,1268,False,False,0.525
P35408,CHEMBL5394484,1268,False,False,0.4520547945205479
P35408,CHEMBL5428393,1268,False,False,0.4794520547945205
P35408,CHEMBL5427544,1268,False,False,0.4246575342465753
P35408,CHEMBL5402938,1268,False,False,0.4246575342465753
P35408,CHEMBL5393749,1268,False,False,0.4857142857142857
P35408,CHEMBL5426943,1268,False,False,0.4626865671641791
P35408,CHEMBL5427672,1268,False,False,0.4647887323943662
P35408,CHEMBL5433721,1268,False,False,0.5
P35408,CHEMBL5395138,1268,False,False,0.5079365079365079
P35408,CHEMBL5435216,1268,False,False,0.421875
P35408,CHEMBL5417603,1268,False,False,0.46875
P35408,CHEMBL5438025,1268,False,False,0.5692307692307692
P35408,CHEMBL5436556,1268,False,False,0.421875
P35408,CHEMBL5407788,1268,False,False,0.4426229508196721
P35408,CHEMBL5427584,1268,False,False,0.4383561643835616
P35408,CHEMBL5403528,1268,False,False,0.4931506849315068
P35408,CHEMBL5426457,1268,False,False,0.5079365079365079
P35408,CHEMBL5405242,1268,False,False,0.4153846153846154
P35408,CHEMBL5411952,1268,False,False,0.4393939393939394
P35408,CHEMBL5424332,1268,False,False,0.45588235294117646
P35408,CHEMBL5399302,1268,False,False,0.410958904109589
P35408,CHEMBL5397734,1268,False,False,0.345679012345679
P35462,CHEMBL5399833,9178,False,False,0.5714285714285714
P35462,CHEMBL5415691,9178,False,False,0.4657534246575342
P35462,CHEMBL5413237,9178,False,False,0.26506024096385544
P35462,CHEMBL5407845,9178,False,False,0.2716049382716049
P35462,CHEMBL5420515,9178,False,False,0.8620689655172413
P35462,CHEMBL5394838,9178,False,False,0.8125
P35462,CHEMBL5410716,9178,False,False,0.8620689655172413
P35462,CHEMBL5439212,9178,False,False,0.8305084745762712
P35462,CHEMBL5399422,9178,False,False,0.8620689655172413
P35462,CHEMBL5414499,9178,False,False,0.8771929824561403
P35462,CHEMBL5437148,9178,False,False,0.8928571428571429
P35462,CHEMBL5399933,9178,False,False,0.8928571428571429
P35462,CHEMBL5409939,9178,False,False,0.8596491228070176
P35462,CHEMBL5399568,9178,False,False,0.8596491228070176
P35462,CHEMBL5425375,9178,False,False,0.8571428571428571
P35462,CHEMBL5399166,9178,False,False,0.8571428571428571
P35462,CHEMBL5402269,9178,False,False,0.8909090909090909
P35462,CHEMBL5420387,9178,False,False,0.8032786885245902
P35462,CHEMBL5410387,9178,False,False,0.8545454545454545
P35462,CHEMBL5395272,9178,False,False,0.8214285714285714
P35462,CHEMBL5438487,9178,False,False,0.8867924528301887
P35462,CHEMBL5396616,9178,False,False,0.7966101694915254
P35462,CHEMBL5433001,9178,False,False,0.8490566037735849
P35462,CHEMBL5427065,9178,False,False,0.4594594594594595
P35462,CHEMBL5424241,9178,False,False,0.5483870967741935
P35462,CHEMBL5409755,9178,False,False,0.5666666666666667
P35462,CHEMBL5421925,9178,False,False,0.5405405405405406
P35462,CHEMBL5415846,9178,False,False,0.8214285714285714
P35462,CHEMBL5404807,9178,False,False,0.5064935064935064
P35462,CHEMBL5425134,9178,False,False,0.6290322580645161
P35462,CHEMBL5440422,9178,False,False,0.6056338028169014
P35462,CHEMBL5410159,9178,False,False,0.5
P35462,CHEMBL5409322,9178,False,False,0.5757575757575758
P35462,CHEMBL5421714,9178,False,False,0.6710526315789473
P35462,CHEMBL5436551,9178,False,False,0.4909090909090909
P35462,CHEMBL5436957,9178,False,False,0.6229508196721312
P35462,CHEMBL5420316,9178,False,False,0.5178571428571429
P35462,CHEMBL5426620,9178,False,False,0.5370370370370371
P35462,CHEMBL5402212,9178,False,False,0.609375
P35462,CHEMBL5433284,9178,False,False,0.7678571428571429
P35462,CHEMBL5399129,9178,False,False,0.48333333333333334
P35462,CHEMBL5421827,9178,False,False,0.5
P35462,CHEMBL5422870,9178,False,False,0.6486486486486487
P35462,CHEMBL5428803,9178,False,False,0.7777777777777778
P35462,CHEMBL5403204,9178,False,False,0.6521739130434783
P35462,CHEMBL5439853,9178,False,False,0.6285714285714286
P35462,CHEMBL5407341,9178,False,False,0.6567164179104478
P35462,CHEMBL5417643,9178,False,False,0.47368421052631576
P35462,CHEMBL5416644,9178,False,False,0.6133333333333333
P35462,CHEMBL5411404,9178,False,False,0.6086956521739131
P35462,CHEMBL5421272,9178,False,False,0.5797101449275363
P35462,CHEMBL5433509,9178,False,False,0.6301369863013698
P35462,CHEMBL5438205,9178,False,False,0.6216216216216216
P35462,CHEMBL5412718,9178,False,False,0.6388888888888888
P35462,CHEMBL5405333,9178,False,False,0.65625
P35462,CHEMBL5396317,9178,False,False,0.5671641791044776
P35462,CHEMBL5427937,9178,False,False,0.5735294117647058
P35462,CHEMBL5395187,9178,False,False,0.6571428571428571
P35462,CHEMBL5405086,9178,False,False,0.6266666666666667
P35462,CHEMBL5425252,9178,False,False,0.625
P35462,CHEMBL5415335,9178,False,False,0.711864406779661
P35462,CHEMBL5394431,9178,False,False,0.6081081081081081
P35462,CHEMBL5431474,9178,False,False,0.7666666666666667
P35462,CHEMBL5416728,9178,False,False,0.6615384615384615
P35462,CHEMBL5410179,9178,False,False,0.5942028985507246
P35462,CHEMBL5436809,9178,False,False,0.6133333333333333
P35462,CHEMBL5400232,9178,False,False,0.6349206349206349
P35462,CHEMBL5418730,9178,False,False,0.29411764705882354
P35462,CHEMBL5407747,9178,False,False,0.5846153846153846
P35462,CHEMBL5425944,9178,False,False,0.5230769230769231
P35462,CHEMBL5413807,9178,False,False,0.36486486486486486
P35462,CHEMBL5429207,9178,False,False,0.40298507462686567
P35462,CHEMBL5423250,9178,False,False,0.43243243243243246
P35462,CHEMBL5400356,9178,False,False,0.47761194029850745
P35462,CHEMBL5417351,9178,False,False,0.7777777777777778
P35462,CHEMBL5395965,9178,False,False,0.6567164179104478
P35462,CHEMBL5398100,9178,False,False,0.6
P35462,CHEMBL5429048,9178,False,False,0.734375
P35462,CHEMBL5429826,9178,False,False,0.7222222222222222
P36544,CHEMBL5435510,1884,False,False,0.6857142857142857
P36544,CHEMBL5428848,1884,False,False,0.664179104477612
P36544,CHEMBL5428298,1884,False,False,0.6829268292682927
P36544,CHEMBL5401803,1884,False,False,0.6239316239316239
P36544,CHEMBL5417751,1884,False,False,0.4375
P36544,CHEMBL5409285,1884,False,False,0.44680851063829785
P36544,CHEMBL5423336,1884,False,False,0.5609756097560976
P36544,CHEMBL5400651,1884,False,False,0.4583333333333333
P36544,CHEMBL5415482,1884,False,False,0.5227272727272727
P36544,CHEMBL5435415,1884,False,False,0.6857142857142857
P36544,CHEMBL5433741,1884,False,False,0.4791666666666667
P36544,CHEMBL5416962,1884,False,False,0.4791666666666667
P36544,CHEMBL5403618,1884,False,False,0.7105263157894737
P36544,CHEMBL5428774,1884,False,False,0.75
P36544,CHEMBL5415576,1884,False,False,0.6923076923076923
P36544,CHEMBL5407945,1884,False,False,0.75
P36544,CHEMBL5395819,1884,False,False,0.8108108108108109
P36544,CHEMBL5412463,1884,False,False,0.7631578947368421
P36544,CHEMBL5425014,1884,False,False,0.725
P36544,CHEMBL5406306,1884,False,False,0.6744186046511628
P36544,CHEMBL5418191,1884,False,False,0.7435897435897436
P36544,CHEMBL5415738,1884,False,False,0.7619047619047619
P36544,CHEMBL5416363,1884,False,False,0.6904761904761905
P36544,CHEMBL5396300,1884,False,False,0.725
P36544,CHEMBL5408237,1884,False,False,0.631578947368421
P36544,CHEMBL5415788,1884,False,False,0.6486486486486487
P36544,CHEMBL5436520,1884,False,False,0.5333333333333333
P36544,CHEMBL5399641,1884,False,False,0.6486486486486487
P36544,CHEMBL5432840,1884,False,False,0.631578947368421
P36544,CHEMBL5396579,1884,False,False,0.5333333333333333
P36544,CHEMBL5415255,1884,False,False,0.6486486486486487
P36544,CHEMBL5440131,1884,False,False,0.2597402597402597
P36544,CHEMBL5393773,1884,False,False,0.46
P37231,CHEMBL5403200,8922,False,False,0.22580645161290322
P37231,CHEMBL5421425,8922,False,False,0.6714285714285714
P37231,CHEMBL5407583,8922,False,False,0.6617647058823529
P37231,CHEMBL5406591,8922,False,False,0.6714285714285714
P37231,CHEMBL5406898,8922,False,False,0.5694444444444444
P37231,CHEMBL5408470,8922,False,False,0.7121212121212122
P37231,CHEMBL5397940,8922,False,False,0.7121212121212122
P37231,CHEMBL5427431,8922,False,False,0.864406779661017
P37231,CHEMBL5439812,8922,False,False,0.7164179104477612
P37231,CHEMBL5432530,8922,False,False,0.581081081081081
P37231,CHEMBL5431536,8922,False,False,0.7164179104477612
P37231,CHEMBL5429976,8922,False,False,0.6086956521739131
P37231,CHEMBL5395286,8922,False,False,0.5135135135135135
P37231,CHEMBL5427888,8922,False,False,0.7538461538461538
P37231,CHEMBL5431290,8922,False,False,0.7538461538461538
P37231,CHEMBL5429911,8922,False,False,0.6417910447761194
P41143,CHEMBL5427274,9588,False,False,0.7325581395348837
P41143,CHEMBL5399596,9588,False,False,0.7325581395348837
P41143,CHEMBL5434134,9588,False,False,0.7804878048780488
P41143,CHEMBL5432205,9588,False,False,0.7804878048780488
P41143,CHEMBL5426012,9588,False,False,0.5689655172413793
P41143,CHEMBL5404274,9588,False,False,0.5471698113207547
P41143,CHEMBL5405339,9588,False,False,0.5686274509803921
P41143,CHEMBL5415010,9588,False,False,0.4915254237288136
P41143,CHEMBL5423260,9588,False,False,0.4915254237288136
P41143,CHEMBL5405519,9588,False,False,0.75
P41143,CHEMBL5403273,9588,False,False,0.75
P41143,CHEMBL5432317,9588,False,False,0.7682926829268293
P41143,CHEMBL5411900,9588,False,False,0.7682926829268293
P41143,CHEMBL5432174,9588,False,False,0.7625
P41143,CHEMBL5432371,9588,False,False,0.7625
P41143,CHEMBL5416619,9588,False,False,0.75
P41143,CHEMBL5425838,9588,False,False,0.75
P41143,CHEMBL5438077,9588,False,False,0.7349397590361446
P41143,CHEMBL5427896,9588,False,False,0.7349397590361446
P41143,CHEMBL5426498,9588,False,False,0.3488372093023256
P41143,CHEMBL5401204,9588,False,False,0.8333333333333334
P41143,CHEMBL5434911,9588,False,False,0.7710843373493976
P41143,CHEMBL5401578,9588,False,False,0.7682926829268293
P41143,CHEMBL5398970,9588,False,False,0.7411764705882353
P41143,CHEMBL5406491,9588,False,False,0.7325581395348837
P41143,CHEMBL5440937,9588,False,False,0.7682926829268293
P41143,CHEMBL5420457,9588,False,False,0.7325581395348837
P41143,CHEMBL5419838,9588,False,False,0.7654320987654321
P41143,CHEMBL5417637,9588,False,False,0.7625
P41143,CHEMBL5431128,9588,False,False,0.7625
P41143,CHEMBL5429587,9588,False,False,0.7710843373493976
P41143,CHEMBL5405800,9588,False,False,0.7682926829268293
P41143,CHEMBL5424642,9588,False,False,0.7411764705882353
P41143,CHEMBL5396504,9588,False,False,0.7325581395348837
P41143,CHEMBL5425108,9588,False,False,0.7682926829268293
P41143,CHEMBL5417814,9588,False,False,0.7325581395348837
P41143,CHEMBL5424438,9588,False,False,0.7654320987654321
P41143,CHEMBL5426766,9588,False,False,0.7625
P41143,CHEMBL5415668,9588,False,False,0.7625
P41143,CHEMBL5434721,9588,False,False,0.75
P41143,CHEMBL5423403,9588,False,False,0.75
P41145,CHEMBL5402380,9352,False,False,0.6883116883116883
P41145,CHEMBL5412738,9352,False,False,0.5
P41145,CHEMBL5428706,9352,False,False,0.821917808219178
P41145,CHEMBL5426627,9352,False,False,0.6875
P41145,CHEMBL5404274,9352,False,False,0.5471698113207547
P41145,CHEMBL5405339,9352,False,False,0.5686274509803921
P41145,CHEMBL5416582,9352,False,False,0.5862068965517241
P41145,CHEMBL5415010,9352,False,False,0.4915254237288136
P41145,CHEMBL5394355,9352,False,False,0.42857142857142855
P41145,CHEMBL5423260,9352,False,False,0.4915254237288136
P41145,CHEMBL5403724,9352,False,False,0.5740740740740741
P41145,CHEMBL5418013,9352,False,False,0.4945054945054945
P41145,CHEMBL5428920,9352,False,False,0.5454545454545454
P41145,CHEMBL5405248,9352,False,False,0.5
P41145,CHEMBL5419235,9352,False,False,0.4666666666666667
P41145,CHEMBL5433205,9352,False,False,0.35
P41145,CHEMBL5440141,9352,False,False,0.345679012345679
P41145,CHEMBL5405049,9352,False,False,0.3382352941176471
P41145,CHEMBL5439837,9352,False,False,0.36231884057971014
P41145,CHEMBL5398392,9352,False,False,0.31343283582089554
P41145,CHEMBL5419716,9352,False,False,0.36046511627906974
P41145,CHEMBL5424523,9352,False,False,0.34146341463414637
P41145,CHEMBL5417743,9352,False,False,0.39705882352941174
P41145,CHEMBL5437720,9352,False,False,0.29896907216494845
P41145,CHEMBL5403335,9352,False,False,0.35802469135802467
P41145,CHEMBL5416937,9352,False,False,0.3411764705882353
P41145,CHEMBL5405776,9352,False,False,0.3287671232876712
P41145,CHEMBL5425679,9352,False,False,0.32926829268292684
P41145,CHEMBL5429995,9352,False,False,0.34177215189873417
P41145,CHEMBL5426289,9352,False,False,0.3375
P41145,CHEMBL5397467,9352,False,False,0.48
P41145,CHEMBL5401204,9352,False,False,0.8333333333333334
P41145,CHEMBL5419132,9352,False,False,0.75
P41145,CHEMBL5409958,9352,False,False,0.44
P42330,CHEMBL5403375,822,False,False,0.7647058823529411
P42330,CHEMBL5409789,822,False,False,0.7647058823529411
P42330,CHEMBL5393766,822,False,False,0.5
P42330,CHEMBL5426283,822,False,False,0.717948717948718
P42330,CHEMBL5406588,822,False,False,0.48936170212765956
P42330,CHEMBL5413682,822,False,False,0.46938775510204084
P42330,CHEMBL5404373,822,False,False,0.5106382978723404
P42330,CHEMBL5398882,822,False,False,0.6086956521739131
P42330,CHEMBL5418560,822,False,False,0.7435897435897436
P42330,CHEMBL5409918,822,False,False,0.7272727272727273
P42330,CHEMBL5411983,822,False,False,0.7547169811320755
P42330,CHEMBL5395406,822,False,False,0.4583333333333333
P42330,CHEMBL5419024,822,False,False,0.42
P42330,CHEMBL5406928,822,False,False,0.4888888888888889
P42330,CHEMBL5436517,822,False,False,0.5416666666666666
P42330,CHEMBL5416628,822,False,False,0.4117647058823529
P42330,CHEMBL5421222,822,False,False,0.3888888888888889
P42330,CHEMBL5422601,822,False,False,0.40384615384615385
P42330,CHEMBL5428274,822,False,False,0.38181818181818183
P42330,CHEMBL5439918,822,False,False,0.38181818181818183
P42330,CHEMBL5396002,822,False,False,0.3684210526315789
P42330,CHEMBL5405863,822,False,False,0.6595744680851063
P42330,CHEMBL5431359,822,False,False,0.7045454545454546
P42330,CHEMBL5423363,822,False,False,0.40350877192982454
P42330,CHEMBL5427755,822,False,False,0.3888888888888889
P42330,CHEMBL5436664,822,False,False,0.375
P42330,CHEMBL5427069,822,False,False,0.574468085106383
P42330,CHEMBL5437831,822,False,False,0.3620689655172414
P42330,CHEMBL5401215,822,False,False,0.47058823529411764
P42330,CHEMBL5408142,822,False,False,0.375
P42330,CHEMBL5405175,822,False,False,0.46808510638297873
P42330,CHEMBL5412756,822,False,False,0.3090909090909091
P42330,CHEMBL5401567,822,False,False,0.43283582089552236
P42330,CHEMBL5435345,822,False,False,0.42028985507246375
P42330,CHEMBL5411601,822,False,False,0.6545454545454545
P42330,CHEMBL5425839,822,False,False,0.5614035087719298
P42330,CHEMBL5409615,822,False,False,0.4583333333333333
P42330,CHEMBL5434084,822,False,False,0.48936170212765956
P42330,CHEMBL5426142,822,False,False,0.4666666666666667
P42330,CHEMBL5397312,822,False,False,0.4897959183673469
P42330,CHEMBL5419252,822,False,False,0.4782608695652174
P42330,CHEMBL5436866,822,False,False,0.34
P42330,CHEMBL5421383,822,False,False,0.6724137931034483
P42330,CHEMBL5431806,822,False,False,0.6363636363636364
P42330,CHEMBL5407337,822,False,False,0.5142857142857142
P42330,CHEMBL5422118,822,False,False,0.4647887323943662
P42330,CHEMBL5412169,822,False,False,0.6268656716417911
P42330,CHEMBL5423738,822,False,False,0.5070422535211268
P42330,CHEMBL5434454,822,False,False,0.4583333333333333
P42330,CHEMBL5395625,822,False,False,0.4657534246575342
P42330,CHEMBL5397522,822,False,False,0.4888888888888889
P42330,CHEMBL5430302,822,False,False,0.4791666666666667
P42330,CHEMBL5401700,822,False,False,0.4772727272727273
P42330,CHEMBL5439018,822,False,False,0.5714285714285714
P42330,CHEMBL5403302,822,False,False,0.5227272727272727
P42330,CHEMBL5425327,822,False,False,0.5227272727272727
P42330,CHEMBL5422070,822,False,False,0.3409090909090909
P42330,CHEMBL5427727,822,False,False,0.65625
P42330,CHEMBL5430200,822,False,False,0.5294117647058824
P42330,CHEMBL5399095,822,False,False,0.4782608695652174
P42330,CHEMBL5438808,822,False,False,0.45588235294117646
P42330,CHEMBL5432550,822,False,False,0.6666666666666666
P42330,CHEMBL5422271,822,False,False,0.5625
P42330,CHEMBL5402185,822,False,False,0.6428571428571429
P42330,CHEMBL5438117,822,False,False,0.6101694915254238
P42330,CHEMBL5427049,822,False,False,0.6206896551724138
P42330,CHEMBL5403238,822,False,False,0.6101694915254238
P42330,CHEMBL5407493,822,False,False,0.7058823529411765
P42330,CHEMBL5402839,822,False,False,0.5
P42330,CHEMBL5412889,822,False,False,0.6428571428571429
P42330,CHEMBL5437220,822,False,False,0.6428571428571429
P42330,CHEMBL5397612,822,False,False,0.6
P42330,CHEMBL5427873,822,False,False,0.6
P42330,CHEMBL5411768,822,False,False,0.5806451612903226
P42330,CHEMBL5408158,822,False,False,0.5806451612903226
P42330,CHEMBL5440460,822,False,False,0.6101694915254238
P42330,CHEMBL5408308,822,False,False,0.5538461538461539
P42330,CHEMBL5401206,822,False,False,0.5901639344262295
P42330,CHEMBL5417484,822,False,False,0.6101694915254238
P42330,CHEMBL5411357,822,False,False,0.6792452830188679
P42330,CHEMBL5405662,822,False,False,0.6101694915254238
P42330,CHEMBL5424035,822,False,False,0.6491228070175439
P42330,CHEMBL5410143,822,False,False,0.5076923076923077
P42330,CHEMBL5436263,822,False,False,0.5084745762711864
P42330,CHEMBL5397146,822,False,False,0.5517241379310345
P42330,CHEMBL5417285,822,False,False,0.5714285714285714
P42330,CHEMBL5441078,822,False,False,0.6
P42330,CHEMBL5412832,822,False,False,0.6428571428571429
P42330,CHEMBL5403464,822,False,False,0.6363636363636364
P42330,CHEMBL5439765,822,False,False,0.5142857142857142
P42330,CHEMBL5427074,822,False,False,0.4647887323943662
P42330,CHEMBL5405458,822,False,False,0.6363636363636364
P42330,CHEMBL5437111,822,False,False,0.5142857142857142
P42330,CHEMBL5396688,822,False,False,0.4647887323943662
P42330,CHEMBL5415646,822,False,False,0.6231884057971014
P42330,CHEMBL5408394,822,False,False,0.5068493150684932
P42330,CHEMBL5434555,822,False,False,0.4594594594594595
P42330,CHEMBL5398653,822,False,False,0.3409090909090909
P42330,CHEMBL5436838,822,False,False,0.3541666666666667
P42336,CHEMBL5406770,10762,False,False,0.4
P42336,CHEMBL5439362,10762,False,False,0.39603960396039606
P42336,CHEMBL5396795,10762,False,False,0.40816326530612246
P42336,CHEMBL5410207,10762,False,False,0.34615384615384615
P42336,CHEMBL5409119,10762,False,False,0.620253164556962
P42336,CHEMBL5440155,10762,False,False,0.6376811594202898
P42336,CHEMBL5398799,10762,False,False,0.6794871794871795
P42336,CHEMBL5431031,10762,False,False,0.6486486486486487
P42336,CHEMBL5421377,10762,False,False,0.6984126984126984
P42336,CHEMBL5436787,10762,False,False,0.6363636363636364
P42336,CHEMBL5432847,10762,False,False,0.6363636363636364
P42336,CHEMBL5408043,10762,False,False,0.6533333333333333
P42336,CHEMBL5419087,10762,False,False,0.6049382716049383
P42336,CHEMBL5407800,10762,False,False,0.5903614457831325
P42336,CHEMBL5399382,10762,False,False,0.5903614457831325
P42336,CHEMBL5403875,10762,False,False,0.5833333333333334
P42336,CHEMBL5429468,10762,False,False,0.6533333333333333
P42336,CHEMBL5428670,10762,False,False,0.631578947368421
P42336,CHEMBL5441102,10762,False,False,0.6153846153846154
P42336,CHEMBL5408035,10762,False,False,0.64
P42336,CHEMBL5431418,10762,False,False,0.6567164179104478
P42336,CHEMBL5410806,10762,False,False,0.6567164179104478
P42336,CHEMBL5427579,10762,False,False,0.6470588235294118
P42336,CHEMBL5417620,10762,False,False,0.6027397260273972
P42336,CHEMBL5419197,10762,False,False,0.676923076923077
P42336,CHEMBL5431690,10762,False,False,0.625
P42336,CHEMBL5403052,10762,False,False,0.6097560975609756
P42336,CHEMBL5417605,10762,False,False,0.6097560975609756
P42336,CHEMBL5406079,10762,False,False,0.6024096385542169
P42336,CHEMBL5400165,10762,False,False,0.676923076923077
P42336,CHEMBL5403409,10762,False,False,0.676923076923077
P42336,CHEMBL5396289,10762,False,False,0.6753246753246753
P42336,CHEMBL5414482,10762,False,False,0.6794871794871795
P42336,CHEMBL5425104,10762,False,False,0.6794871794871795
P42336,CHEMBL5399051,10762,False,False,0.6875
P42336,CHEMBL5426265,10762,False,False,0.7029702970297029
P42336,CHEMBL5430177,10762,False,False,0.7910447761194029
P42336,CHEMBL5415741,10762,False,False,0.7910447761194029
P42336,CHEMBL5415865,10762,False,False,0.7191011235955056
P42336,CHEMBL5417402,10762,False,False,0.7111111111111111
P42336,CHEMBL5428411,10762,False,False,0.7441860465116279
P42336,CHEMBL5428160,10762,False,False,0.6060606060606061
P42336,CHEMBL5409142,10762,False,False,0.7282608695652174
P42336,CHEMBL5401298,10762,False,False,0.6923076923076923
P42336,CHEMBL5440536,10762,False,False,0.6344086021505376
P42336,CHEMBL5432324,10762,False,False,0.6333333333333333
P42336,CHEMBL5400439,10762,False,False,0.7974683544303798
P42336,CHEMBL5413309,10762,False,False,0.7294117647058823
P42336,CHEMBL5415726,10762,False,False,0.8048780487804879
P42336,CHEMBL5422635,10762,False,False,0.8072289156626506
P42336,CHEMBL5431325,10762,False,False,0.620253164556962
P42336,CHEMBL5398514,10762,False,False,0.7604166666666666
P42336,CHEMBL5405706,10762,False,False,0.8043478260869565
P42336,CHEMBL5403717,10762,False,False,0.8552631578947368
P42336,CHEMBL5421477,10762,False,False,0.8024691358024691
P42336,CHEMBL5407573,10762,False,False,0.8717948717948718
P42336,CHEMBL5401801,10762,False,False,0.8625
P42336,CHEMBL5405623,10762,False,False,0.6666666666666666
P42336,CHEMBL5402186,10762,False,False,0.6282051282051282
P42336,CHEMBL5394535,10762,False,False,0.8064516129032258
P42336,CHEMBL5429174,10762,False,False,0.8539325842696629
P42336,CHEMBL5407812,10762,False,False,0.38095238095238093
P42336,CHEMBL5417926,10762,False,False,0.32098765432098764
P42336,CHEMBL5425498,10762,False,False,0.47191011235955055
P42336,CHEMBL5433100,10762,False,False,0.8181818181818182
P42336,CHEMBL5396655,10762,False,False,0.7758620689655172
P42336,CHEMBL5406219,10762,False,False,0.7884615384615384
P42336,CHEMBL5426885,10762,False,False,0.7454545454545455
P42336,CHEMBL5421875,10762,False,False,0.8181818181818182
P42336,CHEMBL5396454,10762,False,False,0.7758620689655172
P42336,CHEMBL5409346,10762,False,False,0.2535211267605634
P42336,CHEMBL5397877,10762,False,False,0.29411764705882354
P42336,CHEMBL5425756,10762,False,False,0.2727272727272727
P42336,CHEMBL5420261,10762,False,False,0.2857142857142857
P42336,CHEMBL5414369,10762,False,False,0.352112676056338
P42336,CHEMBL5413496,10762,False,False,0.3655913978494624
P42336,CHEMBL5410758,10762,False,False,0.6463414634146342
P42336,CHEMBL5435973,10762,False,False,0.6463414634146342
P42336,CHEMBL5418257,10762,False,False,0.6385542168674698
P42336,CHEMBL5410409,10762,False,False,0.6162790697674418
P42336,CHEMBL5400641,10762,False,False,0.6625
P42336,CHEMBL5420057,10762,False,False,0.6162790697674418
P42336,CHEMBL5406498,10762,False,False,0.6235294117647059
P42336,CHEMBL5422044,10762,False,False,0.6309523809523809
P42336,CHEMBL5438456,10762,False,False,0.6385542168674698
P42336,CHEMBL5437417,10762,False,False,0.38823529411764707
P42336,CHEMBL5432408,10762,False,False,0.43010752688172044
P42336,CHEMBL5424200,10762,False,False,0.46875
P42336,CHEMBL5420950,10762,False,False,0.3333333333333333
P42336,CHEMBL5425386,10762,False,False,0.4578313253012048
P42336,CHEMBL5426665,10762,False,False,0.3717948717948718
P42336,CHEMBL5405376,10762,False,False,0.3625
P42336,CHEMBL5396108,10762,False,False,0.3253012048192771
P42336,CHEMBL5430685,10762,False,False,0.34615384615384615
P42336,CHEMBL5419036,10762,False,False,0.75
P42336,CHEMBL5431144,10762,False,False,0.7959183673469388
P42336,CHEMBL5426327,10762,False,False,0.75
P42336,CHEMBL5412575,10762,False,False,0.6545454545454545
P42336,CHEMBL5430194,10762,False,False,0.7450980392156863
P42336,CHEMBL5400572,10762,False,False,0.8076923076923077
P42336,CHEMBL5432177,10762,False,False,0.6923076923076923
P42336,CHEMBL5408589,10762,False,False,0.7755102040816326
P42336,CHEMBL5438874,10762,False,False,0.7111111111111111
P42336,CHEMBL5434108,10762,False,False,0.7441860465116279
P42336,CHEMBL5415298,10762,False,False,0.7450980392156863
P42336,CHEMBL5437258,10762,False,False,0.74
P42336,CHEMBL5413191,10762,False,False,0.75
P42336,CHEMBL5435788,10762,False,False,0.7916666666666666
P42336,CHEMBL5435423,10762,False,False,0.7708333333333334
P42336,CHEMBL5405438,10762,False,False,0.7959183673469388
P42336,CHEMBL5431132,10762,False,False,0.6170212765957447
P42345,CHEMBL5440718,9363,False,False,0.5125
P42345,CHEMBL5406770,9363,False,False,0.4329896907216495
P42345,CHEMBL5439362,9363,False,False,0.4215686274509804
P42345,CHEMBL5396795,9363,False,False,0.43434343434343436
P42345,CHEMBL5407152,9363,False,False,0.40229885057471265
P42345,CHEMBL5429700,9363,False,False,0.5531914893617021
P42345,CHEMBL5417722,9363,False,False,0.5857142857142857
P42345,CHEMBL5402160,9363,False,False,0.5714285714285714
P42345,CHEMBL5425498,9363,False,False,0.47191011235955055
P42345,CHEMBL5433100,9363,False,False,0.8181818181818182
P42345,CHEMBL5396655,9363,False,False,0.7758620689655172
P42345,CHEMBL5406219,9363,False,False,0.7884615384615384
P42345,CHEMBL5426885,9363,False,False,0.7454545454545455
P42345,CHEMBL5421875,9363,False,False,0.8181818181818182
P42345,CHEMBL5396454,9363,False,False,0.7758620689655172
P42345,CHEMBL5399022,9363,False,False,0.4111111111111111
P42345,CHEMBL5410824,9363,False,False,0.4111111111111111
P42345,CHEMBL5433283,9363,False,False,0.375
P42345,CHEMBL5416106,9363,False,False,0.4065934065934066
P42345,CHEMBL5427469,9363,False,False,0.4065934065934066
P42345,CHEMBL5437417,9363,False,False,0.4358974358974359
P42345,CHEMBL5432408,9363,False,False,0.43010752688172044
P42345,CHEMBL5419036,9363,False,False,0.75
P42345,CHEMBL5431144,9363,False,False,0.7959183673469388
P42345,CHEMBL5426327,9363,False,False,0.75
P42345,CHEMBL5412575,9363,False,False,0.6545454545454545
P42345,CHEMBL5430194,9363,False,False,0.7450980392156863
P42345,CHEMBL5400572,9363,False,False,0.8076923076923077
P42345,CHEMBL5432177,9363,False,False,0.6923076923076923
P42345,CHEMBL5408589,9363,False,False,0.7755102040816326
P42345,CHEMBL5438874,9363,False,False,0.7111111111111111
P42345,CHEMBL5434108,9363,False,False,0.7441860465116279
P42345,CHEMBL5436508,9363,False,False,0.5666666666666667
P42345,CHEMBL5427223,9363,False,False,0.5666666666666667
P42345,CHEMBL5415288,9363,False,False,0.5106382978723404
P42345,CHEMBL5432272,9363,False,False,0.6363636363636364
P42345,CHEMBL5429925,9363,False,False,0.532608695652174
P42345,CHEMBL5406842,9363,False,False,0.6363636363636364
P42345,CHEMBL5415471,9363,False,False,0.532608695652174
P42345,CHEMBL5427732,9363,False,False,0.631578947368421
P42345,CHEMBL5423546,9363,False,False,0.5274725274725275
P42345,CHEMBL5420541,9363,False,False,0.631578947368421
P42345,CHEMBL5404075,9363,False,False,0.5274725274725275
P42345,CHEMBL5418348,9363,False,False,0.5106382978723404
P42345,CHEMBL5424956,9363,False,False,0.64
P42345,CHEMBL5440263,9363,False,False,0.5274725274725275
P42345,CHEMBL5437216,9363,False,False,0.5783132530120482
P42345,CHEMBL5408143,9363,False,False,0.5161290322580645
P42345,CHEMBL5424193,9363,False,False,0.5274725274725275
P42345,CHEMBL5415298,9363,False,False,0.7450980392156863
P42345,CHEMBL5437258,9363,False,False,0.74
P42345,CHEMBL5413191,9363,False,False,0.75
P42345,CHEMBL5435788,9363,False,False,0.7916666666666666
P42345,CHEMBL5435423,9363,False,False,0.7708333333333334
P42345,CHEMBL5405438,9363,False,False,0.7959183673469388
P42866,CHEMBL5427274,1172,False,False,0.7241379310344828
P42866,CHEMBL5399596,1172,False,False,0.7241379310344828
P42866,CHEMBL5432205,1172,False,False,0.75
P42866,CHEMBL5405519,1172,False,False,0.7411764705882353
P42866,CHEMBL5403273,1172,False,False,0.7411764705882353
P42866,CHEMBL5432317,1172,False,False,0.7590361445783133
P42866,CHEMBL5411900,1172,False,False,0.7590361445783133
P42866,CHEMBL5432174,1172,False,False,0.7804878048780488
P42866,CHEMBL5416619,1172,False,False,0.7411764705882353
P42866,CHEMBL5425838,1172,False,False,0.7411764705882353
P42866,CHEMBL5438077,1172,False,False,0.7529411764705882
P42866,CHEMBL5427896,1172,False,False,0.7529411764705882
P42866,CHEMBL5434911,1172,False,False,0.7411764705882353
P42866,CHEMBL5401578,1172,False,False,0.7590361445783133
P42866,CHEMBL5398970,1172,False,False,0.7529411764705882
P42866,CHEMBL5406491,1172,False,False,0.7441860465116279
P42866,CHEMBL5440937,1172,False,False,0.7590361445783133
P42866,CHEMBL5420457,1172,False,False,0.7272727272727273
P42866,CHEMBL5419838,1172,False,False,0.7619047619047619
P42866,CHEMBL5417637,1172,False,False,0.7804878048780488
P42866,CHEMBL5431128,1172,False,False,0.7804878048780488
P42866,CHEMBL5429587,1172,False,False,0.7411764705882353
P42866,CHEMBL5405800,1172,False,False,0.7590361445783133
P42866,CHEMBL5424642,1172,False,False,0.7529411764705882
P42866,CHEMBL5396504,1172,False,False,0.7441860465116279
P42866,CHEMBL5425108,1172,False,False,0.7590361445783133
P42866,CHEMBL5417814,1172,False,False,0.7272727272727273
P42866,CHEMBL5424438,1172,False,False,0.7619047619047619
P42866,CHEMBL5426766,1172,False,False,0.7804878048780488
P42866,CHEMBL5415668,1172,False,False,0.7804878048780488
P42866,CHEMBL5434721,1172,False,False,0.7411764705882353
P42866,CHEMBL5423403,1172,False,False,0.7411764705882353
P43166,CHEMBL5433200,1709,False,False,0.4426229508196721
P43166,CHEMBL5418092,1709,False,False,0.4426229508196721
P43166,CHEMBL5431609,1709,False,False,0.421875
P43166,CHEMBL5434405,1709,False,False,0.421875
P43166,CHEMBL5414353,1709,False,False,0.3373493975903614
P43166,CHEMBL5399412,1709,False,False,0.39473684210526316
P43166,CHEMBL5410769,1709,False,False,0.39473684210526316
P43166,CHEMBL5430974,1709,False,False,0.3709677419354839
P43166,CHEMBL5420563,1709,False,False,0.3709677419354839
P43166,CHEMBL5394374,1709,False,False,0.421875
P43166,CHEMBL5439211,1709,False,False,0.421875
P43166,CHEMBL5420568,1709,False,False,0.42857142857142855
P43166,CHEMBL5429492,1709,False,False,0.37254901960784315
P43166,CHEMBL5406311,1709,False,False,0.42857142857142855
P43166,CHEMBL5418946,1709,False,False,0.29310344827586204
P43166,CHEMBL5412006,1709,False,False,0.32075471698113206
P43166,CHEMBL5399183,1709,False,False,0.4507042253521127
P43166,CHEMBL5437429,1709,False,False,0.4857142857142857
P43166,CHEMBL5418551,1709,False,False,0.33783783783783783
P43166,CHEMBL5417736,1709,False,False,0.3333333333333333
P43166,CHEMBL5431631,1709,False,False,0.45454545454545453
P43166,CHEMBL5411887,1709,False,False,0.42857142857142855
P43166,CHEMBL5408930,1709,False,False,0.38571428571428573
P43166,CHEMBL5406683,1709,False,False,0.375
P43166,CHEMBL5414681,1709,False,False,0.35384615384615387
P43166,CHEMBL5405122,1709,False,False,0.3424657534246575
P43166,CHEMBL5402391,1709,False,False,0.3148148148148148
P43166,CHEMBL5438178,1709,False,False,0.4857142857142857
P43166,CHEMBL5438727,1709,False,False,0.3333333333333333
P43166,CHEMBL5433495,1709,False,False,0.4
P43166,CHEMBL5440256,1709,False,False,0.38571428571428573
P43166,CHEMBL5433631,1709,False,False,0.34328358208955223
P43166,CHEMBL5406460,1709,False,False,0.32142857142857145
P43166,CHEMBL5402861,1709,False,False,0.4305555555555556
P43166,CHEMBL5422807,1709,False,False,0.4305555555555556
P43166,CHEMBL5416544,1709,False,False,0.3380281690140845
P43166,CHEMBL5413914,1709,False,False,0.3898305084745763
P43166,CHEMBL5435567,1709,False,False,0.3333333333333333
P43166,CHEMBL5423723,1709,False,False,0.35526315789473684
P43166,CHEMBL5418256,1709,False,False,0.3972602739726027
P43166,CHEMBL5408414,1709,False,False,0.3972602739726027
P43166,CHEMBL5439333,1709,False,False,0.47058823529411764
P43166,CHEMBL5435748,1709,False,False,0.47058823529411764
P43166,CHEMBL5422747,1709,False,False,0.45714285714285713
P43166,CHEMBL5398061,1709,False,False,0.352112676056338
P43166,CHEMBL5422153,1709,False,False,0.3333333333333333
P43166,CHEMBL5395857,1709,False,False,0.32432432432432434
P43166,CHEMBL5397659,1709,False,False,0.4
P43166,CHEMBL5419752,1709,False,False,0.4857142857142857
P43166,CHEMBL5404038,1709,False,False,0.5645161290322581
P43166,CHEMBL5439318,1709,False,False,0.4
P43166,CHEMBL5405279,1709,False,False,0.49056603773584906
P43166,CHEMBL5437142,1709,False,False,0.44285714285714284
P43166,CHEMBL5420020,1709,False,False,0.4264705882352941
P43166,CHEMBL5432770,1709,False,False,0.3974358974358974
P43166,CHEMBL5395679,1709,False,False,0.4057971014492754
P43166,CHEMBL5424727,1709,False,False,0.3561643835616438
P43166,CHEMBL5425125,1709,False,False,0.3333333333333333
P43166,CHEMBL5412351,1709,False,False,0.40350877192982454
P43166,CHEMBL5424664,1709,False,False,0.391304347826087
P43166,CHEMBL5420931,1709,False,False,0.3333333333333333
P43166,CHEMBL5417084,1709,False,False,0.3333333333333333
P43166,CHEMBL5430482,1709,False,False,0.32432432432432434
P43166,CHEMBL5414077,1709,False,False,0.4
P43166,CHEMBL5402143,1709,False,False,0.4857142857142857
P43166,CHEMBL5426216,1709,False,False,0.5645161290322581
P43166,CHEMBL5413021,1709,False,False,0.4
P43166,CHEMBL5402145,1709,False,False,0.49056603773584906
P43166,CHEMBL5438010,1709,False,False,0.44285714285714284
P43166,CHEMBL5421531,1709,False,False,0.4264705882352941
P43166,CHEMBL5411936,1709,False,False,0.3974358974358974
P43166,CHEMBL5419447,1709,False,False,0.4057971014492754
P43166,CHEMBL5396393,1709,False,False,0.3561643835616438
P43166,CHEMBL5409658,1709,False,False,0.3333333333333333
P43166,CHEMBL5413693,1709,False,False,0.40350877192982454
P43166,CHEMBL5429073,1709,False,False,0.391304347826087
P43166,CHEMBL5401434,1709,False,False,0.3333333333333333
P43166,CHEMBL5422706,1709,False,False,0.4857142857142857
P43166,CHEMBL5425202,1709,False,False,0.4027777777777778
P43166,CHEMBL5433765,1709,False,False,0.5833333333333334
P43166,CHEMBL5420539,1709,False,False,0.4857142857142857
P43166,CHEMBL5395423,1709,False,False,0.4027777777777778
P43166,CHEMBL5405733,1709,False,False,0.44776119402985076
P43166,CHEMBL5403355,1709,False,False,0.4090909090909091
P43166,CHEMBL5407842,1709,False,False,0.4225352112676056
P43166,CHEMBL5396530,1709,False,False,0.5483870967741935
P43166,CHEMBL5397521,1709,False,False,0.4225352112676056
P43166,CHEMBL5439370,1709,False,False,0.3977272727272727
P43166,CHEMBL5415949,1709,False,False,0.3977272727272727
P43166,CHEMBL5433722,1709,False,False,0.41025641025641024
P43166,CHEMBL5416307,1709,False,False,0.4318181818181818
P43166,CHEMBL5402383,1709,False,False,0.46511627906976744
P43166,CHEMBL5397739,1709,False,False,0.46511627906976744
P43166,CHEMBL5440906,1709,False,False,0.43478260869565216
P43166,CHEMBL5440763,1709,False,False,0.3611111111111111
P43166,CHEMBL5436282,1709,False,False,0.4626865671641791
P43166,CHEMBL5411702,1709,False,False,0.43478260869565216
P43166,CHEMBL5414836,1709,False,False,0.3611111111111111
P43166,CHEMBL5418786,1709,False,False,0.4461538461538462
P43166,CHEMBL5412077,1709,False,False,0.42424242424242425
P43166,CHEMBL5433578,1709,False,False,0.4461538461538462
P43166,CHEMBL5399204,1709,False,False,0.39473684210526316
P43166,CHEMBL5433154,1709,False,False,0.32954545454545453
P43166,CHEMBL5409881,1709,False,False,0.43478260869565216
P43166,CHEMBL5403938,1709,False,False,0.39473684210526316
P43166,CHEMBL5421790,1709,False,False,0.32954545454545453
P43166,CHEMBL5433629,1709,False,False,0.3709677419354839
P43166,CHEMBL5425764,1709,False,False,0.3709677419354839
P43166,CHEMBL5420500,1709,False,False,0.359375
P43166,CHEMBL5422467,1709,False,False,0.33962264150943394
P43166,CHEMBL5402892,1709,False,False,0.4157303370786517
P43166,CHEMBL5421078,1709,False,False,0.4222222222222222
P43166,CHEMBL5435151,1709,False,False,0.3695652173913043
P43166,CHEMBL5404239,1709,False,False,0.3148148148148148
P43166,CHEMBL5440220,1709,False,False,0.38
P43166,CHEMBL5400662,1709,False,False,0.38
P43166,CHEMBL5436091,1709,False,False,0.3695652173913043
P43166,CHEMBL5415766,1709,False,False,0.38636363636363635
P43166,CHEMBL5431518,1709,False,False,0.4594594594594595
P43490,CHEMBL5396898,2606,False,False,0.375
P43490,CHEMBL5438473,2606,False,False,0.27927927927927926
P43490,CHEMBL5396943,2606,False,False,0.6287878787878788
P43490,CHEMBL5401852,2606,False,False,0.6287878787878788
P43490,CHEMBL5401142,2606,False,False,0.5571428571428572
P43490,CHEMBL5402956,2606,False,False,0.6287878787878788
P43490,CHEMBL5408297,2606,False,False,0.5571428571428572
P43490,CHEMBL5428751,2606,False,False,0.5571428571428572
P43490,CHEMBL5394965,2606,False,False,0.6287878787878788
P43490,CHEMBL5398077,2606,False,False,0.5571428571428572
P43490,CHEMBL5394343,2606,False,False,0.5571428571428572
P43490,CHEMBL5404254,2606,False,False,0.55
P43490,CHEMBL5408614,2606,False,False,0.5390070921985816
P43490,CHEMBL5423357,2606,False,False,0.6846153846153846
P43490,CHEMBL5405525,2606,False,False,0.7
P43490,CHEMBL5425579,2606,False,False,0.7
P43490,CHEMBL5418877,2606,False,False,0.7
P43490,CHEMBL5405720,2606,False,False,0.7
P43490,CHEMBL5412973,2606,False,False,0.6363636363636364
P43490,CHEMBL5406636,2606,False,False,0.6363636363636364
P43490,CHEMBL5403078,2606,False,False,0.6363636363636364
P43490,CHEMBL5431029,2606,False,False,0.6363636363636364
P43490,CHEMBL5408654,2606,False,False,0.6223776223776224
P43490,CHEMBL5414864,2606,False,False,0.6287878787878788
P43490,CHEMBL5421145,2606,False,False,0.6025641025641025
P43490,CHEMBL5428441,2606,False,False,0.65
P43490,CHEMBL5416318,2606,False,False,0.4631578947368421
P43490,CHEMBL5435058,2606,False,False,0.5526315789473685
P43490,CHEMBL5416477,2606,False,False,0.5357142857142857
P43490,CHEMBL5401891,2606,False,False,0.55
P43490,CHEMBL5419623,2606,False,False,0.5641025641025641
P43490,CHEMBL5425412,2606,False,False,0.4146341463414634
P43490,CHEMBL5440085,2606,False,False,0.43529411764705883
P43490,CHEMBL5434036,2606,False,False,0.41975308641975306
P43490,CHEMBL5400956,2606,False,False,0.4024390243902439
P43490,CHEMBL5429647,2606,False,False,0.4625
P43490,CHEMBL5396894,2606,False,False,0.3870967741935484
P43490,CHEMBL5430220,2606,False,False,0.6197183098591549
P45983,CHEMBL5403621,4235,False,False,0.47540983606557374
P45983,CHEMBL5437287,4235,False,False,0.47619047619047616
P45983,CHEMBL5433461,4235,False,False,0.5079365079365079
P45983,CHEMBL5428484,4235,False,False,0.5
P45983,CHEMBL5434662,4235,False,False,0.5
P45983,CHEMBL5410870,4235,False,False,0.48333333333333334
P45983,CHEMBL5395579,4235,False,False,0.5818181818181818
P45983,CHEMBL5411353,4235,False,False,0.5555555555555556
P45983,CHEMBL5418224,4235,False,False,0.5454545454545454
P45983,CHEMBL5411160,4235,False,False,0.3883495145631068
P45983,CHEMBL5429577,4235,False,False,0.3883495145631068
P45983,CHEMBL5401511,4235,False,False,0.4019607843137255
P45983,CHEMBL5436023,4235,False,False,0.4019607843137255
P45983,CHEMBL5415503,4235,False,False,0.38333333333333336
P45983,CHEMBL5410247,4235,False,False,0.8974358974358975
P45983,CHEMBL5408675,4235,False,False,0.37777777777777777
P45983,CHEMBL5424946,4235,False,False,0.4090909090909091
P45983,CHEMBL5423620,4235,False,False,0.4090909090909091
P45983,CHEMBL5396069,4235,False,False,0.6
P45983,CHEMBL5408918,4235,False,False,0.4307692307692308
P45983,CHEMBL5411375,4235,False,False,0.3684210526315789
P45983,CHEMBL5405404,4235,False,False,0.3804347826086957
P45983,CHEMBL5394033,4235,False,False,0.44047619047619047
P45983,CHEMBL5398642,4235,False,False,0.38636363636363635
P45983,CHEMBL5432138,4235,False,False,0.47692307692307695
P45983,CHEMBL5430912,4235,False,False,0.43023255813953487
P45983,CHEMBL5410090,4235,False,False,0.38095238095238093
P45983,CHEMBL5437898,4235,False,False,0.36923076923076925
P45983,CHEMBL5439708,4235,False,False,0.4
P45983,CHEMBL5424933,4235,False,False,0.28846153846153844
P45983,CHEMBL5423218,4235,False,False,0.296875
P45983,CHEMBL5437251,4235,False,False,0.45161290322580644
P45983,CHEMBL5435391,4235,False,False,0.417910447761194
P45983,CHEMBL5433156,4235,False,False,0.4745762711864407
P45983,CHEMBL5403784,4235,False,False,0.3783783783783784
P45983,CHEMBL5425117,4235,False,False,0.42424242424242425
P45983,CHEMBL5434519,4235,False,False,0.39436619718309857
P45983,CHEMBL5434537,4235,False,False,0.37333333333333335
P45983,CHEMBL5397012,4235,False,False,0.3783783783783784
P45983,CHEMBL5405579,4235,False,False,0.4
P45983,CHEMBL5432287,4235,False,False,0.3888888888888889
P45983,CHEMBL5427329,4235,False,False,0.4
P45983,CHEMBL5437584,4235,False,False,0.3783783783783784
P45983,CHEMBL5408361,4235,False,False,0.37333333333333335
P45983,CHEMBL5438169,4235,False,False,0.3888888888888889
P45983,CHEMBL5428091,4235,False,False,0.4117647058823529
P45983,CHEMBL5423687,4235,False,False,0.4
P45983,CHEMBL5441132,4235,False,False,0.4142857142857143
P45983,CHEMBL5432496,4235,False,False,0.4264705882352941
P45983,CHEMBL5415366,4235,False,False,0.4461538461538462
P45983,CHEMBL5437979,4235,False,False,0.4461538461538462
P45983,CHEMBL5441124,4235,False,False,0.4084507042253521
P45983,CHEMBL5413463,4235,False,False,0.45161290322580644
P45983,CHEMBL5428502,4235,False,False,0.417910447761194
P45983,CHEMBL5413820,4235,False,False,0.45161290322580644
P45983,CHEMBL5432722,4235,False,False,0.45161290322580644
P45983,CHEMBL5433711,4235,False,False,0.3076923076923077
P45983,CHEMBL5434414,4235,False,False,0.29347826086956524
P45983,CHEMBL5411091,4235,False,False,0.32558139534883723
P45983,CHEMBL5425539,4235,False,False,0.33707865168539325
P45983,CHEMBL5432224,4235,False,False,0.3333333333333333
P45983,CHEMBL5398897,4235,False,False,0.35714285714285715
P45983,CHEMBL5409834,4235,False,False,0.3111111111111111
P45983,CHEMBL5436859,4235,False,False,0.3058823529411765
P45983,CHEMBL5403866,4235,False,False,0.38095238095238093
P45983,CHEMBL5439622,4235,False,False,0.34831460674157305
P45983,CHEMBL5402580,4235,False,False,0.35135135135135137
P45983,CHEMBL5436065,4235,False,False,0.3855421686746988
P49759,CHEMBL5410811,1611,False,False,0.6808510638297872
P49759,CHEMBL5403328,1611,False,False,0.7111111111111111
P49759,CHEMBL5416086,1611,False,False,0.35
P49759,CHEMBL5417336,1611,False,False,0.35
P49759,CHEMBL5401513,1611,False,False,0.35294117647058826
P49759,CHEMBL5401218,1611,False,False,0.40789473684210525
P49759,CHEMBL5395267,1611,False,False,0.4025974025974026
P49759,CHEMBL5414801,1611,False,False,0.6065573770491803
P49759,CHEMBL5429707,1611,False,False,0.625
P49759,CHEMBL5428562,1611,False,False,0.625
P49759,CHEMBL5401556,1611,False,False,0.3150684931506849
P49759,CHEMBL5432405,1611,False,False,0.5441176470588235
P49759,CHEMBL5417699,1611,False,False,0.33766233766233766
P49759,CHEMBL5429691,1611,False,False,0.3013698630136986
P49759,CHEMBL5432194,1611,False,False,0.323943661971831
P49759,CHEMBL5415554,1611,False,False,0.2972972972972973
P49759,CHEMBL5395833,1611,False,False,0.4117647058823529
P49759,CHEMBL5415238,1611,False,False,0.38571428571428573
P49759,CHEMBL5428750,1611,False,False,0.5555555555555556
P49759,CHEMBL5406864,1611,False,False,0.5409836065573771
P49759,CHEMBL5421052,1611,False,False,0.29333333333333333
P49759,CHEMBL5429359,1611,False,False,0.34615384615384615
P49759,CHEMBL5406490,1611,False,False,0.38666666666666666
P49759,CHEMBL5426876,1611,False,False,0.3013698630136986
P49759,CHEMBL5396081,1611,False,False,0.7540983606557377
P49759,CHEMBL5429086,1611,False,False,0.7758620689655172
P49759,CHEMBL5411649,1611,False,False,0.39705882352941174
P49759,CHEMBL5432630,1611,False,False,0.4057971014492754
P49759,CHEMBL5413622,1611,False,False,0.4482758620689655
P49759,CHEMBL5423818,1611,False,False,0.39436619718309857
P49759,CHEMBL5416942,1611,False,False,0.4393939393939394
P49759,CHEMBL5420179,1611,False,False,0.6382978723404256
P49759,CHEMBL5426802,1611,False,False,0.6862745098039216
P49759,CHEMBL5414189,1611,False,False,0.6
P49759,CHEMBL5421447,1611,False,False,0.5882352941176471
P49759,CHEMBL5439262,1611,False,False,0.5660377358490566
P49759,CHEMBL5420003,1611,False,False,0.6
P49759,CHEMBL5411288,1611,False,False,0.6122448979591837
P49759,CHEMBL5402166,1611,False,False,0.6
P49759,CHEMBL5424488,1611,False,False,0.6938775510204082
P49759,CHEMBL5417563,1611,False,False,0.6274509803921569
P49759,CHEMBL5411227,1611,False,False,0.5789473684210527
P49759,CHEMBL5435820,1611,False,False,0.5925925925925926
P49759,CHEMBL5402730,1611,False,False,0.6
P49759,CHEMBL5400814,1611,False,False,0.6274509803921569
P49759,CHEMBL5437281,1611,False,False,0.6981132075471698
P49759,CHEMBL5434309,1611,False,False,0.6792452830188679
P49759,CHEMBL5421375,1611,False,False,0.5925925925925926
P49759,CHEMBL5399401,1611,False,False,0.6666666666666666
P49759,CHEMBL5411169,1611,False,False,0.6808510638297872
P49759,CHEMBL5417631,1611,False,False,0.4117647058823529
P49759,CHEMBL5418822,1611,False,False,0.4918032786885246
P49759,CHEMBL5439632,1611,False,False,0.36507936507936506
P49759,CHEMBL5395734,1611,False,False,0.4098360655737705
P49759,CHEMBL5416327,1611,False,False,0.3253012048192771
P49759,CHEMBL5424114,1611,False,False,0.38461538461538464
P49759,CHEMBL5435495,1611,False,False,0.7627118644067796
P49759,CHEMBL5396725,1611,False,False,0.3333333333333333
P49759,CHEMBL5414359,1611,False,False,0.40625
P49759,CHEMBL5434183,1611,False,False,0.4393939393939394
P49759,CHEMBL5416758,1611,False,False,0.3194444444444444
P49759,CHEMBL5425043,1611,False,False,0.3108108108108108
P49759,CHEMBL5426335,1611,False,False,0.35384615384615387
P49759,CHEMBL5440916,1611,False,False,0.3384615384615385
P49759,CHEMBL5397989,1611,False,False,0.45614035087719296
P49759,CHEMBL5429415,1611,False,False,0.423728813559322
P49759,CHEMBL5410464,1611,False,False,0.43103448275862066
P49759,CHEMBL5426304,1611,False,False,0.3333333333333333
P49759,CHEMBL5425642,1611,False,False,0.43103448275862066
P49759,CHEMBL5416749,1611,False,False,0.3870967741935484
P49759,CHEMBL5401689,1611,False,False,0.4406779661016949
P49759,CHEMBL5438084,1611,False,False,0.4
P49759,CHEMBL5436022,1611,False,False,0.5192307692307693
P49759,CHEMBL5402600,1611,False,False,0.4
P49759,CHEMBL5412760,1611,False,False,0.42857142857142855
P49759,CHEMBL5440179,1611,False,False,0.390625
P49759,CHEMBL5404932,1611,False,False,0.4461538461538462
P49759,CHEMBL5412339,1611,False,False,0.5087719298245614
P49759,CHEMBL5411492,1611,False,False,0.5454545454545454
P49759,CHEMBL5411512,1611,False,False,0.4444444444444444
P49759,CHEMBL5418042,1611,False,False,0.6166666666666667
P49759,CHEMBL5404416,1611,False,False,0.6440677966101694
P49759,CHEMBL5405572,1611,False,False,0.6065573770491803
P49759,CHEMBL5394613,1611,False,False,0.5967741935483871
P49759,CHEMBL5420724,1611,False,False,0.6271186440677966
P49759,CHEMBL5437222,1611,False,False,0.6440677966101694
P49759,CHEMBL5422413,1611,False,False,0.5901639344262295
P49759,CHEMBL5419006,1611,False,False,0.5806451612903226
P49759,CHEMBL5395680,1611,False,False,0.6363636363636364
P49759,CHEMBL5408457,1611,False,False,0.6440677966101694
P49759,CHEMBL5413427,1611,False,False,0.5901639344262295
P49759,CHEMBL5425748,1611,False,False,0.5806451612903226
P49759,CHEMBL5410991,1611,False,False,0.6363636363636364
P49759,CHEMBL5428651,1611,False,False,0.6825396825396826
P49759,CHEMBL5422936,1611,False,False,0.8181818181818182
P49759,CHEMBL5416971,1611,False,False,0.43103448275862066
P49759,CHEMBL5415866,1611,False,False,0.3333333333333333
P49841,CHEMBL5419581,9125,False,False,0.6103896103896104
P49841,CHEMBL5411160,9125,False,False,0.3300970873786408
P49841,CHEMBL5429577,9125,False,False,0.3300970873786408
P49841,CHEMBL5401511,9125,False,False,0.34146341463414637
P49841,CHEMBL5436023,9125,False,False,0.34146341463414637
P49841,CHEMBL5414801,9125,False,False,0.6065573770491803
P49841,CHEMBL5429707,9125,False,False,0.625
P49841,CHEMBL5424946,9125,False,False,0.3717948717948718
P49841,CHEMBL5423620,9125,False,False,0.3717948717948718
P49841,CHEMBL5438428,9125,False,False,0.631578947368421
P49841,CHEMBL5396081,9125,False,False,0.7540983606557377
P49841,CHEMBL5429086,9125,False,False,0.7758620689655172
P49841,CHEMBL5394559,9125,False,False,0.4383561643835616
P49841,CHEMBL5438491,9125,False,False,0.38636363636363635
P49841,CHEMBL5422975,9125,False,False,0.6111111111111112
P49841,CHEMBL5409743,9125,False,False,0.5616438356164384
P49841,CHEMBL5424793,9125,False,False,0.6176470588235294
P49841,CHEMBL5417641,9125,False,False,0.5882352941176471
P49841,CHEMBL5407410,9125,False,False,0.56
P49841,CHEMBL5394929,9125,False,False,0.48717948717948717
P49841,CHEMBL5421040,9125,False,False,0.5555555555555556
P49841,CHEMBL5409378,9125,False,False,0.6
P49841,CHEMBL5399975,9125,False,False,0.550561797752809
P49841,CHEMBL5434153,9125,False,False,0.45263157894736844
P49841,CHEMBL5419215,9125,False,False,0.5568181818181818
P49841,CHEMBL5402499,9125,False,False,0.4574468085106383
P49841,CHEMBL5410665,9125,False,False,0.48314606741573035
P49841,CHEMBL5416942,9125,False,False,0.42857142857142855
P49841,CHEMBL5415003,9125,False,False,0.6103896103896104
P49841,CHEMBL5423339,9125,False,False,0.5555555555555556
P49841,CHEMBL5425787,9125,False,False,0.6103896103896104
P49841,CHEMBL5440008,9125,False,False,0.5949367088607594
P49841,CHEMBL5432523,9125,False,False,0.6153846153846154
P49841,CHEMBL5397959,9125,False,False,0.684931506849315
P49841,CHEMBL5401424,9125,False,False,0.6716417910447762
P49841,CHEMBL5431187,9125,False,False,0.5875
P49841,CHEMBL5440396,9125,False,False,0.6578947368421053
P49841,CHEMBL5426515,9125,False,False,0.6493506493506493
P49841,CHEMBL5416124,9125,False,False,0.6538461538461539
P49841,CHEMBL5422902,9125,False,False,0.7027027027027027
P49841,CHEMBL5413978,9125,False,False,0.6710526315789473
P49841,CHEMBL5402529,9125,False,False,0.68
P49841,CHEMBL5403557,9125,False,False,0.6375
P49841,CHEMBL5434053,9125,False,False,0.631578947368421
P49841,CHEMBL5396759,9125,False,False,0.631578947368421
P49841,CHEMBL5404640,9125,False,False,0.5753424657534246
P49841,CHEMBL5411871,9125,False,False,0.6923076923076923
P49841,CHEMBL5435495,9125,False,False,0.7627118644067796
P49841,CHEMBL5403701,9125,False,False,0.6266666666666667
P49841,CHEMBL5403288,9125,False,False,0.24675324675324675
P49841,CHEMBL5430060,9125,False,False,0.2413793103448276
P49841,CHEMBL5432029,9125,False,False,0.23863636363636365
P49841,CHEMBL5436997,9125,False,False,0.23404255319148937
P49841,CHEMBL5417435,9125,False,False,0.25
P49841,CHEMBL5432284,9125,False,False,0.23076923076923078
P49841,CHEMBL5402797,9125,False,False,0.25
P49841,CHEMBL5405344,9125,False,False,0.25
P49841,CHEMBL5410239,9125,False,False,0.25
P49841,CHEMBL5404765,9125,False,False,0.2708333333333333
P49841,CHEMBL5434965,9125,False,False,0.26865671641791045
P49841,CHEMBL5429675,9125,False,False,0.24719101123595505
P49841,CHEMBL5402554,9125,False,False,0.2962962962962963
P49841,CHEMBL5415481,9125,False,False,0.24719101123595505
P49841,CHEMBL5429353,9125,False,False,0.7818181818181819
P49841,CHEMBL5412373,9125,False,False,0.6351351351351351
P49841,CHEMBL5399860,9125,False,False,0.5797101449275363
P49841,CHEMBL5418046,9125,False,False,0.6351351351351351
P49841,CHEMBL5406211,9125,False,False,0.5797101449275363
P49841,CHEMBL5439681,9125,False,False,0.703125
P49841,CHEMBL5413227,9125,False,False,0.5675675675675675
P49841,CHEMBL5395317,9125,False,False,0.56
P49841,CHEMBL5424881,9125,False,False,0.547945205479452
P49841,CHEMBL5396368,9125,False,False,0.5675675675675675
P49841,CHEMBL5436993,9125,False,False,0.6323529411764706
P49841,CHEMBL5395945,9125,False,False,0.5915492957746479
P49841,CHEMBL5432131,9125,False,False,0.56
P49841,CHEMBL5410629,9125,False,False,0.6805555555555556
P49841,CHEMBL5432557,9125,False,False,0.6805555555555556
P49841,CHEMBL5409837,9125,False,False,0.7540983606557377
P49841,CHEMBL5414095,9125,False,False,0.3409090909090909
P49841,CHEMBL5412619,9125,False,False,0.33707865168539325
P49841,CHEMBL5396725,9125,False,False,0.46153846153846156
P49841,CHEMBL5414359,9125,False,False,0.46774193548387094
P49841,CHEMBL5434183,9125,False,False,0.4393939393939394
P49841,CHEMBL5416758,9125,False,False,0.3424657534246575
P49841,CHEMBL5425043,9125,False,False,0.5151515151515151
P49841,CHEMBL5398642,9125,False,False,0.3069306930693069
P49841,CHEMBL5409415,9125,False,False,0.6610169491525424
P49841,CHEMBL5408273,9125,False,False,0.6
P49841,CHEMBL5434002,9125,False,False,0.6885245901639344
P49841,CHEMBL5434004,9125,False,False,0.45054945054945056
P49841,CHEMBL5405586,9125,False,False,0.6351351351351351
P49841,CHEMBL5408371,9125,False,False,0.631578947368421
P49841,CHEMBL5417729,9125,False,False,0.6575342465753424
P49841,CHEMBL5402699,9125,False,False,0.6103896103896104
P49841,CHEMBL5398463,9125,False,False,0.6438356164383562
P49841,CHEMBL5436334,9125,False,False,0.6351351351351351
P49841,CHEMBL5439156,9125,False,False,0.5875
P49841,CHEMBL5437713,9125,False,False,0.631578947368421
P49841,CHEMBL5396027,9125,False,False,0.676056338028169
P49841,CHEMBL5426638,9125,False,False,0.6575342465753424
P49841,CHEMBL5421548,9125,False,False,0.6233766233766234
P49841,CHEMBL5440304,9125,False,False,0.64
P49841,CHEMBL5409643,9125,False,False,0.7017543859649122
P49841,CHEMBL5425548,9125,False,False,0.6615384615384615
P49841,CHEMBL5425419,9125,False,False,0.7049180327868853
P49841,CHEMBL5403368,9125,False,False,0.6615384615384615
P49841,CHEMBL5405572,9125,False,False,0.6065573770491803
P49841,CHEMBL5395680,9125,False,False,0.6363636363636364
P49841,CHEMBL5413427,9125,False,False,0.5901639344262295
P49841,CHEMBL5428651,9125,False,False,0.6825396825396826
P49841,CHEMBL5422936,9125,False,False,0.8181818181818182
P49841,CHEMBL5410800,9125,False,True,1.0
P50406,CHEMBL5417937,6154,False,False,0.5882352941176471
P50406,CHEMBL5433300,6154,False,False,0.7021276595744681
P50406,CHEMBL5405562,6154,False,False,0.782608695652174
P50406,CHEMBL5406900,6154,False,False,0.6938775510204082
P50406,CHEMBL5397704,6154,False,False,0.6226415094339622
P50406,CHEMBL5405414,6154,False,False,0.5
P50406,CHEMBL5419441,6154,False,False,0.5892857142857143
P50406,CHEMBL5416678,6154,False,False,0.5517241379310345
P50406,CHEMBL5433857,6154,False,False,0.723404255319149
P50406,CHEMBL5400892,6154,False,False,0.5079365079365079
P50406,CHEMBL5410706,6154,False,False,0.59375
P50406,CHEMBL5420304,6154,False,False,0.6938775510204082
P50406,CHEMBL5434373,6154,False,False,0.6666666666666666
P50406,CHEMBL5440858,6154,False,False,0.7258064516129032
P50406,CHEMBL5427590,6154,False,False,0.7796610169491526
P50406,CHEMBL5397703,6154,False,False,0.37333333333333335
P50406,CHEMBL5394412,6154,False,False,0.4166666666666667
P50406,CHEMBL5398629,6154,False,False,0.35064935064935066
P50406,CHEMBL5410304,6154,False,False,0.38028169014084506
P50406,CHEMBL5395448,6154,False,False,0.3275862068965517
P50406,CHEMBL5422803,6154,False,False,0.373134328358209
P50406,CHEMBL5397729,6154,False,False,0.34375
P50406,CHEMBL5435404,6154,False,False,0.4166666666666667
P50406,CHEMBL5403068,6154,False,False,0.3611111111111111
P50406,CHEMBL5396600,6154,False,False,0.3333333333333333
P50406,CHEMBL5398978,6154,False,False,0.660377358490566
P50406,CHEMBL5436003,6154,False,False,0.660377358490566
P50406,CHEMBL5423649,6154,False,False,0.58
P50406,CHEMBL5395867,6154,False,False,0.6530612244897959
P50406,CHEMBL5406837,6154,False,False,0.7446808510638298
P50406,CHEMBL5397523,6154,False,False,0.7272727272727273
P50406,CHEMBL5419792,6154,False,False,0.6885245901639344
P50406,CHEMBL5433407,6154,False,False,0.34146341463414637
P50406,CHEMBL5405092,6154,False,False,0.35443037974683544
P50406,CHEMBL5417779,6154,False,False,0.39436619718309857
P50406,CHEMBL5397033,6154,False,False,0.4084507042253521
P50406,CHEMBL5422674,6154,False,False,0.39436619718309857
P50406,CHEMBL5415563,6154,False,False,0.7538461538461538
P50406,CHEMBL5407925,6154,False,False,0.48333333333333334
P50406,CHEMBL5402096,6154,False,False,0.6274509803921569
P50406,CHEMBL5395527,6154,False,False,0.4626865671641791
P50406,CHEMBL5396512,6154,False,False,0.4915254237288136
P50406,CHEMBL5424650,6154,False,False,0.5373134328358209
P50406,CHEMBL5423810,6154,False,False,0.6031746031746031
P50406,CHEMBL5415650,6154,False,False,0.578125
P50406,CHEMBL5431708,6154,False,False,0.7377049180327869
P50406,CHEMBL5414093,6154,False,False,0.7894736842105263
P50406,CHEMBL5434761,6154,False,False,0.7049180327868853
P50406,CHEMBL5399687,6154,False,False,0.625
P50406,CHEMBL5399540,6154,False,False,0.7014925373134329
P50406,CHEMBL5436231,6154,False,False,0.7272727272727273
P50406,CHEMBL5408055,6154,False,False,0.7014925373134329
P50406,CHEMBL5404165,6154,False,False,0.7272727272727273
P50406,CHEMBL5395788,6154,False,False,0.7419354838709677
P50406,CHEMBL5398537,6154,False,False,0.7419354838709677
P50406,CHEMBL5408318,6154,False,False,0.5882352941176471
P50406,CHEMBL5430776,6154,False,False,0.4358974358974359
P50406,CHEMBL5398411,6154,False,False,0.5873015873015873
P50406,CHEMBL5438160,6154,False,False,0.647887323943662
P50406,CHEMBL5438068,6154,False,False,0.6486486486486487
P50406,CHEMBL5421970,6154,False,False,0.6486486486486487
P50406,CHEMBL5407451,6154,False,False,0.6323529411764706
P50406,CHEMBL5413373,6154,False,False,0.6619718309859155
P50406,CHEMBL5412404,6154,False,False,0.6825396825396826
P50406,CHEMBL5431767,6154,False,False,0.546875
P50406,CHEMBL5434678,6154,False,False,0.7377049180327869
P50406,CHEMBL5420301,6154,False,False,0.5084745762711864
P50406,CHEMBL5415139,6154,False,False,0.74
P50406,CHEMBL5407728,6154,False,False,0.74
P50406,CHEMBL5425363,6154,False,False,0.6862745098039216
P50406,CHEMBL5412771,6154,False,False,0.6349206349206349
P50406,CHEMBL5420285,6154,False,False,0.6923076923076923
P50406,CHEMBL5399533,6154,False,False,0.6363636363636364
P50406,CHEMBL5408240,6154,False,False,0.6666666666666666
P50406,CHEMBL5404597,6154,False,False,0.640625
P50406,CHEMBL5409958,6154,False,False,0.410958904109589
P50406,CHEMBL5432246,6154,False,False,0.6271186440677966
P51449,CHEMBL5394152,4209,False,False,0.3375
P51449,CHEMBL5429640,4209,False,False,0.3333333333333333
P51449,CHEMBL5395911,4209,False,False,0.35714285714285715
P51449,CHEMBL5396613,4209,False,False,0.3561643835616438
P51449,CHEMBL5396729,4209,False,False,0.36231884057971014
P51449,CHEMBL5432429,4209,False,False,0.37142857142857144
P51449,CHEMBL5414614,4209,False,False,0.6885245901639344
P51449,CHEMBL5417941,4209,False,False,0.711864406779661
P51449,CHEMBL5440036,4209,False,False,0.6774193548387096
P51449,CHEMBL5396035,4209,False,False,0.3375
P51449,CHEMBL5402404,4209,False,False,0.3258426966292135
P51449,CHEMBL5437263,4209,False,False,0.31746031746031744
P51449,CHEMBL5398187,4209,False,False,0.29577464788732394
P51449,CHEMBL5431798,4209,False,False,0.2682926829268293
P51449,CHEMBL5404381,4209,False,False,0.2962962962962963
P51449,CHEMBL5439257,4209,False,False,0.38028169014084506
P51449,CHEMBL5420402,4209,False,False,0.38571428571428573
P51449,CHEMBL5434892,4209,False,False,0.38571428571428573
P51449,CHEMBL5397746,4209,False,False,0.3466666666666667
P51449,CHEMBL5440007,4209,False,False,0.35135135135135137
P51449,CHEMBL5440564,4209,False,False,0.3157894736842105
P51449,CHEMBL5398120,4209,False,False,0.3372093023255814
P51449,CHEMBL5433753,4209,False,False,0.34375
P51449,CHEMBL5395586,4209,False,False,0.3488372093023256
P51449,CHEMBL5424578,4209,False,False,0.39759036144578314
P51449,CHEMBL5401786,4209,False,False,0.36231884057971014
P51449,CHEMBL5439216,4209,False,False,0.33766233766233766
P51449,CHEMBL5430083,4209,False,False,0.36486486486486486
P51449,CHEMBL5434677,4209,False,False,0.3132530120481928
P51449,CHEMBL5406131,4209,False,False,0.32954545454545453
P51449,CHEMBL5432030,4209,False,False,0.3194444444444444
P51449,CHEMBL5426893,4209,False,False,0.3333333333333333
P51449,CHEMBL5424743,4209,False,False,0.3170731707317073
P51449,CHEMBL5420369,4209,False,False,0.32926829268292684
P51449,CHEMBL5419000,4209,False,False,0.3382352941176471
P51449,CHEMBL5428273,4209,False,False,0.3194444444444444
P51449,CHEMBL5421964,4209,False,False,0.29545454545454547
P51449,CHEMBL5395381,4209,False,False,0.3246753246753247
P51449,CHEMBL5403029,4209,False,False,0.32098765432098764
P51449,CHEMBL5405523,4209,False,False,0.3333333333333333
P51449,CHEMBL5416908,4209,False,False,0.3026315789473684
P51449,CHEMBL5406682,4209,False,False,0.3939393939393939
P51449,CHEMBL5394376,4209,False,False,0.38235294117647056
P51449,CHEMBL5419865,4209,False,False,0.4307692307692308
P51449,CHEMBL5403683,4209,False,False,0.32558139534883723
P51449,CHEMBL5421876,4209,False,False,0.3055555555555556
P51449,CHEMBL5403342,4209,False,False,0.27906976744186046
P51449,CHEMBL5440342,4209,False,False,0.4722222222222222
P51449,CHEMBL5424483,4209,False,False,0.3974358974358974
P51449,CHEMBL5439764,4209,False,False,0.36363636363636365
P51449,CHEMBL5410860,4209,False,False,0.34285714285714286
P51449,CHEMBL5414926,4209,False,False,0.375
P51449,CHEMBL5406497,4209,False,False,0.3939393939393939
P51449,CHEMBL5433456,4209,False,False,0.4098360655737705
P51449,CHEMBL5403597,4209,False,False,0.3582089552238806
P51449,CHEMBL5440870,4209,False,False,0.35294117647058826
P51449,CHEMBL5427851,4209,False,False,0.34285714285714286
P51449,CHEMBL5401704,4209,False,False,0.373134328358209
P51449,CHEMBL5422805,4209,False,False,0.3698630136986301
P52333,CHEMBL5420469,6754,False,False,0.5319148936170213
P52333,CHEMBL5426399,6754,False,False,0.5263157894736842
P52333,CHEMBL5427093,6754,False,False,0.5463917525773195
P52333,CHEMBL5439377,6754,False,False,0.6046511627906976
P52333,CHEMBL5431720,6754,False,False,0.5301204819277109
P52333,CHEMBL5394800,6754,False,False,0.5425531914893617
P52333,CHEMBL5440136,6754,False,False,0.5365853658536586
P52333,CHEMBL5435684,6754,False,False,0.55
P52333,CHEMBL5417273,6754,False,False,0.55
P52333,CHEMBL5415543,6754,False,False,0.5368421052631579
P52333,CHEMBL5412767,6754,False,False,0.5204081632653061
P52333,CHEMBL5436699,6754,False,False,0.5520833333333334
P52333,CHEMBL5413492,6754,False,False,0.5869565217391305
P52333,CHEMBL5428711,6754,False,False,0.5425531914893617
P52333,CHEMBL5402002,6754,False,False,0.5473684210526316
P52333,CHEMBL5415887,6754,False,False,0.5463917525773195
P52333,CHEMBL5411595,6754,False,False,0.5360824742268041
P52333,CHEMBL5396054,6754,False,False,0.6022727272727273
P52333,CHEMBL5403745,6754,False,False,0.5591397849462365
P52333,CHEMBL5440675,6754,False,False,0.5638297872340425
P52333,CHEMBL5403374,6754,False,False,0.5813953488372093
P52333,CHEMBL5427871,6754,False,False,0.5483870967741935
P52333,CHEMBL5396925,6754,False,False,0.5425531914893617
P52333,CHEMBL5404479,6754,False,False,0.52
P52333,CHEMBL5412059,6754,False,False,0.5217391304347826
P52333,CHEMBL5428573,6754,False,False,0.34285714285714286
P52333,CHEMBL5424439,6754,False,False,0.6333333333333333
P52333,CHEMBL5417474,6754,False,False,0.6323529411764706
P52333,CHEMBL5395839,6754,False,False,0.6417910447761194
P52333,CHEMBL5403897,6754,False,False,0.6515151515151515
P52333,CHEMBL5420083,6754,False,False,0.5238095238095238
P52333,CHEMBL5420971,6754,False,False,0.671875
P52333,CHEMBL5424098,6754,False,False,0.5555555555555556
P52333,CHEMBL5423387,6754,False,False,0.7432432432432432
P52333,CHEMBL5430795,6754,False,False,0.8285714285714286
P52333,CHEMBL5405043,6754,False,False,0.8285714285714286
P52333,CHEMBL5410919,6754,False,False,0.7083333333333334
P52333,CHEMBL5435417,6754,False,False,0.7714285714285715
P52333,CHEMBL5439582,6754,False,False,0.8382352941176471
P52333,CHEMBL5427932,6754,False,False,0.875
P52333,CHEMBL5405140,6754,False,False,0.859375
P52333,CHEMBL5404261,6754,False,False,0.8309859154929577
P52333,CHEMBL5441087,6754,False,False,0.7972972972972973
P52333,CHEMBL5440017,6754,False,False,0.7567567567567568
P52333,CHEMBL5434116,6754,False,True,1.0
P52333,CHEMBL5396523,6754,False,False,0.8285714285714286
P52333,CHEMBL5423894,6754,False,False,0.7910447761194029
P52333,CHEMBL5409953,6754,False,False,0.6785714285714286
P52333,CHEMBL5422886,6754,False,False,0.5076923076923077
P52333,CHEMBL5412967,6754,False,False,0.4852941176470588
P52333,CHEMBL5407329,6754,False,False,0.559322033898305
P52333,CHEMBL5407260,6754,False,False,0.4583333333333333
P52333,CHEMBL5396554,6754,False,False,0.4583333333333333
P52333,CHEMBL5415586,6754,False,False,0.7407407407407407
P52333,CHEMBL5409666,6754,False,False,0.5932203389830508
P52333,CHEMBL5433426,6754,False,False,0.5645161290322581
P52333,CHEMBL5433159,6754,False,False,0.3
P52333,CHEMBL5408994,6754,False,False,0.5454545454545454
P52333,CHEMBL5419978,6754,False,False,0.5454545454545454
P52333,CHEMBL5435482,6754,False,False,0.6338028169014085
P52333,CHEMBL5440510,6754,False,False,0.6363636363636364
P52333,CHEMBL5438892,6754,False,False,0.6363636363636364
P52333,CHEMBL5412619,6754,False,False,0.5238095238095238
P52333,CHEMBL5437261,6754,False,False,0.5217391304347826
P52333,CHEMBL5406535,6754,False,False,0.6351351351351351
P52333,CHEMBL5431257,6754,False,False,0.7169811320754716
P52333,CHEMBL5440264,6754,False,False,0.5135135135135135
P52333,CHEMBL5420928,6754,False,False,0.37037037037037035
P52333,CHEMBL5413489,6754,False,False,0.3563218390804598
P52333,CHEMBL5422793,6754,False,False,0.6229508196721312
P53350,CHEMBL5431802,27106,False,False,0.7666666666666667
P53350,CHEMBL5432090,27106,False,False,0.8333333333333334
P53350,CHEMBL5427326,27106,False,False,0.7903225806451613
P53350,CHEMBL5405576,27106,False,False,0.7272727272727273
P53350,CHEMBL5414912,27106,False,False,0.8151260504201681
P53350,CHEMBL5403903,27106,False,False,0.8151260504201681
P53350,CHEMBL5440440,27106,False,False,0.8220338983050848
P53350,CHEMBL5406356,27106,False,False,0.8220338983050848
P53350,CHEMBL5440332,27106,False,False,0.9043478260869565
P53350,CHEMBL5403604,27106,False,False,0.9043478260869565
P53350,CHEMBL5420142,27106,False,False,0.9043478260869565
P53350,CHEMBL5434663,27106,False,False,0.9043478260869565
P53350,CHEMBL5393910,27106,False,False,0.8275862068965517
P53350,CHEMBL5403446,27106,False,False,0.6162790697674418
P53350,CHEMBL5410968,27106,False,False,0.6375
P53350,CHEMBL5412127,27106,False,False,0.6623376623376623
P53350,CHEMBL5421238,27106,False,False,0.6923076923076923
P53350,CHEMBL5434467,27106,False,False,0.611764705882353
P53350,CHEMBL5418320,27106,False,False,0.5977011494252874
P53350,CHEMBL5408013,27106,False,False,0.5977011494252874
P53350,CHEMBL5402704,27106,False,False,0.5777777777777777
P53350,CHEMBL5408583,27106,False,False,0.6190476190476191
P53350,CHEMBL5395241,27106,False,False,0.6179775280898876
P53350,CHEMBL5402431,27106,False,False,0.5842696629213483
P53350,CHEMBL5402922,27106,False,False,0.5842696629213483
P53350,CHEMBL5405036,27106,False,False,0.48514851485148514
P53350,CHEMBL5422245,27106,False,False,0.4803921568627451
P53350,CHEMBL5426693,27106,False,False,0.56
P53350,CHEMBL5430428,27106,False,False,0.4954128440366973
P53350,CHEMBL5437467,27106,False,False,0.5777777777777777
P53350,CHEMBL5415794,27106,False,False,0.6309523809523809
P53350,CHEMBL5410310,27106,False,False,0.5977011494252874
P53350,CHEMBL5422930,27106,False,False,0.6046511627906976
P53350,CHEMBL5417441,27106,False,False,0.5909090909090909
P53350,CHEMBL5417454,27106,False,False,0.5777777777777777
P53350,CHEMBL5428017,27106,False,False,0.5909090909090909
P53350,CHEMBL5440739,27106,False,False,0.5909090909090909
P53350,CHEMBL5412529,27106,False,False,0.5777777777777777
P53350,CHEMBL5409700,27106,False,False,0.6190476190476191
P53350,CHEMBL5428087,27106,False,False,0.6046511627906976
P53350,CHEMBL5403358,27106,False,False,0.6265060240963856
P53350,CHEMBL5426964,27106,False,False,0.625
P53350,CHEMBL5427957,27106,False,False,0.5909090909090909
P53350,CHEMBL5438409,27106,False,False,0.5909090909090909
P53350,CHEMBL5403473,27106,False,False,0.5913978494623656
P53350,CHEMBL5406467,27106,False,False,0.48514851485148514
P53350,CHEMBL5437723,27106,False,False,0.5
P53350,CHEMBL5419367,27106,False,False,0.6385542168674698
P53350,CHEMBL5394764,27106,False,False,0.5977011494252874
P53350,CHEMBL5401381,27106,False,False,0.5842696629213483
P53350,CHEMBL5418129,27106,False,False,0.5977011494252874
P53350,CHEMBL5417495,27106,False,False,0.5978260869565217
P53350,CHEMBL5421723,27106,False,False,0.550561797752809
P53350,CHEMBL5408776,27106,False,False,0.494949494949495
P53350,CHEMBL5415796,27106,False,False,0.49
P53350,CHEMBL5400502,27106,False,False,0.5531914893617021
P53350,CHEMBL5409453,27106,False,False,0.5094339622641509
P53350,CHEMBL5395480,27106,False,False,0.6091954022988506
P53350,CHEMBL5398977,27106,False,False,0.5977011494252874
P53350,CHEMBL5429440,27106,False,False,0.5842696629213483
P53350,CHEMBL5422122,27106,False,False,0.632183908045977
P53350,CHEMBL5416208,27106,False,False,0.6511627906976745
P53350,CHEMBL5438707,27106,False,False,0.6385542168674698
P53350,CHEMBL5439937,27106,False,False,0.6206896551724138
P53350,CHEMBL5404388,27106,False,False,0.6067415730337079
P53350,CHEMBL5401755,27106,False,False,0.6206896551724138
P53350,CHEMBL5434561,27106,False,False,0.6506024096385542
P53350,CHEMBL5395023,27106,False,False,0.6428571428571429
P53350,CHEMBL5402308,27106,False,False,0.6
P53350,CHEMBL5433401,27106,False,False,0.6
P53350,CHEMBL5412655,27106,False,False,0.6746987951807228
P53350,CHEMBL5438696,27106,False,False,0.627906976744186
P53350,CHEMBL5400707,27106,False,False,0.6352941176470588
P53350,CHEMBL5416239,27106,False,False,0.6136363636363636
P53350,CHEMBL5394854,27106,False,False,0.6136363636363636
P53350,CHEMBL5429110,27106,False,False,0.6206896551724138
P53350,CHEMBL5426743,27106,False,False,0.627906976744186
P53350,CHEMBL5435649,27106,False,False,0.5955056179775281
P53350,CHEMBL5430202,27106,False,False,0.6428571428571429
P53350,CHEMBL5419732,27106,False,False,0.6547619047619048
P53350,CHEMBL5437785,27106,False,False,0.6626506024096386
P53350,CHEMBL5421113,27106,False,False,0.6785714285714286
P53350,CHEMBL5396078,27106,False,False,0.6352941176470588
P53350,CHEMBL5423798,27106,False,False,0.6506024096385542
P53350,CHEMBL5426933,27106,False,False,0.6206896551724138
P53350,CHEMBL5423881,27106,False,False,0.632183908045977
P53350,CHEMBL5435085,27106,False,False,0.6
P53350,CHEMBL5433215,27106,False,False,0.6111111111111112
P53350,CHEMBL5405803,27106,False,False,0.6746987951807228
P53350,CHEMBL5440471,27106,False,False,0.6352941176470588
P53350,CHEMBL5415945,27106,False,False,0.625
P53350,CHEMBL5426079,27106,False,False,0.631578947368421
P53350,CHEMBL5398211,27106,False,False,0.6067415730337079
P53350,CHEMBL5399905,27106,False,False,0.6896551724137931
P53350,CHEMBL5413543,27106,False,False,0.6829268292682927
P53350,CHEMBL5437669,27106,False,False,0.6410256410256411
P53779,CHEMBL5406652,3145,False,False,0.6031746031746031
P53779,CHEMBL5399045,3145,False,False,0.5540540540540541
P53779,CHEMBL5440695,3145,False,False,0.5394736842105263
P53779,CHEMBL5411160,3145,False,False,0.6746987951807228
P53779,CHEMBL5438506,3145,False,False,0.7160493827160493
P53779,CHEMBL5429577,3145,False,False,0.6746987951807228
P53779,CHEMBL5402048,3145,False,False,0.7160493827160493
P53779,CHEMBL5399618,3145,False,False,0.5268817204301075
P53779,CHEMBL5426262,3145,False,False,0.5483870967741935
P53779,CHEMBL5436272,3145,False,False,0.5268817204301075
P53779,CHEMBL5398830,3145,False,False,0.5483870967741935
P53779,CHEMBL5414227,3145,False,False,0.5212765957446809
P53779,CHEMBL5401605,3145,False,False,0.5591397849462365
P53779,CHEMBL5431146,3145,False,False,0.5212765957446809
P53779,CHEMBL5428039,3145,False,False,0.5591397849462365
P53779,CHEMBL5431060,3145,False,False,0.5384615384615384
P53779,CHEMBL5416188,3145,False,False,0.5604395604395604
P53779,CHEMBL5413870,3145,False,False,0.5384615384615384
P53779,CHEMBL5439571,3145,False,False,0.5604395604395604
P53779,CHEMBL5401511,3145,False,False,0.691358024691358
P53779,CHEMBL5405705,3145,False,False,0.6265060240963856
P53779,CHEMBL5436023,3145,False,False,0.691358024691358
P53779,CHEMBL5403970,3145,False,False,0.6265060240963856
P53779,CHEMBL5415503,3145,False,False,0.38333333333333336
P53779,CHEMBL5422182,3145,False,False,0.5507246376811594
P53779,CHEMBL5422757,3145,False,False,0.5352112676056338
P53779,CHEMBL5419547,3145,False,False,0.6290322580645161
P53779,CHEMBL5432203,3145,False,False,0.5205479452054794
P53779,CHEMBL5407304,3145,False,False,0.45161290322580644
P53779,CHEMBL5424892,3145,False,False,0.7
P53779,CHEMBL5436510,3145,False,False,0.7435897435897436
P53779,CHEMBL5408675,3145,False,False,0.7
P53779,CHEMBL5412347,3145,False,False,0.7435897435897436
P53779,CHEMBL5423272,3145,False,False,0.5444444444444444
P53779,CHEMBL5425684,3145,False,False,0.5666666666666667
P53779,CHEMBL5433276,3145,False,False,0.5444444444444444
P53779,CHEMBL5415588,3145,False,False,0.5666666666666667
P53779,CHEMBL5423313,3145,False,False,0.5862068965517241
P53779,CHEMBL5406704,3145,False,False,0.5862068965517241
P53779,CHEMBL5424946,3145,False,False,0.717948717948718
P53779,CHEMBL5423620,3145,False,False,0.717948717948718
P53779,CHEMBL5404265,3145,False,False,0.37333333333333335
P53779,CHEMBL5408918,3145,False,False,0.4307692307692308
P53779,CHEMBL5423835,3145,False,False,0.7407407407407407
P53779,CHEMBL5405861,3145,False,False,0.3974358974358974
P53779,CHEMBL5409831,3145,False,False,0.35802469135802467
P53779,CHEMBL5425080,3145,False,False,0.5142857142857142
P53779,CHEMBL5411375,3145,False,False,0.3875
P53779,CHEMBL5410441,3145,False,False,0.4358974358974359
P53779,CHEMBL5426038,3145,False,False,0.6896551724137931
P53779,CHEMBL5398682,3145,False,False,0.4142857142857143
P53779,CHEMBL5416681,3145,False,False,0.5632183908045977
P53779,CHEMBL5405404,3145,False,False,0.5568181818181818
P53779,CHEMBL5394033,3145,False,False,0.7466666666666667
P53779,CHEMBL5429268,3145,False,False,0.6172839506172839
P53779,CHEMBL5396830,3145,False,False,0.4945054945054945
P53779,CHEMBL5439223,3145,False,False,0.4945054945054945
P53779,CHEMBL5398642,3145,False,False,0.7435897435897436
P53779,CHEMBL5420339,3145,False,False,0.8108108108108109
P53779,CHEMBL5423677,3145,False,False,0.8108108108108109
P53779,CHEMBL5403762,3145,False,False,0.5666666666666667
P53779,CHEMBL5397833,3145,False,False,0.6162790697674418
P53779,CHEMBL5425334,3145,False,False,0.5666666666666667
P53779,CHEMBL5410846,3145,False,False,0.6162790697674418
P53779,CHEMBL5419594,3145,False,False,0.5666666666666667
P53779,CHEMBL5418507,3145,False,False,0.6162790697674418
P53779,CHEMBL5435809,3145,False,False,0.5666666666666667
P53779,CHEMBL5424108,3145,False,False,0.6162790697674418
P53779,CHEMBL5427166,3145,False,False,0.5795454545454546
P53779,CHEMBL5422901,3145,False,False,0.6309523809523809
P53779,CHEMBL5401592,3145,False,False,0.5795454545454546
P53779,CHEMBL5407257,3145,False,False,0.6309523809523809
P53779,CHEMBL5430858,3145,False,False,0.7368421052631579
P53779,CHEMBL5395372,3145,False,False,0.6666666666666666
P53779,CHEMBL5399794,3145,False,False,0.7368421052631579
P53779,CHEMBL5436937,3145,False,False,0.6666666666666666
P53779,CHEMBL5408056,3145,False,False,0.6585365853658537
P53779,CHEMBL5430912,3145,False,False,0.7792207792207793
P53779,CHEMBL5401113,3145,False,False,0.5135135135135135
P53779,CHEMBL5429870,3145,False,False,0.5277777777777778
P53779,CHEMBL5440479,3145,False,False,0.5205479452054794
P53779,CHEMBL5410090,3145,False,False,0.34328358208955223
P53779,CHEMBL5437898,3145,False,False,0.35526315789473684
P53779,CHEMBL5410780,3145,False,False,0.3783783783783784
P53779,CHEMBL5439708,3145,False,False,0.4
P53779,CHEMBL5424933,3145,False,False,0.46296296296296297
P53779,CHEMBL5423218,3145,False,False,0.46296296296296297
P53779,CHEMBL5437251,3145,False,False,0.45161290322580644
P53779,CHEMBL5435391,3145,False,False,0.417910447761194
P53779,CHEMBL5397816,3145,False,False,0.4
P53779,CHEMBL5433156,3145,False,False,0.4745762711864407
P53779,CHEMBL5403784,3145,False,False,0.3783783783783784
P53779,CHEMBL5425117,3145,False,False,0.42424242424242425
P53779,CHEMBL5434519,3145,False,False,0.39436619718309857
P53779,CHEMBL5419083,3145,False,False,0.4117647058823529
P53779,CHEMBL5434537,3145,False,False,0.37333333333333335
P53779,CHEMBL5397012,3145,False,False,0.3783783783783784
P53779,CHEMBL5405579,3145,False,False,0.4189189189189189
P53779,CHEMBL5432287,3145,False,False,0.42105263157894735
P53779,CHEMBL5427329,3145,False,False,0.4
P53779,CHEMBL5405264,3145,False,False,0.4307692307692308
P53779,CHEMBL5437584,3145,False,False,0.3783783783783784
P53779,CHEMBL5408361,3145,False,False,0.37333333333333335
P53779,CHEMBL5439566,3145,False,False,0.4189189189189189
P53779,CHEMBL5438169,3145,False,False,0.42105263157894735
P53779,CHEMBL5403120,3145,False,False,0.41333333333333333
P53779,CHEMBL5428091,3145,False,False,0.4117647058823529
P53779,CHEMBL5423687,3145,False,False,0.4
P53779,CHEMBL5441132,3145,False,False,0.4142857142857143
P53779,CHEMBL5432496,3145,False,False,0.4264705882352941
P53779,CHEMBL5415366,3145,False,False,0.4461538461538462
P53779,CHEMBL5431122,3145,False,False,0.4461538461538462
P53779,CHEMBL5437979,3145,False,False,0.4461538461538462
P53779,CHEMBL5441124,3145,False,False,0.4084507042253521
P53779,CHEMBL5431131,3145,False,False,0.4307692307692308
P53779,CHEMBL5436019,3145,False,False,0.463768115942029
P53779,CHEMBL5413463,3145,False,False,0.49230769230769234
P53779,CHEMBL5428502,3145,False,False,0.45714285714285713
P53779,CHEMBL5413820,3145,False,False,0.48484848484848486
P53779,CHEMBL5432722,3145,False,False,0.45161290322580644
P53779,CHEMBL5433711,3145,False,False,0.29069767441860467
P53779,CHEMBL5434414,3145,False,False,0.32142857142857145
P53779,CHEMBL5411091,3145,False,False,0.325
P53779,CHEMBL5425539,3145,False,False,0.32142857142857145
P53779,CHEMBL5432224,3145,False,False,0.32142857142857145
P53779,CHEMBL5398897,3145,False,False,0.3253012048192771
P53779,CHEMBL5393904,3145,False,False,0.32098765432098764
P53779,CHEMBL5409834,3145,False,False,0.30952380952380953
P53779,CHEMBL5436859,3145,False,False,0.30952380952380953
P53779,CHEMBL5403866,3145,False,False,0.3466666666666667
P53779,CHEMBL5407894,3145,False,False,0.3611111111111111
P53779,CHEMBL5439622,3145,False,False,0.3333333333333333
P53779,CHEMBL5402580,3145,False,False,0.3717948717948718
P53779,CHEMBL5414065,3145,False,False,0.375
P53779,CHEMBL5436065,3145,False,False,0.3670886075949367
P53779,CHEMBL5440610,3145,False,False,0.4745762711864407
P53779,CHEMBL5439929,3145,False,False,0.3137254901960784
P53779,CHEMBL5419312,3145,False,False,0.7037037037037037
P53779,CHEMBL5426371,3145,False,False,0.7843137254901961
P53779,CHEMBL5423129,3145,False,False,0.625
P53779,CHEMBL5404244,3145,False,False,0.7291666666666666
P53779,CHEMBL5426261,3145,False,False,0.78
P53779,CHEMBL5402716,3145,False,False,0.6727272727272727
P53779,CHEMBL5416936,3145,False,False,0.8431372549019608
P53779,CHEMBL5406765,3145,False,False,0.6909090909090909
P53779,CHEMBL5429978,3145,False,False,0.5606060606060606
P53779,CHEMBL5395599,3145,False,False,0.6065573770491803
P53779,CHEMBL5426713,3145,False,False,0.8431372549019608
P53779,CHEMBL5421436,3145,False,False,0.7735849056603774
P53779,CHEMBL5410221,3145,False,False,0.7358490566037735
P53779,CHEMBL5416863,3145,False,False,0.8113207547169812
P53779,CHEMBL5408939,3145,False,False,0.8
P53779,CHEMBL5420689,3145,False,False,0.7843137254901961
P53779,CHEMBL5407582,3145,False,False,0.7142857142857143
P53779,CHEMBL5405724,3145,False,False,0.8085106382978723
P53779,CHEMBL5410150,3145,False,False,0.7037037037037037
P53779,CHEMBL5439177,3145,False,False,0.8
P53779,CHEMBL5430890,3145,False,False,0.7142857142857143
P53779,CHEMBL5410493,3145,False,False,0.7884615384615384
Q00987,CHEMBL5430787,4595,False,False,0.2708333333333333
Q00987,CHEMBL5415331,4595,False,False,0.9153846153846154
Q00987,CHEMBL5439046,4595,False,False,0.9776119402985075
Q00987,CHEMBL5400500,4595,False,False,0.2803738317757009
Q00987,CHEMBL5425065,4595,False,False,0.3333333333333333
Q00987,CHEMBL5395151,4595,False,False,0.3333333333333333
Q00987,CHEMBL5410760,4595,False,False,0.3333333333333333
Q00987,CHEMBL5405147,4595,False,False,0.58
Q00987,CHEMBL5403772,4595,False,False,0.5192307692307693
Q00987,CHEMBL5413376,4595,False,False,0.5918367346938775
Q00987,CHEMBL5405110,4595,False,False,0.5294117647058824
Q00987,CHEMBL5437839,4595,False,False,0.2948717948717949
Q00987,CHEMBL5400878,4595,False,False,0.48
Q00987,CHEMBL5406959,4595,False,False,0.46601941747572817
Q00987,CHEMBL5436528,4595,False,False,0.52
Q00987,CHEMBL5438520,4595,False,False,0.6041666666666666
Q00987,CHEMBL5431530,4595,False,False,0.49019607843137253
Q00987,CHEMBL5395046,4595,False,False,0.54
Q00987,CHEMBL5398827,4595,False,False,0.46601941747572817
Q00987,CHEMBL5394717,4595,False,False,0.5151515151515151
Q00987,CHEMBL5403609,4595,False,False,0.504950495049505
Q00987,CHEMBL5423147,4595,False,False,0.4954128440366973
Q00987,CHEMBL5408617,4595,False,False,0.49019607843137253
Q00987,CHEMBL5430850,4595,False,False,0.8481012658227848
Q00987,CHEMBL5434688,4595,False,False,0.32407407407407407
Q00987,CHEMBL5426939,4595,False,False,0.29
Q00987,CHEMBL5440363,4595,False,False,0.6703296703296703
Q00987,CHEMBL5413250,4595,False,False,0.2804878048780488
Q00987,CHEMBL5407048,4595,False,False,0.2804878048780488
Q00987,CHEMBL5439641,4595,False,False,0.28125
Q00987,CHEMBL5395339,4595,False,False,0.28125
Q00987,CHEMBL5400761,4595,False,False,0.30337078651685395
Q00987,CHEMBL5396791,4595,False,False,0.2857142857142857
Q00987,CHEMBL5405392,4595,False,False,0.6111111111111112
Q00987,CHEMBL5423725,4595,False,False,0.5894736842105263
Q00987,CHEMBL5433398,4595,False,False,0.5913978494623656
Q00987,CHEMBL5414460,4595,False,False,0.6629213483146067
Q00987,CHEMBL5404903,4595,False,False,0.6195652173913043
Q00987,CHEMBL5424005,4595,False,False,0.6853932584269663
Q00987,CHEMBL5405535,4595,False,False,0.5934065934065934
Q00987,CHEMBL5411415,4595,False,False,0.7530864197530864
Q00987,CHEMBL5425619,4595,False,False,0.7590361445783133
Q00987,CHEMBL5403414,4595,False,False,0.8395061728395061
Q00987,CHEMBL5438048,4595,False,False,0.8375
Q00987,CHEMBL5402026,4595,False,False,0.810126582278481
Q00987,CHEMBL5430636,4595,False,False,0.7901234567901234
Q00987,CHEMBL5417541,4595,False,False,0.7674418604651163
Q00987,CHEMBL5400925,4595,False,False,0.7857142857142857
Q00987,CHEMBL5394822,4595,False,False,0.8148148148148148
Q00987,CHEMBL5415765,4595,False,False,0.8987341772151899
Q00987,CHEMBL5413325,4595,False,False,0.7951807228915663
Q00987,CHEMBL5413534,4595,False,False,0.9102564102564102
Q00987,CHEMBL5397420,4595,False,False,0.8974358974358975
Q00987,CHEMBL5396529,4595,False,False,0.8607594936708861
Q00987,CHEMBL5402394,4595,False,False,0.6170212765957447
Q00987,CHEMBL5421232,4595,False,False,0.5510204081632653
Q00987,CHEMBL5422314,4595,False,False,0.30985915492957744
Q00987,CHEMBL5433819,4595,False,False,0.2987012987012987
Q00987,CHEMBL5411406,4595,False,False,0.323943661971831
Q00987,CHEMBL5441014,4595,False,False,0.5913978494623656
Q00987,CHEMBL5421177,4595,False,False,0.7857142857142857
Q00987,CHEMBL5426013,4595,False,False,0.27631578947368424
Q00987,CHEMBL5419081,4595,False,False,0.2692307692307692
Q00987,CHEMBL5416506,4595,False,False,0.2857142857142857
Q00987,CHEMBL5417713,4595,False,False,0.35714285714285715
Q00987,CHEMBL5418384,4595,False,False,0.2571428571428571
Q00987,CHEMBL5394884,4595,False,False,0.2638888888888889
Q00987,CHEMBL5409375,4595,False,False,0.273972602739726
Q00987,CHEMBL5428948,4595,False,False,0.273972602739726
Q00987,CHEMBL5416654,4595,False,False,0.2714285714285714
Q00987,CHEMBL5408349,4595,False,False,0.3269230769230769
Q00987,CHEMBL5420765,4595,False,False,0.2835820895522388
Q00987,CHEMBL5393753,4595,False,False,0.26229508196721313
Q00987,CHEMBL5425009,4595,False,False,0.3793103448275862
Q00987,CHEMBL5437348,4595,False,False,0.32727272727272727
Q00987,CHEMBL5430323,4595,False,False,0.29508196721311475
Q00987,CHEMBL5437425,4595,False,False,0.2823529411764706
Q00987,CHEMBL5401649,4595,False,False,0.30303030303030304
Q00987,CHEMBL5410291,4595,False,False,0.29411764705882354
Q00987,CHEMBL5430014,4595,False,False,0.2909090909090909
Q00987,CHEMBL5439015,4595,False,False,0.2876712328767123
Q00987,CHEMBL5439731,4595,False,False,0.29310344827586204
Q00987,CHEMBL5403978,4595,False,False,0.28846153846153844
Q00987,CHEMBL5422264,4595,False,False,0.3148148148148148
Q00987,CHEMBL5403465,4595,False,False,0.3125
Q00987,CHEMBL5394970,4595,False,False,0.3
Q00987,CHEMBL5408490,4595,False,False,0.3090909090909091
Q00987,CHEMBL5422030,4595,False,False,0.3076923076923077
Q00987,CHEMBL5403300,4595,False,False,0.30303030303030304
Q00987,CHEMBL5416279,4595,False,False,0.30434782608695654
Q00987,CHEMBL5413374,4595,False,False,0.33962264150943394
Q00987,CHEMBL5434849,4595,False,False,0.3953488372093023
Q00987,CHEMBL5422731,4595,False,False,0.29545454545454547
Q00987,CHEMBL5420518,4595,False,False,0.3283582089552239
Q02127,CHEMBL5411122,2014,False,False,0.7586206896551724
Q02127,CHEMBL5430092,2014,False,False,0.7058823529411765
Q02127,CHEMBL5424393,2014,False,False,0.7076923076923077
Q02127,CHEMBL5394812,2014,False,False,0.7246376811594203
Q02127,CHEMBL5424051,2014,False,False,0.7272727272727273
Q02127,CHEMBL5426182,2014,False,False,0.746031746031746
Q02127,CHEMBL5416733,2014,False,False,0.7741935483870968
Q02127,CHEMBL5399005,2014,False,False,0.75
Q02127,CHEMBL5398316,2014,False,False,0.3125
Q02127,CHEMBL5408286,2014,False,False,0.75
Q02127,CHEMBL5408707,2014,False,False,0.8076923076923077
Q02127,CHEMBL5421173,2014,False,False,0.6621621621621622
Q02127,CHEMBL5439442,2014,False,False,0.6911764705882353
Q02127,CHEMBL5401192,2014,False,False,0.7377049180327869
Q02127,CHEMBL5404114,2014,False,False,0.6714285714285714
Q02127,CHEMBL5426062,2014,False,False,0.6266666666666667
Q02127,CHEMBL5399532,2014,False,False,0.6714285714285714
Q02127,CHEMBL5394449,2014,False,False,0.75
Q02127,CHEMBL5428012,2014,False,False,0.5529411764705883
Q02127,CHEMBL5398296,2014,False,False,0.5714285714285714
Q02127,CHEMBL5404750,2014,False,False,0.7962962962962963
Q02127,CHEMBL5431965,2014,False,False,0.6727272727272727
Q02127,CHEMBL5427377,2014,False,False,0.6607142857142857
Q02127,CHEMBL5396928,2014,False,False,0.7058823529411765
Q02127,CHEMBL5423878,2014,False,False,0.6811594202898551
Q02127,CHEMBL5415127,2014,False,False,0.6730769230769231
Q02127,CHEMBL5432354,2014,False,False,0.6481481481481481
Q02127,CHEMBL5412179,2014,False,False,0.64
Q02127,CHEMBL5423324,2014,False,False,0.5714285714285714
Q02127,CHEMBL5427310,2014,False,False,0.5517241379310345
Q02127,CHEMBL5419515,2014,False,False,0.7714285714285715
Q03111,CHEMBL5427429,101,False,False,0.35294117647058826
Q03111,CHEMBL5403490,101,False,False,0.7941176470588235
Q03111,CHEMBL5395585,101,False,False,0.6753246753246753
Q03111,CHEMBL5397340,101,False,False,0.8055555555555556
Q03111,CHEMBL5439514,101,False,False,0.2857142857142857
Q03111,CHEMBL5429534,101,False,False,0.6986301369863014
Q03111,CHEMBL5404010,101,False,False,0.8260869565217391
Q03111,CHEMBL5429859,101,False,False,0.7037037037037037
Q03111,CHEMBL5394853,101,False,False,0.3404255319148936
Q03111,CHEMBL5437942,101,False,False,0.5866666666666667
Q03111,CHEMBL5395927,101,False,False,0.5866666666666667
Q03111,CHEMBL5396023,101,False,False,0.4659090909090909
Q03111,CHEMBL5435284,101,False,False,0.7323943661971831
Q03111,CHEMBL5430048,101,False,False,0.4175824175824176
Q03111,CHEMBL5434666,101,False,False,0.3595505617977528
Q03111,CHEMBL5411970,101,False,False,0.9375
Q03111,CHEMBL5416453,101,False,False,0.5945945945945946
Q03111,CHEMBL5437279,101,False,False,0.7123287671232876
Q03111,CHEMBL5423179,101,False,False,0.6049382716049383
Q03111,CHEMBL5434752,101,False,False,0.7361111111111112
Q03111,CHEMBL5410133,101,False,False,0.625
Q03111,CHEMBL5440223,101,False,False,0.6133333333333333
Q03111,CHEMBL5430847,101,False,False,0.6625
Q03111,CHEMBL5414763,101,False,False,0.6823529411764706
Q03111,CHEMBL5403698,101,False,False,0.6373626373626373
Q03111,CHEMBL5428707,101,False,False,0.6987951807228916
Q03111,CHEMBL5427068,101,False,False,0.7532467532467533
Q03111,CHEMBL5421344,101,False,False,0.6753246753246753
Q03111,CHEMBL5420860,101,False,False,0.7027027027027027
Q03111,CHEMBL5416650,101,False,False,0.7323943661971831
Q03111,CHEMBL5419393,101,False,False,0.6891891891891891
Q03111,CHEMBL5411777,101,False,False,0.6842105263157895
Q03111,CHEMBL5417838,101,False,False,0.611764705882353
Q03111,CHEMBL5395504,101,False,False,0.4772727272727273
Q03111,CHEMBL5406254,101,False,False,0.654320987654321
Q03111,CHEMBL5438461,101,False,False,0.7160493827160493
Q03111,CHEMBL5422917,101,False,False,0.6533333333333333
Q03111,CHEMBL5404615,101,False,False,0.6891891891891891
Q03111,CHEMBL5428403,101,False,False,0.5512820512820513
Q03111,CHEMBL5396726,101,False,False,0.4470588235294118
Q03111,CHEMBL5420102,101,False,False,0.6133333333333333
Q03111,CHEMBL5413088,101,False,False,0.4307692307692308
Q03111,CHEMBL5422965,101,False,False,0.417910447761194
Q03111,CHEMBL5421606,101,False,False,0.3918918918918919
Q03111,CHEMBL5398308,101,False,False,0.45
Q03111,CHEMBL5427853,101,False,False,0.21794871794871795
Q03111,CHEMBL5394670,101,False,False,0.2328767123287671
Q03111,CHEMBL5416530,101,False,False,0.37142857142857144
Q03181,CHEMBL5399608,3737,False,False,0.5675675675675675
Q03181,CHEMBL5421425,3737,False,False,0.6714285714285714
Q03181,CHEMBL5407583,3737,False,False,0.6617647058823529
Q03181,CHEMBL5406591,3737,False,False,0.6714285714285714
Q03181,CHEMBL5406898,3737,False,False,0.5694444444444444
Q03181,CHEMBL5408470,3737,False,False,0.7121212121212122
Q03181,CHEMBL5404338,3737,False,False,0.703125
Q03181,CHEMBL5397940,3737,False,False,0.7121212121212122
Q03181,CHEMBL5427431,3737,False,False,0.864406779661017
Q03181,CHEMBL5414029,3737,False,False,0.5633802816901409
Q03181,CHEMBL5439812,3737,False,False,0.7164179104477612
Q03181,CHEMBL5432530,3737,False,False,0.581081081081081
Q03181,CHEMBL5435944,3737,False,False,0.7076923076923077
Q03181,CHEMBL5431536,3737,False,False,0.7164179104477612
Q03181,CHEMBL5429976,3737,False,False,0.6086956521739131
Q03181,CHEMBL5427888,3737,False,False,0.7538461538461538
Q03181,CHEMBL5406301,3737,False,False,0.746031746031746
Q03181,CHEMBL5431290,3737,False,False,0.7538461538461538
Q03181,CHEMBL5429911,3737,False,False,0.6417910447761194
Q06124,CHEMBL5409502,1569,False,False,0.5
Q06124,CHEMBL5436458,1569,False,False,0.6
Q06124,CHEMBL5427793,1569,False,False,0.5645161290322581
Q06124,CHEMBL5429374,1569,False,False,0.46774193548387094
Q06124,CHEMBL5426696,1569,False,False,0.53125
Q06124,CHEMBL5427689,1569,False,False,0.391304347826087
Q06124,CHEMBL5396927,1569,False,False,0.4153846153846154
Q06124,CHEMBL5430697,1569,False,False,0.36619718309859156
Q06124,CHEMBL5432361,1569,False,False,0.35714285714285715
Q06124,CHEMBL5425562,1569,False,False,0.42424242424242425
Q06124,CHEMBL5417898,1569,False,False,0.3625
Q06124,CHEMBL5430876,1569,False,False,0.4411764705882353
Q06124,CHEMBL5410478,1569,False,False,0.3617021276595745
Q06124,CHEMBL5434597,1569,False,False,0.40298507462686567
Q06124,CHEMBL5401484,1569,False,False,0.7254901960784313
Q06124,CHEMBL5405120,1569,False,False,0.5692307692307692
Q06124,CHEMBL5431213,1569,False,False,0.5945945945945946
Q06124,CHEMBL5397714,1569,False,False,0.6166666666666667
Q06124,CHEMBL5423012,1569,False,False,0.5967741935483871
Q06124,CHEMBL5417082,1569,False,False,0.6065573770491803
Q06124,CHEMBL5426862,1569,False,False,0.2988505747126437
Q06124,CHEMBL5396396,1569,False,False,0.5555555555555556
Q06124,CHEMBL5415136,1569,False,False,0.5932203389830508
Q06124,CHEMBL5431659,1569,False,False,0.5737704918032787
Q06124,CHEMBL5426966,1569,False,False,0.5161290322580645
Q06124,CHEMBL5396867,1569,False,False,0.5694444444444444
Q06124,CHEMBL5416146,1569,False,False,0.59375
Q06124,CHEMBL5421651,1569,False,False,0.5932203389830508
Q06124,CHEMBL5424940,1569,False,False,0.625
Q06124,CHEMBL5416270,1569,False,False,0.660377358490566
Q06124,CHEMBL5408024,1569,False,False,0.625
Q06124,CHEMBL5433260,1569,False,False,0.6140350877192983
Q06124,CHEMBL5402661,1569,False,False,0.6379310344827587
Q06124,CHEMBL5435971,1569,False,False,0.6363636363636364
Q06124,CHEMBL5430657,1569,False,False,0.6271186440677966
Q06124,CHEMBL5400948,1569,False,False,0.6140350877192983
Q06124,CHEMBL5424837,1569,False,False,0.6363636363636364
Q06124,CHEMBL5410896,1569,False,False,0.660377358490566
Q06124,CHEMBL5422106,1569,False,False,0.7446808510638298
Q06124,CHEMBL5434296,1569,False,False,0.7291666666666666
Q06124,CHEMBL5412197,1569,False,False,0.37777777777777777
Q06124,CHEMBL5416159,1569,False,False,0.44594594594594594
Q06187,CHEMBL5431246,5726,False,False,0.4457831325301205
Q06187,CHEMBL5421073,5726,False,False,0.42528735632183906
Q06187,CHEMBL5405186,5726,False,False,0.45454545454545453
Q06187,CHEMBL5398916,5726,False,False,0.4523809523809524
Q06187,CHEMBL5418333,5726,False,False,0.4367816091954023
Q06187,CHEMBL5427890,5726,False,False,0.5569620253164557
Q06187,CHEMBL5399884,5726,False,False,0.45977011494252873
Q06187,CHEMBL5414595,5726,False,False,0.5054945054945055
Q06187,CHEMBL5400359,5726,False,False,0.5263157894736842
Q06187,CHEMBL5425932,5726,False,False,0.4457831325301205
Q06187,CHEMBL5424119,5726,False,False,0.49411764705882355
Q06187,CHEMBL5436135,5726,False,False,0.45348837209302323
Q06187,CHEMBL5424490,5726,False,False,0.47191011235955055
Q06187,CHEMBL5423586,5726,False,False,0.46236559139784944
Q06187,CHEMBL5396734,5726,False,False,0.4819277108433735
Q06187,CHEMBL5403299,5726,False,False,0.4666666666666667
Q06187,CHEMBL5432647,5726,False,False,0.46511627906976744
Q06187,CHEMBL5419265,5726,False,False,0.47191011235955055
Q06187,CHEMBL5432321,5726,False,False,0.4222222222222222
Q06187,CHEMBL5429118,5726,False,False,0.4470588235294118
Q06187,CHEMBL5399333,5726,False,False,0.4065934065934066
Q06187,CHEMBL5439205,5726,False,False,0.4939759036144578
Q06187,CHEMBL5421117,5726,False,False,0.5405405405405406
Q06187,CHEMBL5427653,5726,False,False,0.5058823529411764
Q06187,CHEMBL5406313,5726,False,False,0.4606741573033708
Q06187,CHEMBL5420469,5726,False,False,0.5319148936170213
Q06187,CHEMBL5426399,5726,False,False,0.5263157894736842
Q06187,CHEMBL5429719,5726,False,False,0.5714285714285714
Q06187,CHEMBL5427093,5726,False,False,0.5463917525773195
Q06187,CHEMBL5439377,5726,False,False,0.6046511627906976
Q06187,CHEMBL5431720,5726,False,False,0.5208333333333334
Q06187,CHEMBL5394800,5726,False,False,0.6170212765957447
Q06187,CHEMBL5440136,5726,False,False,0.5510204081632653
Q06187,CHEMBL5435684,5726,False,False,0.5520833333333334
Q06187,CHEMBL5417273,5726,False,False,0.5376344086021505
Q06187,CHEMBL5415543,5726,False,False,0.5368421052631579
Q06187,CHEMBL5412767,5726,False,False,0.5346534653465347
Q06187,CHEMBL5436699,5726,False,False,0.5520833333333334
Q06187,CHEMBL5413492,5726,False,False,0.5869565217391305
Q06187,CHEMBL5428711,5726,False,False,0.5425531914893617
Q06187,CHEMBL5402002,5726,False,False,0.6105263157894737
Q06187,CHEMBL5415887,5726,False,False,0.5918367346938775
Q06187,CHEMBL5411595,5726,False,False,0.5360824742268041
Q06187,CHEMBL5396054,5726,False,False,0.6022727272727273
Q06187,CHEMBL5403745,5726,False,False,0.5591397849462365
Q06187,CHEMBL5440675,5726,False,False,0.5638297872340425
Q06187,CHEMBL5403374,5726,False,False,0.5813953488372093
Q06187,CHEMBL5427871,5726,False,False,0.5483870967741935
Q06187,CHEMBL5396925,5726,False,False,0.5425531914893617
Q06187,CHEMBL5404479,5726,False,False,0.52
Q06187,CHEMBL5412059,5726,False,False,0.5217391304347826
Q06187,CHEMBL5409885,5726,False,False,0.4939759036144578
Q06187,CHEMBL5437618,5726,False,False,0.43956043956043955
Q06187,CHEMBL5440116,5726,False,False,0.6071428571428571
Q06187,CHEMBL5408188,5726,False,False,0.4470588235294118
Q06187,CHEMBL5428869,5726,False,False,0.6046511627906976
Q06187,CHEMBL5404802,5726,False,False,0.6024096385542169
Q06187,CHEMBL5422506,5726,False,False,0.5227272727272727
Q06187,CHEMBL5439043,5726,False,False,0.3333333333333333
Q06187,CHEMBL5437508,5726,False,False,0.627906976744186
Q06187,CHEMBL5403472,5726,False,False,0.6475409836065574
Q06187,CHEMBL5432494,5726,False,True,1.0
Q06187,CHEMBL5409412,5726,False,False,0.8507462686567164
Q06187,CHEMBL5421817,5726,False,False,0.7903225806451613
Q06187,CHEMBL5423384,5726,False,False,0.8166666666666667
Q06187,CHEMBL5438302,5726,False,False,0.6421052631578947
Q06187,CHEMBL5411895,5726,False,False,0.4945054945054945
Q06187,CHEMBL5399172,5726,False,False,0.5434782608695652
Q06187,CHEMBL5420562,5726,False,False,0.45121951219512196
Q12809,CHEMBL5417318,22694,False,False,0.29508196721311475
Q12809,CHEMBL5415543,22694,False,False,0.5353535353535354
Q12809,CHEMBL5403519,22694,False,False,0.2892561983471074
Q12809,CHEMBL5421645,22694,False,False,0.36
Q12809,CHEMBL5403690,22694,False,False,0.4936708860759494
Q12809,CHEMBL5413826,22694,False,False,0.3258426966292135
Q12809,CHEMBL5441414,22694,False,False,0.2988505747126437
Q12809,CHEMBL5441415,22694,False,False,0.2988505747126437
Q12809,CHEMBL5402908,22694,False,False,0.8260869565217391
Q12809,CHEMBL5430371,22694,False,False,0.3253012048192771
Q12809,CHEMBL5433689,22694,False,False,0.3020833333333333
Q12809,CHEMBL5439307,22694,False,False,0.38823529411764707
Q12809,CHEMBL5417342,22694,False,False,0.4
Q12809,CHEMBL5427289,22694,False,False,0.425
Q12809,CHEMBL5430110,22694,False,False,0.3953488372093023
Q12809,CHEMBL5425931,22694,False,False,0.40476190476190477
Q12809,CHEMBL5396337,22694,False,False,0.5625
Q12809,CHEMBL5402348,22694,False,False,0.5
Q12809,CHEMBL5397585,22694,False,False,0.29545454545454547
Q12809,CHEMBL5432083,22694,False,False,0.34375
Q12809,CHEMBL5439506,22694,False,False,0.36470588235294116
Q12809,CHEMBL5439842,22694,False,False,0.30337078651685395
Q12809,CHEMBL5435884,22694,False,False,0.4225352112676056
Q12809,CHEMBL5439514,22694,False,False,0.4342105263157895
Q12809,CHEMBL5434894,22694,False,False,0.29347826086956524
Q12809,CHEMBL5429949,22694,False,False,0.34782608695652173
Q12809,CHEMBL5437318,22694,False,False,0.3333333333333333
Q12809,CHEMBL5416588,22694,False,False,0.6923076923076923
Q12809,CHEMBL5435085,22694,False,False,0.3055555555555556
Q12809,CHEMBL5433025,22694,False,False,0.25263157894736843
Q12809,CHEMBL5405483,22694,False,False,0.3333333333333333
Q12809,CHEMBL5404028,22694,False,False,0.8142857142857143
Q12809,CHEMBL5418451,22694,False,False,0.6883116883116883
Q12809,CHEMBL5410897,22694,False,False,0.27710843373493976
Q12809,CHEMBL5398558,22694,False,False,0.2857142857142857
Q12809,CHEMBL5436003,22694,False,False,0.3064516129032258
Q12809,CHEMBL5399557,22694,False,False,0.32
Q12809,CHEMBL5413078,22694,False,False,0.25882352941176473
Q12809,CHEMBL5426169,22694,False,False,0.3333333333333333
Q12809,CHEMBL5404509,22694,False,False,0.28865979381443296
Q12809,CHEMBL5427278,22694,False,False,0.26666666666666666
Q12809,CHEMBL5398152,22694,False,False,0.2761904761904762
Q12809,CHEMBL5395542,22694,False,False,0.25
Q12809,CHEMBL5409192,22694,False,False,0.26605504587155965
Q12809,CHEMBL5434324,22694,False,False,0.25
Q12809,CHEMBL5422863,22694,False,False,0.26262626262626265
Q12809,CHEMBL5419489,22694,False,False,0.27
Q12809,CHEMBL5435819,22694,False,False,0.8059701492537313
Q12809,CHEMBL5432266,22694,False,False,0.2807017543859649
Q12809,CHEMBL5437236,22694,False,False,0.30097087378640774
Q12809,CHEMBL5411999,22694,False,False,0.30097087378640774
Q12809,CHEMBL5420585,22694,False,False,0.7
Q12809,CHEMBL5432553,22694,False,False,0.27358490566037735
Q12809,CHEMBL5416399,22694,False,False,0.28431372549019607
Q12809,CHEMBL5419365,22694,False,False,0.23853211009174313
Q12809,CHEMBL5395781,22694,False,False,0.4307692307692308
Q12809,CHEMBL5416581,22694,False,False,0.3493975903614458
Q12809,CHEMBL5428752,22694,False,False,0.5119047619047619
Q12809,CHEMBL5441103,22694,False,False,0.4642857142857143
Q12809,CHEMBL5395597,22694,False,False,0.4642857142857143
Q12809,CHEMBL5420593,22694,False,False,0.4588235294117647
Q12809,CHEMBL5417501,22694,False,False,0.6533333333333333
Q12809,CHEMBL5402120,22694,False,False,0.4936708860759494
Q12809,CHEMBL5440764,22694,False,False,0.8142857142857143
Q12809,CHEMBL5399120,22694,False,False,0.38028169014084506
Q12809,CHEMBL5428394,22694,False,False,0.2830188679245283
Q12809,CHEMBL5396961,22694,False,False,0.3473684210526316
Q12809,CHEMBL5396547,22694,False,False,0.336734693877551
Q12809,CHEMBL5400861,22694,False,False,0.3047619047619048
Q12809,CHEMBL5426862,22694,False,False,0.2988505747126437
Q12809,CHEMBL5400148,22694,False,False,0.6883116883116883
Q12809,CHEMBL5418000,22694,False,False,0.7066666666666667
Q12809,CHEMBL5394618,22694,False,False,0.32558139534883723
Q12809,CHEMBL5414037,22694,False,False,0.35714285714285715
Q12809,CHEMBL5432371,22694,False,False,0.5487804878048781
Q12809,CHEMBL5405380,22694,False,False,0.2828282828282828
Q12809,CHEMBL5399676,22694,False,False,0.38095238095238093
Q12809,CHEMBL5435831,22694,False,False,0.5901639344262295
Q12809,CHEMBL5434251,22694,False,False,0.5316455696202531
Q12809,CHEMBL5439283,22694,False,False,0.37037037037037035
Q12809,CHEMBL5403087,22694,False,False,0.3409090909090909
Q12809,CHEMBL5427454,22694,False,False,0.38636363636363635
Q12809,CHEMBL5420899,22694,False,False,0.3424657534246575
Q12809,CHEMBL5432565,22694,False,False,0.3448275862068966
Q12809,CHEMBL5434339,22694,False,False,0.34285714285714286
Q12809,CHEMBL5416490,22694,False,False,0.3008849557522124
Q12809,CHEMBL5411721,22694,False,False,0.28205128205128205
Q12809,CHEMBL5403722,22694,False,False,0.3
Q12809,CHEMBL5410717,22694,False,False,0.27350427350427353
Q12809,CHEMBL5425739,22694,False,False,0.3300970873786408
Q12809,CHEMBL5424297,22694,False,False,0.4268292682926829
Q12809,CHEMBL5412433,22694,False,False,0.33783783783783783
Q12809,CHEMBL5401453,22694,False,False,0.35135135135135137
Q12809,CHEMBL5428129,22694,False,False,0.3018867924528302
Q12809,CHEMBL5441391,22694,False,False,0.29213483146067415
Q12809,CHEMBL5436114,22694,False,False,0.5897435897435898
Q12809,CHEMBL5410878,22694,False,False,0.55
Q12809,CHEMBL5434807,22694,False,False,0.5921052631578947
Q12809,CHEMBL5403581,22694,False,False,0.5714285714285714
Q12809,CHEMBL5429029,22694,False,False,0.5769230769230769
Q12809,CHEMBL5437311,22694,False,False,0.4888888888888889
Q12809,CHEMBL5419543,22694,False,False,0.3076923076923077
Q12809,CHEMBL5424670,22694,False,False,0.3150684931506849
Q12809,CHEMBL5396638,22694,False,False,0.30952380952380953
Q12809,CHEMBL5412404,22694,False,False,0.6428571428571429
Q12809,CHEMBL5422051,22694,False,False,0.6666666666666666
Q12809,CHEMBL5399556,22694,False,False,0.37894736842105264
Q12809,CHEMBL5406899,22694,False,False,0.3157894736842105
Q12809,CHEMBL5406703,22694,False,False,0.2857142857142857
Q12809,CHEMBL5429179,22694,False,False,0.38144329896907214
Q12809,CHEMBL5432538,22694,False,False,0.3953488372093023
Q12809,CHEMBL5416465,22694,False,False,0.35384615384615387
Q12809,CHEMBL5414588,22694,False,False,0.4107142857142857
Q12809,CHEMBL5406913,22694,False,False,0.30985915492957744
Q12809,CHEMBL5424378,22694,False,False,0.4430379746835443
Q12809,CHEMBL5414982,22694,False,False,0.44642857142857145
Q12809,CHEMBL5433897,22694,False,False,0.43137254901960786
Q12809,CHEMBL5399932,22694,False,False,0.4298245614035088
Q12809,CHEMBL5401016,22694,False,False,0.7397260273972602
Q13546,CHEMBL5440251,841,False,False,0.7794117647058824
Q13546,CHEMBL5432235,841,False,False,0.5909090909090909
Q13546,CHEMBL5408026,841,False,False,0.6097560975609756
Q13546,CHEMBL5419480,841,False,False,0.8481012658227848
Q13546,CHEMBL5404174,841,False,False,0.5777777777777777
Q13546,CHEMBL5422041,841,False,False,0.5909090909090909
Q13546,CHEMBL5430224,841,False,False,0.2830188679245283
Q13546,CHEMBL5427031,841,False,False,0.28846153846153844
Q13546,CHEMBL5399892,841,False,False,0.8271604938271605
Q13546,CHEMBL5395362,841,False,False,0.5652173913043478
Q13546,CHEMBL5412064,841,False,False,0.5909090909090909
Q13546,CHEMBL5438972,841,False,False,0.21428571428571427
Q13546,CHEMBL5415575,841,False,False,0.49333333333333335
Q13546,CHEMBL5408672,841,False,False,0.49333333333333335
Q13546,CHEMBL5411381,841,False,False,0.5142857142857142
Q13546,CHEMBL5426073,841,False,False,0.5671641791044776
Q13546,CHEMBL5394940,841,False,False,0.5217391304347826
Q13546,CHEMBL5423528,841,False,False,0.7361111111111112
Q13546,CHEMBL5398941,841,False,False,0.7361111111111112
Q13546,CHEMBL5433218,841,False,False,0.6973684210526315
Q13546,CHEMBL5432442,841,False,False,0.7162162162162162
Q13546,CHEMBL5403329,841,False,False,0.6794871794871795
Q13546,CHEMBL5403662,841,False,False,0.7066666666666667
Q13546,CHEMBL5434132,841,False,False,0.5416666666666666
Q13546,CHEMBL5396051,841,False,False,0.6341463414634146
Q13546,CHEMBL5419190,841,False,False,0.7066666666666667
Q13546,CHEMBL5419556,841,False,False,0.6883116883116883
Q13546,CHEMBL5432711,841,False,False,0.6190476190476191
Q13546,CHEMBL5394372,841,False,False,0.4146341463414634
Q13546,CHEMBL5405225,841,False,False,0.4230769230769231
Q13546,CHEMBL5422508,841,False,False,0.4024390243902439
Q13546,CHEMBL5418785,841,False,False,0.425
Q13546,CHEMBL5433899,841,False,False,0.5606060606060606
Q13546,CHEMBL5431192,841,False,False,0.5
Q13546,CHEMBL5416808,841,False,False,0.6666666666666666
Q13546,CHEMBL5415623,841,False,False,0.4927536231884058
Q13546,CHEMBL5409296,841,False,False,0.65
Q13546,CHEMBL5429657,841,False,False,0.35384615384615387
Q13546,CHEMBL5418766,841,False,False,0.8481012658227848
Q13546,CHEMBL5429816,841,False,False,0.7236842105263158
Q13546,CHEMBL5421764,841,False,False,0.5777777777777777
Q13546,CHEMBL5409414,841,False,False,0.5777777777777777
Q13546,CHEMBL5434486,841,False,False,0.5652173913043478
Q13546,CHEMBL5404074,841,False,False,0.5531914893617021
Q13546,CHEMBL5407948,841,False,False,0.6666666666666666
Q13546,CHEMBL5418930,841,False,False,0.6666666666666666
Q13546,CHEMBL5423912,841,False,False,0.6666666666666666
Q13546,CHEMBL5439801,841,False,False,0.967741935483871
Q13546,CHEMBL5427681,841,False,False,0.7567567567567568
Q13546,CHEMBL5426570,841,False,False,0.6410256410256411
Q13546,CHEMBL5424677,841,False,False,0.5106382978723404
Q13546,CHEMBL5436651,841,False,False,0.5581395348837209
Q13547,CHEMBL5395245,11666,False,False,0.5396825396825397
Q13547,CHEMBL5432435,11666,False,False,0.4107142857142857
Q13547,CHEMBL5398608,11666,False,False,0.5303030303030303
Q13547,CHEMBL5401232,11666,False,False,0.5151515151515151
Q13547,CHEMBL5397465,11666,False,False,0.5483870967741935
Q13547,CHEMBL5420438,11666,False,False,0.5230769230769231
Q13547,CHEMBL5438309,11666,False,False,0.5
Q13547,CHEMBL5429127,11666,False,False,0.40476190476190477
Q13547,CHEMBL5394932,11666,False,False,0.6545454545454545
Q13547,CHEMBL5400896,11666,False,False,0.6981132075471698
Q13547,CHEMBL5396691,11666,False,False,0.5964912280701754
Q13547,CHEMBL5425559,11666,False,False,0.6666666666666666
Q13547,CHEMBL5399910,11666,False,False,0.7924528301886793
Q13547,CHEMBL5430562,11666,False,False,0.4626865671641791
Q13547,CHEMBL5428620,11666,False,False,0.5384615384615384
Q13547,CHEMBL5408688,11666,False,False,0.7843137254901961
Q13547,CHEMBL5412379,11666,False,False,0.5901639344262295
Q13547,CHEMBL5418060,11666,False,False,0.6739130434782609
Q13547,CHEMBL5433683,11666,False,False,0.7962962962962963
Q13547,CHEMBL5428577,11666,False,False,0.4358974358974359
Q13547,CHEMBL5426703,11666,False,False,0.4153846153846154
Q13547,CHEMBL5429376,11666,False,False,0.4461538461538462
Q13547,CHEMBL5431099,11666,False,False,0.45
Q13547,CHEMBL5407807,11666,False,False,0.5869565217391305
Q13547,CHEMBL5431370,11666,False,False,0.5230769230769231
Q13547,CHEMBL5423446,11666,False,False,0.8354430379746836
Q13547,CHEMBL5430899,11666,False,False,0.41935483870967744
Q13547,CHEMBL5427815,11666,False,False,0.5373134328358209
Q13547,CHEMBL5400985,11666,False,False,0.43137254901960786
Q13547,CHEMBL5435640,11666,False,False,0.5
Q13547,CHEMBL5413269,11666,False,False,0.8461538461538461
Q13547,CHEMBL5418707,11666,False,False,0.43137254901960786
Q13547,CHEMBL5406417,11666,False,False,0.5
Q13547,CHEMBL5424996,11666,False,False,0.6101694915254238
Q13547,CHEMBL5439517,11666,False,False,0.4927536231884058
Q13547,CHEMBL5411407,11666,False,False,0.5483870967741935
Q13547,CHEMBL5407078,11666,False,False,0.4838709677419355
Q13547,CHEMBL5428984,11666,False,False,0.5303030303030303
Q13547,CHEMBL5417666,11666,False,False,0.5151515151515151
Q13547,CHEMBL5427739,11666,False,False,0.532258064516129
Q13547,CHEMBL5437164,11666,False,False,0.5
Q13547,CHEMBL5427776,11666,False,False,0.5076923076923077
Q13547,CHEMBL5409329,11666,False,False,0.5172413793103449
Q13547,CHEMBL5440015,11666,False,False,0.5652173913043478
Q13547,CHEMBL5416731,11666,False,False,0.6666666666666666
Q13547,CHEMBL5433467,11666,False,False,0.3793103448275862
Q13547,CHEMBL5409260,11666,False,False,0.39344262295081966
Q13547,CHEMBL5417826,11666,False,False,0.42857142857142855
Q13547,CHEMBL5438582,11666,False,False,0.4098360655737705
Q13547,CHEMBL5407061,11666,False,False,0.421875
Q13547,CHEMBL5414999,11666,False,False,0.421875
Q13547,CHEMBL5434760,11666,False,False,0.45714285714285713
Q13547,CHEMBL5437604,11666,False,False,0.48148148148148145
Q13547,CHEMBL5398384,11666,False,False,0.5483870967741935
Q13547,CHEMBL5405937,11666,False,False,0.5609756097560976
Q13547,CHEMBL5418684,11666,False,False,0.5074626865671642
Q13547,CHEMBL5427242,11666,False,False,0.5573770491803278
Q13547,CHEMBL5397433,11666,False,False,0.6590909090909091
Q13547,CHEMBL5420639,11666,False,False,0.6862745098039216
Q13547,CHEMBL5420610,11666,False,False,0.4069767441860465
Q13547,CHEMBL5420194,11666,False,False,0.3877551020408163
Q13547,CHEMBL5438992,11666,False,False,0.3953488372093023
Q13547,CHEMBL5422534,11666,False,False,0.4069767441860465
Q13547,CHEMBL5405258,11666,False,False,0.4069767441860465
Q13547,CHEMBL5404735,11666,False,False,0.4117647058823529
Q13547,CHEMBL5434398,11666,False,False,0.41379310344827586
Q13547,CHEMBL5426859,11666,False,False,0.37037037037037035
Q13547,CHEMBL5419690,11666,False,False,0.39325842696629215
Q13547,CHEMBL5405779,11666,False,False,0.4166666666666667
Q13547,CHEMBL5399656,11666,False,False,0.4166666666666667
Q13547,CHEMBL5439079,11666,False,False,0.38636363636363635
Q13547,CHEMBL5437683,11666,False,False,0.5394736842105263
Q13547,CHEMBL5425203,11666,False,False,0.5287356321839081
Q13547,CHEMBL5423994,11666,False,False,0.4835164835164835
Q13547,CHEMBL5436930,11666,False,False,0.589041095890411
Q13547,CHEMBL5417556,11666,False,False,0.410958904109589
Q13547,CHEMBL5401785,11666,False,False,0.4246575342465753
Q13547,CHEMBL5440587,11666,False,False,0.40540540540540543
Q13547,CHEMBL5409565,11666,False,False,0.3902439024390244
Q13547,CHEMBL5423769,11666,False,False,0.44776119402985076
Q13547,CHEMBL5434546,11666,False,False,0.5666666666666667
Q13547,CHEMBL5429228,11666,False,False,0.5263157894736842
Q13547,CHEMBL5420359,11666,False,False,0.5428571428571428
Q13547,CHEMBL5404035,11666,False,False,0.5652173913043478
Q13547,CHEMBL5435026,11666,False,False,0.5272727272727272
Q13547,CHEMBL5424227,11666,False,False,0.5
Q13547,CHEMBL5432401,11666,False,False,0.49056603773584906
Q13547,CHEMBL5407947,11666,False,False,0.5441176470588235
Q13547,CHEMBL5416658,11666,False,False,0.5573770491803278
Q13547,CHEMBL5399973,11666,False,False,0.5925925925925926
Q13547,CHEMBL5426471,11666,False,False,0.6545454545454545
Q13547,CHEMBL5395429,11666,False,False,0.6727272727272727
Q13547,CHEMBL5431600,11666,False,False,0.6964285714285714
Q13547,CHEMBL5418936,11666,False,False,0.6727272727272727
Q13547,CHEMBL5395752,11666,False,False,0.6964285714285714
Q13547,CHEMBL5409321,11666,False,False,0.6727272727272727
Q13547,CHEMBL5410667,11666,False,False,0.6964285714285714
Q13547,CHEMBL5406671,11666,False,False,0.5660377358490566
Q13547,CHEMBL5409269,11666,False,False,0.5357142857142857
Q13547,CHEMBL5423614,11666,False,False,0.6065573770491803
Q13547,CHEMBL5400284,11666,False,False,0.8181818181818182
Q13547,CHEMBL5418632,11666,False,False,0.6229508196721312
Q13547,CHEMBL5428905,11666,False,False,0.6851851851851852
Q13547,CHEMBL5394496,11666,False,False,0.5645161290322581
Q13547,CHEMBL5422313,11666,False,False,0.5609756097560976
Q13547,CHEMBL5401058,11666,False,False,0.8421052631578947
Q13547,CHEMBL5418488,11666,False,False,0.5849056603773585
Q13547,CHEMBL5431673,11666,False,False,0.5352112676056338
Q13547,CHEMBL5407261,11666,False,False,0.3717948717948718
Q13547,CHEMBL5415779,11666,False,False,0.4264705882352941
Q13547,CHEMBL5403063,11666,False,False,0.4492753623188406
Q13547,CHEMBL5417222,11666,False,False,0.42105263157894735
Q13547,CHEMBL5422539,11666,False,False,0.46153846153846156
Q13547,CHEMBL5417311,11666,False,False,0.4492753623188406
Q13547,CHEMBL5409479,11666,False,False,0.4426229508196721
Q13547,CHEMBL5426373,11666,False,False,0.48333333333333334
Q13547,CHEMBL5433222,11666,False,False,0.5
Q13547,CHEMBL5414940,11666,False,False,0.5
Q13547,CHEMBL5403641,11666,False,False,0.4626865671641791
Q13547,CHEMBL5401051,11666,False,False,0.5070422535211268
Q13547,CHEMBL5407011,11666,False,False,0.6
Q13547,CHEMBL5423299,11666,False,False,0.3924050632911392
Q13547,CHEMBL5420243,11666,False,False,0.37209302325581395
Q13547,CHEMBL5413391,11666,False,False,0.4
Q13547,CHEMBL5435868,11666,False,False,0.410958904109589
Q13547,CHEMBL5404696,11666,False,False,0.43661971830985913
Q13547,CHEMBL5440138,11666,False,False,0.5138888888888888
Q13547,CHEMBL5436704,11666,False,False,0.6507936507936508
Q13547,CHEMBL5422333,11666,False,False,0.7166666666666667
Q13547,CHEMBL5440733,11666,False,False,0.6507936507936508
Q13547,CHEMBL5431676,11666,False,False,0.7166666666666667
Q13547,CHEMBL5416888,11666,False,False,0.543859649122807
Q13547,CHEMBL5395571,11666,False,False,0.5384615384615384
Q13547,CHEMBL5421759,11666,False,False,0.4852941176470588
Q13547,CHEMBL5409400,11666,False,False,0.532258064516129
Q13547,CHEMBL5420493,11666,False,False,0.6428571428571429
Q13547,CHEMBL5397759,11666,False,False,0.55
Q13547,CHEMBL5434626,11666,False,False,0.639344262295082
Q13547,CHEMBL5413000,11666,False,False,0.7068965517241379
Q13547,CHEMBL5395739,11666,False,False,0.4444444444444444
Q13547,CHEMBL5440875,11666,False,False,0.5151515151515151
Q13547,CHEMBL5419239,11666,False,False,0.48214285714285715
Q13547,CHEMBL5424768,11666,False,False,0.4126984126984127
Q13547,CHEMBL5422428,11666,False,False,0.38571428571428573
Q13547,CHEMBL5410652,11666,False,False,0.35106382978723405
Q13547,CHEMBL5440192,11666,False,False,0.3944954128440367
Q13547,CHEMBL5407634,11666,False,False,0.3235294117647059
Q13547,CHEMBL5426948,11666,False,False,0.3235294117647059
Q13547,CHEMBL5400623,11666,False,False,0.3626373626373626
Q13547,CHEMBL5399635,11666,False,False,0.5645161290322581
Q13547,CHEMBL5406759,11666,False,False,0.5789473684210527
Q13547,CHEMBL5413744,11666,False,False,0.5
Q13547,CHEMBL5428176,11666,False,False,0.5535714285714286
Q13547,CHEMBL5440196,11666,False,False,0.6363636363636364
Q13547,CHEMBL5428924,11666,False,False,0.6078431372549019
Q13547,CHEMBL5424063,11666,False,False,0.52
Q13547,CHEMBL5440160,11666,False,False,0.48333333333333334
Q13547,CHEMBL5432519,11666,False,False,0.5178571428571429
Q13547,CHEMBL5406583,11666,False,False,0.5178571428571429
Q13547,CHEMBL5417760,11666,False,False,0.5344827586206896
Q13547,CHEMBL5413316,11666,False,False,0.5084745762711864
Q13547,CHEMBL5440032,11666,False,False,0.6363636363636364
Q13547,CHEMBL5431560,11666,False,False,0.6
Q13547,CHEMBL5420876,11666,False,False,0.47191011235955055
Q13547,CHEMBL5414870,11666,False,False,0.4943820224719101
Q13547,CHEMBL5415246,11666,False,False,0.5974025974025974
Q13547,CHEMBL5407734,11666,False,False,0.4823529411764706
Q13547,CHEMBL5395816,11666,False,False,0.5238095238095238
Q13547,CHEMBL5440176,11666,False,False,0.5238095238095238
Q13547,CHEMBL5412747,11666,False,False,0.5384615384615384
Q13547,CHEMBL5435909,11666,False,False,0.509090909090909
Q13547,CHEMBL5398464,11666,False,False,0.5
Q13547,CHEMBL5420057,11666,False,False,0.28440366972477066
Q13547,CHEMBL5404427,11666,False,False,0.7358490566037735
Q13547,CHEMBL5404095,11666,False,False,0.5416666666666666
Q13547,CHEMBL5429056,11666,False,False,0.6
Q13547,CHEMBL5419475,11666,False,False,0.4772727272727273
Q13547,CHEMBL5396505,11666,False,False,0.4891304347826087
Q13547,CHEMBL5399948,11666,False,False,0.4772727272727273
Q13547,CHEMBL5409169,11666,False,False,0.5487804878048781
Q13547,CHEMBL5431839,11666,False,False,0.5697674418604651
Q13547,CHEMBL5429693,11666,False,False,0.6891891891891891
Q13547,CHEMBL5409137,11666,False,False,0.5609756097560976
Q13547,CHEMBL5437481,11666,False,False,0.4659090909090909
Q13547,CHEMBL5410073,11666,False,False,0.48863636363636365
Q13547,CHEMBL5433570,11666,False,False,0.5921052631578947
Q13547,CHEMBL5395810,11666,False,False,0.47619047619047616
Q13547,CHEMBL5409678,11666,False,False,0.6265060240963856
Q13547,CHEMBL5420601,11666,False,False,0.6551724137931034
Q13547,CHEMBL5412510,11666,False,False,0.7631578947368421
Q13547,CHEMBL5399017,11666,False,False,0.6385542168674698
Q13547,CHEMBL5434942,11666,False,False,0.631578947368421
Q13547,CHEMBL5417682,11666,False,False,0.5510204081632653
Q13547,CHEMBL5415256,11666,False,False,0.8
Q13547,CHEMBL5410602,11666,False,False,0.75
Q13547,CHEMBL5411914,11666,False,False,0.6133333333333333
Q13547,CHEMBL5400421,11666,False,False,0.5873015873015873
Q13547,CHEMBL5431498,11666,False,False,0.5833333333333334
Q13547,CHEMBL5420814,11666,False,False,0.75
Q13547,CHEMBL5414244,11666,False,False,0.5076923076923077
Q13547,CHEMBL5409409,11666,False,False,0.75
Q13547,CHEMBL5396543,11666,False,False,0.5423728813559322
Q13547,CHEMBL5412725,11666,False,False,0.6296296296296297
Q13547,CHEMBL5396565,11666,False,False,0.53125
Q13547,CHEMBL5411315,11666,False,False,0.5074626865671642
Q13547,CHEMBL5401053,11666,False,False,0.5714285714285714
Q13547,CHEMBL5414564,11666,False,False,0.5555555555555556
Q13547,CHEMBL5402175,11666,False,False,0.5555555555555556
Q13547,CHEMBL5420307,11666,False,False,0.5384615384615384
Q13547,CHEMBL5437072,11666,False,False,0.5428571428571428
Q13547,CHEMBL5396288,11666,False,False,0.5555555555555556
Q13547,CHEMBL5415351,11666,False,False,0.5901639344262295
Q13547,CHEMBL5418509,11666,False,False,0.6086956521739131
Q13547,CHEMBL5428663,11666,False,False,0.5384615384615384
Q13547,CHEMBL5433525,11666,False,False,0.5806451612903226
Q13547,CHEMBL5398443,11666,False,False,0.5507246376811594
Q13547,CHEMBL5397101,11666,False,False,0.5882352941176471
Q13547,CHEMBL5439406,11666,False,False,0.5507246376811594
Q13547,CHEMBL5394186,11666,False,False,0.546875
Q13547,CHEMBL5425472,11666,False,False,0.5652173913043478
Q13547,CHEMBL5423472,11666,False,False,0.6206896551724138
Q13547,CHEMBL5394727,11666,False,False,0.5846153846153846
Q13547,CHEMBL5430331,11666,False,False,0.5846153846153846
Q13547,CHEMBL5402423,11666,False,False,0.7636363636363637
Q13547,CHEMBL5419172,11666,False,False,0.6037735849056604
Q13547,CHEMBL5424360,11666,False,False,0.6226415094339622
Q13547,CHEMBL5417416,11666,False,False,0.5217391304347826
Q13547,CHEMBL5407707,11666,False,False,0.5901639344262295
Q13547,CHEMBL5425253,11666,False,False,0.5487804878048781
Q13547,CHEMBL5431412,11666,False,False,0.640625
Q13547,CHEMBL5407714,11666,False,False,0.6666666666666666
Q13547,CHEMBL5402136,11666,False,False,0.5671641791044776
Q13547,CHEMBL5402915,11666,False,False,0.5454545454545454
Q13547,CHEMBL5404793,11666,False,False,0.640625
Q13547,CHEMBL5403777,11666,False,False,0.5454545454545454
Q13547,CHEMBL5433049,11666,False,False,0.5454545454545454
Q13547,CHEMBL5408299,11666,False,False,0.5454545454545454
Q13547,CHEMBL5433987,11666,False,False,0.671875
Q13547,CHEMBL5410437,11666,False,False,0.6545454545454545
Q13547,CHEMBL5398814,11666,False,False,0.5538461538461539
Q13547,CHEMBL5432672,11666,False,False,0.5285714285714286
Q13547,CHEMBL5404374,11666,False,False,0.5735294117647058
Q13547,CHEMBL5409055,11666,False,False,0.5714285714285714
Q13547,CHEMBL5398994,11666,False,False,0.5423728813559322
Q13547,CHEMBL5437925,11666,False,False,0.4857142857142857
Q13547,CHEMBL5430751,11666,False,False,0.5
Q13547,CHEMBL5408074,11666,False,False,0.5151515151515151
Q13547,CHEMBL5406975,11666,False,False,0.5074626865671642
Q13547,CHEMBL5397692,11666,False,False,0.5238095238095238
Q13547,CHEMBL5409731,11666,False,False,0.5666666666666667
Q13547,CHEMBL5409287,11666,False,False,0.55
Q13547,CHEMBL5397225,11666,False,False,0.5892857142857143
Q13547,CHEMBL5438996,11666,False,False,0.5892857142857143
Q13547,CHEMBL5414698,11666,False,False,0.6153846153846154
Q13547,CHEMBL5438446,11666,False,False,0.5396825396825397
Q13547,CHEMBL5395637,11666,False,False,0.5833333333333334
Q13547,CHEMBL5429446,11666,False,False,0.7450980392156863
Q13547,CHEMBL5419832,11666,False,False,0.78
Q13547,CHEMBL5414925,11666,False,False,0.5
Q13547,CHEMBL5393893,11666,False,False,0.4423076923076923
Q13547,CHEMBL5396074,11666,False,False,0.48214285714285715
Q13547,CHEMBL5426015,11666,False,False,0.5882352941176471
Q13547,CHEMBL5439859,11666,False,False,0.49019607843137253
Q13547,CHEMBL5414308,11666,False,False,0.4915254237288136
Q13547,CHEMBL5412296,11666,False,False,0.4838709677419355
Q13547,CHEMBL5414898,11666,False,False,0.5961538461538461
Q13547,CHEMBL5394047,11666,False,False,0.4794520547945205
Q13547,CHEMBL5399990,11666,False,False,0.5185185185185185
Q13547,CHEMBL5400387,11666,False,False,0.49230769230769234
Q13547,CHEMBL5415734,11666,False,False,0.45454545454545453
Q13547,CHEMBL5408897,11666,False,False,0.5660377358490566
Q13547,CHEMBL5414384,11666,False,False,0.5423728813559322
Q13547,CHEMBL5418711,11666,False,False,0.543859649122807
Q13547,CHEMBL5415232,11666,False,False,0.5416666666666666
Q13547,CHEMBL5431448,11666,False,False,0.5
Q13547,CHEMBL5406785,11666,False,False,0.5
Q13547,CHEMBL5423629,11666,False,False,0.5084745762711864
Q13547,CHEMBL5401106,11666,False,False,0.6727272727272727
Q13547,CHEMBL5429873,11666,False,False,0.6862745098039216
Q13547,CHEMBL5409830,11666,False,False,0.6470588235294118
Q13547,CHEMBL5436596,11666,False,False,0.6271186440677966
Q13547,CHEMBL5420058,11666,False,False,0.64
Q13547,CHEMBL5414971,11666,False,False,0.55
Q13547,CHEMBL5432574,11666,False,False,0.5967741935483871
Q13547,CHEMBL5436873,11666,False,False,0.5606060606060606
Q13547,CHEMBL5434895,11666,False,False,0.5471698113207547
Q13547,CHEMBL5424823,11666,False,False,0.6271186440677966
Q13547,CHEMBL5408565,11666,False,False,0.6964285714285714
Q13547,CHEMBL5402344,11666,False,False,0.6415094339622641
Q13547,CHEMBL5423136,11666,False,False,0.6792452830188679
Q13547,CHEMBL5414056,11666,False,False,0.6071428571428571
Q13547,CHEMBL5438694,11666,False,False,0.6792452830188679
Q13547,CHEMBL5394600,11666,False,False,0.532258064516129
Q13547,CHEMBL5410777,11666,False,False,0.5151515151515151
Q13547,CHEMBL5420954,11666,False,False,0.532258064516129
Q13547,CHEMBL5410523,11666,False,False,0.559322033898305
Q13547,CHEMBL5416448,11666,False,False,0.64
Q13547,CHEMBL5432886,11666,False,False,0.6222222222222222
Q13547,CHEMBL5418695,11666,False,False,0.5370370370370371
Q13547,CHEMBL5410992,11666,False,False,0.559322033898305
Q13547,CHEMBL5432846,11666,False,False,0.4342105263157895
Q13547,CHEMBL5415711,11666,False,False,0.47761194029850745
Q13547,CHEMBL5423139,11666,False,False,0.4307692307692308
Q13547,CHEMBL5401815,11666,False,False,0.5
Q13547,CHEMBL5418570,11666,False,False,0.5076923076923077
Q13547,CHEMBL5440638,11666,False,False,0.559322033898305
Q13547,CHEMBL5412933,11666,False,False,0.5238095238095238
Q13547,CHEMBL5403601,11666,False,False,0.64
Q13547,CHEMBL5410880,11666,False,False,0.4307692307692308
Q13547,CHEMBL5402253,11666,False,False,0.6274509803921569
Q13547,CHEMBL5430119,11666,False,False,0.4266666666666667
Q13547,CHEMBL5419248,11666,False,False,0.4153846153846154
Q13547,CHEMBL5435751,11666,False,False,0.4189189189189189
Q13547,CHEMBL5425972,11666,False,False,0.40298507462686567
Q13547,CHEMBL5398428,11666,False,False,0.44776119402985076
Q13547,CHEMBL5408111,11666,False,False,0.417910447761194
Q13547,CHEMBL5437991,11666,False,False,0.4
Q13547,CHEMBL5435590,11666,False,False,0.373134328358209
Q13547,CHEMBL5411915,11666,False,False,0.417910447761194
Q13547,CHEMBL5427151,11666,False,False,0.3898305084745763
Q13547,CHEMBL5421202,11666,False,False,0.4696969696969697
Q13547,CHEMBL5438599,11666,False,False,0.4225352112676056
Q13547,CHEMBL5426896,11666,False,False,0.7333333333333333
Q13547,CHEMBL5399941,11666,False,False,0.45588235294117646
Q13547,CHEMBL5436104,11666,False,False,0.4852941176470588
Q13547,CHEMBL5423557,11666,False,False,0.5609756097560976
Q13547,CHEMBL5436001,11666,False,False,0.673469387755102
Q13547,CHEMBL5426091,11666,False,False,0.5625
Q13547,CHEMBL5431660,11666,False,False,0.532258064516129
Q13547,CHEMBL5439488,11666,False,False,0.5272727272727272
Q13547,CHEMBL5407953,11666,False,False,0.4473684210526316
Q13547,CHEMBL5433627,11666,False,False,0.4857142857142857
Q13547,CHEMBL5416264,11666,False,False,0.6226415094339622
Q13547,CHEMBL5406191,11666,False,False,0.4864864864864865
Q13547,CHEMBL5433364,11666,False,False,0.5714285714285714
Q13547,CHEMBL5403602,11666,False,False,0.5531914893617021
Q13547,CHEMBL5429412,11666,False,False,0.55
Q13547,CHEMBL5412547,11666,False,False,0.5576923076923077
Q13547,CHEMBL5436035,11666,False,False,0.43548387096774194
Q13547,CHEMBL5403862,11666,False,False,0.48484848484848486
Q13547,CHEMBL5419295,11666,False,False,0.6226415094339622
Q13547,CHEMBL5424948,11666,False,False,0.6153846153846154
Q13547,CHEMBL5418093,11666,False,False,0.5625
Q13547,CHEMBL5401496,11666,False,False,0.6153846153846154
Q13547,CHEMBL5401406,11666,False,False,0.5531914893617021
Q13547,CHEMBL5423646,11666,False,False,0.43478260869565216
Q13547,CHEMBL5437381,11666,False,False,0.5098039215686274
Q13547,CHEMBL5428795,11666,False,False,0.7021276595744681
Q13547,CHEMBL5413612,11666,False,False,0.5306122448979592
Q13547,CHEMBL5394143,11666,False,False,0.55
Q13547,CHEMBL5404245,11666,False,False,0.6101694915254238
Q13547,CHEMBL5401169,11666,False,False,0.6229508196721312
Q13547,CHEMBL5403206,11666,False,False,0.6101694915254238
Q13547,CHEMBL5430740,11666,False,False,0.5151515151515151
Q13547,CHEMBL5424224,11666,False,False,0.576271186440678
Q13547,CHEMBL5411948,11666,False,False,0.660377358490566
Q13547,CHEMBL5403974,11666,False,False,0.4
Q13547,CHEMBL5415687,11666,False,False,0.813953488372093
Q13627,CHEMBL5410811,4721,False,False,0.6808510638297872
Q13627,CHEMBL5403328,4721,False,False,0.7111111111111111
Q13627,CHEMBL5416086,4721,False,False,0.5
Q13627,CHEMBL5417336,4721,False,False,0.5
Q13627,CHEMBL5401513,4721,False,False,0.47540983606557374
Q13627,CHEMBL5401218,4721,False,False,0.4461538461538462
Q13627,CHEMBL5395267,4721,False,False,0.37662337662337664
Q13627,CHEMBL5414801,4721,False,False,0.8947368421052632
Q13627,CHEMBL5429707,4721,False,False,0.625
Q13627,CHEMBL5428562,4721,False,False,0.625
Q13627,CHEMBL5401556,4721,False,False,0.3918918918918919
Q13627,CHEMBL5432405,4721,False,False,0.5441176470588235
Q13627,CHEMBL5404093,4721,False,False,0.3815789473684211
Q13627,CHEMBL5401354,4721,False,False,0.37662337662337664
Q13627,CHEMBL5426463,4721,False,False,0.3783783783783784
Q13627,CHEMBL5417699,4721,False,False,0.39473684210526316
Q13627,CHEMBL5429691,4721,False,False,0.3783783783783784
Q13627,CHEMBL5432194,4721,False,False,0.3717948717948718
Q13627,CHEMBL5415554,4721,False,False,0.37333333333333335
Q13627,CHEMBL5395833,4721,False,False,0.5757575757575758
Q13627,CHEMBL5415238,4721,False,False,0.4647887323943662
Q13627,CHEMBL5428750,4721,False,False,0.6229508196721312
Q13627,CHEMBL5406864,4721,False,False,0.6290322580645161
Q13627,CHEMBL5435933,4721,False,False,0.3717948717948718
Q13627,CHEMBL5421052,4721,False,False,0.3684210526315789
Q13627,CHEMBL5429359,4721,False,False,0.34615384615384615
Q13627,CHEMBL5406490,4721,False,False,0.38666666666666666
Q13627,CHEMBL5426876,4721,False,False,0.3783783783783784
Q13627,CHEMBL5413380,4721,False,False,0.40540540540540543
Q13627,CHEMBL5396081,4721,False,False,0.7540983606557377
Q13627,CHEMBL5429086,4721,False,False,0.7758620689655172
Q13627,CHEMBL5411649,4721,False,False,0.5714285714285714
Q13627,CHEMBL5432630,4721,False,False,0.5074626865671642
Q13627,CHEMBL5413622,4721,False,False,0.5245901639344263
Q13627,CHEMBL5423818,4721,False,False,0.3684210526315789
Q13627,CHEMBL5416942,4721,False,False,0.8666666666666667
Q13627,CHEMBL5424488,4721,False,False,0.5818181818181818
Q13627,CHEMBL5417631,4721,False,False,0.5373134328358209
Q13627,CHEMBL5418822,4721,False,False,0.6896551724137931
Q13627,CHEMBL5439632,4721,False,False,0.43478260869565216
Q13627,CHEMBL5395734,4721,False,False,0.5
Q13627,CHEMBL5416327,4721,False,False,0.42105263157894735
Q13627,CHEMBL5424114,4721,False,False,0.4507042253521127
Q13627,CHEMBL5435495,4721,False,False,0.7627118644067796
Q13627,CHEMBL5426335,4721,False,False,0.5
Q13627,CHEMBL5440916,4721,False,False,0.36764705882352944
Q13627,CHEMBL5397989,4721,False,False,0.45614035087719296
Q13627,CHEMBL5410464,4721,False,False,0.5178571428571429
Q13627,CHEMBL5426304,4721,False,False,0.3333333333333333
Q13627,CHEMBL5425642,4721,False,False,0.43103448275862066
Q13627,CHEMBL5416749,4721,False,False,0.3968253968253968
Q13627,CHEMBL5401689,4721,False,False,0.5535714285714286
Q13627,CHEMBL5436022,4721,False,False,0.5192307692307693
Q13627,CHEMBL5402600,4721,False,False,0.5087719298245614
Q13627,CHEMBL5412760,4721,False,False,0.4482758620689655
Q13627,CHEMBL5440179,4721,False,False,0.453125
Q13627,CHEMBL5404932,4721,False,False,0.5571428571428572
Q13627,CHEMBL5412339,4721,False,False,0.6666666666666666
Q13627,CHEMBL5411492,4721,False,False,0.6181818181818182
Q13627,CHEMBL5411512,4721,False,False,0.532258064516129
Q13627,CHEMBL5418042,4721,False,False,0.6166666666666667
Q13627,CHEMBL5404416,4721,False,False,0.6440677966101694
Q13627,CHEMBL5405572,4721,False,False,0.6065573770491803
Q13627,CHEMBL5394613,4721,False,False,0.6440677966101694
Q13627,CHEMBL5420724,4721,False,False,0.6730769230769231
Q13627,CHEMBL5437222,4721,False,False,0.6440677966101694
Q13627,CHEMBL5422413,4721,False,False,0.5901639344262295
Q13627,CHEMBL5419006,4721,False,False,0.6551724137931034
Q13627,CHEMBL5395680,4721,False,False,0.8235294117647058
Q13627,CHEMBL5435718,4721,False,False,0.8490566037735849
Q13627,CHEMBL5408457,4721,False,False,0.6440677966101694
Q13627,CHEMBL5413427,4721,False,False,0.5901639344262295
Q13627,CHEMBL5425748,4721,False,False,0.6551724137931034
Q13627,CHEMBL5410991,4721,False,False,0.8235294117647058
Q13627,CHEMBL5408540,4721,False,False,0.8490566037735849
Q13627,CHEMBL5428651,4721,False,False,0.6825396825396826
Q13627,CHEMBL5422936,4721,False,False,0.8181818181818182
Q13627,CHEMBL5437737,4721,False,False,0.7536231884057971
Q13627,CHEMBL5416971,4721,False,False,0.43548387096774194
Q13627,CHEMBL5415866,4721,False,False,0.45348837209302323
Q15910,CHEMBL5427886,963,False,False,0.7222222222222222
Q15910,CHEMBL5407503,963,False,False,0.7323943661971831
Q15910,CHEMBL5395024,963,False,False,0.7222222222222222
Q15910,CHEMBL5406530,963,False,False,0.7428571428571429
Q15910,CHEMBL5404097,963,False,False,0.8493150684931506
Q15910,CHEMBL5408277,963,False,False,0.7804878048780488
Q15910,CHEMBL5402038,963,False,False,0.7375
Q15910,CHEMBL5429668,963,False,False,0.8133333333333334
Q15910,CHEMBL5408839,963,False,False,0.7323943661971831
Q15910,CHEMBL5433886,963,False,False,0.7073170731707317
Q15910,CHEMBL5429234,963,False,False,0.7123287671232876
Q15910,CHEMBL5436336,963,False,False,0.7222222222222222
Q15910,CHEMBL5417925,963,False,False,0.7536231884057971
Q15910,CHEMBL5396769,963,False,False,0.7647058823529411
Q15910,CHEMBL5417070,963,False,False,0.631578947368421
Q15910,CHEMBL5394741,963,False,False,0.7647058823529411
Q15910,CHEMBL5413031,963,False,False,0.7
Q15910,CHEMBL5393990,963,False,False,0.47
Q15910,CHEMBL5408520,963,False,False,0.4411764705882353
Q15910,CHEMBL5436593,963,False,False,0.4827586206896552
Q15910,CHEMBL5426154,963,False,False,0.4326923076923077
Q15910,CHEMBL5400888,963,False,False,0.6703296703296703
Q15910,CHEMBL5416575,963,False,False,0.6170212765957447
Q15910,CHEMBL5418132,963,False,False,0.6931818181818182
Q15910,CHEMBL5408322,963,False,False,0.6373626373626373
Q15910,CHEMBL5421282,963,False,False,0.6931818181818182
Q15910,CHEMBL5429552,963,False,False,0.6739130434782609
Q15910,CHEMBL5412340,963,False,False,0.7093023255813954
Q15910,CHEMBL5395240,963,False,False,0.6373626373626373
Q15910,CHEMBL5412589,963,False,False,0.625
Q15910,CHEMBL5401078,963,False,False,0.651685393258427
Q15910,CHEMBL5417862,963,False,False,0.632183908045977
Q15910,CHEMBL5403771,963,False,False,0.6842105263157895
Q15910,CHEMBL5394852,963,False,False,0.6627906976744186
Q15910,CHEMBL5416625,963,False,False,0.6823529411764706
Q15910,CHEMBL5406071,963,False,False,0.45454545454545453
Q15910,CHEMBL5402033,963,False,False,0.4270833333333333
Q15910,CHEMBL5395872,963,False,False,0.46938775510204084
Q15910,CHEMBL5404212,963,False,False,0.4174757281553398
Q15910,CHEMBL5439531,963,False,False,0.41904761904761906
Q15910,CHEMBL5422341,963,False,False,0.5
Q15910,CHEMBL5418334,963,False,False,0.47692307692307695
Q15910,CHEMBL5427802,963,False,False,0.5972222222222222
Q15910,CHEMBL5418544,963,False,False,0.5984848484848485
Q16769,CHEMBL5419581,902,False,False,0.3246753246753247
Q16769,CHEMBL5415003,902,False,False,0.35802469135802467
Q16769,CHEMBL5423339,902,False,False,0.4025974025974026
Q16769,CHEMBL5425787,902,False,False,0.35802469135802467
Q16769,CHEMBL5440008,902,False,False,0.4342105263157895
Q16769,CHEMBL5432523,902,False,False,0.4025974025974026
Q16769,CHEMBL5397959,902,False,False,0.3783783783783784
Q16769,CHEMBL5401424,902,False,False,0.38028169014084506
Q16769,CHEMBL5431187,902,False,False,0.4050632911392405
Q16769,CHEMBL5440396,902,False,False,0.421875
Q16769,CHEMBL5426515,902,False,False,0.3835616438356164
Q16769,CHEMBL5416124,902,False,False,0.379746835443038
Q16769,CHEMBL5422902,902,False,False,0.3974358974358974
Q16769,CHEMBL5413978,902,False,False,0.4050632911392405
Q16769,CHEMBL5402529,902,False,False,0.41333333333333333
Q16769,CHEMBL5403557,902,False,False,0.3902439024390244
Q16769,CHEMBL5434053,902,False,False,0.38961038961038963
Q16769,CHEMBL5396759,902,False,False,0.38961038961038963
Q16769,CHEMBL5404640,902,False,False,0.4025974025974026
Q16769,CHEMBL5411871,902,False,False,0.4027777777777778
Q16769,CHEMBL5403701,902,False,False,0.3333333333333333
Q16769,CHEMBL5412373,902,False,False,0.36923076923076925
Q16769,CHEMBL5399860,902,False,False,0.39344262295081966
Q16769,CHEMBL5418046,902,False,False,0.36923076923076925
Q16769,CHEMBL5406211,902,False,False,0.39344262295081966
Q16769,CHEMBL5439681,902,False,False,0.39705882352941174
Q16769,CHEMBL5413227,902,False,False,0.35294117647058826
Q16769,CHEMBL5395317,902,False,False,0.33766233766233766
Q16769,CHEMBL5424881,902,False,False,0.38028169014084506
Q16769,CHEMBL5396368,902,False,False,0.35294117647058826
Q16769,CHEMBL5436993,902,False,False,0.36619718309859156
Q16769,CHEMBL5395945,902,False,False,0.3561643835616438
Q16769,CHEMBL5432131,902,False,False,0.33766233766233766
Q16769,CHEMBL5410629,902,False,False,0.375
Q16769,CHEMBL5432557,902,False,False,0.375
Q16769,CHEMBL5409837,902,False,False,0.4090909090909091
Q16769,CHEMBL5405586,902,False,False,0.38028169014084506
Q16769,CHEMBL5408371,902,False,False,0.36
Q16769,CHEMBL5417729,902,False,False,0.375
Q16769,CHEMBL5402699,902,False,False,0.3253012048192771
Q16769,CHEMBL5398463,902,False,False,0.3424657534246575
Q16769,CHEMBL5436334,902,False,False,0.38028169014084506
Q16769,CHEMBL5439156,902,False,False,0.379746835443038
Q16769,CHEMBL5437713,902,False,False,0.36
Q16769,CHEMBL5396027,902,False,False,0.38571428571428573
Q16769,CHEMBL5426638,902,False,False,0.375
Q16769,CHEMBL5421548,902,False,False,0.35526315789473684
Q16769,CHEMBL5440304,902,False,False,0.3466666666666667
Q16769,CHEMBL5409643,902,False,False,0.4461538461538462
Q16769,CHEMBL5425548,902,False,False,0.38571428571428573
Q16769,CHEMBL5425419,902,False,False,0.4090909090909091
Q16769,CHEMBL5403368,902,False,False,0.38571428571428573
Q16790,CHEMBL5418946,6291,False,False,0.5714285714285714
Q16790,CHEMBL5395028,6291,False,False,0.4528301886792453
Q16790,CHEMBL5408660,6291,False,False,0.45161290322580644
Q16790,CHEMBL5394136,6291,False,False,0.3968253968253968
Q16790,CHEMBL5428616,6291,False,False,0.5
Q16790,CHEMBL5411236,6291,False,False,0.45454545454545453
Q16790,CHEMBL5434644,6291,False,False,0.5535714285714286
Q16790,CHEMBL5418325,6291,False,False,0.5
Q16790,CHEMBL5418448,6291,False,False,0.625
Q16790,CHEMBL5396521,6291,False,False,0.49206349206349204
Q16790,CHEMBL5406454,6291,False,False,0.5471698113207547
Q16790,CHEMBL5415157,6291,False,False,0.44642857142857145
Q16790,CHEMBL5430687,6291,False,False,0.5636363636363636
Q16790,CHEMBL5402415,6291,False,False,0.43548387096774194
Q16790,CHEMBL5403443,6291,False,False,0.5625
Q16790,CHEMBL5423785,6291,False,False,0.43636363636363634
Q16790,CHEMBL5420806,6291,False,False,0.5471698113207547
Q16790,CHEMBL5408282,6291,False,False,0.5471698113207547
Q16790,CHEMBL5403015,6291,False,False,0.52
Q16790,CHEMBL5418584,6291,False,False,0.5
Q16790,CHEMBL5430954,6291,False,False,0.5272727272727272
Q16790,CHEMBL5398870,6291,False,False,0.6129032258064516
Q16790,CHEMBL5408801,6291,False,False,0.49019607843137253
Q16790,CHEMBL5427771,6291,False,False,0.59375
Q16790,CHEMBL5412006,6291,False,False,0.5238095238095238
Q16790,CHEMBL5408039,6291,False,False,0.4307692307692308
Q16790,CHEMBL5417623,6291,False,False,0.5
Q16790,CHEMBL5419120,6291,False,False,0.47619047619047616
Q16790,CHEMBL5419562,6291,False,False,0.4827586206896552
Q16790,CHEMBL5409839,6291,False,False,0.47058823529411764
Q16790,CHEMBL5406763,6291,False,False,0.5102040816326531
Q16790,CHEMBL5398527,6291,False,False,0.5961538461538461
Q16790,CHEMBL5398482,6291,False,False,0.47058823529411764
Q16790,CHEMBL5404478,6291,False,False,0.625
Q16790,CHEMBL5430744,6291,False,False,0.5263157894736842
Q16790,CHEMBL5404207,6291,False,False,0.4528301886792453
Q16790,CHEMBL5432122,6291,False,False,0.4426229508196721
Q16790,CHEMBL5400096,6291,False,False,0.4426229508196721
Q16790,CHEMBL5427772,6291,False,False,0.45454545454545453
Q16790,CHEMBL5439825,6291,False,False,0.45614035087719296
Q16790,CHEMBL5424006,6291,False,False,0.5753424657534246
Q16790,CHEMBL5419432,6291,False,False,0.4691358024691358
Q16790,CHEMBL5409853,6291,False,False,0.6333333333333333
Q16790,CHEMBL5418792,6291,False,False,0.31645569620253167
Q16790,CHEMBL5436128,6291,False,False,0.5
Q16790,CHEMBL5411012,6291,False,False,0.4393939393939394
Q16790,CHEMBL5427767,6291,False,False,0.3709677419354839
Q16790,CHEMBL5412673,6291,False,False,0.4444444444444444
Q16790,CHEMBL5413719,6291,False,False,0.42857142857142855
Q16790,CHEMBL5434757,6291,False,False,0.4375
Q16790,CHEMBL5398809,6291,False,False,0.35714285714285715
Q16790,CHEMBL5423264,6291,False,False,0.375
Q16790,CHEMBL5431226,6291,False,False,0.4142857142857143
Q16790,CHEMBL5400438,6291,False,False,0.4084507042253521
Q16790,CHEMBL5422561,6291,False,False,0.44642857142857145
Q16790,CHEMBL5422492,6291,False,False,0.5972222222222222
Q16790,CHEMBL5438275,6291,False,False,0.4084507042253521
Q16790,CHEMBL5411466,6291,False,False,0.4406779661016949
Q16790,CHEMBL5419182,6291,False,False,0.4878048780487805
Q16790,CHEMBL5428815,6291,False,False,0.6938775510204082
Q16790,CHEMBL5435073,6291,False,False,0.6842105263157895
Q16790,CHEMBL5438823,6291,False,False,0.5507246376811594
Q16790,CHEMBL5406041,6291,False,False,0.4090909090909091
Q16790,CHEMBL5402391,6291,False,False,0.5166666666666667
Q16790,CHEMBL5439068,6291,False,False,0.6727272727272727
Q16790,CHEMBL5406460,6291,False,False,0.5555555555555556
Q16790,CHEMBL5401486,6291,False,False,0.49230769230769234
Q16790,CHEMBL5424643,6291,False,False,0.5862068965517241
Q16790,CHEMBL5438359,6291,False,False,0.6949152542372882
Q16790,CHEMBL5395842,6291,False,False,0.5571428571428572
Q16790,CHEMBL5402861,6291,False,False,0.5
Q16790,CHEMBL5422807,6291,False,False,0.5
Q16790,CHEMBL5415701,6291,False,False,0.5365853658536586
Q16790,CHEMBL5417652,6291,False,False,0.52
Q16790,CHEMBL5430843,6291,False,False,0.4482758620689655
Q16790,CHEMBL5415971,6291,False,False,0.3793103448275862
Q16790,CHEMBL5434579,6291,False,False,0.38596491228070173
Q16790,CHEMBL5427495,6291,False,False,0.4426229508196721
Q16790,CHEMBL5396279,6291,False,False,0.39655172413793105
Q16790,CHEMBL5427064,6291,False,False,0.45454545454545453
Q16790,CHEMBL5434717,6291,False,False,0.39285714285714285
Q16790,CHEMBL5405313,6291,False,False,0.5576923076923077
Q16790,CHEMBL5428119,6291,False,False,0.5686274509803921
Q16790,CHEMBL5399497,6291,False,False,0.5254237288135594
Q16790,CHEMBL5406828,6291,False,False,0.5370370370370371
Q16790,CHEMBL5421787,6291,False,False,0.5471698113207547
Q16790,CHEMBL5410832,6291,False,False,0.5660377358490566
Q16790,CHEMBL5396229,6291,False,False,0.5333333333333333
Q16790,CHEMBL5400915,6291,False,False,0.4528301886792453
Q16790,CHEMBL5409485,6291,False,False,0.5806451612903226
Q16790,CHEMBL5411876,6291,False,False,0.52
Q16790,CHEMBL5430806,6291,False,False,0.4878048780487805
Q16790,CHEMBL5427215,6291,False,False,0.39655172413793105
Q16790,CHEMBL5418987,6291,False,False,0.39344262295081966
Q16790,CHEMBL5417966,6291,False,False,0.5476190476190477
Q16790,CHEMBL5427397,6291,False,False,0.5098039215686274
Q16790,CHEMBL5393899,6291,False,False,0.4861111111111111
Q16790,CHEMBL5416640,6291,False,False,0.5897435897435898
Q16790,CHEMBL5399753,6291,False,False,0.8085106382978723
Q16790,CHEMBL5432003,6291,False,False,0.6739130434782609
Q16790,CHEMBL5399026,6291,False,False,0.6739130434782609
Q16790,CHEMBL5413773,6291,False,False,0.5490196078431373
Q16790,CHEMBL5416330,6291,False,False,0.509090909090909
Q16790,CHEMBL5429247,6291,False,False,0.625
Q16790,CHEMBL5438146,6291,False,False,0.5471698113207547
Q16790,CHEMBL5400590,6291,False,False,0.625
Q16790,CHEMBL5423705,6291,False,False,0.6666666666666666
Q16790,CHEMBL5420340,6291,False,False,0.5740740740740741
Q16790,CHEMBL5422630,6291,False,False,0.45569620253164556
Q16790,CHEMBL5412024,6291,False,False,0.3522727272727273
Q16790,CHEMBL5424738,6291,False,False,0.4915254237288136
Q16790,CHEMBL5423986,6291,False,False,0.45454545454545453
Q16790,CHEMBL5423626,6291,False,False,0.37777777777777777
Q16790,CHEMBL5407099,6291,False,False,0.375
Q16790,CHEMBL5439232,6291,False,False,0.47619047619047616
Q16790,CHEMBL5412326,6291,False,False,0.38636363636363635
Q16790,CHEMBL5404854,6291,False,False,0.35135135135135137
Q16790,CHEMBL5434475,6291,False,False,0.38461538461538464
Q16790,CHEMBL5398061,6291,False,False,0.41935483870967744
Q16790,CHEMBL5422153,6291,False,False,0.44776119402985076
Q16790,CHEMBL5395857,6291,False,False,0.4142857142857143
Q16790,CHEMBL5397659,6291,False,False,0.5084745762711864
Q16790,CHEMBL5419752,6291,False,False,0.5692307692307692
Q16790,CHEMBL5404038,6291,False,False,0.5645161290322581
Q16790,CHEMBL5439318,6291,False,False,0.4603174603174603
Q16790,CHEMBL5405279,6291,False,False,0.5
Q16790,CHEMBL5437142,6291,False,False,0.5344827586206896
Q16790,CHEMBL5420020,6291,False,False,0.4745762711864407
Q16790,CHEMBL5432770,6291,False,False,0.4393939393939394
Q16790,CHEMBL5395679,6291,False,False,0.45901639344262296
Q16790,CHEMBL5424727,6291,False,False,0.4745762711864407
Q16790,CHEMBL5425125,6291,False,False,0.375
Q16790,CHEMBL5412351,6291,False,False,0.5
Q16790,CHEMBL5424664,6291,False,False,0.4918032786885246
Q16790,CHEMBL5420931,6291,False,False,0.4852941176470588
Q16790,CHEMBL5417084,6291,False,False,0.44776119402985076
Q16790,CHEMBL5430482,6291,False,False,0.4142857142857143
Q16790,CHEMBL5414077,6291,False,False,0.5084745762711864
Q16790,CHEMBL5402143,6291,False,False,0.5692307692307692
Q16790,CHEMBL5426216,6291,False,False,0.5645161290322581
Q16790,CHEMBL5413021,6291,False,False,0.4603174603174603
Q16790,CHEMBL5402145,6291,False,False,0.5
Q16790,CHEMBL5438010,6291,False,False,0.5344827586206896
Q16790,CHEMBL5421531,6291,False,False,0.4745762711864407
Q16790,CHEMBL5411936,6291,False,False,0.4393939393939394
Q16790,CHEMBL5419447,6291,False,False,0.45901639344262296
Q16790,CHEMBL5396393,6291,False,False,0.4745762711864407
Q16790,CHEMBL5409658,6291,False,False,0.375
Q16790,CHEMBL5413693,6291,False,False,0.5
Q16790,CHEMBL5429073,6291,False,False,0.4918032786885246
Q16790,CHEMBL5401434,6291,False,False,0.4852941176470588
Q16790,CHEMBL5402497,6291,False,False,0.5081967213114754
Q16790,CHEMBL5412870,6291,False,False,0.4909090909090909
Q16790,CHEMBL5432551,6291,False,False,0.49056603773584906
Q16790,CHEMBL5419500,6291,False,False,0.5614035087719298
Q16790,CHEMBL5420864,6291,False,False,0.6851851851851852
Q16790,CHEMBL5432940,6291,False,False,0.5714285714285714
Q16790,CHEMBL5402055,6291,False,False,0.6538461538461539
Q16790,CHEMBL5419817,6291,False,False,0.62
Q16790,CHEMBL5422706,6291,False,False,0.6451612903225806
Q16790,CHEMBL5425202,6291,False,False,0.5
Q16790,CHEMBL5433765,6291,False,False,0.6140350877192983
Q16790,CHEMBL5420539,6291,False,False,0.6451612903225806
Q16790,CHEMBL5395423,6291,False,False,0.5
Q16790,CHEMBL5407842,6291,False,False,0.609375
Q16790,CHEMBL5396530,6291,False,False,0.576271186440678
Q16790,CHEMBL5397521,6291,False,False,0.609375
Q16790,CHEMBL5395274,6291,False,False,0.45161290322580644
Q16790,CHEMBL5407876,6291,False,False,0.44642857142857145
Q16790,CHEMBL5430374,6291,False,False,0.4909090909090909
Q16790,CHEMBL5403578,6291,False,False,0.4528301886792453
Q16790,CHEMBL5439016,6291,False,False,0.4444444444444444
Q16790,CHEMBL5430474,6291,False,False,0.4716981132075472
Q16790,CHEMBL5439521,6291,False,False,0.36065573770491804
Q16790,CHEMBL5399974,6291,False,False,0.38095238095238093
Q16790,CHEMBL5420429,6291,False,False,0.6271186440677966
Q16790,CHEMBL5414672,6291,False,False,0.5671641791044776
Q16790,CHEMBL5413921,6291,False,False,0.5757575757575758
Q16790,CHEMBL5423604,6291,False,False,0.59375
Q16790,CHEMBL5436862,6291,False,False,0.6065573770491803
Q16790,CHEMBL5422102,6291,False,False,0.5277777777777778
Q16790,CHEMBL5406077,6291,False,False,0.42028985507246375
Q16790,CHEMBL5440906,6291,False,False,0.5161290322580645
Q16790,CHEMBL5440763,6291,False,False,0.49206349206349204
Q16790,CHEMBL5436282,6291,False,False,0.4909090909090909
Q16790,CHEMBL5411702,6291,False,False,0.5161290322580645
Q16790,CHEMBL5414836,6291,False,False,0.49206349206349204
Q16790,CHEMBL5399204,6291,False,False,0.5072463768115942
Q16790,CHEMBL5433154,6291,False,False,0.5147058823529411
Q16790,CHEMBL5409881,6291,False,False,0.5555555555555556
Q16790,CHEMBL5403938,6291,False,False,0.5072463768115942
Q16790,CHEMBL5421790,6291,False,False,0.5147058823529411
Q16790,CHEMBL5432812,6291,False,False,0.5535714285714286
Q16790,CHEMBL5408885,6291,False,False,0.6825396825396826
Q16790,CHEMBL5403077,6291,False,False,0.5866666666666667
Q16790,CHEMBL5420858,6291,False,False,0.5507246376811594
Q16790,CHEMBL5396677,6291,False,False,0.5277777777777778
Q16790,CHEMBL5413403,6291,False,False,0.6153846153846154
Q16790,CHEMBL5422467,6291,False,False,0.5294117647058824
Q16790,CHEMBL5417595,6291,False,False,0.35365853658536583
Q16790,CHEMBL5402892,6291,False,False,0.6885245901639344
Q16790,CHEMBL5421078,6291,False,False,0.4482758620689655
Q16790,CHEMBL5435151,6291,False,False,0.45614035087719296
Q16790,CHEMBL5404239,6291,False,False,0.5166666666666667
Q16790,CHEMBL5440220,6291,False,False,0.5
Q16790,CHEMBL5400662,6291,False,False,0.5
Q16790,CHEMBL5436091,6291,False,False,0.4
Q16790,CHEMBL5415766,6291,False,False,0.45454545454545453
Q16790,CHEMBL5431518,6291,False,False,0.5454545454545454
Q72547,CHEMBL5437102,8178,False,False,0.647887323943662
Q72547,CHEMBL5403361,8178,False,False,0.65625
Q72547,CHEMBL5430724,8178,False,False,0.8765432098765432
Q72547,CHEMBL5436123,8178,False,False,0.75
Q72547,CHEMBL5414170,8178,False,False,0.8333333333333334
Q72547,CHEMBL5421863,8178,False,False,0.5576923076923077
Q72547,CHEMBL5434567,8178,False,False,0.6231884057971014
Q72547,CHEMBL5408036,8178,False,False,0.582089552238806
Q72547,CHEMBL5432589,8178,False,False,0.6307692307692307
Q72547,CHEMBL5421732,8178,False,False,0.6129032258064516
Q72547,CHEMBL5421328,8178,False,False,0.5694444444444444
Q72547,CHEMBL5425978,8178,False,False,0.4915254237288136
Q72547,CHEMBL5411806,8178,False,False,0.5084745762711864
Q72547,CHEMBL5410504,8178,False,False,0.609375
Q72547,CHEMBL5412355,8178,False,False,0.6075949367088608
Q72547,CHEMBL5414542,8178,False,False,0.6268656716417911
Q72547,CHEMBL5434973,8178,False,False,0.47959183673469385
Q72547,CHEMBL5413052,8178,False,False,0.684931506849315
Q72547,CHEMBL5423721,8178,False,False,0.6575342465753424
Q72547,CHEMBL5433252,8178,False,False,0.6229508196721312
Q72547,CHEMBL5409892,8178,False,False,0.6176470588235294
Q72547,CHEMBL5437826,8178,False,False,0.6538461538461539
Q72547,CHEMBL5422714,8178,False,False,0.6746987951807228
Q72547,CHEMBL5395311,8178,False,False,0.6829268292682927
Q72547,CHEMBL5434585,8178,False,False,0.8285714285714286
Q72547,CHEMBL5402197,8178,False,False,0.6867469879518072
Q72547,CHEMBL5433859,8178,False,False,0.7468354430379747
Q72547,CHEMBL5417744,8178,False,False,0.725
Q72547,CHEMBL5403961,8178,False,False,0.6
Q72547,CHEMBL5412702,8178,False,False,0.6610169491525424
Q72547,CHEMBL5399229,8178,False,False,0.6101694915254238
Q72547,CHEMBL5408567,8178,False,False,0.5465116279069767
Q72547,CHEMBL5429169,8178,False,False,0.5164835164835165
Q72547,CHEMBL5410024,8178,False,False,0.5280898876404494
Q72547,CHEMBL5431470,8178,False,False,0.5454545454545454
Q72547,CHEMBL5400728,8178,False,False,0.5465116279069767
Q72547,CHEMBL5423082,8178,False,False,0.5454545454545454
Q72547,CHEMBL5437686,8178,False,False,0.5274725274725275
Q72547,CHEMBL5409403,8178,False,False,0.5444444444444444
Q72547,CHEMBL5429742,8178,False,False,0.5454545454545454
Q72547,CHEMBL5418006,8178,False,False,0.5454545454545454
Q72547,CHEMBL5394722,8178,False,False,0.5517241379310345
Q72547,CHEMBL5438340,8178,False,False,0.5662650602409639
Q72547,CHEMBL5395031,8178,False,False,0.5909090909090909
Q72547,CHEMBL5399049,8178,False,False,0.6301369863013698
Q72547,CHEMBL5432145,8178,False,False,0.5921052631578947
Q72547,CHEMBL5402427,8178,False,False,0.5921052631578947
Q72547,CHEMBL5440501,8178,False,False,0.5844155844155844
Q72547,CHEMBL5400007,8178,False,False,0.6533333333333333
Q72547,CHEMBL5414641,8178,False,False,0.5714285714285714
Q72547,CHEMBL5404246,8178,False,False,0.5652173913043478
Q72547,CHEMBL5432180,8178,False,False,0.6271186440677966
Q72547,CHEMBL5437697,8178,False,False,0.6307692307692307
Q72547,CHEMBL5420999,8178,False,False,0.6166666666666667
Q72547,CHEMBL5422435,8178,False,False,0.6593406593406593
Q72547,CHEMBL5418212,8178,False,False,0.6777777777777778
Q72547,CHEMBL5423259,8178,False,False,0.5851063829787234
Q72547,CHEMBL5395688,8178,False,False,0.5913978494623656
Q72547,CHEMBL5427806,8178,False,False,0.6555555555555556
Q72547,CHEMBL5423899,8178,False,False,0.6741573033707865
Q72547,CHEMBL5412214,8178,False,False,0.8658536585365854
Q72547,CHEMBL5437547,8178,False,False,0.8875
Q72547,CHEMBL5433313,8178,False,False,0.8765432098765432
Q72547,CHEMBL5406818,8178,False,False,0.8045977011494253
Q72547,CHEMBL5394413,8178,False,False,0.813953488372093
Q72547,CHEMBL5416739,8178,False,False,0.8235294117647058
Q72547,CHEMBL5425657,8178,False,False,0.8235294117647058
Q72547,CHEMBL5414892,8178,False,False,0.7906976744186046
Q72547,CHEMBL5420480,8178,False,False,0.8
Q72547,CHEMBL5436275,8178,False,False,0.8
Q72547,CHEMBL5428608,8178,False,False,0.7647058823529411
Q72547,CHEMBL5414233,8178,False,False,0.7951807228915663
Q72547,CHEMBL5419074,8178,False,False,0.7647058823529411
Q72547,CHEMBL5420519,8178,False,False,0.7111111111111111
Q72547,CHEMBL5428814,8178,False,False,0.7191011235955056
Q72547,CHEMBL5421253,8178,False,False,0.7386363636363636
Q72547,CHEMBL5414371,8178,False,False,0.7191011235955056
Q72547,CHEMBL5424986,8178,False,False,0.6966292134831461
Q72547,CHEMBL5414187,8178,False,False,0.7159090909090909
Q72547,CHEMBL5411923,8178,False,False,0.7159090909090909
Q72547,CHEMBL5405899,8178,False,False,0.8641975308641975
Q72547,CHEMBL5413532,8178,False,False,0.8860759493670886
Q72547,CHEMBL5419852,8178,False,False,0.8641975308641975
Q72547,CHEMBL5410815,8178,False,False,0.8023255813953488
Q72547,CHEMBL5422872,8178,False,False,0.8117647058823529
Q72547,CHEMBL5407066,8178,False,False,0.8214285714285714
Q72547,CHEMBL5440777,8178,False,False,0.8117647058823529
Q72547,CHEMBL5409981,8178,False,False,0.788235294117647
Q72547,CHEMBL5402386,8178,False,False,0.7976190476190477
Q72547,CHEMBL5406045,8178,False,False,0.7976190476190477
Q72547,CHEMBL5394292,8178,False,False,0.5697674418604651
Q72547,CHEMBL5398028,8178,False,False,0.6746987951807228
Q72547,CHEMBL5405694,8178,False,False,0.7894736842105263
Q72547,CHEMBL5427373,8178,False,False,0.7866666666666666
Q72547,CHEMBL5438875,8178,False,False,0.7228915662650602
Q72547,CHEMBL5398376,8178,False,False,0.7464788732394366
Q72547,CHEMBL5436397,8178,False,False,0.6625
Q72547,CHEMBL5440503,8178,False,False,0.6794871794871795
Q72547,CHEMBL5417309,8178,False,False,0.6794871794871795
Q72547,CHEMBL5422808,8178,False,False,0.5760869565217391
Q72547,CHEMBL5398615,8178,False,False,0.5054945054945055
Q72547,CHEMBL5404869,8178,False,False,0.59
Q72547,CHEMBL5407600,8178,False,False,0.5
Q72547,CHEMBL5438525,8178,False,False,0.5698924731182796
Q72547,CHEMBL5434689,8178,False,False,0.5531914893617021
Q72547,CHEMBL5409172,8178,False,False,0.5154639175257731
Q72547,CHEMBL5425807,8178,False,False,0.7209302325581395
Q72547,CHEMBL5409149,8178,False,False,0.5777777777777777
Q72547,CHEMBL5413794,8178,False,False,0.6333333333333333
Q72547,CHEMBL5419737,8178,False,False,0.7209302325581395
Q72547,CHEMBL5402296,8178,False,False,0.47058823529411764
Q72547,CHEMBL5418677,8178,False,False,0.5774647887323944
Q72547,CHEMBL5437574,8178,False,False,0.6774193548387096
Q72547,CHEMBL5425655,8178,False,False,0.6
Q72547,CHEMBL5423202,8178,False,False,0.6268656716417911
Q72547,CHEMBL5424824,8178,False,False,0.5915492957746479
Q72547,CHEMBL5419445,8178,False,False,0.6268656716417911
Q72547,CHEMBL5411228,8178,False,False,0.5753424657534246
Q72547,CHEMBL5414646,8178,False,False,0.6
Q72547,CHEMBL5433492,8178,False,False,0.5675675675675675
Q72547,CHEMBL5427832,8178,False,False,0.6417910447761194
Q72547,CHEMBL5436945,8178,False,False,0.6708860759493671
Q72547,CHEMBL5401976,8178,False,False,0.7352941176470589
Q72547,CHEMBL5410294,8178,False,False,0.6708860759493671
Q72547,CHEMBL5411966,8178,False,False,0.6666666666666666
Q72547,CHEMBL5424039,8178,False,False,0.6666666666666666
Q72547,CHEMBL5435797,8178,False,False,0.6666666666666666
Q72547,CHEMBL5425407,8178,False,False,0.7222222222222222
Q72547,CHEMBL5418664,8178,False,False,0.7017543859649122
Q72547,CHEMBL5406223,8178,False,False,0.5340909090909091
Q72547,CHEMBL5412399,8178,False,False,0.6461538461538462
Q72547,CHEMBL5434617,8178,False,False,0.5901639344262295
Q72547,CHEMBL5394882,8178,False,False,0.6166666666666667
Q72547,CHEMBL5440098,8178,False,False,0.7222222222222222
Q72547,CHEMBL5426992,8178,False,False,0.631578947368421
Q72547,CHEMBL5432569,8178,False,False,0.5517241379310345
Q72547,CHEMBL5417655,8178,False,False,0.5581395348837209
Q72547,CHEMBL5402928,8178,False,False,0.6607142857142857
Q72547,CHEMBL5401719,8178,False,False,0.3333333333333333
Q72547,CHEMBL5418820,8178,False,False,0.34328358208955223
Q72547,CHEMBL5436724,8178,False,False,0.6
Q72547,CHEMBL5399525,8178,False,False,0.6065573770491803
Q72547,CHEMBL5438481,8178,False,False,0.6065573770491803
Q72547,CHEMBL5440205,8178,False,False,0.43548387096774194
Q72547,CHEMBL5432899,8178,False,False,0.2903225806451613
Q72547,CHEMBL5415230,8178,False,False,0.603448275862069
Q72547,CHEMBL5421746,8178,False,False,0.6140350877192983
Q72547,CHEMBL5403318,8178,False,False,0.6491228070175439
Q72547,CHEMBL5433357,8178,False,False,0.5645161290322581
Q72547,CHEMBL5402037,8178,False,False,0.6491228070175439
Q72547,CHEMBL5397134,8178,False,False,0.6909090909090909
Q72547,CHEMBL5405381,8178,False,False,0.6909090909090909
Q72547,CHEMBL5404887,8178,False,False,0.5645161290322581
Q72547,CHEMBL5408091,8178,False,False,0.5645161290322581
Q72547,CHEMBL5429586,8178,False,False,0.6551724137931034
Q72547,CHEMBL5419176,8178,False,False,0.6551724137931034
Q72547,CHEMBL5434133,8178,False,False,0.5737704918032787
Q72547,CHEMBL5413955,8178,False,False,0.6551724137931034
Q72547,CHEMBL5409916,8178,False,False,0.5737704918032787
Q72547,CHEMBL5402178,8178,False,False,0.603448275862069
Q72547,CHEMBL5421562,8178,False,False,0.603448275862069
Q72547,CHEMBL5400179,8178,False,False,0.603448275862069
Q72547,CHEMBL5435646,8178,False,False,0.5932203389830508
Q72547,CHEMBL5427921,8178,False,False,0.6909090909090909
Q92630,CHEMBL5405426,1416,False,False,0.7323943661971831
Q92630,CHEMBL5422366,1416,False,False,0.6666666666666666
Q92630,CHEMBL5404150,1416,False,False,0.8769230769230769
Q92630,CHEMBL5402534,1416,False,False,0.7361111111111112
Q92630,CHEMBL5408179,1416,False,False,0.7083333333333334
Q92630,CHEMBL5395194,1416,False,False,0.6753246753246753
Q92630,CHEMBL5414801,1416,False,False,0.8947368421052632
Q92630,CHEMBL5429707,1416,False,False,0.625
Q92630,CHEMBL5428562,1416,False,False,0.625
Q92630,CHEMBL5432405,1416,False,False,0.5441176470588235
Q92630,CHEMBL5429359,1416,False,False,0.34615384615384615
Q92630,CHEMBL5396081,1416,False,False,0.7540983606557377
Q92630,CHEMBL5429086,1416,False,False,0.7758620689655172
Q92630,CHEMBL5416942,1416,False,False,0.8666666666666667
Q92630,CHEMBL5421679,1416,False,False,0.8695652173913043
Q92630,CHEMBL5435495,1416,False,False,0.7627118644067796
Q92630,CHEMBL5420049,1416,False,False,0.7123287671232876
Q92630,CHEMBL5426556,1416,False,False,0.8636363636363636
Q92630,CHEMBL5407520,1416,False,False,0.875
Q92630,CHEMBL5422059,1416,False,False,0.7297297297297297
Q92630,CHEMBL5408710,1416,False,False,0.6153846153846154
Q92630,CHEMBL5429972,1416,False,False,0.6266666666666667
Q92630,CHEMBL5422765,1416,False,False,0.6923076923076923
Q92630,CHEMBL5411017,1416,False,False,0.8805970149253731
Q92630,CHEMBL5402420,1416,False,False,0.8636363636363636
Q92630,CHEMBL5404416,1416,False,False,0.6440677966101694
Q92630,CHEMBL5405572,1416,False,False,0.6065573770491803
Q92630,CHEMBL5394613,1416,False,False,0.6440677966101694
Q92630,CHEMBL5420724,1416,False,False,0.6730769230769231
Q92630,CHEMBL5437222,1416,False,False,0.6440677966101694
Q92630,CHEMBL5422413,1416,False,False,0.5901639344262295
Q92630,CHEMBL5419006,1416,False,False,0.6551724137931034
Q92630,CHEMBL5395680,1416,False,False,0.8235294117647058
Q92630,CHEMBL5408457,1416,False,False,0.6440677966101694
Q92630,CHEMBL5413427,1416,False,False,0.5901639344262295
Q92630,CHEMBL5410991,1416,False,False,0.8235294117647058
Q92630,CHEMBL5428651,1416,False,False,0.6825396825396826
Q92630,CHEMBL5422936,1416,False,False,0.8181818181818182
Q92769,CHEMBL5395245,7014,False,False,0.5396825396825397
Q92769,CHEMBL5401232,7014,False,False,0.5151515151515151
Q92769,CHEMBL5397465,7014,False,False,0.5483870967741935
Q92769,CHEMBL5420438,7014,False,False,0.5230769230769231
Q92769,CHEMBL5407807,7014,False,False,0.5869565217391305
Q92769,CHEMBL5413269,7014,False,False,0.8461538461538461
Q92769,CHEMBL5439517,7014,False,False,0.4927536231884058
Q92769,CHEMBL5416731,7014,False,False,0.6666666666666666
Q92769,CHEMBL5422534,7014,False,False,0.3875
Q92769,CHEMBL5405779,7014,False,False,0.4166666666666667
Q92769,CHEMBL5437683,7014,False,False,0.5394736842105263
Q92769,CHEMBL5425203,7014,False,False,0.5287356321839081
Q92769,CHEMBL5423994,7014,False,False,0.44680851063829785
Q92769,CHEMBL5436930,7014,False,False,0.589041095890411
Q92769,CHEMBL5434546,7014,False,False,0.4696969696969697
Q92769,CHEMBL5413000,7014,False,False,0.7068965517241379
Q92769,CHEMBL5410652,7014,False,False,0.35106382978723405
Q92769,CHEMBL5440192,7014,False,False,0.3944954128440367
Q92769,CHEMBL5411914,7014,False,False,0.56
Q92769,CHEMBL5400421,7014,False,False,0.5873015873015873
Q92769,CHEMBL5412725,7014,False,False,0.6296296296296297
Q92769,CHEMBL5415050,7014,False,False,0.5483870967741935
Q92769,CHEMBL5396565,7014,False,False,0.53125
Q92769,CHEMBL5411315,7014,False,False,0.5074626865671642
Q92769,CHEMBL5417416,7014,False,False,0.5217391304347826
Q92769,CHEMBL5425253,7014,False,False,0.5217391304347826
Q92769,CHEMBL5431412,7014,False,False,0.640625
Q92769,CHEMBL5407714,7014,False,False,0.5901639344262295
Q92769,CHEMBL5404793,7014,False,False,0.640625
Q92769,CHEMBL5403777,7014,False,False,0.5454545454545454
Q92769,CHEMBL5433049,7014,False,False,0.5454545454545454
Q92769,CHEMBL5408299,7014,False,False,0.5454545454545454
Q92769,CHEMBL5415232,7014,False,False,0.5555555555555556
Q92769,CHEMBL5414971,7014,False,False,0.4868421052631579
Q92769,CHEMBL5432574,7014,False,False,0.5873015873015873
Q92769,CHEMBL5436873,7014,False,False,0.5522388059701493
Q92769,CHEMBL5434895,7014,False,False,0.5471698113207547
Q92769,CHEMBL5416448,7014,False,False,0.64
Q92769,CHEMBL5436104,7014,False,False,0.4852941176470588
Q92769,CHEMBL5430740,7014,False,False,0.5151515151515151
Q92769,CHEMBL5424224,7014,False,False,0.576271186440678
Q92918,CHEMBL5394698,732,False,False,0.4235294117647059
Q92918,CHEMBL5405626,732,False,False,0.4
Q92918,CHEMBL5400089,732,False,False,0.3829787234042553
Q92918,CHEMBL5395026,732,False,False,0.41379310344827586
Q92918,CHEMBL5420572,732,False,False,0.5074626865671642
Q92918,CHEMBL5436785,732,False,False,0.6463414634146342
Q92918,CHEMBL5420367,732,False,False,0.7974683544303798
Q92918,CHEMBL5421713,732,False,False,0.654320987654321
Q92918,CHEMBL5438517,732,False,False,0.654320987654321
Q92918,CHEMBL5430314,732,False,False,0.5930232558139535
Q92918,CHEMBL5406326,732,False,False,0.6385542168674698
Q92918,CHEMBL5435769,732,False,False,0.675
Q92918,CHEMBL5400921,732,False,False,0.6707317073170732
Q92918,CHEMBL5403097,732,False,False,0.7837837837837838
Q92918,CHEMBL5404996,732,False,False,0.6265060240963856
Q92918,CHEMBL5422210,732,False,False,0.6352941176470588
Q92918,CHEMBL5417283,732,False,False,0.6111111111111112
Q92918,CHEMBL5439789,732,False,False,0.6428571428571429
Q92918,CHEMBL5434634,732,False,False,0.611764705882353
Q92918,CHEMBL5410537,732,False,False,0.6419753086419753
Q92918,CHEMBL5401436,732,False,False,0.32673267326732675
Q92918,CHEMBL5422718,732,False,False,0.29906542056074764
Q92918,CHEMBL5394328,732,False,False,0.5074626865671642
Q92918,CHEMBL5435303,732,False,False,0.3404255319148936
Q92918,CHEMBL5412260,732,False,False,0.34444444444444444
Q92918,CHEMBL5417139,732,False,False,0.23684210526315788
Q92918,CHEMBL5425762,732,False,False,0.33695652173913043
Q92918,CHEMBL5407643,732,False,False,0.35802469135802467
Q92918,CHEMBL5417277,732,False,False,0.5538461538461539
Q92918,CHEMBL5403001,732,False,False,0.5538461538461539
Q92918,CHEMBL5419396,732,False,False,0.5538461538461539
Q92918,CHEMBL5426989,732,False,False,0.5294117647058824
Q92918,CHEMBL5396877,732,False,False,0.5072463768115942
Q92918,CHEMBL5406645,732,False,False,0.5223880597014925
Q92918,CHEMBL5441105,732,False,False,0.53125
Q92918,CHEMBL5412772,732,False,False,0.4927536231884058
Q92918,CHEMBL5417927,732,False,False,0.5
Q92918,CHEMBL5440880,732,False,False,0.4583333333333333
Q92918,CHEMBL5431039,732,False,False,0.5
Q92918,CHEMBL5430021,732,False,False,0.5692307692307692
Q92918,CHEMBL5425004,732,False,False,0.4925373134328358
Q92918,CHEMBL5440958,732,False,False,0.4927536231884058
Q92918,CHEMBL5412652,732,False,False,0.4647887323943662
Q92918,CHEMBL5401062,732,False,False,0.6067415730337079
Q92918,CHEMBL5423834,732,False,False,0.2807017543859649
Q92918,CHEMBL5395728,732,False,False,0.4479166666666667
Q92918,CHEMBL5413114,732,False,False,0.3838383838383838
Q92918,CHEMBL5434929,732,False,False,0.3877551020408163
Q92918,CHEMBL5396756,732,False,False,0.35106382978723405
Q92918,CHEMBL5415834,732,False,False,0.34375
Q92918,CHEMBL5425905,732,False,False,0.358695652173913
Q92918,CHEMBL5394674,732,False,False,0.35106382978723405
Q92918,CHEMBL5407935,732,False,False,0.34146341463414637
Q92918,CHEMBL5439094,732,False,False,0.4174757281553398
Q92918,CHEMBL5395011,732,False,False,0.3125
Q92918,CHEMBL5405678,732,False,False,0.6986301369863014
Q92918,CHEMBL5438038,732,False,False,0.45454545454545453
Q92918,CHEMBL5410905,732,False,False,0.49473684210526314
Q92918,CHEMBL5419415,732,False,False,0.5268817204301075
Q92918,CHEMBL5404423,732,False,False,0.5783132530120482
Q92918,CHEMBL5396262,732,False,False,0.5268817204301075
Q92918,CHEMBL5408991,732,False,False,0.34579439252336447
Q92918,CHEMBL5424570,732,False,False,0.4788732394366197
Q92918,CHEMBL5408958,732,False,False,0.4647887323943662
Q92918,CHEMBL5420011,732,False,False,0.3548387096774194
Q92918,CHEMBL5435641,732,False,False,0.5783132530120482
Q92918,CHEMBL5437932,732,False,False,0.2636363636363636
Q92918,CHEMBL5415661,732,False,False,0.2702702702702703
Q92918,CHEMBL5418420,732,False,False,0.24242424242424243
Q92918,CHEMBL5435406,732,False,False,0.24691358024691357
Q92918,CHEMBL5414886,732,False,False,0.2857142857142857
Q92918,CHEMBL5397939,732,False,False,0.3448275862068966
Q92918,CHEMBL5435524,732,False,False,0.336734693877551
Q92918,CHEMBL5410242,732,False,False,0.3473684210526316
Q92918,CHEMBL5403804,732,False,False,0.33
Q92918,CHEMBL5429757,732,False,False,0.3402061855670103
Q92918,CHEMBL5432400,732,False,False,0.3473684210526316
Q92918,CHEMBL5426390,732,False,False,0.40476190476190477
Q92918,CHEMBL5426604,732,False,False,0.3953488372093023
Q92918,CHEMBL5436318,732,False,False,0.39080459770114945
Q92918,CHEMBL5397265,732,False,False,0.3563218390804598
Q92918,CHEMBL5402971,732,False,False,0.4166666666666667
Q92918,CHEMBL5414817,732,False,False,0.3404255319148936
Q92918,CHEMBL5424107,732,False,False,0.3595505617977528
Q92918,CHEMBL5425514,732,False,False,0.3448275862068966
Q92918,CHEMBL5422788,732,False,False,0.3473684210526316
Q92918,CHEMBL5399247,732,False,False,0.3037974683544304
Q92918,CHEMBL5411794,732,False,False,0.4342105263157895
Q92918,CHEMBL5439204,732,False,False,0.5
Q92918,CHEMBL5437246,732,False,False,0.4925373134328358
Q92918,CHEMBL5406408,732,False,False,0.34146341463414637
Q92918,CHEMBL5395638,732,False,False,0.35
Q92918,CHEMBL5418553,732,False,False,0.34146341463414637
Q92918,CHEMBL5400101,732,False,False,0.3670886075949367
Q92918,CHEMBL5420868,732,False,False,0.4
Q92918,CHEMBL5420652,732,False,False,0.42105263157894735
Q92918,CHEMBL5417747,732,False,False,0.4157303370786517
Q92918,CHEMBL5423968,732,False,False,0.4186046511627907
Q92918,CHEMBL5428695,732,False,False,0.4044943820224719
Q92918,CHEMBL5421672,732,False,False,0.4318181818181818
Q92918,CHEMBL5420966,732,False,False,0.3977272727272727
Q92918,CHEMBL5409078,732,False,False,0.4069767441860465
Q92918,CHEMBL5401088,732,False,False,0.3977272727272727
Q92918,CHEMBL5424400,732,False,False,0.4157303370786517
Q92918,CHEMBL5428265,732,False,False,0.25
Q92918,CHEMBL5408268,732,False,False,0.33766233766233766
Q92918,CHEMBL5401820,732,False,False,0.4044943820224719
Q92918,CHEMBL5427316,732,False,False,0.39361702127659576
Q92918,CHEMBL5396156,732,False,False,0.37755102040816324
Q92918,CHEMBL5411660,732,False,False,0.4647887323943662
Q92918,CHEMBL5407240,732,False,False,0.5
Q92918,CHEMBL5404053,732,False,False,0.5
Q92918,CHEMBL5426590,732,False,False,0.4925373134328358
Q92918,CHEMBL5412533,732,False,False,0.34408602150537637
Q92918,CHEMBL5418285,732,False,False,0.7837837837837838
Q92918,CHEMBL5401560,732,False,False,0.3013698630136986
Q92918,CHEMBL5403199,732,False,False,0.2413793103448276
Q92918,CHEMBL5432432,732,False,False,0.2692307692307692
Q92918,CHEMBL5432826,732,False,False,0.27184466019417475
Q92918,CHEMBL5407530,732,False,False,0.2545454545454545
Q92918,CHEMBL5400234,732,False,False,0.24528301886792453
Q92918,CHEMBL5409588,732,False,False,0.27450980392156865
Q92918,CHEMBL5420397,732,False,False,0.2621359223300971
Q92918,CHEMBL5416894,732,False,False,0.25
Q92918,CHEMBL5439779,732,False,False,0.2823529411764706
Q92918,CHEMBL5404690,732,False,False,0.30120481927710846
Q92918,CHEMBL5397290,732,False,False,0.24742268041237114
Q92918,CHEMBL5435589,732,False,False,0.22772277227722773
Q92918,CHEMBL5425744,732,False,False,0.27472527472527475
Q92918,CHEMBL5439912,732,False,False,0.24347826086956523
Q92918,CHEMBL5417963,732,False,False,0.36363636363636365
Q92918,CHEMBL5419222,732,False,False,0.23809523809523808
Q92918,CHEMBL5409616,732,False,False,0.3194444444444444
Q92918,CHEMBL5421610,732,False,False,0.26582278481012656
Q96P20,CHEMBL5401920,499,False,False,0.2608695652173913
Q96P20,CHEMBL5413125,499,False,False,0.45454545454545453
Q96P20,CHEMBL5399888,499,False,False,0.6363636363636364
Q96P20,CHEMBL5397039,499,False,False,0.5666666666666667
Q96P20,CHEMBL5415086,499,False,False,0.2535211267605634
Q96P20,CHEMBL5432363,499,False,False,0.18072289156626506
Q96P20,CHEMBL5411212,499,False,False,0.19047619047619047
Q96P20,CHEMBL5439591,499,False,False,0.18085106382978725
Q96P20,CHEMBL5401205,499,False,False,0.18691588785046728
Q96P20,CHEMBL5398591,499,False,False,0.18627450980392157
Q96P20,CHEMBL5420792,499,False,False,0.16666666666666666
Q96P20,CHEMBL5435864,499,False,False,0.19801980198019803
Q96P20,CHEMBL5402114,499,False,False,0.2891566265060241
Q96P20,CHEMBL5395360,499,False,False,0.1978021978021978
Q96P20,CHEMBL5396678,499,False,False,0.1978021978021978
Q96P20,CHEMBL5421181,499,False,False,0.18095238095238095
Q96P20,CHEMBL5398744,499,False,False,0.16666666666666666
Q96P20,CHEMBL5409543,499,False,False,0.16981132075471697
Q96P20,CHEMBL5418225,499,False,False,0.17708333333333334
Q96P20,CHEMBL5423301,499,False,False,0.20454545454545456
Q96P20,CHEMBL5439486,499,False,False,0.16964285714285715
Q96P20,CHEMBL5412116,499,False,False,0.16981132075471697
Q96P20,CHEMBL5405616,499,False,False,0.18085106382978725
Q96P20,CHEMBL5400305,499,False,False,0.17333333333333334
Q96P20,CHEMBL5409648,499,False,False,0.16666666666666666
Q96P20,CHEMBL5394543,499,False,False,0.16666666666666666
Q96P20,CHEMBL5410520,499,False,False,0.16494845360824742
Q96P20,CHEMBL5440398,499,False,False,0.1836734693877551
Q96P20,CHEMBL5416966,499,False,False,0.1956521739130435
Q96P20,CHEMBL5400432,499,False,False,0.3409090909090909
Q96P20,CHEMBL5434916,499,False,False,0.27906976744186046
Q96P20,CHEMBL5423405,499,False,False,0.3333333333333333
Q96P20,CHEMBL5427670,499,False,False,0.3125
Q96P20,CHEMBL5422139,499,False,False,0.35443037974683544
Q96P20,CHEMBL5395560,499,False,False,0.29069767441860467
Q96P20,CHEMBL5425624,499,False,False,0.35443037974683544
Q96P20,CHEMBL5423352,499,False,False,0.30120481927710846
Q96P20,CHEMBL5396495,499,False,False,0.21686746987951808
Q96P20,CHEMBL5408252,499,False,False,0.6785714285714286
Q96P20,CHEMBL5409945,499,False,False,0.4666666666666667
Q96P20,CHEMBL5421788,499,False,False,0.3684210526315789
Q96P20,CHEMBL5410447,499,False,False,0.20535714285714285
Q96P20,CHEMBL5394881,499,False,False,0.35294117647058826
Q96P20,CHEMBL5401306,499,False,False,0.35294117647058826
Q96P20,CHEMBL5417338,499,False,False,0.3076923076923077
Q96P20,CHEMBL5406324,499,False,False,0.2375
Q96P20,CHEMBL5397618,499,False,False,0.40540540540540543
Q96P20,CHEMBL5439444,499,False,False,0.3924050632911392
Q96P20,CHEMBL5435765,499,False,False,0.3194444444444444
Q96P20,CHEMBL5431145,499,False,False,0.4262295081967213
Q96P20,CHEMBL5396861,499,False,False,0.2717391304347826
Q96P20,CHEMBL5430786,499,False,False,0.35
Q96P20,CHEMBL5434609,499,False,False,0.25609756097560976
Q96P20,CHEMBL5421060,499,False,False,0.189873417721519
Q96P20,CHEMBL5423671,499,False,False,0.2727272727272727
Q96P20,CHEMBL5422375,499,False,False,0.4027777777777778
Q96P20,CHEMBL5405701,499,False,False,0.20512820512820512
Q96P20,CHEMBL5420448,499,False,False,0.2328767123287671
Q96P20,CHEMBL5419955,499,False,False,0.34177215189873417
Q96P20,CHEMBL5431968,499,False,False,0.5074626865671642
Q96P20,CHEMBL5404792,499,False,False,0.4852941176470588
Q96P20,CHEMBL5439388,499,False,False,0.16326530612244897
Q96P20,CHEMBL5432954,499,False,False,0.16091954022988506
Q96P20,CHEMBL5431981,499,False,False,0.5384615384615384
Q96P20,CHEMBL5409874,499,False,False,0.275
Q96P20,CHEMBL5434150,499,False,False,0.27956989247311825
Q96P20,CHEMBL5405293,499,False,False,0.22784810126582278
Q96P20,CHEMBL5438834,499,False,False,0.4852941176470588
Q96P20,CHEMBL5422660,499,False,False,0.3472222222222222
Q96P20,CHEMBL5409875,499,False,False,0.24691358024691357
Q96P20,CHEMBL5424110,499,False,False,0.24050632911392406
Q96P20,CHEMBL5435112,499,False,False,0.3695652173913043
Q96P20,CHEMBL5411864,499,False,False,0.4444444444444444
Q96SW2,CHEMBL5419709,1294,False,False,0.3561643835616438
Q96SW2,CHEMBL5434742,1294,False,False,0.38666666666666666
Q96SW2,CHEMBL5436622,1294,False,False,0.3783783783783784
Q96SW2,CHEMBL5405716,1294,False,False,0.8909090909090909
Q96SW2,CHEMBL5430307,1294,False,False,0.40476190476190477
Q96SW2,CHEMBL5435181,1294,False,False,0.36
Q96SW2,CHEMBL5416921,1294,False,False,0.43283582089552236
Q96SW2,CHEMBL5414951,1294,False,False,0.6206896551724138
Q96SW2,CHEMBL5421440,1294,False,False,0.46153846153846156
Q96SW2,CHEMBL5409036,1294,False,False,0.4067796610169492
Q96SW2,CHEMBL5431079,1294,False,False,0.625
Q96SW2,CHEMBL5403248,1294,False,False,0.4461538461538462
Q96SW2,CHEMBL5418383,1294,False,False,0.40350877192982454
Q96SW2,CHEMBL5418032,1294,False,False,0.4107142857142857
Q96SW2,CHEMBL5437508,1294,False,False,0.4563758389261745
Q96SW2,CHEMBL5403472,1294,False,False,0.3419354838709677
Q96SW2,CHEMBL5419971,1294,False,False,0.30612244897959184
Q96SW2,CHEMBL5406302,1294,False,False,0.37777777777777777
Q96SW2,CHEMBL5436049,1294,False,False,0.3125
Q96SW2,CHEMBL5399248,1294,False,False,0.559322033898305
Q96SW2,CHEMBL5394825,1294,False,False,0.7551020408163265
Q96SW2,CHEMBL5422157,1294,False,False,0.7264150943396226
Q96SW2,CHEMBL5395213,1294,False,False,0.7169811320754716
Q96SW2,CHEMBL5394571,1294,False,False,0.7264150943396226
Q96SW2,CHEMBL5398776,1294,False,False,0.7669902912621359
Q96SW2,CHEMBL5422650,1294,False,False,0.7333333333333333
Q96SW2,CHEMBL5431364,1294,False,False,0.7745098039215687
Q96SW2,CHEMBL5405846,1294,False,False,0.7403846153846154
Q96SW2,CHEMBL5405431,1294,False,False,0.7745098039215687
Q96SW2,CHEMBL5421315,1294,False,False,0.7129629629629629
Q96SW2,CHEMBL5432640,1294,False,False,0.7264150943396226
Q96SW2,CHEMBL5439152,1294,False,False,0.7549019607843137
Q96SW2,CHEMBL5415959,1294,False,False,0.719626168224299
Q96SW2,CHEMBL5420072,1294,False,False,0.79
Q96SW2,CHEMBL5399086,1294,False,False,0.8913043478260869
Q96SW2,CHEMBL5420053,1294,False,False,0.3076923076923077
Q96SW2,CHEMBL5404650,1294,False,False,0.5166666666666667
Q96SW2,CHEMBL5441135,1294,False,False,0.5535714285714286
Q96SW2,CHEMBL5411137,1294,False,False,0.40816326530612246
Q96SW2,CHEMBL5411174,1294,False,False,0.6296296296296297
Q96SW2,CHEMBL5404825,1294,False,False,0.44
Q96SW2,CHEMBL5423386,1294,False,False,0.5932203389830508
Q96SW2,CHEMBL5404837,1294,False,False,0.391304347826087
Q96SW2,CHEMBL5418463,1294,False,False,0.34782608695652173
Q96SW2,CHEMBL5418739,1294,False,False,0.34782608695652173
Q96SW2,CHEMBL5413552,1294,False,False,0.34782608695652173
Q96SW2,CHEMBL5435497,1294,False,False,0.4528301886792453
Q96SW2,CHEMBL5409302,1294,False,False,0.43859649122807015
Q96SW2,CHEMBL5439702,1294,False,False,0.4642857142857143
Q96SW2,CHEMBL5435385,1294,False,False,0.375
Q96SW2,CHEMBL5398118,1294,False,False,0.3559322033898305
Q96SW2,CHEMBL5431003,1294,False,False,0.43636363636363634
Q96SW2,CHEMBL5430028,1294,False,False,0.41379310344827586
Q96SW2,CHEMBL5439475,1294,False,False,0.5689655172413793
Q96SW2,CHEMBL5427622,1294,False,False,0.5102040816326531
Q96SW2,CHEMBL5397713,1294,False,False,0.5
Q99538,CHEMBL5427098,195,False,False,0.44594594594594594
Q99538,CHEMBL5419035,195,False,False,0.4146341463414634
Q99538,CHEMBL5417499,195,False,False,0.475
Q99538,CHEMBL5404563,195,False,False,0.41379310344827586
Q99538,CHEMBL5416142,195,False,False,0.5061728395061729
Q99538,CHEMBL5424558,195,False,False,0.5061728395061729
Q99538,CHEMBL5430648,195,False,False,0.4880952380952381
Q99538,CHEMBL5420681,195,False,False,0.44047619047619047
Q99538,CHEMBL5431473,195,False,False,0.4235294117647059
Q99538,CHEMBL5431396,195,False,False,0.6507936507936508
Q99538,CHEMBL5404612,195,False,False,0.3707865168539326
Q99538,CHEMBL5427662,195,False,False,0.3333333333333333
Q99538,CHEMBL5435136,195,False,False,0.6571428571428571
Q99538,CHEMBL5425068,195,False,False,0.44565217391304346
Q99538,CHEMBL5425708,195,False,False,0.6612903225806451
Q99538,CHEMBL5421750,195,False,False,0.6612903225806451
Q99538,CHEMBL5423559,195,False,False,0.6323529411764706
Q99538,CHEMBL5425743,195,False,False,0.3804347826086957
Q99538,CHEMBL5415768,195,False,False,0.45555555555555555
Q99538,CHEMBL5406826,195,False,False,0.6716417910447762
Q99538,CHEMBL5433073,195,False,False,0.647887323943662
Q99538,CHEMBL5436644,195,False,False,0.6323529411764706
Q99538,CHEMBL5440673,195,False,False,0.6323529411764706
Q99538,CHEMBL5416023,195,False,False,0.6301369863013698
Q99538,CHEMBL5399304,195,False,False,0.5833333333333334
Q99538,CHEMBL5406157,195,False,False,0.6176470588235294
Q99538,CHEMBL5428991,195,False,False,0.6216216216216216
Q99538,CHEMBL5422570,195,False,False,0.6612903225806451
Q99538,CHEMBL5401961,195,False,False,0.6507936507936508
Q99538,CHEMBL5420226,195,False,False,0.5882352941176471
Q99538,CHEMBL5400642,195,False,False,0.7413793103448276
Q99538,CHEMBL5429309,195,False,False,0.3707865168539326
Q99538,CHEMBL5399981,195,False,False,0.4823529411764706
Q99538,CHEMBL5409889,195,False,False,0.47191011235955055
Q99538,CHEMBL5430081,195,False,False,0.4659090909090909
Q99538,CHEMBL5404830,195,False,False,0.4606741573033708
Q99538,CHEMBL5420042,195,False,False,0.3076923076923077
Q99538,CHEMBL5394632,195,False,False,0.4659090909090909
Q99538,CHEMBL5398959,195,False,False,0.4606741573033708
Q99538,CHEMBL5415015,195,False,False,0.4659090909090909
Q9NXA8,CHEMBL5433262,708,False,False,0.5301204819277109
Q9NXA8,CHEMBL5421005,708,False,False,0.5301204819277109
Q9NXA8,CHEMBL5403005,708,False,False,0.43037974683544306
Q9NXA8,CHEMBL5423188,708,False,False,0.5633802816901409
Q9NXA8,CHEMBL5406309,708,False,False,0.5945945945945946
Q9NXA8,CHEMBL5407937,708,False,False,0.5405405405405406
Q9NXA8,CHEMBL5434247,708,False,False,0.56
Q9NXA8,CHEMBL5441083,708,False,False,0.5138888888888888
Q9NXA8,CHEMBL5440209,708,False,False,0.39473684210526316
Q9NXA8,CHEMBL5396022,708,False,False,0.3037974683544304
Q9NXA8,CHEMBL5438953,708,False,False,0.379746835443038
Q9NXA8,CHEMBL5402569,708,False,False,0.379746835443038
Q9NXA8,CHEMBL5433140,708,False,False,0.40540540540540543
Q9NXA8,CHEMBL5418310,708,False,False,0.32432432432432434
Q9NXA8,CHEMBL5424757,708,False,False,0.39473684210526316
Q9NXA8,CHEMBL5406538,708,False,False,0.3037974683544304
Q9NXA8,CHEMBL5436222,708,False,False,0.4
Q9NXA8,CHEMBL5424283,708,False,False,0.3614457831325301
Q9NXA8,CHEMBL5413788,708,False,False,0.38461538461538464
Q9NXA8,CHEMBL5436574,708,False,False,0.379746835443038
Q9NXA8,CHEMBL5401655,708,False,False,0.29411764705882354
Q9NXA8,CHEMBL5397406,708,False,False,0.35064935064935066
Q9NXA8,CHEMBL5440354,708,False,False,0.5797101449275363
Q9NXA8,CHEMBL5415824,708,False,False,0.7538461538461538
Q9NXA8,CHEMBL5418280,708,False,False,0.7313432835820896
Q9NXA8,CHEMBL5395283,708,False,False,0.7164179104477612
Q9NXA8,CHEMBL5421605,708,False,False,0.7384615384615385
Q9NXA8,CHEMBL5431520,708,False,False,0.7164179104477612
Q9NXA8,CHEMBL5410550,708,False,False,0.7164179104477612
Q9NXA8,CHEMBL5418151,708,False,False,0.7058823529411765
Q9NXA8,CHEMBL5416573,708,False,False,0.7
Q9NXA8,CHEMBL5427419,708,False,False,0.7205882352941176
Q9NXA8,CHEMBL5430738,708,False,False,0.7
Q9NXA8,CHEMBL5424918,708,False,False,0.7
Q9NXA8,CHEMBL5405640,708,False,False,0.6805555555555556
Q9NXA8,CHEMBL5433655,708,False,False,0.7
Q9NXA8,CHEMBL5427467,708,False,False,0.746268656716418
Q9NXA8,CHEMBL5427171,708,False,False,0.7692307692307693
Q9NXA8,CHEMBL5405996,708,False,False,0.746268656716418
Q9NXA8,CHEMBL5398355,708,False,False,0.5333333333333333
Q9NXA8,CHEMBL5412658,708,False,False,0.5333333333333333
Q9NXA8,CHEMBL5435901,708,False,False,0.4722222222222222
Q9NXA8,CHEMBL5439935,708,False,False,0.3132530120481928
Q9NXA8,CHEMBL5404584,708,False,False,0.32926829268292684
Q9NXA8,CHEMBL5402321,708,False,False,0.32926829268292684
Q9NXA8,CHEMBL5428704,708,False,False,0.32098765432098764
Q9NXA8,CHEMBL5412980,708,False,False,0.345679012345679
Q9NXA8,CHEMBL5430663,708,False,False,0.3132530120481928
Q9NXA8,CHEMBL5429245,708,False,False,0.3170731707317073
Q9NXA8,CHEMBL5433440,708,False,False,0.34177215189873417
Q9NXA8,CHEMBL5416066,708,False,False,0.28888888888888886
Q9NXA8,CHEMBL5440095,708,False,False,0.36470588235294116
Q9NXA8,CHEMBL5432209,708,False,False,0.35
Q9NXA8,CHEMBL5406626,708,False,False,0.345679012345679
Q9NXA8,CHEMBL5394524,708,False,False,0.3780487804878049
Q9NXA8,CHEMBL5423884,708,False,False,0.32098765432098764
Q9NXA8,CHEMBL5427474,708,False,False,0.30337078651685395
Q9NXA8,CHEMBL5413253,708,False,False,0.6285714285714286
Q9NXA8,CHEMBL5414523,708,False,False,0.5263157894736842
Q9NXA8,CHEMBL5394956,708,False,False,0.38461538461538464
Q9NXA8,CHEMBL5431023,708,False,False,0.3157894736842105
Q9NXA8,CHEMBL5431746,708,False,False,0.4
Q9NXA8,CHEMBL5408488,708,False,False,0.34146341463414637
Q9NXA8,CHEMBL5399821,708,False,False,0.5405405405405406
Q9NXA8,CHEMBL5423092,708,False,False,0.547945205479452
Q9NXA8,CHEMBL5399153,708,False,False,0.547945205479452
Q9NXA8,CHEMBL5434219,708,False,False,0.4788732394366197
Q9NXA8,CHEMBL5417496,708,False,False,0.4788732394366197
Q9NXA8,CHEMBL5439184,708,False,False,0.5633802816901409
Q9NXA8,CHEMBL5420405,708,False,False,0.639344262295082
Q9NXA8,CHEMBL5427124,708,False,False,0.65
Q9NXA8,CHEMBL5418534,708,False,False,0.4857142857142857
Q9NXA8,CHEMBL5396457,708,False,False,0.4358974358974359
Q9NXA8,CHEMBL5425634,708,False,False,0.4927536231884058
Q9NXA8,CHEMBL5434236,708,False,False,0.4788732394366197
Q9NXA8,CHEMBL5406474,708,False,False,0.4788732394366197
Q9NXA8,CHEMBL5408550,708,False,False,0.5063291139240507
Q9NXA8,CHEMBL5429558,708,False,False,0.5194805194805194
Q9NXA8,CHEMBL5427490,708,False,False,0.5
Q9NXA8,CHEMBL5411869,708,False,False,0.5633802816901409
Q9NXA8,CHEMBL5434121,708,False,False,0.5063291139240507
Q9NXA8,CHEMBL5417575,708,False,False,0.5405405405405406
Q9NXA8,CHEMBL5421869,708,False,False,0.5405405405405406
Q9NXA8,CHEMBL5413892,708,False,False,0.5555555555555556
Q9NXA8,CHEMBL5425440,708,False,False,0.5063291139240507
Q9NXA8,CHEMBL5395955,708,False,False,0.5753424657534246
Q9NXA8,CHEMBL5431383,708,False,False,0.4819277108433735
Q9NXA8,CHEMBL5432911,708,False,False,0.5263157894736842
Q9NXA8,CHEMBL5401988,708,False,False,0.5263157894736842
Q9NXA8,CHEMBL5429172,708,False,False,0.5256410256410257
Q9NXA8,CHEMBL5429052,708,False,False,0.5405405405405406
Q9NXA8,CHEMBL5430977,708,False,False,0.5555555555555556
Q9NXA8,CHEMBL5413696,708,False,False,0.5882352941176471
Q9NXA8,CHEMBL5402589,708,False,False,0.5694444444444444
Q9NXA8,CHEMBL5398783,708,False,False,0.6349206349206349
Q9Y463,CHEMBL5414801,1890,False,False,0.8947368421052632
Q9Y463,CHEMBL5429707,1890,False,False,0.625
Q9Y463,CHEMBL5428562,1890,False,False,0.625
Q9Y463,CHEMBL5432405,1890,False,False,0.5441176470588235
Q9Y463,CHEMBL5404093,1890,False,False,0.3815789473684211
Q9Y463,CHEMBL5417699,1890,False,False,0.375
Q9Y463,CHEMBL5429691,1890,False,False,0.3783783783783784
Q9Y463,CHEMBL5432194,1890,False,False,0.3698630136986301
Q9Y463,CHEMBL5415554,1890,False,False,0.37333333333333335
Q9Y463,CHEMBL5395833,1890,False,False,0.5757575757575758
Q9Y463,CHEMBL5415238,1890,False,False,0.4647887323943662
Q9Y463,CHEMBL5428750,1890,False,False,0.6229508196721312
Q9Y463,CHEMBL5406864,1890,False,False,0.6290322580645161
Q9Y463,CHEMBL5435933,1890,False,False,0.3698630136986301
Q9Y463,CHEMBL5421052,1890,False,False,0.3684210526315789
Q9Y463,CHEMBL5429359,1890,False,False,0.34615384615384615
Q9Y463,CHEMBL5406490,1890,False,False,0.38666666666666666
Q9Y463,CHEMBL5426876,1890,False,False,0.3783783783783784
Q9Y463,CHEMBL5396081,1890,False,False,0.7540983606557377
Q9Y463,CHEMBL5429086,1890,False,False,0.7758620689655172
Q9Y463,CHEMBL5416942,1890,False,False,0.8666666666666667
Q9Y463,CHEMBL5435495,1890,False,False,0.7627118644067796
Q9Y463,CHEMBL5396725,1890,False,False,0.39285714285714285
Q9Y463,CHEMBL5414359,1890,False,False,0.4230769230769231
Q9Y463,CHEMBL5434183,1890,False,False,0.4393939393939394
Q9Y463,CHEMBL5416758,1890,False,False,0.3194444444444444
Q9Y463,CHEMBL5425043,1890,False,False,0.3108108108108108
Q9Y463,CHEMBL5404416,1890,False,False,0.6440677966101694
Q9Y463,CHEMBL5405572,1890,False,False,0.6065573770491803
Q9Y463,CHEMBL5394613,1890,False,False,0.6440677966101694
Q9Y463,CHEMBL5420724,1890,False,False,0.6730769230769231
Q9Y463,CHEMBL5437222,1890,False,False,0.6440677966101694
Q9Y463,CHEMBL5422413,1890,False,False,0.5901639344262295
Q9Y463,CHEMBL5419006,1890,False,False,0.6551724137931034
Q9Y463,CHEMBL5395680,1890,False,False,0.8235294117647058
Q9Y463,CHEMBL5408457,1890,False,False,0.6440677966101694
Q9Y463,CHEMBL5413427,1890,False,False,0.5901639344262295
Q9Y463,CHEMBL5425748,1890,False,False,0.6551724137931034
Q9Y463,CHEMBL5410991,1890,False,False,0.8235294117647058
Q9Y463,CHEMBL5428651,1890,False,False,0.6825396825396826
Q9Y463,CHEMBL5422936,1890,False,False,0.8181818181818182
Q9Y463,CHEMBL5437737,1890,False,False,0.7536231884057971
