compound_id,ik,hit_full,hit_skel,Compound_structural_similarity
C7C422_CHEMBL5428850,RUSLTQLNAFCZJP-UHFFFAOYSA-N,False,False,0.328767121
C7C422_CHEMBL5417591,FBRVECRAOOLMLO-UHFFFAOYSA-N,False,False,0.666666687
C7C422_CHEMBL5439975,LCQOMXBTAAQLRZ-IHLOFXLRSA-N,False,False,0.512499988
C7C422_CHEMBL5417195,USOJPABECAQUJW-UHFFFAOYSA-N,False,False,0.615384638
C7C422_CHEMBL5432778,LLTLJSURKGTADB-UHFFFAOYSA-N,False,False,0.571428597
C7C422_CHEMBL5413714,IKDJWDPDARQWIM-UHFFFAOYSA-N,False,False,0.609756112
C7C422_CHEMBL5437131,FTDKHRWQIXFACU-UHFFFAOYSA-N,False,False,0.647058845
C7C422_CHEMBL5410303,DWXRKJQWAJZRLN-DZGCQCFKSA-N,False,False,0.607142866
C7C422_CHEMBL5403178,GWZCWOCZUUQBLU-UHFFFAOYSA-N,False,False,0.4909091
C7C422_CHEMBL5427511,KEECUMCHPGTDME-UHFFFAOYSA-N,False,False,0.473684222
C7C422_CHEMBL5423006,OOCACROBJBSFKD-UHFFFAOYSA-N,False,False,0.482142866
C7C422_CHEMBL5436726,ZAUDQQCHQKHASH-UHFFFAOYSA-N,False,False,0.454545468
C7C422_CHEMBL5402652,ZSDPUHQSDDRLLO-UHFFFAOYSA-N,False,False,0.508196712
C7C422_CHEMBL5435754,UTNUXGZIGPLVCT-UHFFFAOYSA-N,False,False,0.615384638
C7C422_CHEMBL5432742,HQNNGIBVRNABEV-UHFFFAOYSA-N,False,False,0.653061211
C7C422_CHEMBL5413366,DZTZYHDXTIOQHM-ZLUOBGJFSA-N,False,False,0.65625
C7C422_CHEMBL5429713,BJHXNAXTSQPPSD-UHFFFAOYSA-N,False,False,0.533333361
C7C422_CHEMBL5394208,BBOUPYMNHDAICT-UHFFFAOYSA-N,False,False,0.431034476
C7C422_CHEMBL5409129,OVJIBQOQPPDQLL-UHFFFAOYSA-N,False,False,0.5
C7C422_CHEMBL5431449,SAHAOHMILLDOBW-UHFFFAOYSA-N,False,False,0.518518507
C7C422_CHEMBL5424977,WSWBHNPBVWQEPT-UHFFFAOYSA-N,False,False,0.519230783
C7C422_CHEMBL5412136,LGBOMUSLUSLDRJ-UHFFFAOYSA-N,False,False,0.620000005
C7C422_CHEMBL5412587,ZVBMUQQHDZWDTJ-XYXHBKGXSA-N,False,False,0.841463387
C7C422_CHEMBL5436857,PFQBEDJPKLXGNR-UHFFFAOYSA-N,False,False,0.533333361
C7C422_CHEMBL5421632,SJMAMUVOWFLONY-UHFFFAOYSA-N,False,False,0.549019635
C7C422_CHEMBL5416932,NZFAMJPOAOSCJZ-UHFFFAOYSA-N,False,False,0.473684222
C7C422_CHEMBL5409968,SFMVCYCXQXRLNG-UHFFFAOYSA-N,False,False,0.528301895
C7C422_CHEMBL5424619,UYVPXCNOMCMGIC-UHFFFAOYSA-N,False,False,0.70588237
C7C422_CHEMBL5426400,FIGXELLHJLGYNS-UHFFFAOYSA-N,False,False,0.536585391
C7C422_CHEMBL5414788,BNPCWVNMJCNXJD-UHFFFAOYSA-N,False,False,0.644444466
C7C422_CHEMBL5423672,UHAMZYXMSNFAFQ-UHFFFAOYSA-N,False,False,0.645833313
C7C422_CHEMBL5434080,WGYJUNSCNPKAQX-UHFFFAOYSA-N,False,False,0.745762706
C7C422_CHEMBL5418994,NDFVALQBDGMWPS-UHFFFAOYSA-N,False,False,0.630434811
C7C422_CHEMBL5393815,MBDYLZUEFCKDAX-UHFFFAOYSA-N,False,False,0.645833313
C7C422_CHEMBL5408921,HIAAGYRBQKNAAU-UHFFFAOYSA-N,False,False,0.571428597
C7C422_CHEMBL5415172,BYYMGSTVXNKGDA-UHFFFAOYSA-N,False,False,0.711538434
C7C422_CHEMBL5405077,XMNZEIUPHBPJCO-UHFFFAOYSA-N,False,False,0.714285731
C7C422_CHEMBL5394233,OSRHNSGKFNHCEH-UHFFFAOYSA-N,False,False,0.638297856
C7C422_CHEMBL5421999,AWMIKVVMSSOIGV-UHFFFAOYSA-N,False,False,0.681818187
C7C422_CHEMBL5437270,BMLFSBIYIPWZDN-UHFFFAOYSA-N,False,False,0.699999988
C7C422_CHEMBL5421395,UMQAFGOYCDMJFF-UHFFFAOYSA-N,False,False,0.741935492
C7C422_CHEMBL5437627,ZKYOCUYUBWTSTE-UHFFFAOYSA-N,False,False,0.636363626
C7C422_CHEMBL5401063,ODAQAAFTKILOCB-UHFFFAOYSA-N,False,False,0.609756112
C7C422_CHEMBL5395915,UEKLXEJUNJYXDF-UHFFFAOYSA-N,False,False,0.523809552
C7C422_CHEMBL5421154,XAYQXGSPVFHWHG-UHFFFAOYSA-N,False,False,0.736842096
C7C422_CHEMBL5396318,OTSKORUQBHAOPL-UHFFFAOYSA-N,False,False,0.456140339
C7C422_CHEMBL5431286,JDJGELMYVKDQNG-UHFFFAOYSA-N,False,False,0.402597398
C7C422_CHEMBL5425633,PNYPTXNTWSOBAX-UHFFFAOYSA-N,False,False,0.592592597
C7C422_CHEMBL5413869,VSFGDYYVSQICHC-UHFFFAOYSA-N,False,False,0.564516127
O00444_CHEMBL5415514,CHSAZNRASVNUPZ-UHFFFAOYSA-N,False,False,0.566037714
O00444_CHEMBL5406293,CEFBRAVHEOXRPB-UHFFFAOYSA-N,False,False,0.534482777
O00444_CHEMBL5408339,KRMVUBGNPHLOIB-UHFFFAOYSA-N,False,False,0.581818163
O00444_CHEMBL5428085,IYHJCLOZCBCODN-UHFFFAOYSA-N,False,False,0.581395328
O00444_CHEMBL5438941,JOVXLKCPIAGYMZ-UHFFFAOYSA-N,False,False,0.552238822
O00444_CHEMBL5409987,JPJJFSWDZSKMNK-UHFFFAOYSA-N,False,False,0.578125
O00444_CHEMBL5427137,DUBHPLWTLUVGNU-UHFFFAOYSA-N,False,False,0.578125
O00444_CHEMBL5427658,YGWHLDZWJSAXIJ-UHFFFAOYSA-N,False,False,0.714285731
O00444_CHEMBL5410628,XZFRVQXUVOWDEX-UHFFFAOYSA-N,False,False,0.454545468
O00444_CHEMBL5407680,TUBXJQSNTKADJB-UHFFFAOYSA-N,False,False,0.50666666
O00444_CHEMBL5418921,AOJFOPIRIZECFX-UHFFFAOYSA-N,False,False,0.529411793
O00444_CHEMBL5441117,ZKYMOKHIJUNTSF-UHFFFAOYSA-N,False,False,0.462686568
O00444_CHEMBL5396900,KJLHICWSHQCTOG-UHFFFAOYSA-N,False,False,0.567901254
O00444_CHEMBL5438910,APSSYSPPVXKVIX-UHFFFAOYSA-N,False,False,0.535714269
O00444_CHEMBL5399402,IXAOAKWGJQGTSH-UHFFFAOYSA-N,False,False,0.5
O00444_CHEMBL5416099,CNSBKSNYVJYAOW-UHFFFAOYSA-N,False,False,0.465116292
O00444_CHEMBL5439625,VNDQOICUOQTKSR-UHFFFAOYSA-N,False,False,0.459770113
O00444_CHEMBL5394160,OJWJEXPFOCURBR-UHFFFAOYSA-N,False,False,0.445652187
O00444_CHEMBL5440186,ATBIXCVKJSBACZ-UHFFFAOYSA-N,False,False,0.590909064
O00444_CHEMBL5407899,GWJDRIPNZRFLPR-UHFFFAOYSA-N,False,False,0.476190478
O00444_CHEMBL5399219,KUFRONWJVOQFPT-UHFFFAOYSA-N,False,False,0.566037714
O00444_CHEMBL5439296,YTPJZBZXCQYXEL-UHFFFAOYSA-N,False,False,0.38961038
O00444_CHEMBL5401624,VYVQQIIOKNXZRD-UHFFFAOYSA-N,False,False,0.705128193
O00444_CHEMBL5433061,ZSJKGPFIBSJYPH-UHFFFAOYSA-N,False,False,0.606060624
O00444_CHEMBL5439723,UJHRAQHUPBZAQZ-UHFFFAOYSA-N,False,False,0.536231875
O00444_CHEMBL5434198,JOMFYSPLZCVKDH-UHFFFAOYSA-N,False,False,0.647058845
O00444_CHEMBL5424061,SQEGDYHHZGIHGQ-UHFFFAOYSA-N,False,False,0.50666666
O00444_CHEMBL5401850,HHAXABKPEDBGQP-UHFFFAOYSA-N,False,False,0.639534891
O00444_CHEMBL5432215,PJQKELJOOVTUFZ-UHFFFAOYSA-N,False,False,0.462686568
O00444_CHEMBL5437830,ABRUIDQECOUGOX-UHFFFAOYSA-N,False,False,0.49333334
O00444_CHEMBL5438958,YEFNIEFADSXECV-UHFFFAOYSA-N,False,False,0.476190478
O00444_CHEMBL5423452,CQQYGFBNVGPFNC-UHFFFAOYSA-N,False,False,0.574999988
O00444_CHEMBL5404860,QGIFTGQPKCTJNC-UHFFFAOYSA-N,False,False,0.493975908
O00444_CHEMBL5440423,LWEUPKBZUQGZPF-UHFFFAOYSA-N,False,False,0.493827164
O00444_CHEMBL5437782,YMXSBYQVAJPRMA-UHFFFAOYSA-N,False,False,0.476190478
O00444_CHEMBL5421379,PHEAZCJXDMJWEL-UHFFFAOYSA-N,False,False,0.506024122
O00444_CHEMBL5410573,JJOKUEPULAIINA-UHFFFAOYSA-N,False,False,0.607594907
O00444_CHEMBL5410589,ZBEVDTSULXEXMQ-UHFFFAOYSA-N,False,False,0.524390221
O00444_CHEMBL5395499,CAYAUSGOGZJDQB-UHFFFAOYSA-N,False,False,0.538461566
O00444_CHEMBL5411283,IATXDHLHSDZREO-UHFFFAOYSA-N,False,False,0.506024122
O00444_CHEMBL5394214,AXFFZRCCJSTDOP-UHFFFAOYSA-N,False,False,0.512499988
O00444_CHEMBL5424982,GSPYQUDGUBLNCX-UHFFFAOYSA-N,False,False,0.488095224
O00444_CHEMBL5409586,UHKDWHNPSQDPQX-UHFFFAOYSA-N,False,False,0.488095224
O00444_CHEMBL5430398,LZPWJSZFEREKHS-UHFFFAOYSA-N,False,False,0.530864179
O00444_CHEMBL5415639,MPEGIMXEDFJRGM-UHFFFAOYSA-N,False,False,0.476923078
O00444_CHEMBL5431124,GIWIOFZXFSKQTE-UHFFFAOYSA-N,False,False,0.488095224
O00444_CHEMBL5440224,KSKBKDWCBRRZHT-UHFFFAOYSA-N,False,False,0.454545468
O00444_CHEMBL5420676,LUEXESGBMXYMQL-UHFFFAOYSA-N,False,False,0.481927723
O00444_CHEMBL5439579,CDOBJXLIXRQMSS-UHFFFAOYSA-N,False,False,0.470588237
O00444_CHEMBL5421662,OEHGEOWDIWFUCT-UHFFFAOYSA-N,False,False,0.481927723
O00444_CHEMBL5424261,HVHQESDYSNTWHO-UHFFFAOYSA-N,False,False,0.480519474
O00444_CHEMBL5420664,CKPZZDUMDWGAKU-UHFFFAOYSA-N,False,False,0.533333361
O00444_CHEMBL5418913,QLXITFDAFDYZRG-UHFFFAOYSA-N,False,False,0.563636363
O00444_CHEMBL5407522,WNQHVGYFQUHRNW-UHFFFAOYSA-N,False,False,0.875
O00444_CHEMBL5397303,NSWHOKQEFLTDFA-UHFFFAOYSA-N,False,False,0.554216862
O00444_CHEMBL5432162,JEWLTBAFKJFWSC-UHFFFAOYSA-N,False,False,0.625
O00444_CHEMBL5400736,PXSLUZICFBACPN-UHFFFAOYSA-N,False,False,0.670731723
O00444_CHEMBL5426828,FUWXNWLFYOEPCL-UHFFFAOYSA-N,False,False,0.6875
O00444_CHEMBL5404983,XRPNCCIJNVBSFF-UHFFFAOYSA-N,False,False,0.661764681
O00444_CHEMBL5432542,NHXVTGGWJAZMKU-UHFFFAOYSA-N,False,False,0.652777791
O00444_CHEMBL5399648,UKSUTRFTRYQMRC-UHFFFAOYSA-N,False,False,0.544444442
O00444_CHEMBL5420150,PJIONPDTUIXVCT-UHFFFAOYSA-N,False,False,0.593023241
O00444_CHEMBL5402864,HZDOHYKYGNRPGO-UHFFFAOYSA-N,False,False,0.69135803
O00444_CHEMBL5439790,CNDHNCBFTRUZMZ-UHFFFAOYSA-N,False,False,0.600000024
O00444_CHEMBL5423111,OYUFHCIUBHSKQX-UHFFFAOYSA-N,False,False,0.679012358
O00444_CHEMBL5408496,DEUPFSFFZLCQPF-UHFFFAOYSA-N,False,False,0.763157904
O00444_CHEMBL5425999,NAVCZBYGYNEESQ-UHFFFAOYSA-N,False,False,0.682926834
O00444_CHEMBL5424704,JWODVWOSUKHGSK-UHFFFAOYSA-N,False,False,0.6875
O00444_CHEMBL5439446,KWBSRHXEGQKPAM-UHFFFAOYSA-N,False,False,0.65476191
O00444_CHEMBL5420852,OJXGITRTPGKVKO-UHFFFAOYSA-N,False,False,0.632183909
O00444_CHEMBL5435158,QEXGPFQIQHBALP-UHFFFAOYSA-N,False,False,0.69135803
O00444_CHEMBL5424463,MEOINRRPIPRMSC-UHFFFAOYSA-N,False,False,0.662650585
O00444_CHEMBL5429187,CAAREILLXDAFRZ-UHFFFAOYSA-N,False,False,0.65476191
O00444_CHEMBL5429940,NWXOIAZXKCQIPP-UHFFFAOYSA-N,False,False,0.611111104
O00444_CHEMBL5397250,PJHNQVWNIKALTO-UHFFFAOYSA-N,False,False,0.696202517
O00444_CHEMBL5435416,DRQJKDHDNUZITN-UHFFFAOYSA-N,False,False,0.670731723
O00444_CHEMBL5409434,CHSGWBRSHHLTRA-UHFFFAOYSA-N,False,False,0.696202517
O00444_CHEMBL5438019,GCQDFIHRSLQAHL-UHFFFAOYSA-N,False,False,0.670731723
O00444_CHEMBL5430106,CHFWYNNEXACTNW-UHFFFAOYSA-N,False,False,0.723684192
O00444_CHEMBL5418250,ODVQNAZETSWKTM-UHFFFAOYSA-N,False,False,0.743243217
O00444_CHEMBL5429009,CPPKXSQKLCJLNX-UHFFFAOYSA-N,False,False,0.75
O00444_CHEMBL5396416,ANCOGLNFWMGEPC-UHFFFAOYSA-N,False,False,0.710526288
O00444_CHEMBL5425790,AVDISIKMHVXATN-UHFFFAOYSA-N,False,False,0.701298714
O00444_CHEMBL5405656,WAVGXEMZTAFUCY-UHFFFAOYSA-N,False,False,0.729729712
O00444_CHEMBL5420682,SMDFSZOJUUGDPT-UHFFFAOYSA-N,False,False,0.560000002
O00444_CHEMBL5433109,MUOGVHGWRJQVSH-UHFFFAOYSA-N,False,False,0.565656543
O00444_CHEMBL5410922,NTSTTXFDEIQUET-UHFFFAOYSA-N,False,False,0.577319562
O00444_CHEMBL5435903,ZIVSFHFXEPWVBJ-UHFFFAOYSA-N,False,False,0.577319562
O00444_CHEMBL5423103,FQOXTRGFZCSERA-UHFFFAOYSA-N,False,False,0.538461566
O00444_CHEMBL5434630,OZPZHESLXIDAPJ-UHFFFAOYSA-N,False,False,0.543689311
O00444_CHEMBL5413470,LSIGWOZLYPDPMR-UHFFFAOYSA-N,False,False,0.554455459
O00444_CHEMBL5435948,DTSILYFXJJJAPZ-UHFFFAOYSA-N,False,False,0.554455459
O00444_CHEMBL5438512,MWXRCYRZVOENFT-UHFFFAOYSA-N,False,False,0.549019635
O00444_CHEMBL5431008,ZHVSZMUFGGSGRX-UHFFFAOYSA-N,False,False,0.549019635
O00444_CHEMBL5396799,GUTYYRPGRYWTCR-UHFFFAOYSA-N,False,False,0.549019635
O00444_CHEMBL5401859,ODRSZCYCOGEMCS-UHFFFAOYSA-N,False,False,0.549019635
O00444_CHEMBL5436294,VLYBBLPTFRTEGE-UHFFFAOYSA-N,False,False,0.549019635
O00444_CHEMBL5397574,DDUCWHJWJPJLAD-UHFFFAOYSA-N,False,False,0.549019635
O00444_CHEMBL5422161,TXEJCVXFRXPLLP-UHFFFAOYSA-N,False,False,0.549019635
O00444_CHEMBL5396625,IIADPPIBLJDDNQ-UHFFFAOYSA-N,False,False,0.549019635
O00444_CHEMBL5407696,OWBQRYKEFPINAH-UHFFFAOYSA-N,False,False,0.554455459
O00444_CHEMBL5408998,DIZRLTAUDZWSKR-UHFFFAOYSA-N,False,False,0.560000002
O00444_CHEMBL5402930,MWMMHTUCRBLFMA-UHFFFAOYSA-N,False,False,0.538461566
O00444_CHEMBL5440306,PHXKQXWXBGSLGT-UHFFFAOYSA-N,False,False,0.543689311
O00444_CHEMBL5430793,GGECMHDJLICDLL-UHFFFAOYSA-N,False,False,0.549019635
O00444_CHEMBL5430165,KIJMKDJHGVHMBO-UHFFFAOYSA-N,False,False,0.554455459
O00444_CHEMBL5405221,BBPBYISZQBYVMM-UHFFFAOYSA-N,False,False,0.577319562
O00444_CHEMBL5432601,KMGIORNAHJLAHL-UHFFFAOYSA-N,False,False,0.558823526
O00444_CHEMBL5434881,NWCZEBNLHBACJY-UHFFFAOYSA-N,False,False,0.533333361
O00444_CHEMBL5404385,FVKGCUZJWJQBCU-UHFFFAOYSA-N,False,False,0.560000002
O00444_CHEMBL5438607,RLSACRBXPDUBLH-UHFFFAOYSA-N,False,False,0.565656543
O00444_CHEMBL5422518,NMSRWUTUNJWEIH-UHFFFAOYSA-N,False,False,0.577319562
O00444_CHEMBL5397330,MLGTYDVBMQGWKV-UHFFFAOYSA-N,False,False,0.577319562
O00444_CHEMBL5394971,MWEWDRFFUVBLJZ-UHFFFAOYSA-N,False,False,0.543689311
O00444_CHEMBL5430972,ZXCYXMDSRPHJRK-UHFFFAOYSA-N,False,False,0.706666648
O00444_CHEMBL5412525,IWJWNLDUWMMKBY-UHFFFAOYSA-N,False,False,0.636363626
O00444_CHEMBL5420791,ULTZAKUJXNGGGZ-UHFFFAOYSA-N,False,False,0.670731723
O00444_CHEMBL5435316,BGVXXZYIFNOSOB-UHFFFAOYSA-N,False,False,0.541666687
O00444_CHEMBL5424478,GCHHJOCFQYLDHD-UHFFFAOYSA-N,False,False,0.550724626
O00444_CHEMBL5432853,LMCFILZAVBGDJY-UHFFFAOYSA-N,False,False,0.434210539
O00444_CHEMBL5413962,NMIDELFSFNCISG-UHFFFAOYSA-N,False,False,0.433333337
O00444_CHEMBL5414664,VARKAMYMRFVEAP-UHFFFAOYSA-N,False,False,0.589285731
O00444_CHEMBL5408822,ASGRXZPMVMUXFV-UHFFFAOYSA-N,False,False,0.564516127
O00444_CHEMBL5410643,DMMNNEZFLVTFOE-UHFFFAOYSA-N,False,False,0.642857134
O00444_CHEMBL5402575,FXMLZUUOGCFASU-UHFFFAOYSA-N,False,False,0.576923072
O00444_CHEMBL5395263,KKNYBANUNOSKQW-UHFFFAOYSA-N,False,False,0.534482777
O00444_CHEMBL5416874,OROYFRQMPVZYFB-UHFFFAOYSA-N,False,False,0.581818163
O00444_CHEMBL5400742,XQRRLVLTLTXJAA-UHFFFAOYSA-N,False,False,0.522388041
O00444_CHEMBL5432922,UWIFLCGOIQHECU-UHFFFAOYSA-N,False,False,0.433333337
O00444_CHEMBL5434779,GBTONWLWGUSXIA-UHFFFAOYSA-N,False,False,0.53125
O00444_CHEMBL5407687,JPSXIDFVXHYZNG-UHFFFAOYSA-N,False,False,0.50746268
O00444_CHEMBL5399061,VDYXEZFEKMFQSD-UHFFFAOYSA-N,False,False,0.564516127
O00444_CHEMBL5394505,LLQFABKGVDPVES-UHFFFAOYSA-N,False,False,0.522388041
O00444_CHEMBL5402720,PVCBQYULDASSAN-UHFFFAOYSA-N,False,False,0.442857146
O00444_CHEMBL5429145,OMKKVWQMGRWIOU-UHFFFAOYSA-N,False,False,0.446428567
O00444_CHEMBL5417800,GPGVILCAQXFPJC-UHFFFAOYSA-N,False,False,0.42592594
O00444_CHEMBL5430526,KKUGFSPHNBJWQC-UHFFFAOYSA-N,False,False,0.533333361
O00444_CHEMBL5409014,IUHOJXBJWWEAED-UHFFFAOYSA-N,False,False,0.541666687
O00444_CHEMBL5401427,OQEHRSTWBRTJFC-UHFFFAOYSA-N,False,False,0.54838711
O00444_CHEMBL5412717,GYHMLBIZZALSBZ-UHFFFAOYSA-N,False,False,0.51111114
O00444_CHEMBL5431580,HPYKDFXRTGRRGW-UHFFFAOYSA-N,False,False,0.581818163
O00444_CHEMBL5401007,CIBNJPAPNFXEMP-UHFFFAOYSA-N,False,False,0.45161289
O00444_CHEMBL5404382,YBEOYRNYXGUXMP-UHFFFAOYSA-N,False,False,0.483870953
O00444_CHEMBL5410562,ISAATOJUXZAFCO-UHFFFAOYSA-N,False,False,0.629032254
O00444_CHEMBL5440788,YOFQYPBVQAOECG-UHFFFAOYSA-N,False,False,0.523076952
O00444_CHEMBL5415559,AWGKHSNYJZNWGS-UHFFFAOYSA-N,False,False,0.660000026
O00444_CHEMBL5420027,SKMXLXDLSIRHMF-UHFFFAOYSA-N,False,False,0.571428597
O14757_CHEMBL5413462,NSSXXNQRAYKGAQ-GASCZTMLSA-N,False,False,0.656716406
O14757_CHEMBL5409504,AZUGZDWCCRNTDK-CALCHBBNSA-N,False,False,0.647058845
O14757_CHEMBL5420872,LFJJSPZZCOIAAO-GASCZTMLSA-N,False,False,0.656716406
O14757_CHEMBL5421825,JEZXMQDUAGEGLR-CALCHBBNSA-N,False,False,0.647058845
O14757_CHEMBL5428033,YZWPGGNEZDAHPJ-GASCZTMLSA-N,False,False,0.577464759
O14757_CHEMBL5439250,QYMKGQPTZIRPMA-IYBDPMFKSA-N,False,False,0.6875
O14757_CHEMBL5420001,DAVYROZNBATKIP-BGYRXZFFSA-N,False,False,0.506329119
O14757_CHEMBL5421001,CXPVZMOBEKKYAC-UHFFFAOYSA-N,False,False,0.627118647
O14757_CHEMBL5431016,WKRSQWJVMBRBPZ-CALCHBBNSA-N,False,False,0.618421078
O14757_CHEMBL5427282,YBZJHECNTDHGQY-CALCHBBNSA-N,False,False,0.618421078
O14757_CHEMBL5407292,UTOOTASPOOSERC-GASCZTMLSA-N,False,False,0.533333361
O14757_CHEMBL5408927,OIELVFPEYHWMQZ-IYBDPMFKSA-N,False,False,0.652777791
O14757_CHEMBL5409205,WMACZWSUUNMRLW-UHFFFAOYSA-N,False,False,0.505747139
O14757_CHEMBL5401396,ZSDUYEGERXOMIG-UHFFFAOYSA-N,False,False,0.621951222
O14757_CHEMBL5408938,IJHKTBFVUWIYJW-UHFFFAOYSA-N,False,False,0.477272719
O14757_CHEMBL5398690,LVXPQSZZYSQGLA-MRXNPFEDSA-N,False,False,0.541176498
O14757_CHEMBL5394796,LVXPQSZZYSQGLA-INIZCTEOSA-N,False,False,0.541176498
O14757_CHEMBL5430670,HNPGAOXOTQQSMN-GOSISDBHSA-N,False,False,0.518072307
O14757_CHEMBL5398934,HNPGAOXOTQQSMN-SFHVURJKSA-N,False,False,0.518072307
O14757_CHEMBL5419654,POFRIXOEJZMCHH-IYBDPMFKSA-N,False,False,0.600000024
O14757_CHEMBL5403690,LHDKPFSHXFFALR-HDICACEKSA-N,False,False,0.594936728
O14757_CHEMBL5432385,WDVWNWIIOYPZAE-KDURUIRLSA-N,False,False,0.516853929
O14757_CHEMBL5425583,LHDKPFSHXFFALR-IYARVYRRSA-N,False,False,0.594936728
O14757_CHEMBL5427417,RBMXNQRKVSGKHT-HDICACEKSA-N,False,False,0.594936728
O14757_CHEMBL5433681,ZOXZXPPULYTPJD-IYBDPMFKSA-N,False,False,0.531645596
O14757_CHEMBL5433322,IQZVWRXRHZPRBO-CALCHBBNSA-N,False,False,0.626666665
O14757_CHEMBL5439325,CFRSNMKNBAXLCK-UHFFFAOYSA-N,False,False,0.61728394
O14757_CHEMBL5395135,MBOBSHMPDSNBHM-IYBDPMFKSA-N,False,False,0.802816927
O14757_CHEMBL5429443,FSNUAOCGRWZKRH-PIIMJCKOSA-N,False,False,0.625
O14757_CHEMBL5433344,MSSYEZHHVYFPOJ-OKILXGFUSA-N,False,False,0.653846145
O14757_CHEMBL5424522,HRCFERVVUBEPAE-GASCZTMLSA-N,False,False,0.694444418
O14757_CHEMBL5430680,QJNHGKZWLRDZGJ-UHFFFAOYSA-N,False,False,0.520547926
O14757_CHEMBL5424287,QOVTUCLLIZZCHG-UHFFFAOYSA-N,False,False,0.531645596
O14757_CHEMBL5438311,DLJHLQKPFJJSLK-GASCZTMLSA-N,False,False,0.848484874
O14757_CHEMBL5409206,NXCNMBDRRSLYBU-OKILXGFUSA-N,False,False,0.84375
O14757_CHEMBL5410542,VVALBICOPAGWCZ-UHFFFAOYSA-N,False,False,0.5
O14757_CHEMBL5406425,RVPKZBCDJAUJOG-UHFFFAOYSA-N,False,False,0.527777791
O14757_CHEMBL5408190,RDRCDECEAGIASX-UHFFFAOYSA-N,False,False,0.5
O14757_CHEMBL5408027,AKCIEJKJISHFRA-UHFFFAOYSA-N,False,False,0.54285717
O14757_CHEMBL5401267,PROGKLMIRQVLRO-UHFFFAOYSA-N,False,False,0.531645596
O14757_CHEMBL5411672,GJNVRRLYQDPTMH-UHFFFAOYSA-N,False,False,0.54411763
O14757_CHEMBL5411251,SQOLAIUZCKYPCQ-XYPHTWIQSA-N,False,False,0.61038959
O14757_CHEMBL5428756,SQOLAIUZCKYPCQ-RRQGHBQHSA-N,False,False,0.61038959
O14757_CHEMBL5432487,PIELNOLQJZOXMR-TXEJJXNPSA-N,False,False,0.772727251
O14757_CHEMBL5433221,OVCGZYQGQZKDFH-BETUJISGSA-N,False,False,0.784615397
O14757_CHEMBL5406086,XAOVCPIDMCQHJP-UHFFFAOYSA-N,False,False,0.600000024
O14757_CHEMBL5428278,VFKMQJIAJLEJRU-UHFFFAOYSA-N,False,False,0.682539701
O14757_CHEMBL5398258,CQHWELPYCOZWEN-UHFFFAOYSA-N,False,False,0.520547926
O14757_CHEMBL5411719,NUXMHOXYCNMXPP-UHFFFAOYSA-N,False,False,0.5
O14757_CHEMBL5424476,WFWPAJPVDYNPHY-UHFFFAOYSA-N,False,False,0.513888896
O14757_CHEMBL5438542,FHEWUAUHLOUTNY-UHFFFAOYSA-N,False,False,0.5
O14757_CHEMBL5398244,VABDKURZDFDTAX-UHFFFAOYSA-N,False,False,0.488095224
O14757_CHEMBL5405689,TVMRKOUIJDMMFB-UHFFFAOYSA-N,False,False,0.589041114
O14757_CHEMBL5401305,DXSQMTBEAIOLFP-UHFFFAOYSA-N,False,False,0.560606062
O14757_CHEMBL5434637,XJIYFCAXVVTTLB-UHFFFAOYSA-N,False,False,0.54411763
O14757_CHEMBL5411252,WOSVQDVRYSIVTA-UHFFFAOYSA-N,False,False,0.655172408
O14757_CHEMBL5396674,YXXZXFHNQPWLAW-UHFFFAOYSA-N,False,False,0.655172408
O14757_CHEMBL5410841,NXRKPNCKZKIFMK-IYBDPMFKSA-N,False,False,0.605263174
O14757_CHEMBL5426241,QOIKDVCHQYXCQL-GASCZTMLSA-N,False,False,0.638888896
O43570_CHEMBL5433200,JAPWBQCQUOSIEM-OBKDMQGPSA-N,False,False,0.722222209
O43570_CHEMBL5418092,JAPWBQCQUOSIEM-CXQPBAHBSA-N,False,False,0.722222209
O43570_CHEMBL5431609,KWPJXRHMANTYFB-OBKDMQGPSA-N,False,False,0.75999999
O43570_CHEMBL5434405,KWPJXRHMANTYFB-CXQPBAHBSA-N,False,False,0.75999999
O43570_CHEMBL5399412,JYWGGDIASDQSSD-NUPXYHBHSA-N,False,False,0.602941155
O43570_CHEMBL5410769,JYWGGDIASDQSSD-VJIOPBFVSA-N,False,False,0.602941155
O43570_CHEMBL5430974,VSEAUONETIOWGP-RTJMFUJLSA-N,False,False,0.714285731
O43570_CHEMBL5420563,VSEAUONETIOWGP-CAKRBILKSA-N,False,False,0.714285731
O43570_CHEMBL5394374,GKNYVICIQGNERP-OBKDMQGPSA-N,False,False,0.720000029
O43570_CHEMBL5439211,GKNYVICIQGNERP-CXQPBAHBSA-N,False,False,0.720000029
O43570_CHEMBL5420568,CODOYFSQOXGEKI-SFFUCWETSA-N,False,False,0.555555582
O43570_CHEMBL5429492,GEPXKKLRMYWXND-ICUGJSFKSA-N,False,False,0.592592597
O43570_CHEMBL5406311,CODOYFSQOXGEKI-ICUGJSFKSA-N,False,False,0.555555582
O43570_CHEMBL5395028,VVWPYIUMZAKJOT-UHFFFAOYSA-N,False,False,0.745098054
O43570_CHEMBL5408660,LQUQJUOOLFKOSO-LTGZKZEYSA-N,False,False,0.829787254
O43570_CHEMBL5394136,HVPOBFJNXNIEGT-LTGZKZEYSA-N,False,False,0.636363626
O43570_CHEMBL5428616,JCHMBMKFELRULG-CAPFRKAQSA-N,False,False,0.951219499
O43570_CHEMBL5411236,ZPRNRHVZUXUSQS-CAPFRKAQSA-N,False,False,0.714285731
O43570_CHEMBL5434644,LSNLEQVVAXRTBM-HMMYKYKNSA-N,False,False,0.886363626
O43570_CHEMBL5418325,IXVUWFHZNCLEHV-HMMYKYKNSA-N,False,False,0.673076928
O43570_CHEMBL5418448,LZLTUDYFBGBMDX-RCCKNPSSSA-N,False,False,0.673076928
O43570_CHEMBL5396521,ODBQOFQAPQVSGM-RCCKNPSSSA-N,False,False,0.525423706
O43570_CHEMBL5406454,DZGDAJDXLWCVEJ-XDJHFCHBSA-N,False,False,0.883720934
O43570_CHEMBL5415157,OULFJNUSHKTYOH-XDJHFCHBSA-N,False,False,0.680000007
O43570_CHEMBL5430687,YKWOJEJSDIYNCK-HMMYKYKNSA-N,False,False,0.727272749
O43570_CHEMBL5402415,OFIZPJSKLVIVNG-HMMYKYKNSA-N,False,False,0.580645144
O43570_CHEMBL5403443,FBWCDZDPENGCFS-UHFFFAOYSA-N,False,False,0.583333313
O43570_CHEMBL5423785,IDRXDTIJYBJAEM-UHFFFAOYSA-N,False,False,0.525423706
O43570_CHEMBL5420806,ORWFINKCFKZTRU-UHFFFAOYSA-N,False,False,0.547169805
O43570_CHEMBL5408282,VUWPGZCTNKFYMH-UHFFFAOYSA-N,False,False,0.547169805
O43570_CHEMBL5403015,YFCOFTLHQOGHBV-UHFFFAOYSA-N,False,False,0.690909088
O43570_CHEMBL5418584,QJMAMZFVLABRRZ-UHFFFAOYSA-N,False,False,0.690909088
O43570_CHEMBL5408039,DKGRULUNCHTQJI-UHFFFAOYSA-N,False,False,0.532258093
O43570_CHEMBL5417623,LMQGNHWQIXYVJD-UHFFFAOYSA-N,False,False,0.586206913
O43570_CHEMBL5419120,QXNAMODSZDFGKT-UHFFFAOYSA-N,False,False,0.730769217
O43570_CHEMBL5419562,JFYQHSPNAYLJRN-UHFFFAOYSA-N,False,False,0.666666687
O43570_CHEMBL5409839,UPAKNGUBVJPMDA-UHFFFAOYSA-N,False,False,0.586956501
O43570_CHEMBL5406763,RIFVVUUGERXWIY-UHFFFAOYSA-N,False,False,0.600000024
O43570_CHEMBL5398527,DCMRGNSARQJDLM-UHFFFAOYSA-N,False,False,0.702127635
O43570_CHEMBL5398482,MXTYBSMRNGDIQI-UHFFFAOYSA-N,False,False,0.702127635
O43570_CHEMBL5404478,JSSFSRDUSRBMJE-UHFFFAOYSA-N,False,False,0.722222209
O43570_CHEMBL5430744,SUJNLCAPXPDFJD-UHFFFAOYSA-N,False,False,0.702127635
O43570_CHEMBL5404207,AGOBQBPWEZAJGQ-UHFFFAOYSA-N,False,False,0.5625
O43570_CHEMBL5432122,GTGGSCVIIRKEOU-UHFFFAOYSA-N,False,False,0.61403507
O43570_CHEMBL5400096,HKMCSSRPTZLJPV-UHFFFAOYSA-N,False,False,0.634615362
O43570_CHEMBL5427772,WYYLXPSCNTUSRW-UHFFFAOYSA-N,False,False,0.555555582
O43570_CHEMBL5439825,IRNFDGGRPSGOTE-UHFFFAOYSA-N,False,False,0.625
O43570_CHEMBL5424006,VMNKBYZDOJQBIH-SSDVNMTOSA-N,False,False,0.603448272
O43570_CHEMBL5419432,XVCWHNLYGWNYPC-GNKBHMEESA-N,False,False,0.470588237
O43570_CHEMBL5436128,CZZVNDSYRYZFJU-UHFFFAOYSA-N,False,False,0.744680822
O43570_CHEMBL5411012,HQGWSNNXBRZSPC-UHFFFAOYSA-N,False,False,0.725490212
O43570_CHEMBL5427767,ZLQFARKGJOSLEV-UHFFFAOYSA-N,False,False,0.734693885
O43570_CHEMBL5412673,CLFJSQILDVYGBK-UHFFFAOYSA-N,False,False,0.61403507
O43570_CHEMBL5413719,HYIVABKUWHLVSF-UHFFFAOYSA-N,False,False,0.540983617
O43570_CHEMBL5434757,HKRULHFXTVOAJA-UHFFFAOYSA-N,False,False,0.769230783
O43570_CHEMBL5398809,ZZSFKGAHDNYOBK-UHFFFAOYSA-N,False,False,0.525423706
O43570_CHEMBL5423264,IXHUCPVVPYRMGG-UHFFFAOYSA-N,False,False,0.754716992
O43570_CHEMBL5431226,XQIIKHHHBXHMHY-UHFFFAOYSA-N,False,False,0.631578922
O43570_CHEMBL5400438,NAZNNIPXYUKZQQ-UHFFFAOYSA-N,False,False,0.732142866
O43570_CHEMBL5422561,UWPJANIOFXYDOC-UHFFFAOYSA-N,False,False,0.45161289
O43570_CHEMBL5422492,RZVCBSGZKOFRJK-UFFVCSGVSA-N,False,False,0.625
O43570_CHEMBL5438275,PXXJMRSTMBBDNC-UHFFFAOYSA-N,False,False,0.649122834
O43570_CHEMBL5411466,DFIXSMFGGXZVOF-UHFFFAOYSA-N,False,False,0.769230783
O43570_CHEMBL5419182,GNCVTHLRVNSSBF-LSQMVHIFSA-N,False,False,0.524999976
O43570_CHEMBL5428815,CLGHEGZXCNFRHB-UHFFFAOYSA-N,False,False,0.816326559
O43570_CHEMBL5406041,ONKCUILMOYKXKT-UHFFFAOYSA-N,False,False,0.576271176
O43570_CHEMBL5439068,CGYVNNMDBLVCOV-UHFFFAOYSA-N,False,False,0.672727287
O43570_CHEMBL5401486,SIPKBYBNIVYTBX-UHFFFAOYSA-N,False,False,0.625
O43570_CHEMBL5424643,CPEPQCMLINGXPE-UHFFFAOYSA-N,False,False,0.637931049
O43570_CHEMBL5402861,LKDHHNQNIRYCTL-GFCCVEGCSA-N,False,False,0.590909064
O43570_CHEMBL5422807,LKDHHNQNIRYCTL-LBPRGKRZSA-N,False,False,0.590909064
O43570_CHEMBL5415701,NDGXTYNWIXJHRU-UHFFFAOYSA-N,False,False,0.536585391
O43570_CHEMBL5417652,FGOXCLFZEUIMFJ-UHFFFAOYSA-N,False,False,0.519999981
O43570_CHEMBL5430843,ALORJYJIQPGGSQ-UHFFFAOYSA-N,False,False,0.448275864
O43570_CHEMBL5415971,WQWZCRCWXXGKCN-UHFFFAOYSA-N,False,False,0.482142866
O43570_CHEMBL5434579,SONHRDHLRXQTMC-UHFFFAOYSA-N,False,False,0.442307681
O43570_CHEMBL5427495,WUVPYPNAYVLIAX-UHFFFAOYSA-N,False,False,0.44262296
O43570_CHEMBL5396279,OPDJFQOEEMDFDH-UHFFFAOYSA-N,False,False,0.42592594
O43570_CHEMBL5427064,BBWCYBPTZKUWMS-UHFFFAOYSA-N,False,False,0.491228074
O43570_CHEMBL5434717,BTSHTWLKOSYTEV-UHFFFAOYSA-N,False,False,0.576923072
O43570_CHEMBL5405313,FTGKUQUALRCYNZ-UHFFFAOYSA-N,False,False,0.563636363
O43570_CHEMBL5428119,VGUFUQKJRYXNDM-UHFFFAOYSA-N,False,False,0.634615362
O43570_CHEMBL5406828,VXHZATHSABFUEI-UHFFFAOYSA-N,False,False,0.611111104
O43570_CHEMBL5421787,PRDQLKPGJGJZPK-UHFFFAOYSA-N,False,False,0.612903237
O43570_CHEMBL5410832,CYOSAPAEFXZWBM-UHFFFAOYSA-N,False,False,0.596153855
O43570_CHEMBL5396229,RRPPKCKSMVOBSW-VGQGPFSMSA-N,False,False,0.576271176
O43570_CHEMBL5400915,IQLAYXHLNAZBOA-UHFFFAOYSA-N,False,False,0.745098054
O43570_CHEMBL5423723,NIYGRTUCJXAUEL-VGYBTVITSA-N,False,False,0.542372882
O43570_CHEMBL5409485,DXYSXKJWZKQHHF-UHFFFAOYSA-N,False,False,0.580645144
O43570_CHEMBL5411876,JQGPGULICCQCSV-UHFFFAOYSA-N,False,False,0.519999981
O43570_CHEMBL5430806,ONUOJBHQVRBQCT-UHFFFAOYSA-N,False,False,0.521739125
O43570_CHEMBL5427215,BQLJBTHPQRDMLR-UHFFFAOYSA-N,False,False,0.53061223
O43570_CHEMBL5418987,MGBZVKFQSSXFAS-UHFFFAOYSA-N,False,False,0.53191489
O43570_CHEMBL5417966,FVYMUXRPHIGZCP-UHFFFAOYSA-N,False,False,0.547619045
O43570_CHEMBL5427397,GFXJQNJZNMMUAZ-UHFFFAOYSA-N,False,False,0.529411793
O43570_CHEMBL5393899,XNGWLNOBGSCVTK-BQFCYCMXSA-N,False,False,0.592105269
O43570_CHEMBL5416640,JJCGGKPYCQHVLA-UHFFFAOYSA-N,False,False,0.694444418
O43570_CHEMBL5399753,ODSHIRVEOVEADT-UHFFFAOYSA-N,False,False,0.808510661
O43570_CHEMBL5432003,NSVJHAIFKLYTIG-UHFFFAOYSA-N,False,False,0.673913062
O43570_CHEMBL5399026,RUQKNNVCYAVVBB-UHFFFAOYSA-N,False,False,0.699999988
O43570_CHEMBL5413773,LPOJLKJAYFPPCR-UHFFFAOYSA-N,False,False,0.653846145
O43570_CHEMBL5416330,JRNLVIFRGFRMNF-UHFFFAOYSA-N,False,False,0.629629612
O43570_CHEMBL5429247,XIJWHCUWSWDAQZ-UHFFFAOYSA-N,False,False,0.808510661
O43570_CHEMBL5438146,UTJPQLJYANJIHJ-UHFFFAOYSA-N,False,False,0.75
O43570_CHEMBL5400590,PFGCNCYJCMGGGZ-UHFFFAOYSA-N,False,False,0.686274529
O43570_CHEMBL5423705,BKAUZZPCYMWECJ-UHFFFAOYSA-N,False,False,0.734693885
O43570_CHEMBL5420340,LHWNFQORZAPTFK-UHFFFAOYSA-N,False,False,0.735849082
O43570_CHEMBL5418256,KWDVVKUGWLQPKD-ILYVXUQDSA-N,False,False,0.589285731
O43570_CHEMBL5408414,KWDVVKUGWLQPKD-RDHIYWLCSA-N,False,False,0.589285731
O43570_CHEMBL5422630,NIBXWPVTUDWSAY-FIXSFTCYSA-N,False,False,0.545454562
O43570_CHEMBL5412024,PPWNWLVDXHWRML-ONTIZHBOSA-N,False,False,0.43877551
O43570_CHEMBL5424738,PYUKJNGCYVMNAJ-ZOBUZTSGSA-N,False,False,0.622950792
O43570_CHEMBL5423986,UXXVSKZULVAJOF-JYJNAYRXSA-N,False,False,0.53125
O43570_CHEMBL5423626,BFCLBKQIMYAQPY-BJLQDIEVSA-N,False,False,0.576470613
O43570_CHEMBL5407099,NSNMVCGWTYPYMX-FUDKSRODSA-N,False,False,0.525423706
O43570_CHEMBL5439232,VLUZPBWAZBJQLD-KKUMJFAQSA-N,False,False,0.53125
O43570_CHEMBL5412326,MQQINZDUKHAUGJ-LNLFQRSKSA-N,False,False,0.625
O43570_CHEMBL5404854,ADISGBQVYFRLKB-ONTIZHBOSA-N,False,False,0.508196712
O43570_CHEMBL5434475,BLPFRQZLLDKZGB-LNLFQRSKSA-N,False,False,0.554054081
O43570_CHEMBL5398061,LHXRFFVHOQKVOC-GFCCVEGCSA-N,False,False,0.515625
O43570_CHEMBL5422153,XFOOXOCSAXINFV-LLVKDONJSA-N,False,False,0.525423706
O43570_CHEMBL5395857,FIFHTBRNDHDQRL-SNVBAGLBSA-N,False,False,0.507246375
O43570_CHEMBL5397659,YSCAFGPFKLJWHV-GFCCVEGCSA-N,False,False,0.625
O43570_CHEMBL5419752,DOPLSTZDQOBCEK-CYBMUJFWSA-N,False,False,0.716666639
O43570_CHEMBL5404038,YDHNVOCAWONJTO-LLVKDONJSA-N,False,False,0.72307694
O43570_CHEMBL5439318,OZLZJWIFJUNZOL-LLVKDONJSA-N,False,False,0.558823526
O43570_CHEMBL5405279,MAAQNYHAYSKSLH-CYBMUJFWSA-N,False,False,0.694915235
O43570_CHEMBL5437142,QXQVZTZWBBZTHB-QGZVFWFLSA-N,False,False,0.541666687
O43570_CHEMBL5420020,HGLYTFYXKZEQKR-GFCCVEGCSA-N,False,False,0.537313461
O43570_CHEMBL5432770,GDZQLCCHUMZPNP-CYBMUJFWSA-N,False,False,0.535211265
O43570_CHEMBL5395679,OFLLPDPQISYRJB-LLVKDONJSA-N,False,False,0.645161271
O43570_CHEMBL5424727,JCECPTHRURCVHN-LLVKDONJSA-N,False,False,0.612903237
O43570_CHEMBL5425125,CWLHKJWOLFDCHM-QGZVFWFLSA-N,False,False,0.385542154
O43570_CHEMBL5412351,ZLHNFAACGAYJNG-CYBMUJFWSA-N,False,False,0.55384618
O43570_CHEMBL5424664,RURNFMSWOBQBQV-CYBMUJFWSA-N,False,False,0.54838711
O43570_CHEMBL5420931,KLQZWEYDBHOBOL-LLVKDONJSA-N,False,False,0.485294104
O43570_CHEMBL5417084,XFOOXOCSAXINFV-NSHDSACASA-N,False,False,0.525423706
O43570_CHEMBL5430482,FIFHTBRNDHDQRL-JTQLQIEISA-N,False,False,0.507246375
O43570_CHEMBL5414077,YSCAFGPFKLJWHV-LBPRGKRZSA-N,False,False,0.625
O43570_CHEMBL5402143,DOPLSTZDQOBCEK-ZDUSSCGKSA-N,False,False,0.716666639
O43570_CHEMBL5426216,YDHNVOCAWONJTO-NSHDSACASA-N,False,False,0.72307694
O43570_CHEMBL5413021,OZLZJWIFJUNZOL-NSHDSACASA-N,False,False,0.558823526
O43570_CHEMBL5402145,MAAQNYHAYSKSLH-ZDUSSCGKSA-N,False,False,0.694915235
O43570_CHEMBL5438010,QXQVZTZWBBZTHB-KRWDZBQOSA-N,False,False,0.541666687
O43570_CHEMBL5421531,HGLYTFYXKZEQKR-LBPRGKRZSA-N,False,False,0.537313461
O43570_CHEMBL5411936,GDZQLCCHUMZPNP-ZDUSSCGKSA-N,False,False,0.535211265
O43570_CHEMBL5419447,OFLLPDPQISYRJB-NSHDSACASA-N,False,False,0.645161271
O43570_CHEMBL5396393,JCECPTHRURCVHN-NSHDSACASA-N,False,False,0.612903237
O43570_CHEMBL5409658,CWLHKJWOLFDCHM-KRWDZBQOSA-N,False,False,0.385542154
O43570_CHEMBL5413693,ZLHNFAACGAYJNG-ZDUSSCGKSA-N,False,False,0.55384618
O43570_CHEMBL5429073,RURNFMSWOBQBQV-ZDUSSCGKSA-N,False,False,0.54838711
O43570_CHEMBL5401434,KLQZWEYDBHOBOL-NSHDSACASA-N,False,False,0.485294104
O43570_CHEMBL5402497,CPGFSNUZSQCPLL-YDHLFZDLSA-N,False,False,0.566666663
O43570_CHEMBL5412870,XWMJNVUDKLLXAI-YDHLFZDLSA-N,False,False,0.732142866
O43570_CHEMBL5422706,MMXXEFWUHKQSJH-CYBMUJFWSA-N,False,False,0.775862098
O43570_CHEMBL5425202,TZQMARCGMVCRDN-GFCCVEGCSA-N,False,False,0.5
O43570_CHEMBL5433765,AVVYBGKZHMLYNV-CYBMUJFWSA-N,False,False,0.649122834
O43570_CHEMBL5420539,MMXXEFWUHKQSJH-ZDUSSCGKSA-N,False,False,0.775862098
O43570_CHEMBL5395423,TZQMARCGMVCRDN-LBPRGKRZSA-N,False,False,0.5
O43570_CHEMBL5407842,TWNBFLYFNRTBNB-CYBMUJFWSA-N,False,False,0.625
O43570_CHEMBL5396530,QGZPJORAZASRSN-CYBMUJFWSA-N,False,False,0.576271176
O43570_CHEMBL5397521,TWNBFLYFNRTBNB-ZDUSSCGKSA-N,False,False,0.625
O43570_CHEMBL5439370,UZICFNNDQYSEFG-SFFUCWETSA-N,False,False,0.666666687
O43570_CHEMBL5415949,UZICFNNDQYSEFG-ICUGJSFKSA-N,False,False,0.666666687
O43570_CHEMBL5395274,CFRQBHZOCGBWDS-RMKNXTFCSA-N,False,False,0.534482777
O43570_CHEMBL5407876,SHDJQHSRHVCNIF-UHFFFAOYSA-N,False,False,0.698113203
O43570_CHEMBL5430374,CAMAPKNMNKLJGK-UHFFFAOYSA-N,False,False,0.791666687
O43570_CHEMBL5403578,SXULHRZVOJNSLM-UHFFFAOYSA-N,False,False,0.779999971
O43570_CHEMBL5439016,QEPZQARHHYAPAJ-UHFFFAOYSA-N,False,False,0.672727287
O43570_CHEMBL5430474,PVFMDVQUGFYVGS-UHFFFAOYSA-N,False,False,0.787234068
O43570_CHEMBL5439521,JTIQRJKTATWBIT-UHFFFAOYSA-N,False,False,0.629629612
O43570_CHEMBL5433722,XXGMOMHNKQPBKI-ZIQFBCGOSA-N,False,False,0.690476179
O43570_CHEMBL5416307,NIQIGNHEHFIPGG-IIRVCBMXSA-N,False,False,0.644444466
O43570_CHEMBL5402383,VNWKPHNIXMNPGQ-ZIQFBCGOSA-N,False,False,0.608695626
O43570_CHEMBL5397739,VNWKPHNIXMNPGQ-IIRVCBMXSA-N,False,False,0.608695626
O43570_CHEMBL5399974,HLEVRSLETWDQBY-UHFFFAOYSA-N,False,False,0.644067824
O43570_CHEMBL5422102,FSVADAMYVYABPG-UHFFFAOYSA-N,False,False,0.555555582
O43570_CHEMBL5406077,VATWNGLKRPPFRJ-YDHLFZDLSA-N,False,False,0.629032254
O43570_CHEMBL5440906,HNXQPQLHQMZIIO-CYBMUJFWSA-N,False,False,0.671875
O43570_CHEMBL5440763,FNCNVIQPHOCAGW-GFCCVEGCSA-N,False,False,0.492063493
O43570_CHEMBL5436282,GOWQSNLJQVTEQN-CYBMUJFWSA-N,False,False,0.616666675
O43570_CHEMBL5411702,HNXQPQLHQMZIIO-ZDUSSCGKSA-N,False,False,0.671875
O43570_CHEMBL5414836,FNCNVIQPHOCAGW-LBPRGKRZSA-N,False,False,0.492063493
O43570_CHEMBL5399204,YDUJMIZEUWJICH-CYBMUJFWSA-N,False,False,0.602941155
O43570_CHEMBL5433154,KCHMTPHYMJFNEW-GFCCVEGCSA-N,False,False,0.514705896
O43570_CHEMBL5409881,UCSMZVJPTHKUHN-CYBMUJFWSA-N,False,False,0.555555582
O43570_CHEMBL5403938,YDUJMIZEUWJICH-ZDUSSCGKSA-N,False,False,0.602941155
O43570_CHEMBL5421790,KCHMTPHYMJFNEW-LBPRGKRZSA-N,False,False,0.514705896
O43570_CHEMBL5432812,PGROUBRFXAGLCW-ZKWXMUAHSA-N,False,False,0.607142866
O43570_CHEMBL5408885,ZRXNNNLXDZLQEL-AWQFTUOYSA-N,False,False,0.789473712
O43570_CHEMBL5403077,NHXJYIFPYTZJPY-AWQFTUOYSA-N,False,False,0.65625
O43570_CHEMBL5420858,ONFHWJUGRMUDHQ-ZVBGSRNCSA-N,False,False,0.590163946
O43570_CHEMBL5396677,QOFOEVNYGMELQV-AWQFTUOYSA-N,False,False,0.600000024
O43570_CHEMBL5413403,QGPDQLORMJTCKM-QGMBQPNBSA-N,False,False,0.615384638
O43570_CHEMBL5410282,IOUTWIGNKRIKAZ-URYVQPGZSA-N,False,False,0.436363637
O43570_CHEMBL5417595,NGCNTSFHNCDCDJ-FIXSFTCYSA-N,False,False,0.516666651
O60341_CHEMBL5439389,FEEABGGBESVUCB-LOSJGSFVSA-N,False,False,0.54651165
O60341_CHEMBL5408271,DMPWZUXDOSPNGF-UHFFFAOYSA-N,False,False,0.479999989
O60341_CHEMBL5416205,DPHCJUMNUXHMAC-UHFFFAOYSA-N,False,False,0.765957475
O60341_CHEMBL5423159,MJSANOHSQZCHGM-FXAWDEMLSA-N,False,False,0.491803288
O60341_CHEMBL5425308,PRGXXJVBLCZSOL-WIOPSUGQSA-N,False,False,0.522727251
O60341_CHEMBL5433416,ZLLOCPLWCCUGBR-IZZNHLLZSA-N,False,False,0.516853929
O60341_CHEMBL5396850,ICJRZLVXRQXZQD-RRPNLBNLSA-N,False,False,0.480519474
O60341_CHEMBL5434190,QMBLBNRBLDPEJS-IZZNHLLZSA-N,False,False,0.49333334
O60341_CHEMBL5430614,WEOZCYDCZHEOTH-LOSJGSFVSA-N,False,False,0.5
O60341_CHEMBL5438843,GTPVAJXOALUVNI-LOSJGSFVSA-N,False,False,0.51111114
O60341_CHEMBL5432041,AIYDNYYBNDOMGF-UKILVPOCSA-N,False,False,0.506493509
O60341_CHEMBL5423712,VEXJOWCNERPTIL-AZGAKELHSA-N,False,False,0.512499988
O60341_CHEMBL5401491,FDVYZWBVEHJUBC-BJKOFHAPSA-N,False,False,0.487500012
O60341_CHEMBL5432465,PKDIKPZCCRIPSZ-BJKOFHAPSA-N,False,False,0.493670881
O60341_CHEMBL5439259,RRTYQPGRBNBBRL-LBNVMWSVSA-N,False,False,0.527027011
O60341_CHEMBL5438431,XDJYMJULXQKGMM-RXJKCUBDSA-N,False,True,1.0
O60341_CHEMBL5410672,YTDNDVOACOBCFY-UHFFFAOYSA-N,False,False,0.413333327
O60341_CHEMBL5430017,NNPXFGGGBXAKMD-UHFFFAOYSA-N,False,False,0.545454562
O60341_CHEMBL5406479,PPBFMAZFHAVQBB-UHFFFAOYSA-N,False,False,0.5
O60341_CHEMBL5413049,YJNRFSUIJTVQPA-XUZZJYLKSA-N,False,False,0.542372882
O60341_CHEMBL5434915,CHUKPUWYVVAZLZ-GHTZIAJQSA-N,False,False,0.518518507
O60341_CHEMBL5432927,QCSJPNIFFPNLNJ-RPLLCQBOSA-N,False,False,0.577464759
O60341_CHEMBL5437604,PGRROERLKGRQKE-UHFFFAOYSA-N,False,False,0.603448272
O60341_CHEMBL5405904,ZDVSNSLEVYUIBR-RPLLCQBOSA-N,False,False,0.538461566
O60341_CHEMBL5420365,LEWOHKFPAVVDEJ-UHFFFAOYSA-N,False,False,0.744680822
O60341_CHEMBL5421422,ZJSMCLVEHHIPFJ-UHFFFAOYSA-N,False,False,0.800000012
O60341_CHEMBL5422216,RACDMNDNBPPCLD-UHFFFAOYSA-N,False,False,0.400000006
O60341_CHEMBL5433323,HXYMBPQVSWVPDF-NZQKXSOJSA-N,False,False,0.475409836
O60341_CHEMBL5409970,VXAZUTVRPYLBMY-QFBILLFUSA-N,False,False,0.491803288
O60341_CHEMBL5426797,LPWCTMNSWOZKIA-JKSUJKDBSA-N,False,False,0.837209284
O60341_CHEMBL5434546,LZDVZSHIAKMDMZ-UHFFFAOYSA-N,False,False,0.566666663
O60341_CHEMBL5429228,SQTJAKDTFBMTKJ-UHFFFAOYSA-N,False,False,0.527272701
O60341_CHEMBL5435026,CTPPCSXPANIXLH-UHFFFAOYSA-N,False,False,0.527272701
O60341_CHEMBL5407947,OELIVNXEBZGJGO-UHFFFAOYSA-N,False,False,0.566037714
O60341_CHEMBL5440105,MMDUHCJTXGKOCK-UHFFFAOYSA-N,False,False,0.471428573
O60341_CHEMBL5406671,QXZZDGKAEIAULG-UHFFFAOYSA-N,False,False,0.680000007
O60341_CHEMBL5429994,FULMCDDXADXRRG-VULFUBBASA-N,False,False,0.383561641
O60341_CHEMBL5419169,MVSYUKJERGRBBZ-UHFFFAOYSA-N,False,False,0.765957475
O60341_CHEMBL5440680,CIWZPPXUMATSFZ-UHFFFAOYSA-N,False,False,0.781818211
O60341_CHEMBL5409400,DRDKZFDFLAFTRX-UHFFFAOYSA-N,False,False,0.532258093
O60341_CHEMBL5420493,UXFFSOKSQAVGQD-UHFFFAOYSA-N,False,False,0.642857134
O60341_CHEMBL5411051,RNPNSQOZBBMXAY-UHFFFAOYSA-N,False,False,0.677419364
O60341_CHEMBL5428732,BMDNEOBUTJCILK-UHFFFAOYSA-N,False,False,0.438356161
O60341_CHEMBL5415964,DNTKEJCWAJLRET-UHFFFAOYSA-N,False,False,0.818181813
O60341_CHEMBL5399635,AVFRFERRHSJPDJ-UHFFFAOYSA-N,False,False,0.564516127
O60341_CHEMBL5406759,AAAKGTUHALVVRF-UHFFFAOYSA-N,False,False,0.578947365
O60341_CHEMBL5413744,KCMYMJYVLUDHRM-UHFFFAOYSA-N,False,False,0.5
O60341_CHEMBL5428176,GWHOESHWTHCMLP-UHFFFAOYSA-N,False,False,0.553571403
O60341_CHEMBL5440196,LRJQZDPAGCKASQ-UHFFFAOYSA-N,False,False,0.636363626
O60341_CHEMBL5428924,XAZFECXJTZEKQY-UHFFFAOYSA-N,False,False,0.607843161
O60341_CHEMBL5396510,RIZQTNNQZPSBEB-UHFFFAOYSA-N,False,False,0.472222209
O60341_CHEMBL5397056,KCPRPGJBCAWJSL-UHFFFAOYSA-N,False,False,0.467532456
O60341_CHEMBL5416718,LPQUQGQNMGKMNE-UHFFFAOYSA-N,False,False,0.44155845
O60341_CHEMBL5422540,XNNKQIKXVFRLSK-UHFFFAOYSA-N,False,False,0.428571433
O60341_CHEMBL5435872,XDLKMSLCBCRYIC-UHFFFAOYSA-N,False,False,0.492753625
O60341_CHEMBL5434343,AYUOYXSMRMPZFG-UHFFFAOYSA-N,False,False,0.428571433
O60341_CHEMBL5399692,WDMZTHOEOUQZOQ-UHFFFAOYSA-N,False,False,0.412499994
O60341_CHEMBL5410411,BVUDOIBLHVBEQG-UHFFFAOYSA-N,False,False,0.434210539
O60341_CHEMBL5435978,LPVGYGPULXXCIK-UHFFFAOYSA-N,False,False,0.412499994
O60341_CHEMBL5436412,BIYDYSIYIPRYNK-UHFFFAOYSA-N,False,False,0.450704217
O60341_CHEMBL5407104,RMXOEPMDSDAHAJ-UHFFFAOYSA-N,False,False,0.465517253
O60341_CHEMBL5406892,QHNAZAJHJRTTOU-UHFFFAOYSA-N,False,False,0.447761208
O60341_CHEMBL5426980,MBHSOQJCCCGGRD-UHFFFAOYSA-N,False,False,0.470588237
O60341_CHEMBL5397316,SNAXHHZZWGGTDG-JOCHJYFZSA-N,False,False,0.557142854
O60341_CHEMBL5437172,RFWOLBGSZCRRGA-UHFFFAOYSA-N,False,False,0.476923078
O60341_CHEMBL5430058,PKFVTGNEAOXFFU-UHFFFAOYSA-N,False,False,0.569230795
O60341_CHEMBL5406132,ZZSYVPYRMGUZCR-UHFFFAOYSA-N,False,False,0.639344275
O60341_CHEMBL5409890,FTKQHKUIFQOBKG-UHFFFAOYSA-N,False,False,0.619047642
O60341_CHEMBL5406521,SXPXZHASKYBGHS-UHFFFAOYSA-N,False,False,0.719298244
O60341_CHEMBL5435173,YWWUGOSHFYJRAP-UHFFFAOYSA-N,False,False,0.65625
O60341_CHEMBL5404495,WBULGWMUJPRNSR-UHFFFAOYSA-N,False,False,0.5
O60341_CHEMBL5410286,JRWLJKTXEPIKRM-UHFFFAOYSA-N,False,False,0.484375
O60341_CHEMBL5425391,SJNFNKGYMQJYHO-YHBQERECSA-N,False,False,0.587301612
O60341_CHEMBL5423330,JDWFLFCEFPYHCY-UHFFFAOYSA-N,False,False,0.472222209
O60341_CHEMBL5428936,SJGRNUFVEDEBDX-UHFFFAOYSA-N,False,False,0.5
O60341_CHEMBL5413148,AZSLAPRJSHXKSO-UHFFFAOYSA-N,False,False,0.478873253
O60341_CHEMBL5428788,JCGWOZASMPVAKS-UHFFFAOYSA-N,False,False,0.467532456
O60341_CHEMBL5436427,UNVQBUIIJFTWBG-UHFFFAOYSA-N,False,False,0.473684222
O60341_CHEMBL5425120,YOUYRBHTNJQDGW-UHFFFAOYSA-N,False,False,0.449999988
O60341_CHEMBL5423110,KXVYWYNZPSIPHU-UHFFFAOYSA-N,False,False,0.467532456
O60341_CHEMBL5431790,GVGWJKUIRBCGMX-UHFFFAOYSA-N,False,False,0.522388041
O60341_CHEMBL5399676,UFKPGWMKQUSRPU-UHFFFAOYSA-N,False,False,0.486111104
O60341_CHEMBL5440601,ZXUDHZJPRPKLMH-UHFFFAOYSA-N,False,False,0.463768125
O60341_CHEMBL5413316,RBVBJTJVVRISMW-UHFFFAOYSA-N,False,False,0.576923072
O60341_CHEMBL5440032,PSYQFKVOPBGHPQ-UHFFFAOYSA-N,False,False,0.636363626
O60341_CHEMBL5405377,UYOCEEBWPPZWHJ-UHFFFAOYSA-N,False,False,0.454545468
O60341_CHEMBL5400631,ZVTCFBORGRODAF-UHFFFAOYSA-N,False,False,0.5
O60341_CHEMBL5416905,QXDDXMHNKRQLMV-NZQKXSOJSA-N,False,False,0.49253732
O60341_CHEMBL5413825,BCIXVHZWEFYBEN-UHFFFAOYSA-N,False,False,0.609756112
O60341_CHEMBL5416497,RUWYYZBLRCYXKI-UHFFFAOYSA-N,False,False,0.555555582
O60341_CHEMBL5415883,PWVMTVYEKUNIRK-UHFFFAOYSA-N,False,False,0.620000005
O60341_CHEMBL5394389,FFCKIXQSLPJSSN-UHFFFAOYSA-N,False,False,0.479999989
O60341_CHEMBL5405788,WEMBYMJVKDCTBX-UHFFFAOYSA-N,False,False,0.486111104
O60341_CHEMBL5419993,GCMXOCXBXNUVJR-UHFFFAOYSA-N,False,False,0.402777791
O60341_CHEMBL5417682,WWWXAUVVTLETIP-UHFFFAOYSA-N,False,False,0.560000002
O60341_CHEMBL5408302,KSQPOWDGNPXPOW-GHTZIAJQSA-N,False,False,0.516129017
O60341_CHEMBL5435117,AXPCWXGUMDCTQE-WMLDXEAASA-N,False,False,0.561403513
O60341_CHEMBL5408598,XFNFQVXWAHAIFG-GHTZIAJQSA-N,False,False,0.508196712
O60341_CHEMBL5398801,ROYYMVJWISHQAT-SIKLNZKXSA-N,False,False,0.492063493
O60341_CHEMBL5400344,KVCTUOTULFCNKM-QFBILLFUSA-N,False,False,0.508771956
O60341_CHEMBL5414185,YOSBAPUYCFBXSN-SIKLNZKXSA-N,False,False,0.507936537
O60341_CHEMBL5439488,LLWDTYGBWANFGR-UHFFFAOYSA-N,False,False,0.535714269
O60341_CHEMBL5416264,YQHUBFALFNTCIB-UHFFFAOYSA-N,False,False,0.622641504
O60341_CHEMBL5406191,SCCJOEOENYEKKI-UHFFFAOYSA-N,False,False,0.486486495
O60341_CHEMBL5433364,DUVLXIGHBVSHMD-UHFFFAOYSA-N,False,False,0.571428597
O60341_CHEMBL5403602,NCQIXHZAOSUMFR-UHFFFAOYSA-N,False,False,0.571428597
O60341_CHEMBL5429412,FIRDMYGUQVUYTP-UHFFFAOYSA-N,False,False,0.600000024
O60341_CHEMBL5436035,FUUBXMQAHOAIOG-UHFFFAOYSA-N,False,False,0.616666675
O60341_CHEMBL5403862,JUJSCLVYZFJTFY-UHFFFAOYSA-N,False,False,0.5
O60341_CHEMBL5419295,KARDQFYIDVGLOW-UHFFFAOYSA-N,False,False,0.622641504
O60341_CHEMBL5424948,AMCNDLUFXPCOOE-UHFFFAOYSA-N,False,False,0.615384638
O60341_CHEMBL5418093,LWSHJIDSLYHZGH-UHFFFAOYSA-N,False,False,0.615384638
O60341_CHEMBL5401496,MZYCHAQCSKIGFQ-UHFFFAOYSA-N,False,False,0.615384638
O60341_CHEMBL5404895,JSHWCMVAPVXGLB-SQJMNOBHSA-N,False,False,0.507246375
O60341_CHEMBL5424591,SWRRUGVQUXSISY-JYFHCDHNSA-N,False,False,0.571428597
O60341_CHEMBL5403548,BMBYYDLZXZWWND-FGZHOGPDSA-N,False,False,0.716981113
O60341_CHEMBL5435587,RFWJLVZAJLLOTF-XJKSGUPXSA-N,False,False,0.607843161
O60341_CHEMBL5396414,QRLPQDLOEBKKPT-SIKLNZKXSA-N,False,False,0.516666651
O60341_CHEMBL5396152,WNYUNMXHVFBERE-AUDFTCOISA-N,False,False,0.483870953
O60341_CHEMBL5418619,JNUZFHXHKNFPKP-GHTZIAJQSA-N,False,False,0.539682567
O60341_CHEMBL5416406,OWBAGCMYXKHRPJ-JYFHCDHNSA-N,False,False,0.516129017
O60341_CHEMBL5438908,GSKKFBAHUKLPPL-NZQKXSOJSA-N,False,False,0.525423706
O60674_CHEMBL5412815,WBSBLASSZZLXOI-UHFFFAOYSA-N,False,False,0.707692325
O60674_CHEMBL5424439,HIHLCOANWGGTMC-UHFFFAOYSA-N,False,False,0.633333325
O60674_CHEMBL5398468,UWAWQDDCHUKHDE-UHFFFAOYSA-N,False,False,0.50746268
O60674_CHEMBL5429688,HGTHLADJAXIWDU-UHFFFAOYSA-N,False,False,0.571428597
O60674_CHEMBL5408539,WSXRJELNJIKQMP-UHFFFAOYSA-N,False,False,0.608108103
O60674_CHEMBL5417474,ALHCHCZKMLGTHT-UHFFFAOYSA-N,False,False,0.632352948
O60674_CHEMBL5395839,SEYRFWCGCDMTOA-UHFFFAOYSA-N,False,False,0.641791046
O60674_CHEMBL5403897,MJGQOHCTNGEHDC-UHFFFAOYSA-N,False,False,0.651515126
O60674_CHEMBL5420083,FQIYFTOVASBCBB-UHFFFAOYSA-N,False,False,0.545454562
O60674_CHEMBL5420971,MJRANCWIWRLEJM-UHFFFAOYSA-N,False,False,0.671875
O60674_CHEMBL5424098,ZMYPJUHAZZSTQN-UHFFFAOYSA-N,False,False,0.591549277
O60674_CHEMBL5423387,DPNRBPUOHMVAFV-RBUKOAKNSA-N,False,False,0.743243217
O60674_CHEMBL5430795,OBHALOYFTPPVQM-GDBMZVCRSA-N,False,False,0.828571439
O60674_CHEMBL5405043,ZUDFOFBHPJHVPB-GDBMZVCRSA-N,False,False,0.828571439
O60674_CHEMBL5410919,NKGFJEYTXFUJSB-UKRRQHHQSA-N,False,False,0.708333313
O60674_CHEMBL5435417,AOICGPVTFRAGAX-UKRRQHHQSA-N,False,False,0.771428585
O60674_CHEMBL5439582,YGOMDEPURZKKQR-ZWKOTPCHSA-N,False,False,0.838235319
O60674_CHEMBL5427932,XUEXROABNBPOBJ-UKRRQHHQSA-N,False,False,0.875
O60674_CHEMBL5405140,HALQCRHZEQWMBI-RHSMWYFYSA-N,False,False,0.859375
O60674_CHEMBL5404261,VMVPBIZAVRWGHU-RBUKOAKNSA-N,False,False,0.830985904
O60674_CHEMBL5441087,WQKOPPHLBQIUAG-RBUKOAKNSA-N,False,False,0.797297299
O60674_CHEMBL5440017,AFODACVBVYKBHF-HUUCEWRRSA-N,False,False,0.756756783
O60674_CHEMBL5434116,YETBCWGHKWNNTP-ZWKOTPCHSA-N,False,True,1.0
O60674_CHEMBL5396523,WQMGTKKBJJFOGQ-RHSMWYFYSA-N,False,False,0.828571439
O60674_CHEMBL5423894,FDCOYKWAEQLXBI-GDBMZVCRSA-N,False,False,0.791044772
O60674_CHEMBL5424497,FGFGLAJKHODMGZ-UHFFFAOYSA-N,False,False,0.392405063
O60674_CHEMBL5409953,VALKBDVUFHAEMQ-UHFFFAOYSA-N,False,False,0.678571403
O60674_CHEMBL5422886,RJHREQOUJMQXBL-UHFFFAOYSA-N,False,False,0.552238822
O60674_CHEMBL5412967,QLSJFVSWCVEOMO-HNNXBMFYSA-N,False,False,0.507042229
O60674_CHEMBL5419117,WDLQGSXVKLTOAD-UHFFFAOYSA-N,False,False,0.539682567
O60674_CHEMBL5402252,FYZHBVVQGBRSCB-UHFFFAOYSA-N,False,False,0.571428597
O60674_CHEMBL5436068,CKEZRTNWKMKTJT-UHFFFAOYSA-N,False,False,0.453125
O60674_CHEMBL5435274,ZYYGQGPCPWTBET-UHFFFAOYSA-N,False,False,0.719298244
O60674_CHEMBL5407329,MYTVQTWPMPXBGM-UHFFFAOYSA-N,False,False,0.580645144
O60674_CHEMBL5407260,JXLWZLUHIKGJID-MRXNPFEDSA-N,False,False,0.479999989
O60674_CHEMBL5396554,JXLWZLUHIKGJID-INIZCTEOSA-N,False,False,0.479999989
O60674_CHEMBL5415586,GXLRNOIQEDNDKT-UHFFFAOYSA-N,False,False,0.740740716
O60674_CHEMBL5409666,VEOVUUQKOGPBHF-UHFFFAOYSA-N,False,False,0.666666687
O60674_CHEMBL5433426,YAHPRSMXTYPCCD-UHFFFAOYSA-N,False,False,0.564516127
O60674_CHEMBL5395378,RIGQOFDZINNSON-UHFFFAOYSA-N,False,False,0.622950792
O60674_CHEMBL5420468,NGEQQUWHBWTKEQ-MRXNPFEDSA-N,False,False,0.802469134
O60674_CHEMBL5403288,FJLUYTVEVSZLJP-UHFFFAOYSA-N,False,False,0.414285719
O60674_CHEMBL5430060,OPRMTHPWLRWOPL-UHFFFAOYSA-N,False,False,0.341463417
O60674_CHEMBL5432029,RILOFFQNUDZMEB-UHFFFAOYSA-N,False,False,0.337349385
O60674_CHEMBL5436997,YHBWHSCISDHNCC-UHFFFAOYSA-N,False,False,0.321839094
O60674_CHEMBL5417435,ZGBAGWYVESAQAG-UHFFFAOYSA-N,False,False,0.368421048
O60674_CHEMBL5432284,LMPLILRWPQMYES-UHFFFAOYSA-N,False,False,0.358974367
O60674_CHEMBL5402797,NFYDBBVZKANMEX-UHFFFAOYSA-N,False,False,0.384615391
O60674_CHEMBL5405344,UGPDJSYAEGUOSO-UHFFFAOYSA-N,False,False,0.375
O60674_CHEMBL5410239,PIAOPVOJTUSVEB-UHFFFAOYSA-N,False,False,0.375
O60674_CHEMBL5404765,BXKBUWYXXKDGHW-UHFFFAOYSA-N,False,False,0.365853667
O60674_CHEMBL5434965,CYGJLKBTKVKZQE-UHFFFAOYSA-N,False,False,0.394736856
O60674_CHEMBL5429675,IYCVFSSCAPZAJP-UHFFFAOYSA-N,False,False,0.358024687
O60674_CHEMBL5402554,JRUFBZGMCKTNQR-UHFFFAOYSA-N,False,False,0.368421048
O60674_CHEMBL5415481,IYCVFSSCAPZAJP-ZDUSSCGKSA-N,False,False,0.358024687
O60674_CHEMBL5408994,BGXJJFPQOWNIAF-UHFFFAOYSA-N,False,False,0.616438329
O60674_CHEMBL5419978,QQXYCADNNJNFHZ-UHFFFAOYSA-N,False,False,0.616438329
O60674_CHEMBL5435482,SECLDOGRGZCTSE-UHFFFAOYSA-N,False,False,0.633802831
O60674_CHEMBL5408205,ZBIPQDSSOLFVRO-UHFFFAOYSA-N,False,False,0.684931517
O60674_CHEMBL5436744,UPPWCZSDZBDSNN-UHFFFAOYSA-N,False,False,0.702702701
O60674_CHEMBL5440510,TXELAYINOQAWIB-UHFFFAOYSA-N,False,False,0.636363626
O60674_CHEMBL5438892,VYUZMRQDNWEZOD-UHFFFAOYSA-N,False,False,0.636363626
O60674_CHEMBL5414095,DDJSPNPQPSXXBH-UHFFFAOYSA-N,False,False,0.532258093
O60674_CHEMBL5412619,QLPWFQPHRAFDGC-UHFFFAOYSA-N,False,False,0.523809552
O60674_CHEMBL5437653,NNSLCBDQDWRXOB-OYOVHJISSA-N,False,False,0.563380301
O60674_CHEMBL5400209,NNSLCBDQDWRXOB-LDTOLXSISA-N,False,False,0.563380301
O60674_CHEMBL5437261,WRNMFQOZYLNHJP-UHFFFAOYSA-N,False,False,0.555555582
O60674_CHEMBL5419271,UPVMQCFILJXYHY-UHFFFAOYSA-N,False,False,0.5
O60674_CHEMBL5436383,IFZIDOOTOOOOGR-UHFFFAOYSA-N,False,False,0.471428573
O60674_CHEMBL5431257,XPTPMWBIGLQDFM-UHFFFAOYSA-N,False,False,0.716981113
O60674_CHEMBL5440264,FQOJBQCMVKERQX-UHFFFAOYSA-N,False,False,0.513513505
O60674_CHEMBL5420928,SKSCGXZQWKQMTE-UHFFFAOYSA-N,False,False,0.600000024
O60674_CHEMBL5413489,XILQGGMJGFCSKZ-UHFFFAOYSA-N,False,False,0.635135114
O60674_CHEMBL5429461,PJNJSVMBMDESLB-UHFFFAOYSA-N,False,False,0.533333361
O60674_CHEMBL5421116,GRNVQRLQIUHOOP-OUQJNZHLSA-N,False,False,0.622950792
O60674_CHEMBL5422793,GRNVQRLQIUHOOP-FZRRDAJLSA-N,False,False,0.622950792
O60674_CHEMBL5430869,DQNJGVYNNFSEAF-UHFFFAOYSA-N,False,False,0.520833313
O60885_CHEMBL5437203,UAGQCFLGKFVLSJ-OAQYLSRUSA-N,False,False,0.652777791
O60885_CHEMBL5416784,MNTDAFSSVDSOMT-KRWDZBQOSA-N,False,False,0.696969688
O60885_CHEMBL5407959,FYFBGRAVKFDWNO-MRDQGFSESA-N,False,False,0.709677398
O60885_CHEMBL5394534,IHBJCKGDPMGZOK-UHFFFAOYSA-N,False,False,0.5
O60885_CHEMBL5414323,WWVRYCRQNJOEQZ-UHFFFAOYSA-N,False,False,0.449275374
O60885_CHEMBL5401408,KABPCFNSSWBNDD-PJZIFHIWSA-N,False,False,0.75
O60885_CHEMBL5440275,UDGYPSOMOPHSEI-UHFFFAOYSA-N,False,False,0.456140339
O60885_CHEMBL5436620,FSFKHBLXWAEAQF-UHFFFAOYSA-N,False,False,0.439393938
O60885_CHEMBL5401812,UUVCOAVTCZYCMV-UHFFFAOYSA-N,False,False,0.483870953
O60885_CHEMBL5432311,USIHGSQNFWYEGV-UHFFFAOYSA-N,False,False,0.411764711
O60885_CHEMBL5394840,VYFYIXGGNFVUFX-UHFFFAOYSA-N,False,False,0.408450693
O60885_CHEMBL5414143,GNRMAMBZPITKEZ-UHFFFAOYSA-N,False,False,0.397260278
O60885_CHEMBL5424895,ULOYXGBCRAJKQQ-UHFFFAOYSA-N,False,False,0.400000006
O60885_CHEMBL5439894,XEQRJPFVAXMZCF-UHFFFAOYSA-N,False,False,0.439393938
O60885_CHEMBL5435639,LJNHOTUDOMQQJJ-UHFFFAOYSA-N,False,False,0.439393938
O60885_CHEMBL5431833,DBWRARBXPLHGRX-UHFFFAOYSA-N,False,False,0.46875
O60885_CHEMBL5435025,FHHRPHXUZSQWAX-UHFFFAOYSA-N,False,False,0.485294104
O60885_CHEMBL5411975,CRVLKOHKDVUBAU-UHFFFAOYSA-N,False,False,0.463768125
O60885_CHEMBL5405537,CLFUAWNAAWKFIL-UHFFFAOYSA-N,False,False,0.391891897
O60885_CHEMBL5419237,MVXNMILOPHUCJK-UHFFFAOYSA-N,False,False,0.432835817
O60885_CHEMBL5400204,GIQFGXCIEYSDHW-UHFFFAOYSA-N,False,False,0.413333327
O60885_CHEMBL5409544,LYDUWVGYJGIYQA-UHFFFAOYSA-N,False,False,0.428571433
O60885_CHEMBL5420313,ZGVYJVPAJXRIEH-UHFFFAOYSA-N,False,False,0.439393938
O60885_CHEMBL5412097,GNWVWUDEUYLBJC-UHFFFAOYSA-N,False,False,0.397590369
O60885_CHEMBL5406544,WODTWIMJSXLNPP-UHFFFAOYSA-N,False,False,0.470588237
O60885_CHEMBL5429382,RFCIBGIZWIHRMR-UHFFFAOYSA-N,False,False,0.430769235
O60885_CHEMBL5435156,ORQHVURKSCPKMT-UHFFFAOYSA-N,False,False,0.409090906
O60885_CHEMBL5437305,ZTTBFTIBOJAMGD-UHFFFAOYSA-N,False,False,0.465753436
O60885_CHEMBL5417286,UITNGRDMCGDKRV-UHFFFAOYSA-N,False,False,0.659574449
O60885_CHEMBL5427202,MVFSPWDFTGUICO-UHFFFAOYSA-N,False,False,0.659574449
O60885_CHEMBL5419274,OLXNVSRWRFTGBP-UHFFFAOYSA-N,False,False,0.597402573
O60885_CHEMBL5426703,BYQLOPDFWVASHS-UHFFFAOYSA-N,False,False,0.556962013
O60885_CHEMBL5429376,YOUJBEUMZUGRMN-UHFFFAOYSA-N,False,False,0.600000024
O60885_CHEMBL5423707,JCBNAZOGLPPVML-UHFFFAOYSA-N,False,False,0.337078661
O60885_CHEMBL5440150,ARVIFQNRWRAVNU-UHFFFAOYSA-N,False,False,0.397435904
O60885_CHEMBL5438020,GCCRQHOZDLHHMW-UHFFFAOYSA-N,False,False,0.441176474
O60885_CHEMBL5420638,TVNRGNFLGBXQPZ-UHFFFAOYSA-N,False,False,0.453333348
O60885_CHEMBL5406585,GGVYHSBHYQPZRS-UHFFFAOYSA-N,False,False,0.484375
O60885_CHEMBL5404986,AECJDHHPJWVPIZ-UHFFFAOYSA-N,False,False,0.484375
O60885_CHEMBL5416229,GABGDDXZLUEGSI-UHFFFAOYSA-N,False,False,0.462686568
O60885_CHEMBL5427136,CWDUGXFXIGRWHC-UHFFFAOYSA-N,False,False,0.462686568
O60885_CHEMBL5430730,CYFYKUVIZOSFIU-UHFFFAOYSA-N,False,False,0.477611929
O60885_CHEMBL5396885,SNRMBUNHVYHBPF-UHFFFAOYSA-N,False,False,0.405797094
O60885_CHEMBL5403013,YSXBFJOHGPSQPV-UHFFFAOYSA-N,False,False,0.5
O60885_CHEMBL5410968,INSOERIUGCDMID-HXUWFJFHSA-N,False,False,0.637499988
O60885_CHEMBL5412127,BECCYBZVBSCVDH-JOCHJYFZSA-N,False,False,0.662337661
O60885_CHEMBL5421238,DQDVRWIYUXKYQR-HSZRJFAPSA-N,False,False,0.692307711
O60885_CHEMBL5434467,ZANSQRVTKCXEOP-JOCHJYFZSA-N,False,False,0.611764729
O60885_CHEMBL5418320,BGPJKNPJQSLQTE-XMMPIXPASA-N,False,False,0.597701132
O60885_CHEMBL5408013,BLOOVKYIUMFKLC-HSZRJFAPSA-N,False,False,0.597701132
O60885_CHEMBL5402704,MIRVHAMRCDOLJQ-PIFIWZBESA-N,False,False,0.577777803
O60885_CHEMBL5408583,NLLBMFZASOCLIF-JOCHJYFZSA-N,False,False,0.619047642
O60885_CHEMBL5395241,RGLDTELFIMHCAY-HSZRJFAPSA-N,False,False,0.6179775
O60885_CHEMBL5402431,LQPBRMWKFJKVSW-JTHBVZDNSA-N,False,False,0.584269643
O60885_CHEMBL5402922,MQTVRTKADRPRCF-XMMPIXPASA-N,False,False,0.584269643
O60885_CHEMBL5422245,VBYSCQVUJACHHJ-AREMUKBSSA-N,False,False,0.480392158
O60885_CHEMBL5426693,MCDYUDVJKXYKNA-RUZDIDTESA-N,False,False,0.560000002
O60885_CHEMBL5430428,FHOHNZUUIVYNKQ-XMMPIXPASA-N,False,False,0.495412856
O60885_CHEMBL5437467,NHKAFPBCWTVDHF-RUZDIDTESA-N,False,False,0.577777803
O60885_CHEMBL5415794,HYBJJIWZOKSTHG-HSZRJFAPSA-N,False,False,0.630952358
O60885_CHEMBL5410310,GYZIZQNRYSAHLB-HHHXNRCGSA-N,False,False,0.597701132
O60885_CHEMBL5422930,NXQOLMGRMCDKAS-XMMPIXPASA-N,False,False,0.604651153
O60885_CHEMBL5417441,DFHYGDMTHXOWJZ-XMMPIXPASA-N,False,False,0.590909064
O60885_CHEMBL5417454,QDYSUCFDCGSSEQ-HSZRJFAPSA-N,False,False,0.577777803
O60885_CHEMBL5428017,WDAZXJBJHQKRNA-JOCHJYFZSA-N,False,False,0.590909064
O60885_CHEMBL5440739,VEUMTIQGKUVYJM-JOCHJYFZSA-N,False,False,0.590909064
O60885_CHEMBL5412529,UBHSIXJDGMNJFU-JXALWOEJSA-N,False,False,0.577777803
O60885_CHEMBL5409700,COKMLSIYYSUCIR-JOCHJYFZSA-N,False,False,0.619047642
O60885_CHEMBL5428087,FRIZQAUPYMDOBS-HSZRJFAPSA-N,False,False,0.604651153
O60885_CHEMBL5403358,HHZMJLZHVLBSKE-JOCHJYFZSA-N,False,False,0.626506031
O60885_CHEMBL5426964,YCNMRNSZEJLPCH-HSZRJFAPSA-N,False,False,0.625
O60885_CHEMBL5427957,FBULVHVJQISAMG-JTHBVZDNSA-N,False,False,0.590909064
O60885_CHEMBL5438409,PIFGWPSMJFVPFI-XMMPIXPASA-N,False,False,0.590909064
O60885_CHEMBL5403473,YXXGXTGIMJQZFA-RUZDIDTESA-N,False,False,0.591397822
O60885_CHEMBL5406467,YPKNIQOOBNDEBF-AREMUKBSSA-N,False,False,0.485148519
O60885_CHEMBL5437723,HYADALKUILXFKH-XMMPIXPASA-N,False,False,0.5
O60885_CHEMBL5419367,RUHXXMHOKIHJKY-HSZRJFAPSA-N,False,False,0.638554215
O60885_CHEMBL5394764,GVQYCXUWKTZCKO-XMMPIXPASA-N,False,False,0.597701132
O60885_CHEMBL5401381,QKXLHLCDBNXSBT-HSZRJFAPSA-N,False,False,0.584269643
O60885_CHEMBL5418129,BQOVFHDJHUGBES-JOCHJYFZSA-N,False,False,0.597701132
O60885_CHEMBL5417495,JSZIMXVEMYQOJI-HSZRJFAPSA-N,False,False,0.597826064
O60885_CHEMBL5421723,NHRDZMBJEDCSLY-JOCHJYFZSA-N,False,False,0.550561786
O60885_CHEMBL5408776,ACASXOCRQAMKNU-HSZRJFAPSA-N,False,False,0.49494949
O60885_CHEMBL5415796,GGVHAVDTMKMLJT-XMMPIXPASA-N,False,False,0.49000001
O60885_CHEMBL5400502,HJVLRYLCWZPLEP-XMMPIXPASA-N,False,False,0.553191483
O60885_CHEMBL5409453,KZQUEDZXRXCNKM-JOCHJYFZSA-N,False,False,0.509433985
O60885_CHEMBL5395480,BEILSCWVGFIDJL-JOCHJYFZSA-N,False,False,0.609195411
O60885_CHEMBL5398977,SVUXDKXAQKMLIM-JOCHJYFZSA-N,False,False,0.597701132
O60885_CHEMBL5429440,LBAXGISUFHVKPW-JXALWOEJSA-N,False,False,0.584269643
O60885_CHEMBL5422122,OSBPICGFSLCYPI-OAQYLSRUSA-N,False,False,0.632183909
O60885_CHEMBL5416208,FPKFEJQELSGORT-HSZRJFAPSA-N,False,False,0.651162803
O60885_CHEMBL5435085,XSTRJMHOLBBWNN-JOCHJYFZSA-N,False,False,0.600000024
O60885_CHEMBL5413543,IBHXQUPAKHOLCH-JOCHJYFZSA-N,False,False,0.682926834
O60885_CHEMBL5437669,DWDZLNLDCMCRMS-HSZRJFAPSA-N,False,False,0.641025662
O60885_CHEMBL5421597,HPQNPAMSLRZZFJ-UHFFFAOYSA-N,False,False,0.484375
O60885_CHEMBL5397570,WQQDFWSJBHKHII-UHFFFAOYSA-N,False,False,0.358974367
O60885_CHEMBL5430358,JDYJZCFGKARTFU-UHFFFAOYSA-N,False,False,0.432098776
O60885_CHEMBL5435289,FANXORWXGHTGTA-UHFFFAOYSA-N,False,False,0.368421048
O60885_CHEMBL5425156,PPRSMAKAABNDOK-UHFFFAOYSA-N,False,False,0.373333335
O60885_CHEMBL5397432,VJSWTUJGZJKHBM-UHFFFAOYSA-N,False,False,0.392405063
O60885_CHEMBL5412647,OTJQBFIAARZIGC-UHFFFAOYSA-N,False,False,0.407894731
O60885_CHEMBL5431086,PUQWXMUFKNYFON-UHFFFAOYSA-N,False,False,0.373333335
O60885_CHEMBL5424755,WMHVUKOICBIIMZ-UHFFFAOYSA-N,False,False,0.400000006
O60885_CHEMBL5394236,VPBIEQQYKYJHDP-UHFFFAOYSA-N,False,False,0.388888896
O60885_CHEMBL5426902,QVHKKJJUXOMRTL-UHFFFAOYSA-N,False,False,0.413793117
O60885_CHEMBL5409622,GWDQMKWVARSYNL-UHFFFAOYSA-N,False,False,0.410958916
O60885_CHEMBL5415469,CIQYTRKHDZNHBN-UHFFFAOYSA-N,False,False,0.536585391
O60885_CHEMBL5419925,DHOIKHCRBVFWIH-UHFFFAOYSA-N,False,False,0.573529422
O60885_CHEMBL5400544,QYJMTQVOLLGESW-UHFFFAOYSA-N,False,False,0.402777791
O60885_CHEMBL5415548,YPYAYFLUXGAIIO-UHFFFAOYSA-N,False,False,0.410958916
O60885_CHEMBL5434208,ZKRORSVOJHPCJD-UHFFFAOYSA-N,False,False,0.434782594
O60885_CHEMBL5413668,APUWEABWXHEPIM-UHFFFAOYSA-N,False,False,0.394366205
O60885_CHEMBL5424207,CGWWCEKZAZIAJM-UHFFFAOYSA-N,False,False,0.458333343
O60885_CHEMBL5414895,ONEUKBCQGIOBQZ-UHFFFAOYSA-N,False,False,0.379746825
O60885_CHEMBL5409463,DHQNYFRNSGHDGB-UHFFFAOYSA-N,False,False,0.464285702
O60885_CHEMBL5431009,MEWSQZNMJASJNO-UHFFFAOYSA-N,False,False,0.53191489
O60885_CHEMBL5398139,OHVWXAZJZSNKAO-UHFFFAOYSA-N,False,False,0.491803288
O60885_CHEMBL5407114,LQFPBHDZNLGBHK-UHFFFAOYSA-N,False,False,0.476190478
O60885_CHEMBL5435255,PQTGBSWEJQEYIP-UHFFFAOYSA-N,False,False,0.461538464
O60885_CHEMBL5416494,CBLCMQABHHHOKU-UHFFFAOYSA-N,False,False,0.45161289
O60885_CHEMBL5420470,SVKDWMBXFDGYBX-UHFFFAOYSA-N,False,False,0.480519474
O60885_CHEMBL5416132,DZTQKRWVLBDHSR-UHFFFAOYSA-N,False,False,0.53125
O60885_CHEMBL5428113,UXPNKYBUPZELBK-UHFFFAOYSA-N,False,False,0.465517253
O60885_CHEMBL5431735,LLJSMVYIYVBHGR-UHFFFAOYSA-N,False,False,0.419354826
O60885_CHEMBL5399489,FCGVFJQTWYBUCE-XJDOXCRVSA-N,False,False,0.675324678
O60885_CHEMBL5424952,OMGCJTKEQJWTOY-INIZCTEOSA-N,False,False,0.838709652
O60885_CHEMBL5440797,HKCAOTWCFQQZPP-UHFFFAOYSA-N,False,False,0.420289844
O60885_CHEMBL5415106,BPCFAZTZYVOVRJ-UHFFFAOYSA-N,False,False,0.487500012
O60885_CHEMBL5425218,RXSBTEDKKORJTR-UHFFFAOYSA-N,False,False,0.469879508
O60885_CHEMBL5432760,YQVOHKBYIBRJBY-UHFFFAOYSA-N,False,False,0.449275374
O60885_CHEMBL5421082,NYEFDIONIKRUHF-UHFFFAOYSA-N,False,False,0.481012672
O60885_CHEMBL5432892,NAQFNHIKKDPHCN-UHFFFAOYSA-N,False,False,0.516666651
O60885_CHEMBL5394142,VTYCFWLPCLQHQX-UHFFFAOYSA-N,False,False,0.567567587
O60885_CHEMBL5422546,CFBBPURQTGNHSQ-UHFFFAOYSA-N,False,False,0.574468076
O60885_CHEMBL5439855,DZMJLWFHBUSDJK-UHFFFAOYSA-N,False,False,0.5625
O60885_CHEMBL5408978,UVLXAURDPUXCCR-UHFFFAOYSA-N,False,False,0.53191489
O60885_CHEMBL5409681,ROXREQWFGLXHMV-UHFFFAOYSA-N,False,False,0.477272719
O60885_CHEMBL5416926,PXQQDPKDKZDWRB-UHFFFAOYSA-N,False,False,0.521739125
O60885_CHEMBL5405269,UKBOETTZIBTGDE-UHFFFAOYSA-N,False,False,0.519999981
O60885_CHEMBL5409461,WKLUZUUEPQOAMT-UHFFFAOYSA-N,False,False,0.522727251
O60885_CHEMBL5415611,DFJXNQLHBFEBQA-UHFFFAOYSA-N,False,False,0.651162803
O60885_CHEMBL5422534,BHJOJVLBZYUYGS-UHFFFAOYSA-N,False,False,0.56410259
O60885_CHEMBL5405779,OABQDWQBXSGEDG-UHFFFAOYSA-N,False,False,0.588235319
O60885_CHEMBL5403879,OSHFNYVAVRLUHJ-HJPURHCSSA-N,False,False,0.349999994
O60885_CHEMBL5408181,YLTIAQHQEZGHPJ-DHIUTWEWSA-N,False,False,0.813953459
O60885_CHEMBL5426022,RZUVKPXJAZFJJR-WOJBJXKFSA-N,False,False,0.833333313
O60885_CHEMBL5426762,NMYGYOKYQBENRX-RTBURBONSA-N,False,False,0.833333313
O60885_CHEMBL5400407,PKHPEZFIGQDOJR-UHFFFAOYSA-N,False,False,0.563636363
O60885_CHEMBL5414236,FJURAGYAMLWSMK-UHFFFAOYSA-N,False,False,0.479999989
O60885_CHEMBL5405536,VXVJSPKHZPBFNP-UHFFFAOYSA-N,False,False,0.534482777
O60885_CHEMBL5432627,VJSGTLFZFRPYJG-UHFFFAOYSA-N,False,False,0.57407409
O60885_CHEMBL5411662,LILYZXQIVAQDBT-UHFFFAOYSA-N,False,False,0.525423706
O60885_CHEMBL5399062,VLWYDOGAFZQWAO-UHFFFAOYSA-N,False,False,0.649122834
O60885_CHEMBL5438588,ZVZSFACJMSFKHJ-UHFFFAOYSA-N,False,False,0.553571403
O60885_CHEMBL5422966,FBKYJOXKDYLZHR-UHFFFAOYSA-N,False,False,0.553571403
O60885_CHEMBL5432665,FJQHUKNEAJJTCM-UHFFFAOYSA-N,False,False,0.59677422
O60885_CHEMBL5440431,OIIFKXXIFFBNHI-VQCQRNETSA-N,False,False,0.647887349
O60885_CHEMBL5413916,KACJZUXQYMKNQA-HXUWFJFHSA-N,False,False,0.647887349
O60885_CHEMBL5418662,XJSCMTNNKUCMAG-HXUWFJFHSA-N,False,False,0.589743614
O60885_CHEMBL5395658,NGIQGBOWHHETPK-HXUWFJFHSA-N,False,False,0.597402573
O60885_CHEMBL5394124,PQNXSTWIQPFUKV-OAQYLSRUSA-N,False,False,0.605263174
O60885_CHEMBL5395952,NDHBCZZIBHQCIE-LJQANCHMSA-N,False,False,0.638888896
O60885_CHEMBL5439597,IUKRPJIDHSVQSW-LJQANCHMSA-N,False,False,0.72307694
O60885_CHEMBL5409942,SETSXBAFXBULLU-QGZVFWFLSA-N,False,False,0.638888896
O60885_CHEMBL5414030,GFMVHLOKQSAODF-GOSISDBHSA-N,False,False,0.652777791
O60885_CHEMBL5416283,FALGDHNMDWIYSI-MOPGFXCFSA-N,False,False,0.621621609
O60885_CHEMBL5421774,NNXNRLWJLCBTNY-SJBKTWHCSA-N,False,False,0.630136967
O60885_CHEMBL5400900,SYRMEIPXCCDETI-DYXWJJEUSA-N,False,False,0.613333344
O60885_CHEMBL5411322,QDNJMMIZRXESMC-QWFCFKBJSA-N,False,False,0.630136967
O60885_CHEMBL5425663,ZNTWJRFWFLOBJV-QGZVFWFLSA-N,False,False,0.619718313
O60885_CHEMBL5413795,DLMFIMLFTFFNRJ-OAHLLOKOSA-N,False,False,0.711864412
O60885_CHEMBL5408527,FFPRZHBDUMRUEV-UHFFFAOYSA-N,False,False,0.593023241
O60885_CHEMBL5406617,MYCQHLONXAOICL-UHFFFAOYSA-N,False,False,0.622222245
O60885_CHEMBL5423358,OURHKSKACKUSEE-UHFFFAOYSA-N,False,False,0.666666687
O60885_CHEMBL5396203,VUZYRHGDMCIJGZ-UHFFFAOYSA-N,False,False,0.630434811
O60885_CHEMBL5405309,XYXNJBSACVDUTM-UHFFFAOYSA-N,False,False,0.674418628
O60885_CHEMBL5435358,ZMNSGHBTORTAQL-UHFFFAOYSA-N,False,False,0.666666687
O60885_CHEMBL5394959,NVSOOLLONLEBDD-UHFFFAOYSA-N,False,False,0.729729712
O60885_CHEMBL5416735,JPXZXYXZZVATSK-UHFFFAOYSA-N,False,False,0.716216207
O60885_CHEMBL5428438,ZEGAYEFHHFMZPU-QNGWXLTQSA-N,False,False,0.683760703
O60885_CHEMBL5423609,HXFUXQOVXAJEFP-FAIXQHPJSA-N,False,False,0.700787425
O60885_CHEMBL5426726,IIXYSQRKBXFXRH-KDXMTYKHSA-N,False,False,0.6796875
O60885_CHEMBL5439504,WCRKBWFRVXIPHB-LHEWISCISA-N,False,False,0.651162803
O60885_CHEMBL5430595,DRUXOPPPIFKNBN-QNGWXLTQSA-N,False,False,0.647540987
O60885_CHEMBL5427802,BFHYHNDKUBRSSW-UHFFFAOYSA-N,False,False,0.597222209
O60885_CHEMBL5416468,MEUSJVLSOXXINL-BHVANESWSA-N,False,False,0.569230795
O60885_CHEMBL5396537,DOUHCSWDXCYGIA-BHVANESWSA-N,False,False,0.598484874
O60885_CHEMBL5418544,NFECTNKYOSHSKZ-DHUJRADRSA-N,False,False,0.598484874
O60885_CHEMBL5431657,BZOWNWCFKLRZDP-UMSFTDKQSA-N,False,False,0.592307687
O60885_CHEMBL5439456,JUSDWYSEPRKCRG-XIFFEERXSA-N,False,False,0.584615409
O60885_CHEMBL5397122,KFNWTTILRQTRMF-UHFFFAOYSA-N,False,False,0.413793117
O60885_CHEMBL5424066,USHHELWQSAJXTP-UHFFFAOYSA-N,False,False,0.409090906
O60885_CHEMBL5422964,NMCFSJNMHXNVFH-UHFFFAOYSA-N,False,False,0.404494375
O60885_CHEMBL5422361,GCCUPIKSEXLSMF-UHFFFAOYSA-N,False,False,0.404494375
O60885_CHEMBL5437464,CFXIPODWWRVRNW-UHFFFAOYSA-N,False,False,0.455696195
O60885_CHEMBL5409547,HDFVNILLNCLFHR-UHFFFAOYSA-N,False,False,0.435294122
O60885_CHEMBL5415295,XUEWFMNWVHUNEE-UHFFFAOYSA-N,False,False,0.422222227
O60885_CHEMBL5397177,AEWAKOHDPHDJQK-UHFFFAOYSA-N,False,False,0.413793117
O60885_CHEMBL5411832,WIROCRGPRFGGFM-UHFFFAOYSA-N,False,False,0.600000024
O60885_CHEMBL5407801,HPJPYEKIYHKRRD-UHFFFAOYSA-N,False,False,0.425000012
O60885_CHEMBL5422566,SWXBTIMUJGZFCF-UHFFFAOYSA-N,False,False,0.493150681
O60885_CHEMBL5406228,WGFFFLRSLIQRNV-UHFFFAOYSA-N,False,False,0.424657524
O60885_CHEMBL5416135,ROJDKAAHKNOZPT-TYHGNQNSSA-N,False,False,0.95161289
O60885_CHEMBL5416632,ROJDKAAHKNOZPT-LQFQNGICSA-N,False,False,0.95161289
O60885_CHEMBL5402948,TYMXZQXYPJYTEK-FQEVSTJZSA-N,False,False,0.852941155
O60885_CHEMBL5404499,TYMXZQXYPJYTEK-HXUWFJFHSA-N,False,False,0.852941155
O60885_CHEMBL5393966,WCJISXUDMQQHNG-UHFFFAOYSA-N,False,False,0.455696195
O60885_CHEMBL5420388,CQXQRTHFNZSVQF-UHFFFAOYSA-N,False,False,0.439024389
O60885_CHEMBL5429506,RBZSRTKUOKJCLI-UHFFFAOYSA-N,False,False,0.439024389
O60885_CHEMBL5426710,HIVVWEGAEKNMBO-UHFFFAOYSA-N,False,False,0.5
O60885_CHEMBL5429974,DXIQFUTWKZRFPS-UHFFFAOYSA-N,False,False,0.449999988
O60885_CHEMBL5398464,VYGGHIWUVSMRFX-UHFFFAOYSA-N,False,False,0.566265047
O60885_CHEMBL5426714,XVNLLFGUHDNLEI-UHFFFAOYSA-N,False,False,0.363636374
O60885_CHEMBL5405549,NEVPQGQOUKVXJZ-UHFFFAOYSA-N,False,False,0.333333343
O60885_CHEMBL5433198,JYQMWQZNAOMDOZ-UHFFFAOYSA-N,False,False,0.352112681
O60885_CHEMBL5431061,JRUJJWUSKJUYRS-UHFFFAOYSA-N,False,False,0.337078661
O60885_CHEMBL5409043,FWAVOHUMWGEFHO-UHFFFAOYSA-N,False,False,0.357142866
O60885_CHEMBL5434529,VAVOBSWDWRZLCO-UHFFFAOYSA-N,False,False,0.371794879
O60885_CHEMBL5416328,DBLOYGUFOXFDFO-UHFFFAOYSA-N,False,False,0.337349385
O60885_CHEMBL5424589,GOKPVSCEUDVFEZ-UHFFFAOYSA-N,False,False,0.430769235
O60885_CHEMBL5415843,JARALGGTYJESJK-UHFFFAOYSA-N,False,False,0.406779647
O60885_CHEMBL5421726,HJSMUNVVSMUXJL-UHFFFAOYSA-N,False,False,0.375
O60885_CHEMBL5406183,OJCRNHCUTYXXFI-UHFFFAOYSA-N,False,False,0.56382978
O60885_CHEMBL5409305,JTXHXYXYGGEYBL-UHFFFAOYSA-N,False,False,0.609090924
O60885_CHEMBL5416329,GYIVMMFIJVQALA-UHFFFAOYSA-N,False,False,0.490196079
O60885_CHEMBL5398000,ALALEIOMSWRNDF-DEOSSOPVSA-N,False,False,0.710526288
O60885_CHEMBL5422163,CAFIQDSDKILBAO-KRWDZBQOSA-N,False,False,0.764705896
O60885_CHEMBL5401253,RGNILOZPZGAEOE-NRFANRHFSA-N,False,False,0.776119411
O60885_CHEMBL5440537,DBKJPAGKXDFFCG-SFHVURJKSA-N,False,False,0.753623188
O60885_CHEMBL5403848,WQOHYQKCKHFIMI-IBGZPJMESA-N,False,False,0.753623188
O60885_CHEMBL5420752,UJFLKMREHPPIRZ-SFHVURJKSA-N,False,False,0.764705896
O60885_CHEMBL5440963,XCLRZZASCPTRLU-KRWDZBQOSA-N,False,False,0.742857158
O60885_CHEMBL5439607,KJELUAWXBXCFLU-INIZCTEOSA-N,False,False,0.75757575
O60885_CHEMBL5434035,JNRPMXJZTIEFRD-UHFFFAOYSA-N,False,False,0.5
O75116_CHEMBL5439783,ABEOBJODDVJCGS-BJKOFHAPSA-N,False,False,0.507042229
O75116_CHEMBL5435627,ABEOBJODDVJCGS-ZEQRLZLVSA-N,False,False,0.507042229
O75116_CHEMBL5422545,MKYGKUKNGQRESX-UHFFFAOYSA-N,False,True,1.0
O75116_CHEMBL5414693,YBJGEWMEAJHWTP-BJKOFHAPSA-N,False,False,0.5
O75116_CHEMBL5430368,YBJGEWMEAJHWTP-ZEQRLZLVSA-N,False,False,0.5
O75116_CHEMBL5411877,OERDIQQYFKMTRX-HNAYVOBHSA-N,False,False,0.578313231
O75116_CHEMBL5396883,YBWJBUYRRHZVFX-XPVJRBTNSA-N,False,True,1.0
O75116_CHEMBL5399426,FDUDYIDTIJKDRQ-UHFFFAOYSA-N,False,False,0.720000029
O75116_CHEMBL5434756,SSYBSABZINWRAL-UHFFFAOYSA-N,False,False,0.846153855
O75116_CHEMBL5407662,MFKANVQWTDJLMI-UHFFFAOYSA-N,False,False,0.720000029
O75116_CHEMBL5403816,PLLCDOZPSWBFLR-QZWFZWIRSA-N,False,False,0.818181813
O75116_CHEMBL5397091,OVFORXXUUJJTHP-XYCFSGNMSA-N,False,False,0.5
O75116_CHEMBL5405298,SHZBLRCXYAENEO-LEWJYISDSA-N,False,False,0.5
O75116_CHEMBL5438833,MJDBRABWYQKHSA-LEWJYISDSA-N,False,False,0.5
O75116_CHEMBL5398844,MJDBRABWYQKHSA-SFTDATJTSA-N,False,False,0.5
O75116_CHEMBL5403605,LWPFVYFLCQBXTN-FCHUYYIVSA-N,False,False,0.521739125
O75116_CHEMBL5408850,LWPFVYFLCQBXTN-VXKWHMMOSA-N,False,False,0.521739125
O75116_CHEMBL5411955,BPMBKMXEWRMWFM-UHFFFAOYSA-N,False,False,0.780487776
O75116_CHEMBL5437526,MTBXPHFYMJZJAP-FCHUYYIVSA-N,False,False,0.521739125
O75116_CHEMBL5399221,MTBXPHFYMJZJAP-VXKWHMMOSA-N,False,False,0.521739125
O75116_CHEMBL5428479,IQDPKFXHMNEJFH-FCHUYYIVSA-N,False,False,0.533333361
O75116_CHEMBL5408387,IQDPKFXHMNEJFH-VXKWHMMOSA-N,False,False,0.533333361
O75116_CHEMBL5439971,KTITUXPZGXKXGO-FCHUYYIVSA-N,False,False,0.551282048
O75116_CHEMBL5417698,KTITUXPZGXKXGO-VXKWHMMOSA-N,False,False,0.551282048
O75116_CHEMBL5424408,QPOXUADDMAYECR-OGXODSOBSA-N,False,False,0.421052635
O75116_CHEMBL5439375,ZBKNTEIFLITACO-LEWJYISDSA-N,False,False,0.569620252
O75116_CHEMBL5426208,ZBKNTEIFLITACO-SFTDATJTSA-N,False,False,0.569620252
O75116_CHEMBL5421321,UBAJYHIHCQXSFB-UHFFFAOYSA-N,False,False,0.72307694
O75116_CHEMBL5397611,WPXCKOSCYHZDMI-UHFFFAOYSA-N,False,False,0.691176474
O75116_CHEMBL5409106,VFNCXCNSALKLRI-UHFFFAOYSA-N,False,False,0.514705896
O75116_CHEMBL5416265,KMFQUCAEAHCWLX-UHFFFAOYSA-N,False,False,0.710144937
O75116_CHEMBL5414146,PHPKXBVMNCFBCY-UHFFFAOYSA-N,False,False,0.521739125
O75116_CHEMBL5403088,IHROFUGFALSTDN-LEWJYISDSA-N,False,False,0.533333361
O75116_CHEMBL5409229,IHROFUGFALSTDN-SFTDATJTSA-N,False,False,0.533333361
O75116_CHEMBL5403685,NRYOEFJILISCEA-ZWKOTPCHSA-N,False,False,0.5
O75116_CHEMBL5427927,NRYOEFJILISCEA-ROUUACIJSA-N,False,False,0.5
O75116_CHEMBL5400934,CPNKDRYVQOIHBT-MEDUHNTESA-N,False,False,0.488095224
O75116_CHEMBL5438374,UPRMJRLIYMEINE-MEDUHNTESA-N,False,False,0.567901254
O75116_CHEMBL5414576,APAMRVUFSPSIFZ-HNAYVOBHSA-N,False,False,0.589041114
O75116_CHEMBL5428430,IBWDJNVWCDSMLK-MAUKXSAKSA-N,False,False,0.524390221
O75116_CHEMBL5421280,FCLUFLFMCWVRIF-WMLDXEAASA-N,False,False,0.518072307
O75116_CHEMBL5404104,PKPFORXTLXAABS-YVEFUNNKSA-N,False,False,0.551724136
O75116_CHEMBL5412156,BUXNYYPROKQTAL-SCLBCKFNSA-N,False,False,0.684210539
O75116_CHEMBL5406146,YEYGCAOMGAHTST-YVEFUNNKSA-N,False,False,0.587499976
O75116_CHEMBL5437264,ILGPOMJJRVJTEL-YVEFUNNKSA-N,False,False,0.675324678
O75116_CHEMBL5422811,ZSMVURLDUKAKHA-OXJNMPFZSA-N,False,False,0.685714304
O75116_CHEMBL5407182,KXQPBSLMZVNGEV-MAUKXSAKSA-N,False,False,0.688311696
O75116_CHEMBL5440366,UWIJAPHJIJJGFJ-FUHWJXTLSA-N,False,False,0.626666665
O75116_CHEMBL5428749,WRJKFFYDMPUBQF-WMLDXEAASA-N,False,False,0.625
O75116_CHEMBL5426560,IWAYFDSSRALNNL-WMLDXEAASA-N,False,False,0.679487169
O75116_CHEMBL5425811,YEYGCAOMGAHTST-PXAZEXFGSA-N,False,False,0.587499976
O75116_CHEMBL5430350,DBWHLOMYCVLPAO-UHFFFAOYSA-N,False,False,0.780487776
O75116_CHEMBL5403316,PNGGDJQCOFAGPU-RRPNLBNLSA-N,False,False,0.558823526
O75116_CHEMBL5420736,PNGGDJQCOFAGPU-SVBPBHIXSA-N,False,False,0.558823526
O75116_CHEMBL5418416,RECAHIAHRPPXFJ-LEWJYISDSA-N,False,False,0.551282048
O75116_CHEMBL5420109,RECAHIAHRPPXFJ-SFTDATJTSA-N,False,False,0.551282048
O75116_CHEMBL5440816,AQMDNGFFSSWQGE-LEWJYISDSA-N,False,False,0.529411793
O75116_CHEMBL5400899,AQMDNGFFSSWQGE-SFTDATJTSA-N,False,False,0.529411793
O75116_CHEMBL5419207,ZFENNUACILVUDK-LEWJYISDSA-N,False,False,0.578125
O75116_CHEMBL5412281,ZFENNUACILVUDK-SFTDATJTSA-N,False,False,0.578125
O75874_CHEMBL5406779,MNKBXGAJWQCILM-JJKBQAIRSA-N,False,False,0.623529434
O75874_CHEMBL5395826,FVOUSDVMDFBSSZ-HTAPYJJXSA-N,False,False,0.635135114
O75874_CHEMBL5397019,WRTYWBPPISVEMI-PGRDOPGGSA-N,False,False,0.714285731
O75874_CHEMBL5435681,UNWYJXHJZJFHBD-AVRWGWEMSA-N,False,False,0.602564096
O75874_CHEMBL5395971,ABRITZRDIYPFCV-AVRWGWEMSA-N,False,False,0.587499976
O75874_CHEMBL5429617,LKQDKUOGTAYGPQ-CCLHPLFOSA-N,False,False,0.559523821
O75874_CHEMBL5435016,HWVIHWWNODTZKN-KRWDZBQOSA-N,False,False,0.428571433
O75874_CHEMBL5427214,YZEDPWAGLDTFBQ-CCLHPLFOSA-N,False,False,0.559523821
O75874_CHEMBL5407884,QSYHYDWRWLHDMJ-MUAVYFROSA-N,False,False,0.549450576
O75874_CHEMBL5440722,OTJRHNQFTOEWCH-HTAPYJJXSA-N,False,False,0.635135114
O75874_CHEMBL5430621,GXYLBUZTVAMYFM-PGRDOPGGSA-N,False,False,0.666666687
O75874_CHEMBL5431953,ZFOCKHPFZXELIK-JJKBQAIRSA-N,False,False,0.61038959
O75874_CHEMBL5401441,SVTJZHKAGDIAEC-HNNXBMFYSA-N,False,False,0.400000006
O75874_CHEMBL5402222,REIVOQREMFIWSD-PGRDOPGGSA-N,False,False,0.714285731
O75874_CHEMBL5401096,MIQIINHFXMKKOZ-AVRWGWEMSA-N,False,False,0.587499976
O75874_CHEMBL5426190,HWJYARYTOPAZKZ-KRWDZBQOSA-N,False,False,0.428571433
O75874_CHEMBL5395437,NQAZTCASDHUAIR-MHECFPHRSA-N,False,False,0.61038959
O75874_CHEMBL5420050,UGEKXGBASTVMCR-QMHKHESXSA-N,False,False,0.626666665
O75874_CHEMBL5436549,PEMAQIOMBHRWQK-AVRWGWEMSA-N,False,False,0.594936728
O75874_CHEMBL5394135,RUWYRASQXMQPFZ-PZGXJGMVSA-N,False,False,0.540229857
O75874_CHEMBL5432595,OCVZLYHIYOOTJW-CCLHPLFOSA-N,False,False,0.559523821
O75874_CHEMBL5399782,YTIXTMYOCJLXMB-GAJHUEQPSA-N,False,False,0.641025662
O75874_CHEMBL5398072,JXIRPBPLKYTMEC-MUAVYFROSA-N,False,False,0.583333313
O75874_CHEMBL5426656,AGRCPUMFBMFMPU-HRAATJIYSA-N,False,False,0.683544278
O75874_CHEMBL5429295,CPNBDYKHMNVNLL-QSCSDJCXSA-N,False,False,0.670731723
O75874_CHEMBL5400253,UDKJLQQGAYDCMC-AFMDSPMNSA-N,False,False,0.585365832
O75874_CHEMBL5422753,VANJMDOVXJACED-JJKBQAIRSA-N,False,False,0.630952358
O75874_CHEMBL5410097,UDIOQKSCPYKDFT-HTAPYJJXSA-N,False,False,0.643835604
O75874_CHEMBL5410611,JVUSTPZIJXGURD-AVRWGWEMSA-N,False,False,0.61038959
O75874_CHEMBL5413084,PNZLELRNOYXINB-AVRWGWEMSA-N,False,False,0.594936728
O75874_CHEMBL5403346,REFKUWHCLXYGSY-CCLHPLFOSA-N,False,False,0.566265047
O75874_CHEMBL5408062,VLNYGSWDZCGZKY-CCLHPLFOSA-N,False,False,0.566265047
O75874_CHEMBL5400037,LDXGQEIKNGFRLS-MUAVYFROSA-N,False,False,0.568181813
O75874_CHEMBL5436629,LYQVFOFDUCQKFD-PGRDOPGGSA-N,False,False,0.695652187
O75874_CHEMBL5414869,LYWPBXFLMXKPDN-HNNXBMFYSA-N,False,False,0.41538462
O75874_CHEMBL5425321,ZUOARIBOZWKSRP-HTAPYJJXSA-N,False,False,0.652777791
O75874_CHEMBL5436810,WSVRKYPFEPVSQV-PGRDOPGGSA-N,False,False,0.735294104
O75874_CHEMBL5408544,PJGRVKUGIDBUEG-KRWDZBQOSA-N,False,False,0.441176474
O75874_CHEMBL5426446,DXYIOARJXVTYJW-UHFFFAOYSA-N,False,False,0.984848499
O94925_CHEMBL5427008,GXNDVVUDVGVYHE-UHFFFAOYSA-N,False,False,0.793650806
O94925_CHEMBL5409568,GXFRRYCWOQHISO-UHFFFAOYSA-N,False,False,0.680555582
O94925_CHEMBL5415915,HKTOUVDXRKUEHB-UHFFFAOYSA-N,False,False,0.85915494
O94925_CHEMBL5405118,OMCUFDJKNLAIFV-UHFFFAOYSA-N,False,False,0.726027369
O94925_CHEMBL5404634,QIXXQQWYIYJFSO-GOWWPEIRSA-N,False,False,0.921568632
O94925_CHEMBL5435169,ZHMPLBRVMAKIFF-UHFFFAOYSA-N,False,False,0.488372087
O94925_CHEMBL5409517,DXTVSRUZEBMBOO-UHFFFAOYSA-N,False,False,0.477272719
O94925_CHEMBL5396896,VPUSFEPMEYDXGZ-UHFFFAOYSA-N,False,False,0.793650806
O94925_CHEMBL5411562,XAHGJAYPGNVSLK-UHFFFAOYSA-N,False,False,0.774647892
O94925_CHEMBL5411945,MVHPBYXONXKKGD-UHFFFAOYSA-N,False,False,0.771428585
O94925_CHEMBL5433686,ISVZLZZROSKPQE-UHFFFAOYSA-N,False,False,0.763157904
O94925_CHEMBL5415283,YZGTXEWHUIYWRS-UHFFFAOYSA-N,False,False,0.867647052
O94925_CHEMBL5428990,DVTJMCKJANWZHC-UHFFFAOYSA-N,False,False,0.867647052
O94925_CHEMBL5428837,RHKGZSHGSSYPBJ-UHFFFAOYSA-N,False,False,0.880596995
O94925_CHEMBL5394045,JXLJXJABLVQGOT-UHFFFAOYSA-N,False,False,0.880596995
O94925_CHEMBL5412557,UBAQIRZVUCOWLN-UHFFFAOYSA-N,False,False,0.938461542
O94925_CHEMBL5429833,CDUQTYWDCLLOKJ-UHFFFAOYSA-N,False,False,0.938461542
O94925_CHEMBL5439210,YQBMNCZTNJVATG-UHFFFAOYSA-N,False,False,0.571428597
O94925_CHEMBL5411575,OQWUQCPTGZHYML-UHFFFAOYSA-N,False,False,0.938461542
O94925_CHEMBL5401042,BRSJGSOZOUACNE-UHFFFAOYSA-N,False,False,0.637931049
O94925_CHEMBL5398509,QDGGVJKTEAUVAM-UHFFFAOYSA-N,False,False,0.524999976
O94925_CHEMBL5422173,WNPCXUBGJSWXQO-UHFFFAOYSA-N,False,False,0.822580636
O94925_CHEMBL5417938,IZTWMYZRVSMPOP-UHFFFAOYSA-N,False,False,0.819672108
O94925_CHEMBL5437177,YJMHVRVQEYTFBJ-UHFFFAOYSA-N,False,False,0.84375
O94925_CHEMBL5436876,WAUTUULZQSBYEO-UHFFFAOYSA-N,False,False,0.86153847
O94925_CHEMBL5423461,BQDLFKVMFJPWSX-UHFFFAOYSA-N,False,False,0.768115938
O94925_CHEMBL5416007,VFOBYLUVPUEWTG-UHFFFAOYSA-N,False,False,0.757142842
O94925_CHEMBL5396169,GXEIATRDAMLXNH-UHFFFAOYSA-N,False,False,0.757142842
O94925_CHEMBL5433758,WKBXIYAXJMSGNI-UHFFFAOYSA-N,False,False,0.494117647
O94925_CHEMBL5399021,KAPIBSKINZSTHD-UHFFFAOYSA-N,False,False,0.666666687
O94925_CHEMBL5396294,LECPDYXHNKGSCQ-UHFFFAOYSA-N,False,False,0.757142842
O94925_CHEMBL5396133,PFZJLWPDCHDXGN-UHFFFAOYSA-N,False,False,0.712328792
O94925_CHEMBL5419657,PZCFHXBAEYCIDL-UHFFFAOYSA-N,False,False,0.768115938
O94925_CHEMBL5399908,JUCKNHYCJOYCAY-UHFFFAOYSA-N,False,False,0.506024122
O94925_CHEMBL5427312,UUVYNLMSGYWFPY-UHFFFAOYSA-N,False,False,0.494117647
O94925_CHEMBL5414948,LWISPRJIQWRDLT-UHFFFAOYSA-N,False,False,0.602739751
O94925_CHEMBL5399039,YXXPWTRZOFJJDV-UHFFFAOYSA-N,False,False,0.684210539
O94925_CHEMBL5414772,OVUFUYGKCZKLIK-UHFFFAOYSA-N,False,False,0.722222209
O94925_CHEMBL5416991,OYAYAOBTUWWULC-UHFFFAOYSA-N,False,False,0.779411793
O94925_CHEMBL5426671,NUDSBCZECCZJDE-UHFFFAOYSA-N,False,False,0.518518507
O94925_CHEMBL5407314,PYZLHLJSSHNERB-UHFFFAOYSA-N,False,False,0.506024122
O94925_CHEMBL5414848,CHFGXGKVCCTOMV-UHFFFAOYSA-N,False,False,0.652173936
O94925_CHEMBL5420513,JBZTWCTWCWSEEH-UHFFFAOYSA-N,False,False,0.560000002
O94925_CHEMBL5439818,NDVYWEODQRPBJE-UHFFFAOYSA-N,False,False,0.59677422
O94925_CHEMBL5438137,PQQKHMCVARJCCX-UHFFFAOYSA-N,False,False,0.524999976
O94925_CHEMBL5397823,QQSYVSYPVNXBFR-UHFFFAOYSA-N,False,False,0.578125
O94925_CHEMBL5407097,STWVZEMDRFEVBX-UHFFFAOYSA-N,False,False,0.51219511
O94925_CHEMBL5427538,TXLSPADCNIFESR-UHFFFAOYSA-N,False,False,0.616438329
O94925_CHEMBL5436092,BYEZKQWZCNYKIV-UHFFFAOYSA-N,False,False,0.616666675
O94925_CHEMBL5439476,GIXNTOFHVZPBED-UHFFFAOYSA-N,False,False,0.548780501
O94925_CHEMBL5415662,OXNCTFQVCFNTDC-UHFFFAOYSA-N,False,False,0.569230795
O94925_CHEMBL5412204,PCGZZWUHYPFVKN-UHFFFAOYSA-N,False,False,0.535714269
O94925_CHEMBL5399803,JTJZEGJVMQRWOI-UHFFFAOYSA-N,False,False,0.59677422
O94925_CHEMBL5427647,HYQABPBGAOUTIB-UHFFFAOYSA-N,False,False,0.578125
O94925_CHEMBL5437334,NMQBVIVPBSDVKA-UHFFFAOYSA-N,False,False,0.59677422
O94925_CHEMBL5399812,WEIGHDLMKZGMAN-UHFFFAOYSA-N,False,False,0.569230795
O94925_CHEMBL5412671,DZQRWUBCEJADAT-UHFFFAOYSA-N,False,False,0.569230795
O94925_CHEMBL5430127,GBNHXUBTNDBLJA-UHFFFAOYSA-N,False,False,0.569230795
O94925_CHEMBL5399969,QSHSEAAWWVWPJG-UHFFFAOYSA-N,False,False,0.5
O94925_CHEMBL5431067,NMDCUNYWWOWNLX-UHFFFAOYSA-N,False,False,0.569230795
O94925_CHEMBL5429509,KJGKQWNEMNIBOI-UHFFFAOYSA-N,False,False,0.637931049
O94925_CHEMBL5436285,NOKVNBXJDLDJHK-UHFFFAOYSA-N,False,False,0.494117647
O94925_CHEMBL5439110,TUSTXZMNFDXEMV-UHFFFAOYSA-N,False,False,0.482758611
O94925_CHEMBL5416840,QLWXHLJGLMMPMM-UHFFFAOYSA-N,False,False,0.655172408
O94925_CHEMBL5395264,PUSMTINPXLXYNU-UHFFFAOYSA-N,False,False,0.567567587
O94925_CHEMBL5411097,WYWAOYANYLTPBS-UHFFFAOYSA-N,False,False,0.319999993
O94925_CHEMBL5429363,FHJUZCOVAAMBTD-UHFFFAOYSA-N,False,False,0.695652187
O94925_CHEMBL5427092,XMDSUAQEEBNVSO-UHFFFAOYSA-N,False,False,0.494117647
O94925_CHEMBL5414977,PXRKDVSJVDJWOX-UHFFFAOYSA-N,False,False,0.506024122
O94925_CHEMBL5402230,ZVNVNWAEZNGZQG-UHFFFAOYSA-N,False,False,0.488372087
O94925_CHEMBL5431271,OTLMOAXIVAMKJU-UHFFFAOYSA-N,False,False,0.524999976
O94925_CHEMBL5431644,RLSSBAATOQKOIZ-UHFFFAOYSA-N,False,False,0.518518507
O94925_CHEMBL5398009,HFPQAWHRBUZWQP-UHFFFAOYSA-N,False,False,0.623188376
O94925_CHEMBL5405323,YQKXLKFQFYWGQE-UHFFFAOYSA-N,False,False,0.627118647
O94925_CHEMBL5412885,AXUKQXFUXGIUHY-UHFFFAOYSA-N,False,False,0.637931049
O94925_CHEMBL5396735,SWHMFCXQZKEDNH-UHFFFAOYSA-N,False,False,0.627118647
O94925_CHEMBL5426166,KLUGBNNWPMZBRD-UHFFFAOYSA-N,False,False,0.616666675
O94925_CHEMBL5401295,HIPNYPHZMUFRPU-UHFFFAOYSA-N,False,False,0.627118647
O94925_CHEMBL5417574,MOHIBYIMLZRBFF-UHFFFAOYSA-N,False,False,0.606557369
O94925_CHEMBL5431922,WKWRVOAPXWHQPL-UHFFFAOYSA-N,False,False,0.569230795
O94925_CHEMBL5422733,BLSCMXGKXGTCJF-UHFFFAOYSA-N,False,False,0.59677422
O94925_CHEMBL5440854,IMZXETXDVAKDSY-UHFFFAOYSA-N,False,False,0.653846145
O94925_CHEMBL5397149,NXELBFRJPDJJSU-UHFFFAOYSA-N,False,False,0.630434811
O94925_CHEMBL5429695,SJIAZJFQAYFRQW-UHFFFAOYSA-N,False,False,0.621621609
O96028_CHEMBL5402134,NQSROILJGGYNAG-UHFFFAOYSA-N,False,False,0.692307711
O96028_CHEMBL5424751,YDIINXBBPNTGSJ-UHFFFAOYSA-N,False,False,0.491803288
O96028_CHEMBL5403046,WDSMMWFAUCZTEC-UHFFFAOYSA-N,False,False,0.508474588
O96028_CHEMBL5401066,GPMPDGCIIQGNGE-UHFFFAOYSA-N,False,False,0.491525412
O96028_CHEMBL5435611,DOYQVMPICFMBAO-UHFFFAOYSA-N,False,False,0.508771956
O96028_CHEMBL5412710,FGAHKCNTZMMSIF-UHFFFAOYSA-N,False,False,0.484375
O96028_CHEMBL5401031,IPXXLQJVFJIFFC-UHFFFAOYSA-N,False,False,0.5
O96028_CHEMBL5420895,VQSROWDBLQLXAF-UHFFFAOYSA-N,False,False,0.690909088
O96028_CHEMBL5412847,SVKJKHAFGGSNKI-SSDOTTSWSA-N,False,False,0.462962955
O96028_CHEMBL5397372,WTNXGPFUKLSEJW-SNVBAGLBSA-N,False,False,0.402985066
O96028_CHEMBL5419919,JTXVYBWOFHGJHI-LLVKDONJSA-N,False,False,0.409836054
O96028_CHEMBL5412582,DXACPKKTRNCLLA-GMTAPVOTSA-N,False,False,0.390625
O96028_CHEMBL5433538,DXEREVPJYMFRDY-MRVPVSSYSA-N,False,False,0.600000024
O96028_CHEMBL5401919,NWYYBIFVYPZFMV-MRVPVSSYSA-N,False,False,0.612244904
O96028_CHEMBL5441106,JFKLCPCUECHESR-AEFKHOGKSA-N,False,False,0.818181813
O96028_CHEMBL5419286,NPNMKTVTHWULLL-UHFFFAOYSA-N,False,False,0.491803288
O96028_CHEMBL5397613,BYNCITOIAHZHDY-UHFFFAOYSA-N,False,False,0.508474588
O96028_CHEMBL5422301,BWMVLHCKQMCJJC-UHFFFAOYSA-N,False,False,0.491525412
O96028_CHEMBL5402868,TXUNBKRIGDLXFX-UHFFFAOYSA-N,False,False,0.508771956
O96028_CHEMBL5430389,PJQIYVJTWMEENE-UHFFFAOYSA-N,False,False,0.492063493
O96028_CHEMBL5406546,IJGDDBZDJUBMTF-UHFFFAOYSA-N,False,False,0.508196712
O96028_CHEMBL5436306,KQILXJHCHUQJOK-UHFFFAOYSA-N,False,False,0.453125
O96028_CHEMBL5402955,BYHKKNJHHWHCQV-UHFFFAOYSA-N,False,False,0.467741936
O96028_CHEMBL5414580,VHLUVJHGVJVBOS-HBSHOIKCSA-N,False,False,0.70588237
O96028_CHEMBL5427103,IIYNJRWBTXZLCM-UHFFFAOYSA-N,False,False,0.818181813
O96028_CHEMBL5418169,WEFIEAQCGYECIG-GOSISDBHSA-N,False,False,0.516129017
O96028_CHEMBL5407373,SQBZRQOYHKHXQB-GOSISDBHSA-N,False,False,0.524590135
O96028_CHEMBL5431172,FWNGJGFKYYRQQC-UHFFFAOYSA-N,False,False,0.618181825
O96028_CHEMBL5393738,SCHDDXSIGNVSLT-UHFFFAOYSA-N,False,False,0.704545438
O96028_CHEMBL5418173,YFFSMAXJXAKYIX-UHFFFAOYSA-N,False,False,0.688888907
O96028_CHEMBL5406268,MFRUOYMNNALBDU-UHFFFAOYSA-N,False,False,0.524590135
O96028_CHEMBL5408020,BIXZPCJMZXGTTI-UHFFFAOYSA-N,False,False,0.913043499
O96028_CHEMBL5397204,OGFBLOLLFBNITG-UHFFFAOYSA-N,False,False,0.524590135
O96028_CHEMBL5428630,RMLBSODULWIGPL-UHFFFAOYSA-N,False,False,0.920000017
P00533_CHEMBL5400371,GJXOPGLSLPNZSD-UHFFFAOYSA-N,False,False,0.659574449
P00533_CHEMBL5415196,AIGRZFZXCXPCHG-UHFFFAOYSA-N,False,False,0.524999976
P00533_CHEMBL5427961,LTSSAHINXFEDSM-UHFFFAOYSA-N,False,False,0.494117647
P00533_CHEMBL5432280,UBAALXRHTDKGDF-UHFFFAOYSA-N,False,False,0.482758611
P00533_CHEMBL5431658,BLJYJWPCGBEXRJ-UHFFFAOYSA-N,False,False,0.488372087
P00533_CHEMBL5432716,LSXYODLNROZEOS-UHFFFAOYSA-N,False,False,0.476744175
P00533_CHEMBL5435372,UIFQNGDKAKLZMC-UHFFFAOYSA-N,False,False,0.477272719
P00533_CHEMBL5398132,LUNJZTRURCYHTD-UHFFFAOYSA-N,False,False,0.5
P00533_CHEMBL5413423,BXLNOKXTTYDULN-UHFFFAOYSA-N,False,False,0.521126747
P00533_CHEMBL5416719,CFZBUGFGRWKJKH-UHFFFAOYSA-N,False,False,0.555555582
P00533_CHEMBL5422592,LXNNWXIWNJJJNZ-DHLKQENFSA-N,False,False,0.461538464
P00533_CHEMBL5426811,LXNNWXIWNJJJNZ-WIOPSUGQSA-N,False,False,0.461538464
P00533_CHEMBL5403023,MINQSXMWMZOXDU-SZPZYZBQSA-N,False,False,0.477272719
P00533_CHEMBL5437854,MINQSXMWMZOXDU-HZCBDIJESA-N,False,False,0.477272719
P00533_CHEMBL5420997,LKSJXFOFUADOSL-UHFFFAOYSA-N,False,False,0.573770463
P00533_CHEMBL5406494,NQOHXSMOMILDGM-UHFFFAOYSA-N,False,False,0.618421078
P00533_CHEMBL5409123,IGFDTHYHUFNYTJ-UHFFFAOYSA-N,False,False,0.580246925
P00533_CHEMBL5406792,GOAJTHJUMKTUOQ-UHFFFAOYSA-N,False,False,0.605263174
P00533_CHEMBL5440626,FZODZIMYKMHUJM-UHFFFAOYSA-N,False,False,0.579545438
P00533_CHEMBL5437343,IYYRSMYBULKXIZ-UHFFFAOYSA-N,False,False,0.57303369
P00533_CHEMBL5430958,YSDNKQSDBIJRDN-UHFFFAOYSA-N,False,False,0.573170722
P00533_CHEMBL5422135,GQHMLIZFPOPOFO-MUUNZHRXSA-N,False,False,0.800000012
P00533_CHEMBL5441041,ZXDDKCBHUZLWEJ-UHFFFAOYSA-N,False,False,0.523255825
P00533_CHEMBL5428368,WTHTTXQTRIQSJM-UHFFFAOYSA-N,False,False,0.555555582
P00533_CHEMBL5435463,UXMLKDZZKQIMQH-UHFFFAOYSA-N,False,False,0.587499976
P00533_CHEMBL5400012,IHGXAQZJQCNSGV-UHFFFAOYSA-N,False,False,0.511627913
P00533_CHEMBL5438475,BJYFMZFHBCHSNE-UHFFFAOYSA-N,False,False,0.681818187
P00533_CHEMBL5436101,JKLQKNRCQWCSJT-UHFFFAOYSA-N,False,False,0.852459013
P00533_CHEMBL5432017,OEMKNTRZINNBSM-UHFFFAOYSA-N,False,False,0.774193525
P00533_CHEMBL5394139,NMHYHKXVWLIPKH-UHFFFAOYSA-N,False,False,0.701492548
P00533_CHEMBL5423938,COULJTAEODXAIT-UHFFFAOYSA-N,False,False,0.681159437
P00533_CHEMBL5437181,CYQLJHVSXRHKFH-UHFFFAOYSA-N,False,False,0.681159437
P00533_CHEMBL5417638,XUIURFLOJOHYAI-UHFFFAOYSA-N,False,False,0.671428561
P00533_CHEMBL5420051,WBRABKXOAHUSHZ-UHFFFAOYSA-N,False,False,0.695652187
P00533_CHEMBL5420947,ICHZOTCSPLJDJW-UHFFFAOYSA-N,False,False,0.738461554
P00533_CHEMBL5434109,BMAQEOVTPJJEPC-UHFFFAOYSA-N,False,False,0.710144937
P00533_CHEMBL5429210,JNHMPWXKLBQIOF-UHFFFAOYSA-N,False,False,0.731343269
P00533_CHEMBL5425734,PTHFBMBEROJQSZ-UHFFFAOYSA-N,False,False,0.685714304
P00533_CHEMBL5415565,ZBXCHMZVWHFXOJ-UHFFFAOYSA-N,False,False,0.666666687
P00533_CHEMBL5437252,JAMLTCRXUQOWMS-HNNXBMFYSA-N,False,False,0.803030312
P00533_CHEMBL5408586,CGEXHLHDHYIOQN-HXUWFJFHSA-N,False,False,0.779411793
P00533_CHEMBL5429838,DFSRXZWICNJXQI-UHFFFAOYSA-N,False,False,0.608108103
P00533_CHEMBL5408234,OTJLWCBPTNMDHC-UHFFFAOYSA-N,False,False,0.558823526
P00533_CHEMBL5401943,LPMRIHKCMUYKPL-UHFFFAOYSA-N,False,False,0.476190478
P00533_CHEMBL5404799,ADTBZOLAEWCHRQ-UHFFFAOYSA-N,False,False,0.540983617
P00533_CHEMBL5403085,OTBZFLSTHDGZLB-UHFFFAOYSA-N,False,False,0.620689631
P00533_CHEMBL5408900,YUPVFHXYURHCRS-UHFFFAOYSA-N,False,False,0.45161289
P00533_CHEMBL5400975,JIUUXRCORNFWPR-UHFFFAOYSA-N,False,False,0.523809552
P00533_CHEMBL5413772,YJHQKHRGRXRQHB-AWEZNQCLSA-N,False,False,0.592592597
P00533_CHEMBL5405436,JHWZPTAZWZKCEQ-LFIBNONCSA-N,False,False,0.701492548
P00533_CHEMBL5402816,PDRXYBLSALOCBI-UHFFFAOYSA-N,False,False,0.432989687
P00533_CHEMBL5414512,XXQBJBBKLOWJKK-UHFFFAOYSA-N,False,False,0.4375
P00533_CHEMBL5418732,INURPMRKCUUSHP-UHFFFAOYSA-N,False,False,0.524590135
P00533_CHEMBL5416812,GUVUQZFKKFVDHU-UHFFFAOYSA-N,False,False,0.74666667
P00533_CHEMBL5415613,NXJJLGAELKZJGL-AWEZNQCLSA-N,False,False,0.578313231
P00533_CHEMBL5415774,HWMQDRPRVMUNDD-AWEZNQCLSA-N,False,False,0.589743614
P00533_CHEMBL5438940,PMIJPUYMIFBNCV-UHFFFAOYSA-N,False,False,0.395833343
P00533_CHEMBL5408255,XGUGFMHBMRWVHO-UHFFFAOYSA-N,False,False,0.433333337
P00533_CHEMBL5404784,FECKGRNJWCNPSV-UHFFFAOYSA-N,False,False,0.414634138
P00533_CHEMBL5400143,FBAWZFPMCVBRAW-UHFFFAOYSA-N,False,False,0.777777791
P00533_CHEMBL5417458,BTZVBLBBDFDHQG-UHFFFAOYSA-N,False,False,0.46938777
P00533_CHEMBL5401125,HZFZXDVTLANIJS-AWEZNQCLSA-N,False,False,0.585365832
P00533_CHEMBL5427952,WMMYEEZXHZQCLA-INIZCTEOSA-N,False,False,0.619565189
P00533_CHEMBL5410422,YGYDLLIBDNXPTH-ZDUSSCGKSA-N,False,False,0.585365832
P00533_CHEMBL5434067,UEROWYXBIVLKPF-INIZCTEOSA-N,False,False,0.702380955
P00533_CHEMBL5405737,SMOUXXKBECLANC-HNNXBMFYSA-N,False,False,0.539325833
P00533_CHEMBL5401619,BKQWEZFPNVLUDW-INIZCTEOSA-N,False,False,0.539325833
P00533_CHEMBL5398953,SIUUYZMHTHSDTJ-UHFFFAOYSA-N,False,False,0.421052635
P00533_CHEMBL5427116,NFJHFSBRNMOIJV-CXUHLZMHSA-N,False,False,0.705128193
P00533_CHEMBL5436057,DSOCPJFEYRYKIA-KPKJPENVSA-N,False,False,0.756756783
P00533_CHEMBL5422465,HAEUZCCQUNTMLI-UHFFFAOYSA-N,False,False,0.630136967
P00533_CHEMBL5417607,YMMVVFFRNSLEMO-UHFFFAOYSA-N,False,False,0.630136967
P00533_CHEMBL5434169,XWTUWMPRFWLFKF-UHFFFAOYSA-N,False,False,0.53125
P00533_CHEMBL5412108,VTQNLNVSDRKWLL-UHFFFAOYSA-N,False,False,0.604938269
P00533_CHEMBL5424597,NNMVJLLJHTYUDE-UHFFFAOYSA-N,False,False,0.491525412
P00533_CHEMBL5409629,YBKOCKIGRMVMSO-UHFFFAOYSA-N,False,False,0.530303001
P00533_CHEMBL5420857,NYVUVAGMGUYWIR-UHFFFAOYSA-N,False,False,0.5
P00533_CHEMBL5404315,YIMQETKGPKMMKI-UHFFFAOYSA-N,False,False,0.621212125
P00533_CHEMBL5418474,ZHOQUFGTKOHQBB-UHFFFAOYSA-N,False,False,0.569230795
P00533_CHEMBL5431583,KVBFMJDTLAIVSN-UHFFFAOYSA-N,False,False,0.593220353
P00533_CHEMBL5413223,NNMVDGFJIPMXNA-UHFFFAOYSA-N,False,False,0.591836751
P00533_CHEMBL5432592,QXSDNFDJBVZWQV-UHFFFAOYSA-N,False,False,0.5625
P00533_CHEMBL5436096,DTKVEGSQVRWLEQ-UHFFFAOYSA-N,False,False,0.631578922
P00533_CHEMBL5434318,OIQFBHIJWBNDKU-UHFFFAOYSA-N,False,False,0.507936537
P00533_CHEMBL5403478,QSGXWUVUDCSFIZ-UHFFFAOYSA-N,False,False,0.507692337
P00533_CHEMBL5424694,KOTRVAMMDDKVHE-UHFFFAOYSA-N,False,False,0.5090909
P00533_CHEMBL5419520,BPKVTDLMFZLJIM-FQEVSTJZSA-N,False,False,0.61016947
P00533_CHEMBL5406951,BPKVTDLMFZLJIM-HXUWFJFHSA-N,False,False,0.61016947
P00533_CHEMBL5398727,OIBQGCOMEWUAJQ-UHFFFAOYSA-N,False,False,0.428571433
P00533_CHEMBL5420945,UCRWDUCWBXHCBQ-UHFFFAOYSA-N,False,False,0.568965495
P00533_CHEMBL5425883,HDUIQNARVJYUGR-UHFFFAOYSA-N,False,False,0.536231875
P00533_CHEMBL5406771,CNWFAPYYHZIFRD-UHFFFAOYSA-N,False,False,0.619047642
P00533_CHEMBL5439547,YERPHLXVKKTPGK-UHFFFAOYSA-N,False,False,0.649999976
P00533_CHEMBL5440989,RBGCSMIUHIZHAB-UHFFFAOYSA-N,False,False,0.481481493
P00533_CHEMBL5435881,OGVOSGYOUZEUGI-UHFFFAOYSA-N,False,False,0.472727269
P00533_CHEMBL5439991,WXEBRFBENZFFIR-UHFFFAOYSA-N,False,False,0.490566045
P00533_CHEMBL5423287,RBGCSMIUHIZHAB-SANMLTNESA-N,False,False,0.481481493
P00533_CHEMBL5435735,RBGCSMIUHIZHAB-AREMUKBSSA-N,False,False,0.481481493
P00533_CHEMBL5401094,TXTRAVYHSODRGO-UHFFFAOYSA-N,False,False,0.5
P00533_CHEMBL5431909,KNIFTHFMWAAWND-HSZRJFAPSA-N,False,False,0.926829278
P00533_CHEMBL5419934,LOMIDIPDTFKSQA-UHFFFAOYSA-N,False,False,0.584615409
P00533_CHEMBL5429059,RESICFNPLNQAOX-SNAWJCMRSA-N,False,False,0.720000029
P00533_CHEMBL5440872,YGLZMKQGBSVVAE-AATRIKPKSA-N,False,False,0.773333311
P00533_CHEMBL5438568,IPZIOOTYPWTOTO-SNAWJCMRSA-N,False,False,0.630769253
P00533_CHEMBL5411378,RPSRSUPHEANJKD-UHFFFAOYSA-N,False,False,0.666666687
P00533_CHEMBL5401705,BSDLIBJKKTUSKO-UHFFFAOYSA-N,False,False,0.609375
P00533_CHEMBL5411347,YUUUIZIYGVBIJV-UHFFFAOYSA-N,False,False,0.522727251
P00533_CHEMBL5440766,BXWMNAUZBDLJAC-OAHLLOKOSA-N,False,False,0.593220353
P00533_CHEMBL5418313,RCZDGGWBJXVSLZ-UHFFFAOYSA-N,False,False,0.489130437
P00533_CHEMBL5414964,QPFCHPRFMFYYAG-UHFFFAOYSA-N,False,False,0.492063493
P00533_CHEMBL5398855,GCTUFYNEPNKJJD-UHFFFAOYSA-N,False,False,0.489130437
P00533_CHEMBL5398800,YJMHQSKEVFGTBZ-UHFFFAOYSA-N,False,False,0.505494535
P00533_CHEMBL5439126,WDTMMWXYUKMGGU-UHFFFAOYSA-N,False,False,0.50746268
P00533_CHEMBL5418087,JTXLCBPHQQFFNS-UHFFFAOYSA-N,False,False,0.492307693
P00533_CHEMBL5428404,WOHPNZFTBWWWBX-UHFFFAOYSA-N,False,False,0.470588237
P00533_CHEMBL5397490,VMBRRMNXXVZGCB-UHFFFAOYSA-N,False,False,0.539682567
P00533_CHEMBL5411617,HNJOCLQAHHIZPS-UHFFFAOYSA-N,False,False,0.485294104
P00533_CHEMBL5404033,OGRZTQUEBSXDJP-UHFFFAOYSA-N,False,False,0.467741936
P00533_CHEMBL5436321,IQKPWLCHWJCSLF-UHFFFAOYSA-N,False,False,0.483870953
P00533_CHEMBL5417494,YKNNKGNQGPFRTQ-UHFFFAOYSA-N,False,False,0.515625
P00533_CHEMBL5433431,SWSBFIBCNUFBKI-UHFFFAOYSA-N,False,False,0.49253732
P00533_CHEMBL5439652,TWKFVCXLFZPWDA-UHFFFAOYSA-N,False,False,0.411764711
P00533_CHEMBL5395404,BOSZCJUMGAKJHO-UHFFFAOYSA-N,False,False,0.424657524
P00533_CHEMBL5425169,MHCHEXSMXOLRBL-UHFFFAOYSA-N,False,False,0.482758611
P00533_CHEMBL5411535,TXRXRLXLUBWTKV-UHFFFAOYSA-N,False,False,0.5
P00533_CHEMBL5397983,OLLQYECYDXUUIF-UHFFFAOYSA-N,False,False,0.483870953
P00533_CHEMBL5401604,UUJAVOKRWOZINH-UHFFFAOYSA-N,False,False,0.527027011
P00533_CHEMBL5429694,AFSVVLXFQCZTLF-UHFFFAOYSA-N,False,False,0.478260875
P00533_CHEMBL5430683,UNJOMIGHJHBZMP-UHFFFAOYSA-N,False,False,0.483870953
P00533_CHEMBL5421809,GRYNKDXTDXAKEL-UHFFFAOYSA-N,False,False,0.513157904
P00533_CHEMBL5401490,WHAMRFZTMKPXPC-UHFFFAOYSA-N,False,False,0.528735638
P00533_CHEMBL5436634,JHVNLLGIMZKVOV-UHFFFAOYSA-N,False,False,0.551282048
P00533_CHEMBL5441026,MILJJZIZPZIWLT-UHFFFAOYSA-N,False,False,0.531645596
P00533_CHEMBL5396183,OHRFNHOGRSQOFK-UHFFFAOYSA-N,False,False,0.556962013
P00533_CHEMBL5416668,IXWIPBLBSYXVOW-UHFFFAOYSA-N,False,False,0.541666687
P00533_CHEMBL5400539,DIMLJOPEJOMHIT-ADXMYFAKSA-N,False,True,1.0
P00533_CHEMBL5397557,ACFWCPZFEIDRAM-UHFFFAOYSA-N,False,False,0.804347813
P00533_CHEMBL5439143,NOFFPDGVLVHQSS-UHFFFAOYSA-N,False,False,0.813953459
P00533_CHEMBL5425121,HOMYMXOXYOGBAB-UHFFFAOYSA-N,False,False,0.516129017
P00915_CHEMBL5433200,JAPWBQCQUOSIEM-OBKDMQGPSA-N,False,False,0.722222209
P00915_CHEMBL5418092,JAPWBQCQUOSIEM-CXQPBAHBSA-N,False,False,0.722222209
P00915_CHEMBL5431609,KWPJXRHMANTYFB-OBKDMQGPSA-N,False,False,0.75999999
P00915_CHEMBL5434405,KWPJXRHMANTYFB-CXQPBAHBSA-N,False,False,0.75999999
P00915_CHEMBL5399412,JYWGGDIASDQSSD-NUPXYHBHSA-N,False,False,0.602941155
P00915_CHEMBL5410769,JYWGGDIASDQSSD-VJIOPBFVSA-N,False,False,0.602941155
P00915_CHEMBL5430974,VSEAUONETIOWGP-RTJMFUJLSA-N,False,False,0.714285731
P00915_CHEMBL5420563,VSEAUONETIOWGP-CAKRBILKSA-N,False,False,0.714285731
P00915_CHEMBL5434750,IMICQPBFCNDVPC-ZKIDJSGLSA-N,False,False,0.625
P00915_CHEMBL5394374,GKNYVICIQGNERP-OBKDMQGPSA-N,False,False,0.720000029
P00915_CHEMBL5439211,GKNYVICIQGNERP-CXQPBAHBSA-N,False,False,0.720000029
P00915_CHEMBL5420568,CODOYFSQOXGEKI-SFFUCWETSA-N,False,False,0.555555582
P00915_CHEMBL5429492,GEPXKKLRMYWXND-ICUGJSFKSA-N,False,False,0.592592597
P00915_CHEMBL5425027,BWFBBSDBGYPACG-XNJHUCFUSA-N,False,False,0.483333319
P00915_CHEMBL5406311,CODOYFSQOXGEKI-ICUGJSFKSA-N,False,False,0.555555582
P00915_CHEMBL5418946,HUSLICSGYCKUIR-UHFFFAOYSA-N,False,False,0.578125
P00915_CHEMBL5395028,VVWPYIUMZAKJOT-UHFFFAOYSA-N,False,False,0.745098054
P00915_CHEMBL5408660,LQUQJUOOLFKOSO-LTGZKZEYSA-N,False,False,0.829787254
P00915_CHEMBL5394136,HVPOBFJNXNIEGT-LTGZKZEYSA-N,False,False,0.636363626
P00915_CHEMBL5428616,JCHMBMKFELRULG-CAPFRKAQSA-N,False,False,0.951219499
P00915_CHEMBL5411236,ZPRNRHVZUXUSQS-CAPFRKAQSA-N,False,False,0.714285731
P00915_CHEMBL5434644,LSNLEQVVAXRTBM-HMMYKYKNSA-N,False,False,0.886363626
P00915_CHEMBL5418325,IXVUWFHZNCLEHV-HMMYKYKNSA-N,False,False,0.673076928
P00915_CHEMBL5418448,LZLTUDYFBGBMDX-RCCKNPSSSA-N,False,False,0.673076928
P00915_CHEMBL5396521,ODBQOFQAPQVSGM-RCCKNPSSSA-N,False,False,0.525423706
P00915_CHEMBL5406454,DZGDAJDXLWCVEJ-XDJHFCHBSA-N,False,False,0.883720934
P00915_CHEMBL5415157,OULFJNUSHKTYOH-XDJHFCHBSA-N,False,False,0.680000007
P00915_CHEMBL5430687,YKWOJEJSDIYNCK-HMMYKYKNSA-N,False,False,0.727272749
P00915_CHEMBL5402415,OFIZPJSKLVIVNG-HMMYKYKNSA-N,False,False,0.580645144
P00915_CHEMBL5403443,FBWCDZDPENGCFS-UHFFFAOYSA-N,False,False,0.583333313
P00915_CHEMBL5423785,IDRXDTIJYBJAEM-UHFFFAOYSA-N,False,False,0.525423706
P00915_CHEMBL5420806,ORWFINKCFKZTRU-UHFFFAOYSA-N,False,False,0.547169805
P00915_CHEMBL5408282,VUWPGZCTNKFYMH-UHFFFAOYSA-N,False,False,0.547169805
P00915_CHEMBL5403015,YFCOFTLHQOGHBV-UHFFFAOYSA-N,False,False,0.690909088
P00915_CHEMBL5418584,QJMAMZFVLABRRZ-UHFFFAOYSA-N,False,False,0.690909088
P00915_CHEMBL5430954,KBDQNTITVPILJO-UHFFFAOYSA-N,False,False,0.800000012
P00915_CHEMBL5398870,ODHQVOWCJNWGJT-UHFFFAOYSA-N,False,False,0.612903237
P00915_CHEMBL5408801,VZBGQHSBAIOAIQ-UHFFFAOYSA-N,False,False,0.769230783
P00915_CHEMBL5427771,OWZOOAOLQAMEPG-UHFFFAOYSA-N,False,False,0.59375
P00915_CHEMBL5412006,MZWFNJJPXNVDPU-UHFFFAOYSA-N,False,False,0.555555582
P00915_CHEMBL5408039,DKGRULUNCHTQJI-UHFFFAOYSA-N,False,False,0.532258093
P00915_CHEMBL5417623,LMQGNHWQIXYVJD-UHFFFAOYSA-N,False,False,0.586206913
P00915_CHEMBL5419120,QXNAMODSZDFGKT-UHFFFAOYSA-N,False,False,0.730769217
P00915_CHEMBL5419562,JFYQHSPNAYLJRN-UHFFFAOYSA-N,False,False,0.666666687
P00915_CHEMBL5409839,UPAKNGUBVJPMDA-UHFFFAOYSA-N,False,False,0.586956501
P00915_CHEMBL5406763,RIFVVUUGERXWIY-UHFFFAOYSA-N,False,False,0.600000024
P00915_CHEMBL5398527,DCMRGNSARQJDLM-UHFFFAOYSA-N,False,False,0.702127635
P00915_CHEMBL5398482,MXTYBSMRNGDIQI-UHFFFAOYSA-N,False,False,0.702127635
P00915_CHEMBL5404478,JSSFSRDUSRBMJE-UHFFFAOYSA-N,False,False,0.722222209
P00915_CHEMBL5430744,SUJNLCAPXPDFJD-UHFFFAOYSA-N,False,False,0.702127635
P00915_CHEMBL5404207,AGOBQBPWEZAJGQ-UHFFFAOYSA-N,False,False,0.5625
P00915_CHEMBL5432122,GTGGSCVIIRKEOU-UHFFFAOYSA-N,False,False,0.61403507
P00915_CHEMBL5400096,HKMCSSRPTZLJPV-UHFFFAOYSA-N,False,False,0.634615362
P00915_CHEMBL5427772,WYYLXPSCNTUSRW-UHFFFAOYSA-N,False,False,0.555555582
P00915_CHEMBL5439825,IRNFDGGRPSGOTE-UHFFFAOYSA-N,False,False,0.625
P00915_CHEMBL5424006,VMNKBYZDOJQBIH-SSDVNMTOSA-N,False,False,0.603448272
P00915_CHEMBL5419432,XVCWHNLYGWNYPC-GNKBHMEESA-N,False,False,0.470588237
P00915_CHEMBL5409853,ONUFUYUXMONZFL-UHFFFAOYSA-N,False,False,0.639344275
P00915_CHEMBL5436128,CZZVNDSYRYZFJU-UHFFFAOYSA-N,False,False,0.744680822
P00915_CHEMBL5411012,HQGWSNNXBRZSPC-UHFFFAOYSA-N,False,False,0.725490212
P00915_CHEMBL5427767,ZLQFARKGJOSLEV-UHFFFAOYSA-N,False,False,0.734693885
P00915_CHEMBL5412673,CLFJSQILDVYGBK-UHFFFAOYSA-N,False,False,0.61403507
P00915_CHEMBL5413719,HYIVABKUWHLVSF-UHFFFAOYSA-N,False,False,0.540983617
P00915_CHEMBL5434757,HKRULHFXTVOAJA-UHFFFAOYSA-N,False,False,0.769230783
P00915_CHEMBL5431226,XQIIKHHHBXHMHY-UHFFFAOYSA-N,False,False,0.631578922
P00915_CHEMBL5400438,NAZNNIPXYUKZQQ-UHFFFAOYSA-N,False,False,0.732142866
P00915_CHEMBL5422561,UWPJANIOFXYDOC-UHFFFAOYSA-N,False,False,0.45161289
P00915_CHEMBL5399183,ATBYVQKRVYGWAP-UHFFFAOYSA-N,False,False,0.608695626
P00915_CHEMBL5437429,KKUXJTUFYBZINZ-UHFFFAOYSA-N,False,False,0.581081092
P00915_CHEMBL5431631,ZIXVQKPLYKBLNK-UHFFFAOYSA-N,False,False,0.75
P00915_CHEMBL5411887,HECNGWNECSETNF-UHFFFAOYSA-N,False,False,0.681818187
P00915_CHEMBL5408930,DHKPFAGTOODDJW-UHFFFAOYSA-N,False,False,0.611940324
P00915_CHEMBL5422492,RZVCBSGZKOFRJK-UFFVCSGVSA-N,False,False,0.625
P00915_CHEMBL5438275,PXXJMRSTMBBDNC-UHFFFAOYSA-N,False,False,0.649122834
P00915_CHEMBL5411466,DFIXSMFGGXZVOF-UHFFFAOYSA-N,False,False,0.769230783
P00915_CHEMBL5419182,GNCVTHLRVNSSBF-LSQMVHIFSA-N,False,False,0.524999976
P00915_CHEMBL5428815,CLGHEGZXCNFRHB-UHFFFAOYSA-N,False,False,0.816326559
P00915_CHEMBL5435073,QSRRCGURRYTUIW-UHFFFAOYSA-N,False,False,0.770491779
P00915_CHEMBL5438823,DLIQSOMUXNBLBX-UHFFFAOYSA-N,False,False,0.550724626
P00915_CHEMBL5406041,ONKCUILMOYKXKT-UHFFFAOYSA-N,False,False,0.576271176
P00915_CHEMBL5402391,OUKDOMCENIUHQE-UHFFFAOYSA-N,False,False,0.57407409
P00915_CHEMBL5438178,ZZJLEHFHCWNROI-UHFFFAOYSA-N,False,False,0.519480526
P00915_CHEMBL5433495,JTCGIYYQCMFLBU-UHFFFAOYSA-N,False,False,0.621212125
P00915_CHEMBL5440256,GHICSFRZQKAEBQ-UHFFFAOYSA-N,False,False,0.521126747
P00915_CHEMBL5439068,CGYVNNMDBLVCOV-UHFFFAOYSA-N,False,False,0.672727287
P00915_CHEMBL5406460,VPDVUJWSQKEZJT-UHFFFAOYSA-N,False,False,0.590163946
P00915_CHEMBL5401486,SIPKBYBNIVYTBX-UHFFFAOYSA-N,False,False,0.625
P00915_CHEMBL5424643,CPEPQCMLINGXPE-UHFFFAOYSA-N,False,False,0.637931049
P00915_CHEMBL5438359,IFIOCBLERUAAFO-UHFFFAOYSA-N,False,False,0.694915235
P00915_CHEMBL5395842,GZCWHTFSDRFJHZ-UHFFFAOYSA-N,False,False,0.557142854
P00915_CHEMBL5402861,LKDHHNQNIRYCTL-GFCCVEGCSA-N,False,False,0.590909064
P00915_CHEMBL5422807,LKDHHNQNIRYCTL-LBPRGKRZSA-N,False,False,0.590909064
P00915_CHEMBL5415701,NDGXTYNWIXJHRU-UHFFFAOYSA-N,False,False,0.536585391
P00915_CHEMBL5417652,FGOXCLFZEUIMFJ-UHFFFAOYSA-N,False,False,0.519999981
P00915_CHEMBL5430843,ALORJYJIQPGGSQ-UHFFFAOYSA-N,False,False,0.448275864
P00915_CHEMBL5415971,WQWZCRCWXXGKCN-UHFFFAOYSA-N,False,False,0.482142866
P00915_CHEMBL5434579,SONHRDHLRXQTMC-UHFFFAOYSA-N,False,False,0.442307681
P00915_CHEMBL5427495,WUVPYPNAYVLIAX-UHFFFAOYSA-N,False,False,0.44262296
P00915_CHEMBL5396279,OPDJFQOEEMDFDH-UHFFFAOYSA-N,False,False,0.42592594
P00915_CHEMBL5427064,BBWCYBPTZKUWMS-UHFFFAOYSA-N,False,False,0.491228074
P00915_CHEMBL5434717,BTSHTWLKOSYTEV-UHFFFAOYSA-N,False,False,0.576923072
P00915_CHEMBL5405313,FTGKUQUALRCYNZ-UHFFFAOYSA-N,False,False,0.563636363
P00915_CHEMBL5428119,VGUFUQKJRYXNDM-UHFFFAOYSA-N,False,False,0.634615362
P00915_CHEMBL5399497,HCIXIBGWGBUVHF-UHFFFAOYSA-N,False,False,0.775862098
P00915_CHEMBL5406828,VXHZATHSABFUEI-UHFFFAOYSA-N,False,False,0.611111104
P00915_CHEMBL5421787,PRDQLKPGJGJZPK-UHFFFAOYSA-N,False,False,0.612903237
P00915_CHEMBL5410832,CYOSAPAEFXZWBM-UHFFFAOYSA-N,False,False,0.596153855
P00915_CHEMBL5396229,RRPPKCKSMVOBSW-VGQGPFSMSA-N,False,False,0.576271176
P00915_CHEMBL5400915,IQLAYXHLNAZBOA-UHFFFAOYSA-N,False,False,0.745098054
P00915_CHEMBL5423723,NIYGRTUCJXAUEL-VGYBTVITSA-N,False,False,0.542372882
P00915_CHEMBL5409485,DXYSXKJWZKQHHF-UHFFFAOYSA-N,False,False,0.580645144
P00915_CHEMBL5411876,JQGPGULICCQCSV-UHFFFAOYSA-N,False,False,0.519999981
P00915_CHEMBL5430806,ONUOJBHQVRBQCT-UHFFFAOYSA-N,False,False,0.521739125
P00915_CHEMBL5427215,BQLJBTHPQRDMLR-UHFFFAOYSA-N,False,False,0.53061223
P00915_CHEMBL5418987,MGBZVKFQSSXFAS-UHFFFAOYSA-N,False,False,0.53191489
P00915_CHEMBL5417966,FVYMUXRPHIGZCP-UHFFFAOYSA-N,False,False,0.547619045
P00915_CHEMBL5427397,GFXJQNJZNMMUAZ-UHFFFAOYSA-N,False,False,0.529411793
P00915_CHEMBL5393899,XNGWLNOBGSCVTK-BQFCYCMXSA-N,False,False,0.592105269
P00915_CHEMBL5416640,JJCGGKPYCQHVLA-UHFFFAOYSA-N,False,False,0.694444418
P00915_CHEMBL5399753,ODSHIRVEOVEADT-UHFFFAOYSA-N,False,False,0.808510661
P00915_CHEMBL5432003,NSVJHAIFKLYTIG-UHFFFAOYSA-N,False,False,0.673913062
P00915_CHEMBL5399026,RUQKNNVCYAVVBB-UHFFFAOYSA-N,False,False,0.699999988
P00915_CHEMBL5413773,LPOJLKJAYFPPCR-UHFFFAOYSA-N,False,False,0.653846145
P00915_CHEMBL5416330,JRNLVIFRGFRMNF-UHFFFAOYSA-N,False,False,0.629629612
P00915_CHEMBL5429247,XIJWHCUWSWDAQZ-UHFFFAOYSA-N,False,False,0.808510661
P00915_CHEMBL5438146,UTJPQLJYANJIHJ-UHFFFAOYSA-N,False,False,0.75
P00915_CHEMBL5400590,PFGCNCYJCMGGGZ-UHFFFAOYSA-N,False,False,0.686274529
P00915_CHEMBL5423705,BKAUZZPCYMWECJ-UHFFFAOYSA-N,False,False,0.734693885
P00915_CHEMBL5420340,LHWNFQORZAPTFK-UHFFFAOYSA-N,False,False,0.735849082
P00915_CHEMBL5418256,KWDVVKUGWLQPKD-ILYVXUQDSA-N,False,False,0.589285731
P00915_CHEMBL5408414,KWDVVKUGWLQPKD-RDHIYWLCSA-N,False,False,0.589285731
P00915_CHEMBL5422630,NIBXWPVTUDWSAY-FIXSFTCYSA-N,False,False,0.545454562
P00915_CHEMBL5412024,PPWNWLVDXHWRML-ONTIZHBOSA-N,False,False,0.43877551
P00915_CHEMBL5424738,PYUKJNGCYVMNAJ-ZOBUZTSGSA-N,False,False,0.622950792
P00915_CHEMBL5423986,UXXVSKZULVAJOF-JYJNAYRXSA-N,False,False,0.53125
P00915_CHEMBL5439333,JUMVFSWBOHODCZ-UHFFFAOYSA-N,False,False,0.590909064
P00915_CHEMBL5435748,QVKUNAKTFMAUJW-UHFFFAOYSA-N,False,False,0.54411763
P00915_CHEMBL5422747,WTQFRNPZZFQLLL-UHFFFAOYSA-N,False,False,0.521126747
P00915_CHEMBL5423626,BFCLBKQIMYAQPY-BJLQDIEVSA-N,False,False,0.576470613
P00915_CHEMBL5407099,NSNMVCGWTYPYMX-FUDKSRODSA-N,False,False,0.525423706
P00915_CHEMBL5439232,VLUZPBWAZBJQLD-KKUMJFAQSA-N,False,False,0.53125
P00915_CHEMBL5412326,MQQINZDUKHAUGJ-LNLFQRSKSA-N,False,False,0.625
P00915_CHEMBL5404854,ADISGBQVYFRLKB-ONTIZHBOSA-N,False,False,0.508196712
P00915_CHEMBL5434475,BLPFRQZLLDKZGB-LNLFQRSKSA-N,False,False,0.554054081
P00915_CHEMBL5398061,LHXRFFVHOQKVOC-GFCCVEGCSA-N,False,False,0.515625
P00915_CHEMBL5422153,XFOOXOCSAXINFV-LLVKDONJSA-N,False,False,0.525423706
P00915_CHEMBL5395857,FIFHTBRNDHDQRL-SNVBAGLBSA-N,False,False,0.507246375
P00915_CHEMBL5397659,YSCAFGPFKLJWHV-GFCCVEGCSA-N,False,False,0.625
P00915_CHEMBL5419752,DOPLSTZDQOBCEK-CYBMUJFWSA-N,False,False,0.716666639
P00915_CHEMBL5404038,YDHNVOCAWONJTO-LLVKDONJSA-N,False,False,0.72307694
P00915_CHEMBL5439318,OZLZJWIFJUNZOL-LLVKDONJSA-N,False,False,0.558823526
P00915_CHEMBL5405279,MAAQNYHAYSKSLH-CYBMUJFWSA-N,False,False,0.694915235
P00915_CHEMBL5437142,QXQVZTZWBBZTHB-QGZVFWFLSA-N,False,False,0.541666687
P00915_CHEMBL5420020,HGLYTFYXKZEQKR-GFCCVEGCSA-N,False,False,0.537313461
P00915_CHEMBL5432770,GDZQLCCHUMZPNP-CYBMUJFWSA-N,False,False,0.535211265
P00915_CHEMBL5395679,OFLLPDPQISYRJB-LLVKDONJSA-N,False,False,0.645161271
P00915_CHEMBL5424727,JCECPTHRURCVHN-LLVKDONJSA-N,False,False,0.612903237
P00915_CHEMBL5425125,CWLHKJWOLFDCHM-QGZVFWFLSA-N,False,False,0.385542154
P00915_CHEMBL5412351,ZLHNFAACGAYJNG-CYBMUJFWSA-N,False,False,0.55384618
P00915_CHEMBL5424664,RURNFMSWOBQBQV-CYBMUJFWSA-N,False,False,0.54838711
P00915_CHEMBL5420931,KLQZWEYDBHOBOL-LLVKDONJSA-N,False,False,0.485294104
P00915_CHEMBL5417084,XFOOXOCSAXINFV-NSHDSACASA-N,False,False,0.525423706
P00915_CHEMBL5430482,FIFHTBRNDHDQRL-JTQLQIEISA-N,False,False,0.507246375
P00915_CHEMBL5414077,YSCAFGPFKLJWHV-LBPRGKRZSA-N,False,False,0.625
P00915_CHEMBL5402143,DOPLSTZDQOBCEK-ZDUSSCGKSA-N,False,False,0.716666639
P00915_CHEMBL5426216,YDHNVOCAWONJTO-NSHDSACASA-N,False,False,0.72307694
P00915_CHEMBL5413021,OZLZJWIFJUNZOL-NSHDSACASA-N,False,False,0.558823526
P00915_CHEMBL5402145,MAAQNYHAYSKSLH-ZDUSSCGKSA-N,False,False,0.694915235
P00915_CHEMBL5438010,QXQVZTZWBBZTHB-KRWDZBQOSA-N,False,False,0.541666687
P00915_CHEMBL5421531,HGLYTFYXKZEQKR-LBPRGKRZSA-N,False,False,0.537313461
P00915_CHEMBL5411936,GDZQLCCHUMZPNP-ZDUSSCGKSA-N,False,False,0.535211265
P00915_CHEMBL5419447,OFLLPDPQISYRJB-NSHDSACASA-N,False,False,0.645161271
P00915_CHEMBL5396393,JCECPTHRURCVHN-NSHDSACASA-N,False,False,0.612903237
P00915_CHEMBL5409658,CWLHKJWOLFDCHM-KRWDZBQOSA-N,False,False,0.385542154
P00915_CHEMBL5413693,ZLHNFAACGAYJNG-ZDUSSCGKSA-N,False,False,0.55384618
P00915_CHEMBL5429073,RURNFMSWOBQBQV-ZDUSSCGKSA-N,False,False,0.54838711
P00915_CHEMBL5401434,KLQZWEYDBHOBOL-NSHDSACASA-N,False,False,0.485294104
P00915_CHEMBL5402497,CPGFSNUZSQCPLL-YDHLFZDLSA-N,False,False,0.566666663
P00915_CHEMBL5412870,XWMJNVUDKLLXAI-YDHLFZDLSA-N,False,False,0.732142866
P00915_CHEMBL5432551,BFCSAMMEIRZRTL-UHFFFAOYSA-N,False,False,0.791666687
P00915_CHEMBL5419500,VPTBDVGIPAWKIQ-UHFFFAOYSA-N,False,False,0.696428597
P00915_CHEMBL5420864,SWUUKXHSXJMHGU-UHFFFAOYSA-N,False,False,0.821428597
P00915_CHEMBL5432940,NSLQDVBMSOJHFH-UHFFFAOYSA-N,False,False,0.676923096
P00915_CHEMBL5402055,GYAIZZVMWJYEMD-UHFFFAOYSA-N,False,False,0.771929801
P00915_CHEMBL5419817,VSSITLOFHBZIIL-UHFFFAOYSA-N,False,False,0.75999999
P00915_CHEMBL5422706,MMXXEFWUHKQSJH-CYBMUJFWSA-N,False,False,0.775862098
P00915_CHEMBL5425202,TZQMARCGMVCRDN-GFCCVEGCSA-N,False,False,0.5
P00915_CHEMBL5433765,AVVYBGKZHMLYNV-CYBMUJFWSA-N,False,False,0.649122834
P00915_CHEMBL5420539,MMXXEFWUHKQSJH-ZDUSSCGKSA-N,False,False,0.775862098
P00915_CHEMBL5395423,TZQMARCGMVCRDN-LBPRGKRZSA-N,False,False,0.5
P00915_CHEMBL5405733,VZPXSEYTSFPPBI-UHFFFAOYSA-N,False,False,0.736842096
P00915_CHEMBL5403355,LAKUGUCGXZVQEE-UHFFFAOYSA-N,False,False,0.603174627
P00915_CHEMBL5407842,TWNBFLYFNRTBNB-CYBMUJFWSA-N,False,False,0.625
P00915_CHEMBL5396530,QGZPJORAZASRSN-CYBMUJFWSA-N,False,False,0.576271176
P00915_CHEMBL5397521,TWNBFLYFNRTBNB-ZDUSSCGKSA-N,False,False,0.625
P00915_CHEMBL5439370,UZICFNNDQYSEFG-SFFUCWETSA-N,False,False,0.666666687
P00915_CHEMBL5415949,UZICFNNDQYSEFG-ICUGJSFKSA-N,False,False,0.666666687
P00915_CHEMBL5395274,CFRQBHZOCGBWDS-RMKNXTFCSA-N,False,False,0.534482777
P00915_CHEMBL5407876,SHDJQHSRHVCNIF-UHFFFAOYSA-N,False,False,0.698113203
P00915_CHEMBL5430374,CAMAPKNMNKLJGK-UHFFFAOYSA-N,False,False,0.791666687
P00915_CHEMBL5403578,SXULHRZVOJNSLM-UHFFFAOYSA-N,False,False,0.779999971
P00915_CHEMBL5439016,QEPZQARHHYAPAJ-UHFFFAOYSA-N,False,False,0.672727287
P00915_CHEMBL5430474,PVFMDVQUGFYVGS-UHFFFAOYSA-N,False,False,0.787234068
P00915_CHEMBL5439521,JTIQRJKTATWBIT-UHFFFAOYSA-N,False,False,0.629629612
P00915_CHEMBL5433722,XXGMOMHNKQPBKI-ZIQFBCGOSA-N,False,False,0.690476179
P00915_CHEMBL5416307,NIQIGNHEHFIPGG-IIRVCBMXSA-N,False,False,0.644444466
P00915_CHEMBL5402383,VNWKPHNIXMNPGQ-ZIQFBCGOSA-N,False,False,0.608695626
P00915_CHEMBL5397739,VNWKPHNIXMNPGQ-IIRVCBMXSA-N,False,False,0.608695626
P00915_CHEMBL5399974,HLEVRSLETWDQBY-UHFFFAOYSA-N,False,False,0.644067824
P00915_CHEMBL5420429,RLTJTXDLOQHGDZ-UHFFFAOYSA-N,False,False,0.627118647
P00915_CHEMBL5414672,JOOBCMGRFVLNKS-UHFFFAOYSA-N,False,False,0.567164183
P00915_CHEMBL5413921,ILDXUIQIYSEQCT-UHFFFAOYSA-N,False,False,0.619718313
P00915_CHEMBL5423604,HCPNTNXPZHNLDK-UHFFFAOYSA-N,False,False,0.59375
P00915_CHEMBL5436862,GZHFJUUKPRLBLE-UHFFFAOYSA-N,False,False,0.606557369
P00915_CHEMBL5422102,FSVADAMYVYABPG-UHFFFAOYSA-N,False,False,0.555555582
P00915_CHEMBL5406077,VATWNGLKRPPFRJ-YDHLFZDLSA-N,False,False,0.629032254
P00915_CHEMBL5440906,HNXQPQLHQMZIIO-CYBMUJFWSA-N,False,False,0.671875
P00915_CHEMBL5440763,FNCNVIQPHOCAGW-GFCCVEGCSA-N,False,False,0.492063493
P00915_CHEMBL5436282,GOWQSNLJQVTEQN-CYBMUJFWSA-N,False,False,0.616666675
P00915_CHEMBL5411702,HNXQPQLHQMZIIO-ZDUSSCGKSA-N,False,False,0.671875
P00915_CHEMBL5414836,FNCNVIQPHOCAGW-LBPRGKRZSA-N,False,False,0.492063493
P00915_CHEMBL5418786,FTUXEEBDSSIQPA-UHFFFAOYSA-N,False,False,0.59375
P00915_CHEMBL5412077,QAYXVHFOFPNFQV-UHFFFAOYSA-N,False,False,0.581818163
P00915_CHEMBL5433578,MYQLYLVPBOSXDN-UHFFFAOYSA-N,False,False,0.537037015
P00915_CHEMBL5399204,YDUJMIZEUWJICH-CYBMUJFWSA-N,False,False,0.602941155
P00915_CHEMBL5433154,KCHMTPHYMJFNEW-GFCCVEGCSA-N,False,False,0.514705896
P00915_CHEMBL5409881,UCSMZVJPTHKUHN-CYBMUJFWSA-N,False,False,0.555555582
P00915_CHEMBL5403938,YDUJMIZEUWJICH-ZDUSSCGKSA-N,False,False,0.602941155
P00915_CHEMBL5421790,KCHMTPHYMJFNEW-LBPRGKRZSA-N,False,False,0.514705896
P00915_CHEMBL5432812,PGROUBRFXAGLCW-ZKWXMUAHSA-N,False,False,0.607142866
P00915_CHEMBL5408885,ZRXNNNLXDZLQEL-AWQFTUOYSA-N,False,False,0.789473712
P00915_CHEMBL5403077,NHXJYIFPYTZJPY-AWQFTUOYSA-N,False,False,0.65625
P00915_CHEMBL5420858,ONFHWJUGRMUDHQ-ZVBGSRNCSA-N,False,False,0.590163946
P00915_CHEMBL5396677,QOFOEVNYGMELQV-AWQFTUOYSA-N,False,False,0.600000024
P00915_CHEMBL5413403,QGPDQLORMJTCKM-QGMBQPNBSA-N,False,False,0.615384638
P00915_CHEMBL5410282,IOUTWIGNKRIKAZ-URYVQPGZSA-N,False,False,0.436363637
P00915_CHEMBL5422467,LIYTWZDPIGJWAT-UHFFFAOYSA-N,False,False,0.627451003
P00915_CHEMBL5417595,NGCNTSFHNCDCDJ-FIXSFTCYSA-N,False,False,0.516666651
P00915_CHEMBL5402892,WHCLZRQHEBAUHJ-UHFFFAOYSA-N,False,False,0.688524604
P00915_CHEMBL5421078,PBFLVGJFFQOHPJ-UHFFFAOYSA-N,False,False,0.520833313
P00915_CHEMBL5435151,IDBAGAFMJQAVCF-UHFFFAOYSA-N,False,False,0.5
P00915_CHEMBL5404239,QIWCFKBYVRVGLH-UHFFFAOYSA-N,False,False,0.551724136
P00915_CHEMBL5440220,KNZBJGVIIFMHFD-UHFFFAOYSA-N,False,False,0.571428597
P00915_CHEMBL5400662,PVFIKRUIKGHNIS-UHFFFAOYSA-N,False,False,0.5
P00915_CHEMBL5436091,YCPYKMUPRIKDKJ-UHFFFAOYSA-N,False,False,0.53191489
P00915_CHEMBL5415766,STRKIRKKIBQSAK-UHFFFAOYSA-N,False,False,0.534883738
P00915_CHEMBL5431518,CKFBETOZPBRHSF-UHFFFAOYSA-N,False,False,0.545454562
P00918_CHEMBL5433200,JAPWBQCQUOSIEM-OBKDMQGPSA-N,False,False,0.722222209
P00918_CHEMBL5418092,JAPWBQCQUOSIEM-CXQPBAHBSA-N,False,False,0.722222209
P00918_CHEMBL5431609,KWPJXRHMANTYFB-OBKDMQGPSA-N,False,False,0.75999999
P00918_CHEMBL5434405,KWPJXRHMANTYFB-CXQPBAHBSA-N,False,False,0.75999999
P00918_CHEMBL5414353,WPLLGPNHNUOMGV-FOORKGQUSA-N,False,False,0.537313461
P00918_CHEMBL5399412,JYWGGDIASDQSSD-NUPXYHBHSA-N,False,False,0.602941155
P00918_CHEMBL5410769,JYWGGDIASDQSSD-VJIOPBFVSA-N,False,False,0.602941155
P00918_CHEMBL5430974,VSEAUONETIOWGP-RTJMFUJLSA-N,False,False,0.714285731
P00918_CHEMBL5420563,VSEAUONETIOWGP-CAKRBILKSA-N,False,False,0.714285731
P00918_CHEMBL5422580,IMICQPBFCNDVPC-PKOFMYQESA-N,False,False,0.625
P00918_CHEMBL5434750,IMICQPBFCNDVPC-ZKIDJSGLSA-N,False,False,0.625
P00918_CHEMBL5394374,GKNYVICIQGNERP-OBKDMQGPSA-N,False,False,0.720000029
P00918_CHEMBL5439211,GKNYVICIQGNERP-CXQPBAHBSA-N,False,False,0.720000029
P00918_CHEMBL5420568,CODOYFSQOXGEKI-SFFUCWETSA-N,False,False,0.555555582
P00918_CHEMBL5429492,GEPXKKLRMYWXND-ICUGJSFKSA-N,False,False,0.592592597
P00918_CHEMBL5425027,BWFBBSDBGYPACG-XNJHUCFUSA-N,False,False,0.483333319
P00918_CHEMBL5406311,CODOYFSQOXGEKI-ICUGJSFKSA-N,False,False,0.555555582
P00918_CHEMBL5418946,HUSLICSGYCKUIR-UHFFFAOYSA-N,False,False,0.578125
P00918_CHEMBL5395028,VVWPYIUMZAKJOT-UHFFFAOYSA-N,False,False,0.745098054
P00918_CHEMBL5408660,LQUQJUOOLFKOSO-LTGZKZEYSA-N,False,False,0.829787254
P00918_CHEMBL5394136,HVPOBFJNXNIEGT-LTGZKZEYSA-N,False,False,0.636363626
P00918_CHEMBL5428616,JCHMBMKFELRULG-CAPFRKAQSA-N,False,False,0.951219499
P00918_CHEMBL5411236,ZPRNRHVZUXUSQS-CAPFRKAQSA-N,False,False,0.714285731
P00918_CHEMBL5434644,LSNLEQVVAXRTBM-HMMYKYKNSA-N,False,False,0.886363626
P00918_CHEMBL5418325,IXVUWFHZNCLEHV-HMMYKYKNSA-N,False,False,0.673076928
P00918_CHEMBL5418448,LZLTUDYFBGBMDX-RCCKNPSSSA-N,False,False,0.673076928
P00918_CHEMBL5396521,ODBQOFQAPQVSGM-RCCKNPSSSA-N,False,False,0.525423706
P00918_CHEMBL5406454,DZGDAJDXLWCVEJ-XDJHFCHBSA-N,False,False,0.883720934
P00918_CHEMBL5415157,OULFJNUSHKTYOH-XDJHFCHBSA-N,False,False,0.680000007
P00918_CHEMBL5430687,YKWOJEJSDIYNCK-HMMYKYKNSA-N,False,False,0.727272749
P00918_CHEMBL5402415,OFIZPJSKLVIVNG-HMMYKYKNSA-N,False,False,0.580645144
P00918_CHEMBL5403443,FBWCDZDPENGCFS-UHFFFAOYSA-N,False,False,0.583333313
P00918_CHEMBL5423785,IDRXDTIJYBJAEM-UHFFFAOYSA-N,False,False,0.525423706
P00918_CHEMBL5420806,ORWFINKCFKZTRU-UHFFFAOYSA-N,False,False,0.547169805
P00918_CHEMBL5408282,VUWPGZCTNKFYMH-UHFFFAOYSA-N,False,False,0.547169805
P00918_CHEMBL5403015,YFCOFTLHQOGHBV-UHFFFAOYSA-N,False,False,0.690909088
P00918_CHEMBL5418584,QJMAMZFVLABRRZ-UHFFFAOYSA-N,False,False,0.690909088
P00918_CHEMBL5430954,KBDQNTITVPILJO-UHFFFAOYSA-N,False,False,0.800000012
P00918_CHEMBL5398870,ODHQVOWCJNWGJT-UHFFFAOYSA-N,False,False,0.612903237
P00918_CHEMBL5408801,VZBGQHSBAIOAIQ-UHFFFAOYSA-N,False,False,0.769230783
P00918_CHEMBL5427771,OWZOOAOLQAMEPG-UHFFFAOYSA-N,False,False,0.59375
P00918_CHEMBL5412006,MZWFNJJPXNVDPU-UHFFFAOYSA-N,False,False,0.555555582
P00918_CHEMBL5408039,DKGRULUNCHTQJI-UHFFFAOYSA-N,False,False,0.532258093
P00918_CHEMBL5417623,LMQGNHWQIXYVJD-UHFFFAOYSA-N,False,False,0.586206913
P00918_CHEMBL5419120,QXNAMODSZDFGKT-UHFFFAOYSA-N,False,False,0.730769217
P00918_CHEMBL5419562,JFYQHSPNAYLJRN-UHFFFAOYSA-N,False,False,0.666666687
P00918_CHEMBL5409839,UPAKNGUBVJPMDA-UHFFFAOYSA-N,False,False,0.586956501
P00918_CHEMBL5406763,RIFVVUUGERXWIY-UHFFFAOYSA-N,False,False,0.600000024
P00918_CHEMBL5398527,DCMRGNSARQJDLM-UHFFFAOYSA-N,False,False,0.702127635
P00918_CHEMBL5398482,MXTYBSMRNGDIQI-UHFFFAOYSA-N,False,False,0.702127635
P00918_CHEMBL5404478,JSSFSRDUSRBMJE-UHFFFAOYSA-N,False,False,0.722222209
P00918_CHEMBL5430744,SUJNLCAPXPDFJD-UHFFFAOYSA-N,False,False,0.702127635
P00918_CHEMBL5404207,AGOBQBPWEZAJGQ-UHFFFAOYSA-N,False,False,0.5625
P00918_CHEMBL5432122,GTGGSCVIIRKEOU-UHFFFAOYSA-N,False,False,0.61403507
P00918_CHEMBL5400096,HKMCSSRPTZLJPV-UHFFFAOYSA-N,False,False,0.634615362
P00918_CHEMBL5427772,WYYLXPSCNTUSRW-UHFFFAOYSA-N,False,False,0.555555582
P00918_CHEMBL5439825,IRNFDGGRPSGOTE-UHFFFAOYSA-N,False,False,0.625
P00918_CHEMBL5424006,VMNKBYZDOJQBIH-SSDVNMTOSA-N,False,False,0.603448272
P00918_CHEMBL5419432,XVCWHNLYGWNYPC-GNKBHMEESA-N,False,False,0.470588237
P00918_CHEMBL5409853,ONUFUYUXMONZFL-UHFFFAOYSA-N,False,False,0.639344275
P00918_CHEMBL5435757,LMNUAUSFXLTVAJ-UHFFFAOYSA-N,False,False,0.606060624
P00918_CHEMBL5436128,CZZVNDSYRYZFJU-UHFFFAOYSA-N,False,False,0.744680822
P00918_CHEMBL5411012,HQGWSNNXBRZSPC-UHFFFAOYSA-N,False,False,0.725490212
P00918_CHEMBL5427767,ZLQFARKGJOSLEV-UHFFFAOYSA-N,False,False,0.734693885
P00918_CHEMBL5412673,CLFJSQILDVYGBK-UHFFFAOYSA-N,False,False,0.61403507
P00918_CHEMBL5413719,HYIVABKUWHLVSF-UHFFFAOYSA-N,False,False,0.540983617
P00918_CHEMBL5434757,HKRULHFXTVOAJA-UHFFFAOYSA-N,False,False,0.769230783
P00918_CHEMBL5431226,XQIIKHHHBXHMHY-UHFFFAOYSA-N,False,False,0.631578922
P00918_CHEMBL5400438,NAZNNIPXYUKZQQ-UHFFFAOYSA-N,False,False,0.732142866
P00918_CHEMBL5422561,UWPJANIOFXYDOC-UHFFFAOYSA-N,False,False,0.45161289
P00918_CHEMBL5399183,ATBYVQKRVYGWAP-UHFFFAOYSA-N,False,False,0.608695626
P00918_CHEMBL5437429,KKUXJTUFYBZINZ-UHFFFAOYSA-N,False,False,0.581081092
P00918_CHEMBL5418551,HJFUVWHFUJMBIL-UHFFFAOYSA-N,False,False,0.588235319
P00918_CHEMBL5417736,UPDJXCSVBXSCHE-UHFFFAOYSA-N,False,False,0.591549277
P00918_CHEMBL5431631,ZIXVQKPLYKBLNK-UHFFFAOYSA-N,False,False,0.75
P00918_CHEMBL5411887,HECNGWNECSETNF-UHFFFAOYSA-N,False,False,0.681818187
P00918_CHEMBL5408930,DHKPFAGTOODDJW-UHFFFAOYSA-N,False,False,0.611940324
P00918_CHEMBL5406683,RRBKWQJBCXMXIW-UHFFFAOYSA-N,False,False,0.614285707
P00918_CHEMBL5414681,HKKMRTDTKPIQDA-UHFFFAOYSA-N,False,False,0.567164183
P00918_CHEMBL5405122,OFDSMHBYMLGSEU-UHFFFAOYSA-N,False,False,0.541666687
P00918_CHEMBL5422492,RZVCBSGZKOFRJK-UFFVCSGVSA-N,False,False,0.625
P00918_CHEMBL5438275,PXXJMRSTMBBDNC-UHFFFAOYSA-N,False,False,0.649122834
P00918_CHEMBL5411466,DFIXSMFGGXZVOF-UHFFFAOYSA-N,False,False,0.769230783
P00918_CHEMBL5419182,GNCVTHLRVNSSBF-LSQMVHIFSA-N,False,False,0.524999976
P00918_CHEMBL5428815,CLGHEGZXCNFRHB-UHFFFAOYSA-N,False,False,0.816326559
P00918_CHEMBL5435073,QSRRCGURRYTUIW-UHFFFAOYSA-N,False,False,0.770491779
P00918_CHEMBL5438823,DLIQSOMUXNBLBX-UHFFFAOYSA-N,False,False,0.550724626
P00918_CHEMBL5406041,ONKCUILMOYKXKT-UHFFFAOYSA-N,False,False,0.576271176
P00918_CHEMBL5402391,OUKDOMCENIUHQE-UHFFFAOYSA-N,False,False,0.57407409
P00918_CHEMBL5438178,ZZJLEHFHCWNROI-UHFFFAOYSA-N,False,False,0.519480526
P00918_CHEMBL5438727,XQWQFSXGSTZKRX-UHFFFAOYSA-N,False,False,0.50666666
P00918_CHEMBL5433495,JTCGIYYQCMFLBU-UHFFFAOYSA-N,False,False,0.621212125
P00918_CHEMBL5440256,GHICSFRZQKAEBQ-UHFFFAOYSA-N,False,False,0.521126747
P00918_CHEMBL5433631,PWFKWUVNXOXPQY-UHFFFAOYSA-N,False,False,0.5
P00918_CHEMBL5439068,CGYVNNMDBLVCOV-UHFFFAOYSA-N,False,False,0.672727287
P00918_CHEMBL5406460,VPDVUJWSQKEZJT-UHFFFAOYSA-N,False,False,0.590163946
P00918_CHEMBL5401486,SIPKBYBNIVYTBX-UHFFFAOYSA-N,False,False,0.625
P00918_CHEMBL5424643,CPEPQCMLINGXPE-UHFFFAOYSA-N,False,False,0.637931049
P00918_CHEMBL5438359,IFIOCBLERUAAFO-UHFFFAOYSA-N,False,False,0.694915235
P00918_CHEMBL5395842,GZCWHTFSDRFJHZ-UHFFFAOYSA-N,False,False,0.557142854
P00918_CHEMBL5402861,LKDHHNQNIRYCTL-GFCCVEGCSA-N,False,False,0.590909064
P00918_CHEMBL5422807,LKDHHNQNIRYCTL-LBPRGKRZSA-N,False,False,0.590909064
P00918_CHEMBL5415701,NDGXTYNWIXJHRU-UHFFFAOYSA-N,False,False,0.536585391
P00918_CHEMBL5417652,FGOXCLFZEUIMFJ-UHFFFAOYSA-N,False,False,0.519999981
P00918_CHEMBL5430843,ALORJYJIQPGGSQ-UHFFFAOYSA-N,False,False,0.448275864
P00918_CHEMBL5415971,WQWZCRCWXXGKCN-UHFFFAOYSA-N,False,False,0.482142866
P00918_CHEMBL5434579,SONHRDHLRXQTMC-UHFFFAOYSA-N,False,False,0.442307681
P00918_CHEMBL5427495,WUVPYPNAYVLIAX-UHFFFAOYSA-N,False,False,0.44262296
P00918_CHEMBL5396279,OPDJFQOEEMDFDH-UHFFFAOYSA-N,False,False,0.42592594
P00918_CHEMBL5427064,BBWCYBPTZKUWMS-UHFFFAOYSA-N,False,False,0.491228074
P00918_CHEMBL5434717,BTSHTWLKOSYTEV-UHFFFAOYSA-N,False,False,0.576923072
P00918_CHEMBL5405313,FTGKUQUALRCYNZ-UHFFFAOYSA-N,False,False,0.563636363
P00918_CHEMBL5428119,VGUFUQKJRYXNDM-UHFFFAOYSA-N,False,False,0.634615362
P00918_CHEMBL5399497,HCIXIBGWGBUVHF-UHFFFAOYSA-N,False,False,0.775862098
P00918_CHEMBL5416544,YUQHZNAHKJBTSY-UHFFFAOYSA-N,False,False,0.560606062
P00918_CHEMBL5413914,PPZRTQDMVQKJEM-UHFFFAOYSA-N,False,False,0.546875
P00918_CHEMBL5435567,VCSCKMALZSJPEU-UHFFFAOYSA-N,False,False,0.507246375
P00918_CHEMBL5406828,VXHZATHSABFUEI-UHFFFAOYSA-N,False,False,0.611111104
P00918_CHEMBL5421787,PRDQLKPGJGJZPK-UHFFFAOYSA-N,False,False,0.612903237
P00918_CHEMBL5410832,CYOSAPAEFXZWBM-UHFFFAOYSA-N,False,False,0.596153855
P00918_CHEMBL5396229,RRPPKCKSMVOBSW-VGQGPFSMSA-N,False,False,0.576271176
P00918_CHEMBL5400915,IQLAYXHLNAZBOA-UHFFFAOYSA-N,False,False,0.745098054
P00918_CHEMBL5423723,NIYGRTUCJXAUEL-VGYBTVITSA-N,False,False,0.542372882
P00918_CHEMBL5409485,DXYSXKJWZKQHHF-UHFFFAOYSA-N,False,False,0.580645144
P00918_CHEMBL5411876,JQGPGULICCQCSV-UHFFFAOYSA-N,False,False,0.519999981
P00918_CHEMBL5430806,ONUOJBHQVRBQCT-UHFFFAOYSA-N,False,False,0.521739125
P00918_CHEMBL5427215,BQLJBTHPQRDMLR-UHFFFAOYSA-N,False,False,0.53061223
P00918_CHEMBL5418987,MGBZVKFQSSXFAS-UHFFFAOYSA-N,False,False,0.53191489
P00918_CHEMBL5417966,FVYMUXRPHIGZCP-UHFFFAOYSA-N,False,False,0.547619045
P00918_CHEMBL5427397,GFXJQNJZNMMUAZ-UHFFFAOYSA-N,False,False,0.529411793
P00918_CHEMBL5393899,XNGWLNOBGSCVTK-BQFCYCMXSA-N,False,False,0.592105269
P00918_CHEMBL5416640,JJCGGKPYCQHVLA-UHFFFAOYSA-N,False,False,0.694444418
P00918_CHEMBL5399753,ODSHIRVEOVEADT-UHFFFAOYSA-N,False,False,0.808510661
P00918_CHEMBL5432003,NSVJHAIFKLYTIG-UHFFFAOYSA-N,False,False,0.673913062
P00918_CHEMBL5399026,RUQKNNVCYAVVBB-UHFFFAOYSA-N,False,False,0.699999988
P00918_CHEMBL5413773,LPOJLKJAYFPPCR-UHFFFAOYSA-N,False,False,0.653846145
P00918_CHEMBL5416330,JRNLVIFRGFRMNF-UHFFFAOYSA-N,False,False,0.629629612
P00918_CHEMBL5429247,XIJWHCUWSWDAQZ-UHFFFAOYSA-N,False,False,0.808510661
P00918_CHEMBL5438146,UTJPQLJYANJIHJ-UHFFFAOYSA-N,False,False,0.75
P00918_CHEMBL5400590,PFGCNCYJCMGGGZ-UHFFFAOYSA-N,False,False,0.686274529
P00918_CHEMBL5423705,BKAUZZPCYMWECJ-UHFFFAOYSA-N,False,False,0.734693885
P00918_CHEMBL5420340,LHWNFQORZAPTFK-UHFFFAOYSA-N,False,False,0.735849082
P00918_CHEMBL5418256,KWDVVKUGWLQPKD-ILYVXUQDSA-N,False,False,0.589285731
P00918_CHEMBL5408414,KWDVVKUGWLQPKD-RDHIYWLCSA-N,False,False,0.589285731
P00918_CHEMBL5422630,NIBXWPVTUDWSAY-FIXSFTCYSA-N,False,False,0.545454562
P00918_CHEMBL5412024,PPWNWLVDXHWRML-ONTIZHBOSA-N,False,False,0.43877551
P00918_CHEMBL5424738,PYUKJNGCYVMNAJ-ZOBUZTSGSA-N,False,False,0.622950792
P00918_CHEMBL5423986,UXXVSKZULVAJOF-JYJNAYRXSA-N,False,False,0.53125
P00918_CHEMBL5439333,JUMVFSWBOHODCZ-UHFFFAOYSA-N,False,False,0.590909064
P00918_CHEMBL5435748,QVKUNAKTFMAUJW-UHFFFAOYSA-N,False,False,0.54411763
P00918_CHEMBL5422747,WTQFRNPZZFQLLL-UHFFFAOYSA-N,False,False,0.521126747
P00918_CHEMBL5423626,BFCLBKQIMYAQPY-BJLQDIEVSA-N,False,False,0.576470613
P00918_CHEMBL5407099,NSNMVCGWTYPYMX-FUDKSRODSA-N,False,False,0.525423706
P00918_CHEMBL5439232,VLUZPBWAZBJQLD-KKUMJFAQSA-N,False,False,0.53125
P00918_CHEMBL5412326,MQQINZDUKHAUGJ-LNLFQRSKSA-N,False,False,0.625
P00918_CHEMBL5404854,ADISGBQVYFRLKB-ONTIZHBOSA-N,False,False,0.508196712
P00918_CHEMBL5434475,BLPFRQZLLDKZGB-LNLFQRSKSA-N,False,False,0.554054081
P00918_CHEMBL5398061,LHXRFFVHOQKVOC-GFCCVEGCSA-N,False,False,0.515625
P00918_CHEMBL5422153,XFOOXOCSAXINFV-LLVKDONJSA-N,False,False,0.525423706
P00918_CHEMBL5395857,FIFHTBRNDHDQRL-SNVBAGLBSA-N,False,False,0.507246375
P00918_CHEMBL5397659,YSCAFGPFKLJWHV-GFCCVEGCSA-N,False,False,0.625
P00918_CHEMBL5419752,DOPLSTZDQOBCEK-CYBMUJFWSA-N,False,False,0.716666639
P00918_CHEMBL5404038,YDHNVOCAWONJTO-LLVKDONJSA-N,False,False,0.72307694
P00918_CHEMBL5439318,OZLZJWIFJUNZOL-LLVKDONJSA-N,False,False,0.558823526
P00918_CHEMBL5405279,MAAQNYHAYSKSLH-CYBMUJFWSA-N,False,False,0.694915235
P00918_CHEMBL5437142,QXQVZTZWBBZTHB-QGZVFWFLSA-N,False,False,0.541666687
P00918_CHEMBL5420020,HGLYTFYXKZEQKR-GFCCVEGCSA-N,False,False,0.537313461
P00918_CHEMBL5432770,GDZQLCCHUMZPNP-CYBMUJFWSA-N,False,False,0.535211265
P00918_CHEMBL5395679,OFLLPDPQISYRJB-LLVKDONJSA-N,False,False,0.645161271
P00918_CHEMBL5424727,JCECPTHRURCVHN-LLVKDONJSA-N,False,False,0.612903237
P00918_CHEMBL5425125,CWLHKJWOLFDCHM-QGZVFWFLSA-N,False,False,0.385542154
P00918_CHEMBL5412351,ZLHNFAACGAYJNG-CYBMUJFWSA-N,False,False,0.55384618
P00918_CHEMBL5424664,RURNFMSWOBQBQV-CYBMUJFWSA-N,False,False,0.54838711
P00918_CHEMBL5420931,KLQZWEYDBHOBOL-LLVKDONJSA-N,False,False,0.485294104
P00918_CHEMBL5417084,XFOOXOCSAXINFV-NSHDSACASA-N,False,False,0.525423706
P00918_CHEMBL5430482,FIFHTBRNDHDQRL-JTQLQIEISA-N,False,False,0.507246375
P00918_CHEMBL5414077,YSCAFGPFKLJWHV-LBPRGKRZSA-N,False,False,0.625
P00918_CHEMBL5402143,DOPLSTZDQOBCEK-ZDUSSCGKSA-N,False,False,0.716666639
P00918_CHEMBL5426216,YDHNVOCAWONJTO-NSHDSACASA-N,False,False,0.72307694
P00918_CHEMBL5413021,OZLZJWIFJUNZOL-NSHDSACASA-N,False,False,0.558823526
P00918_CHEMBL5402145,MAAQNYHAYSKSLH-ZDUSSCGKSA-N,False,False,0.694915235
P00918_CHEMBL5438010,QXQVZTZWBBZTHB-KRWDZBQOSA-N,False,False,0.541666687
P00918_CHEMBL5421531,HGLYTFYXKZEQKR-LBPRGKRZSA-N,False,False,0.537313461
P00918_CHEMBL5411936,GDZQLCCHUMZPNP-ZDUSSCGKSA-N,False,False,0.535211265
P00918_CHEMBL5419447,OFLLPDPQISYRJB-NSHDSACASA-N,False,False,0.645161271
P00918_CHEMBL5396393,JCECPTHRURCVHN-NSHDSACASA-N,False,False,0.612903237
P00918_CHEMBL5409658,CWLHKJWOLFDCHM-KRWDZBQOSA-N,False,False,0.385542154
P00918_CHEMBL5413693,ZLHNFAACGAYJNG-ZDUSSCGKSA-N,False,False,0.55384618
P00918_CHEMBL5429073,RURNFMSWOBQBQV-ZDUSSCGKSA-N,False,False,0.54838711
P00918_CHEMBL5401434,KLQZWEYDBHOBOL-NSHDSACASA-N,False,False,0.485294104
P00918_CHEMBL5402497,CPGFSNUZSQCPLL-YDHLFZDLSA-N,False,False,0.566666663
P00918_CHEMBL5412870,XWMJNVUDKLLXAI-YDHLFZDLSA-N,False,False,0.732142866
P00918_CHEMBL5432551,BFCSAMMEIRZRTL-UHFFFAOYSA-N,False,False,0.791666687
P00918_CHEMBL5419500,VPTBDVGIPAWKIQ-UHFFFAOYSA-N,False,False,0.696428597
P00918_CHEMBL5420864,SWUUKXHSXJMHGU-UHFFFAOYSA-N,False,False,0.821428597
P00918_CHEMBL5432940,NSLQDVBMSOJHFH-UHFFFAOYSA-N,False,False,0.676923096
P00918_CHEMBL5402055,GYAIZZVMWJYEMD-UHFFFAOYSA-N,False,False,0.771929801
P00918_CHEMBL5419817,VSSITLOFHBZIIL-UHFFFAOYSA-N,False,False,0.75999999
P00918_CHEMBL5422706,MMXXEFWUHKQSJH-CYBMUJFWSA-N,False,False,0.775862098
P00918_CHEMBL5425202,TZQMARCGMVCRDN-GFCCVEGCSA-N,False,False,0.5
P00918_CHEMBL5433765,AVVYBGKZHMLYNV-CYBMUJFWSA-N,False,False,0.649122834
P00918_CHEMBL5420539,MMXXEFWUHKQSJH-ZDUSSCGKSA-N,False,False,0.775862098
P00918_CHEMBL5395423,TZQMARCGMVCRDN-LBPRGKRZSA-N,False,False,0.5
P00918_CHEMBL5405733,VZPXSEYTSFPPBI-UHFFFAOYSA-N,False,False,0.736842096
P00918_CHEMBL5403355,LAKUGUCGXZVQEE-UHFFFAOYSA-N,False,False,0.603174627
P00918_CHEMBL5407842,TWNBFLYFNRTBNB-CYBMUJFWSA-N,False,False,0.625
P00918_CHEMBL5396530,QGZPJORAZASRSN-CYBMUJFWSA-N,False,False,0.576271176
P00918_CHEMBL5397521,TWNBFLYFNRTBNB-ZDUSSCGKSA-N,False,False,0.625
P00918_CHEMBL5439370,UZICFNNDQYSEFG-SFFUCWETSA-N,False,False,0.666666687
P00918_CHEMBL5415949,UZICFNNDQYSEFG-ICUGJSFKSA-N,False,False,0.666666687
P00918_CHEMBL5395274,CFRQBHZOCGBWDS-RMKNXTFCSA-N,False,False,0.534482777
P00918_CHEMBL5407876,SHDJQHSRHVCNIF-UHFFFAOYSA-N,False,False,0.698113203
P00918_CHEMBL5430374,CAMAPKNMNKLJGK-UHFFFAOYSA-N,False,False,0.791666687
P00918_CHEMBL5403578,SXULHRZVOJNSLM-UHFFFAOYSA-N,False,False,0.779999971
P00918_CHEMBL5439016,QEPZQARHHYAPAJ-UHFFFAOYSA-N,False,False,0.672727287
P00918_CHEMBL5430474,PVFMDVQUGFYVGS-UHFFFAOYSA-N,False,False,0.787234068
P00918_CHEMBL5439521,JTIQRJKTATWBIT-UHFFFAOYSA-N,False,False,0.629629612
P00918_CHEMBL5433722,XXGMOMHNKQPBKI-ZIQFBCGOSA-N,False,False,0.690476179
P00918_CHEMBL5416307,NIQIGNHEHFIPGG-IIRVCBMXSA-N,False,False,0.644444466
P00918_CHEMBL5402383,VNWKPHNIXMNPGQ-ZIQFBCGOSA-N,False,False,0.608695626
P00918_CHEMBL5397739,VNWKPHNIXMNPGQ-IIRVCBMXSA-N,False,False,0.608695626
P00918_CHEMBL5399974,HLEVRSLETWDQBY-UHFFFAOYSA-N,False,False,0.644067824
P00918_CHEMBL5420429,RLTJTXDLOQHGDZ-UHFFFAOYSA-N,False,False,0.627118647
P00918_CHEMBL5414672,JOOBCMGRFVLNKS-UHFFFAOYSA-N,False,False,0.567164183
P00918_CHEMBL5413921,ILDXUIQIYSEQCT-UHFFFAOYSA-N,False,False,0.619718313
P00918_CHEMBL5423604,HCPNTNXPZHNLDK-UHFFFAOYSA-N,False,False,0.59375
P00918_CHEMBL5436862,GZHFJUUKPRLBLE-UHFFFAOYSA-N,False,False,0.606557369
P00918_CHEMBL5422102,FSVADAMYVYABPG-UHFFFAOYSA-N,False,False,0.555555582
P00918_CHEMBL5406077,VATWNGLKRPPFRJ-YDHLFZDLSA-N,False,False,0.629032254
P00918_CHEMBL5440906,HNXQPQLHQMZIIO-CYBMUJFWSA-N,False,False,0.671875
P00918_CHEMBL5440763,FNCNVIQPHOCAGW-GFCCVEGCSA-N,False,False,0.492063493
P00918_CHEMBL5436282,GOWQSNLJQVTEQN-CYBMUJFWSA-N,False,False,0.616666675
P00918_CHEMBL5411702,HNXQPQLHQMZIIO-ZDUSSCGKSA-N,False,False,0.671875
P00918_CHEMBL5414836,FNCNVIQPHOCAGW-LBPRGKRZSA-N,False,False,0.492063493
P00918_CHEMBL5418786,FTUXEEBDSSIQPA-UHFFFAOYSA-N,False,False,0.59375
P00918_CHEMBL5412077,QAYXVHFOFPNFQV-UHFFFAOYSA-N,False,False,0.581818163
P00918_CHEMBL5433578,MYQLYLVPBOSXDN-UHFFFAOYSA-N,False,False,0.537037015
P00918_CHEMBL5399204,YDUJMIZEUWJICH-CYBMUJFWSA-N,False,False,0.602941155
P00918_CHEMBL5433154,KCHMTPHYMJFNEW-GFCCVEGCSA-N,False,False,0.514705896
P00918_CHEMBL5409881,UCSMZVJPTHKUHN-CYBMUJFWSA-N,False,False,0.555555582
P00918_CHEMBL5403938,YDUJMIZEUWJICH-ZDUSSCGKSA-N,False,False,0.602941155
P00918_CHEMBL5421790,KCHMTPHYMJFNEW-LBPRGKRZSA-N,False,False,0.514705896
P00918_CHEMBL5433629,COOFUVUXKTVIPJ-UHFFFAOYSA-N,False,False,0.546875
P00918_CHEMBL5425764,XRDWYFNRQIGXJP-UHFFFAOYSA-N,False,False,0.507936537
P00918_CHEMBL5420500,NWNQVFPSDTXSJU-UHFFFAOYSA-N,False,False,0.483333319
P00918_CHEMBL5432812,PGROUBRFXAGLCW-ZKWXMUAHSA-N,False,False,0.607142866
P00918_CHEMBL5408885,ZRXNNNLXDZLQEL-AWQFTUOYSA-N,False,False,0.789473712
P00918_CHEMBL5403077,NHXJYIFPYTZJPY-AWQFTUOYSA-N,False,False,0.65625
P00918_CHEMBL5420858,ONFHWJUGRMUDHQ-ZVBGSRNCSA-N,False,False,0.590163946
P00918_CHEMBL5396677,QOFOEVNYGMELQV-AWQFTUOYSA-N,False,False,0.600000024
P00918_CHEMBL5413403,QGPDQLORMJTCKM-QGMBQPNBSA-N,False,False,0.615384638
P00918_CHEMBL5410282,IOUTWIGNKRIKAZ-URYVQPGZSA-N,False,False,0.436363637
P00918_CHEMBL5422467,LIYTWZDPIGJWAT-UHFFFAOYSA-N,False,False,0.627451003
P00918_CHEMBL5417595,NGCNTSFHNCDCDJ-FIXSFTCYSA-N,False,False,0.516666651
P00918_CHEMBL5402892,WHCLZRQHEBAUHJ-UHFFFAOYSA-N,False,False,0.688524604
P00918_CHEMBL5421078,PBFLVGJFFQOHPJ-UHFFFAOYSA-N,False,False,0.520833313
P00918_CHEMBL5435151,IDBAGAFMJQAVCF-UHFFFAOYSA-N,False,False,0.5
P00918_CHEMBL5404239,QIWCFKBYVRVGLH-UHFFFAOYSA-N,False,False,0.551724136
P00918_CHEMBL5440220,KNZBJGVIIFMHFD-UHFFFAOYSA-N,False,False,0.571428597
P00918_CHEMBL5400662,PVFIKRUIKGHNIS-UHFFFAOYSA-N,False,False,0.5
P00918_CHEMBL5436091,YCPYKMUPRIKDKJ-UHFFFAOYSA-N,False,False,0.53191489
P00918_CHEMBL5415766,STRKIRKKIBQSAK-UHFFFAOYSA-N,False,False,0.534883738
P00918_CHEMBL5431518,CKFBETOZPBRHSF-UHFFFAOYSA-N,False,False,0.545454562
P01116_CHEMBL5405893,SAUFKJJBNJIKOW-SOLCCORKSA-N,False,False,0.702970326
P01116_CHEMBL5430615,OJDWYPKOLOFTPL-OCDZNGHQSA-N,False,False,0.690721631
P01116_CHEMBL5436936,LRJRLUOCKAVWJI-UHFFFAOYSA-N,False,False,0.439999998
P01116_CHEMBL5394061,SKXOHVUNADFNTQ-BCQYBHJQSA-N,False,False,0.844444454
P01116_CHEMBL5431314,HEDXDZNEGFLTGB-ZUSPRXTGSA-N,False,False,0.581967235
P01116_CHEMBL5406019,ZHHVHDFEGIQVKY-RECBIUCMSA-N,False,False,0.551181078
P01116_CHEMBL5437416,RZOZEIDUUSFKOR-VKBFOAESSA-N,False,False,0.565573752
P01116_CHEMBL5397857,XKXGIHHWCKZAFV-GIHGVDTBSA-N,False,False,0.569105685
P01116_CHEMBL5408905,VALDJEIZODIXIN-UKTBRIRYSA-N,False,False,0.555555582
P01116_CHEMBL5401101,NSRJIMDOMOKFHN-SSMVQBILSA-N,False,False,0.5390625
P01116_CHEMBL5413564,MPXSFKCCIMWWEN-ZBHKZFFKSA-N,False,False,0.5390625
P01116_CHEMBL5415578,JFRSDCDIKVUABD-CWBWBYDPSA-N,False,False,0.383561641
P01116_CHEMBL5402298,DWOVMWOQVVQYFZ-WQRMAMLASA-N,False,False,0.347222209
P01116_CHEMBL5408294,YUKQGVQKORDZSS-QAWJSIRNSA-N,False,False,0.351724148
P01116_CHEMBL5434304,CALHVKBPWLNJNZ-UHFFFAOYSA-N,False,False,0.466666669
P01116_CHEMBL5396905,AVGUKEFMXYXUOW-CQSZACIVSA-N,False,False,0.516853929
P01116_CHEMBL5397270,NDUKOBGPGCCIKV-CYBMUJFWSA-N,False,False,0.482352942
P01116_CHEMBL5434387,JHVITNRCHBRJOY-MRXNPFEDSA-N,False,False,0.482352942
P01116_CHEMBL5436538,CUHVMVHSASDHBD-CYBMUJFWSA-N,False,False,0.524999976
P01116_CHEMBL5423732,QKCUIGJDSLTQLK-CYBMUJFWSA-N,False,False,0.584415555
P01116_CHEMBL5439404,NOXJKNNDEWDQLE-CYBMUJFWSA-N,False,False,0.545454562
P01116_CHEMBL5411433,FVCPXUBMSDAWDT-CQSZACIVSA-N,False,False,0.483146071
P01116_CHEMBL5440242,MSYRAHLXBROMQZ-QGZVFWFLSA-N,False,False,0.45161289
P01116_CHEMBL5411023,UAYRYRGHWFZWPR-UHFFFAOYSA-N,False,False,0.639534891
P01116_CHEMBL5434277,LHSQCHFVANQYDB-CQSZACIVSA-N,False,False,0.597402573
P01116_CHEMBL5430597,XEANRMLMUAZOBH-OCDZNGHQSA-N,False,False,0.690721631
P01116_CHEMBL5401145,BZADKKDCXUYQOG-OHAKLNMTSA-N,False,False,0.842696607
P01116_CHEMBL5420106,OUGFPZQJSLMKFZ-JEVGEUBLSA-N,False,False,0.471074373
P01116_CHEMBL5413109,GVXIMAJWDKDNES-YATRRXNKSA-N,False,False,0.458715588
P01116_CHEMBL5429450,PVQAIVIYDRSCSX-IMFHVMILSA-N,False,False,0.458015263
P01116_CHEMBL5413213,OCXBMXRMPYPZGF-AKQSQHNNSA-N,False,False,0.456
P01116_CHEMBL5407974,LTDBPMRYCDSAEE-IRXDYDNUSA-N,False,False,0.491379321
P01116_CHEMBL5423141,GPGWNKNMECSWAB-DBAFAGGRSA-N,False,False,0.467213124
P01116_CHEMBL5440407,FXFSQNIDPOBEQV-ZDOMSUIMSA-N,False,False,0.463414639
P01116_CHEMBL5432250,LZBVNUIARCGWOW-IJXZTRCJSA-N,False,False,0.471074373
P01116_CHEMBL5433325,TZPQQXGGXNHXDB-NVPCEHRXSA-N,False,False,0.456
P01116_CHEMBL5399365,BFKHLDOZIHVGDV-PMACEKPBSA-N,False,False,0.487179488
P01116_CHEMBL5434458,QSYQVCUNZKUAEY-QIFDKBNDSA-N,False,False,0.448818892
P01116_CHEMBL5407525,RIBGRLALALYSEN-SFTDATJTSA-N,False,False,0.474999994
P01116_CHEMBL5407640,CIPONRGWGVJDAV-AROUASHASA-N,False,False,0.456
P01116_CHEMBL5439684,JUWCFOBETJOFDM-AKQSQHNNSA-N,False,False,0.459677428
P01116_CHEMBL5403842,TZWAPOYOWJCIDV-IRXDYDNUSA-N,False,False,0.5
P01116_CHEMBL5421903,UPDVRCOZCMBMAW-FKBYEOEOSA-N,False,False,0.471544713
P01116_CHEMBL5400481,UCPJJHPULJACRN-RBIOYLKWSA-N,False,False,0.452380955
P01116_CHEMBL5400366,UPDVRCOZCMBMAW-FSSWDIPSSA-N,False,False,0.471544713
P01116_CHEMBL5403626,CCTWJWQCQSOANN-UFYCRDLUSA-N,False,False,0.467213124
P01116_CHEMBL5401087,ZJHGBSGWHKCLQL-HKBOAZHASA-N,False,False,0.456
P01116_CHEMBL5429318,ZBVLDYYQJIWNAX-PNYFIKQUSA-N,False,False,0.487179488
P01116_CHEMBL5438399,SMMVJSZGMHIJNA-FHWLQOOXSA-N,False,False,0.483050853
P01116_CHEMBL5405632,LHGQLRXLQMZVKX-WWDZGPRUSA-N,False,False,0.427272737
P01116_CHEMBL5426739,LYDXJKYVKDPEOE-XWRDYELXSA-N,False,False,0.659793794
P01116_CHEMBL5398980,KEFDTPFWGAEZMW-CYCBOSICSA-N,False,False,0.736263752
P03372_CHEMBL5408419,HFYDGYDTYLPINY-YGCRUXFTSA-N,False,False,0.894736826
P03372_CHEMBL5435203,OBMZVAVLUKMOBY-UHFFFAOYSA-N,False,False,0.627451003
P03372_CHEMBL5419649,OTWRRAJKUOTPCS-UHFFFAOYSA-N,False,False,0.657142878
P03372_CHEMBL5414572,OTOUBBXYRDHIPW-UHFFFAOYSA-N,False,False,0.638888896
P03372_CHEMBL5428681,AWHHRNMFBYJONG-UHFFFAOYSA-N,False,False,0.638888896
P03372_CHEMBL5406865,DGXXRQNAGODTPD-UHFFFAOYSA-N,False,False,0.793103456
P03372_CHEMBL5398866,NXOYATPUAWOAFT-UHFFFAOYSA-N,False,False,0.666666687
P03372_CHEMBL5432102,FVAOGIJQWXOYGN-UHFFFAOYSA-N,False,False,0.666666687
P03372_CHEMBL5432210,JJTMTASBCAONSQ-OTANJZTMSA-N,False,False,0.642857134
P03372_CHEMBL5409872,BZEOMXMBYXHDNR-XQHVLUPWSA-N,False,False,0.639344275
P03372_CHEMBL5425958,UCYFQJBSENISAF-RZLNUGDQSA-N,False,False,0.647540987
P03372_CHEMBL5430840,YBSKBHDPMFJCDX-ZEFGHKTASA-N,False,False,0.651785731
P03372_CHEMBL5402062,UCYFQJBSENISAF-CVWNIFJYSA-N,False,False,0.647540987
P03372_CHEMBL5422265,ARMVDWHAUCFJAK-UHFFFAOYSA-N,False,False,0.602150559
P03372_CHEMBL5418457,QNZJRQWJRZTZQR-IVSMGQGBSA-N,False,False,0.651785731
P03372_CHEMBL5438497,FDCPZXUMDSFQEH-ZCJNRZIHSA-N,False,False,0.647540987
P03372_CHEMBL5394554,YNXRMRGVLDUYIQ-JMKICBMSSA-N,False,False,0.651785731
P03372_CHEMBL5421913,QTPQOIHVKILQDG-HJKIFDGESA-N,False,False,0.651785731
P03372_CHEMBL5397899,HDSSZDBWFRXBFB-MEEXYRAHSA-N,False,False,0.651785731
P03372_CHEMBL5436713,GMHMRPMPVHMELZ-UHFFFAOYSA-N,False,False,0.671641767
P03372_CHEMBL5435743,PJBKMCXFNHIRNX-UHFFFAOYSA-N,False,False,0.652173936
P03372_CHEMBL5423781,RVQVGZNOVRVKAT-UHFFFAOYSA-N,False,False,0.652173936
P03372_CHEMBL5394879,SVMFGZMHFCJDPQ-UHFFFAOYSA-N,False,False,0.681818187
P03372_CHEMBL5423408,IKEBYIPCJXMDRR-UHFFFAOYSA-N,False,False,0.681818187
P03372_CHEMBL5403080,RKNFSUBBTUQGQK-UHFFFAOYSA-N,False,False,0.619718313
P03372_CHEMBL5407335,JOLHYJNVXPPAKN-UHFFFAOYSA-N,False,False,0.581081092
P03372_CHEMBL5414659,XOGZVAARDUEXLB-UHFFFAOYSA-N,False,False,0.573333323
P03372_CHEMBL5424929,UFAAMRVCDKNNPU-UHFFFAOYSA-N,False,False,0.605633795
P03372_CHEMBL5426251,JXCUFSUBAFSBJL-UHFFFAOYSA-N,False,False,0.600000024
P03372_CHEMBL5423258,JCZHWVONQTUZII-UHFFFAOYSA-N,False,False,0.581081092
P03372_CHEMBL5414261,IRONDAGYHCRTTF-UHFFFAOYSA-N,False,False,0.818181813
P03372_CHEMBL5433532,NWJIIYMBFWROHY-UHFFFAOYSA-N,False,False,0.782608688
P03372_CHEMBL5398724,BIOMLVRHYLMAGL-UHFFFAOYSA-N,False,False,0.782608688
P03372_CHEMBL5396802,SCNJQFZSGJGVDA-UHFFFAOYSA-N,False,True,1.0
P03372_CHEMBL5409541,NSCYBCMYNNIXSU-CJKKCUOASA-N,False,False,0.603448272
P03372_CHEMBL5417949,WAQRRCILZPBZTQ-UUFPENSBSA-N,False,False,0.592000008
P03372_CHEMBL5404699,XZCFYJNDRKRMLX-UHFFFAOYSA-N,False,False,0.781818211
P03372_CHEMBL5420394,LEMFQVFNSOYRPF-UHFFFAOYSA-N,False,False,0.741379321
P03372_CHEMBL5427513,SXEQYCSDUJXUEG-UHFFFAOYSA-N,False,False,0.741379321
P03372_CHEMBL5403840,LPMDANWILQUQHS-PIIWDFAUSA-N,False,False,0.737500012
P03372_CHEMBL5406802,CAPOPIKHLWHYAM-NFQMXDRXSA-N,False,False,0.574712634
P03372_CHEMBL5424786,JFQOQCQVFRGWOZ-QLPUUCHCSA-N,False,False,0.634146333
P03372_CHEMBL5417452,LDDOCRZJEVSRPZ-UHFFFAOYSA-N,False,False,0.655172408
P03372_CHEMBL5426947,WFZZNCLVAMEKNX-UHFFFAOYSA-N,False,False,0.655172408
P03372_CHEMBL5398397,SASWGXHJGJADLI-OTANJZTMSA-N,False,False,0.620689631
P03372_CHEMBL5413289,BVQHGFDIIGLBQA-XQHVLUPWSA-N,False,False,0.611570239
P03372_CHEMBL5404403,BVQHGFDIIGLBQA-XTORLZRJSA-N,False,False,0.611570239
P03372_CHEMBL5409715,SEUNEUMTLBOSLL-UHFFFAOYSA-N,False,False,0.627118647
P03372_CHEMBL5430117,LVKBHMSSDATROY-UHFFFAOYSA-N,False,False,0.538461566
P03372_CHEMBL5394007,FPZBBIRHMHUYGI-UHFFFAOYSA-N,False,False,0.786885262
P03372_CHEMBL5399056,OVFAYPQPBOCQDK-UHFFFAOYSA-N,False,False,0.678571403
P03372_CHEMBL5400203,OVBAMWXAMZFSNR-UHFFFAOYSA-N,False,False,0.676470578
P03372_CHEMBL5437007,NNCZLSLIWRYYFM-UHFFFAOYSA-N,False,False,0.745098054
P03372_CHEMBL5425664,KAZIHHFXJZSVSJ-UHFFFAOYSA-N,False,False,0.679487169
P03372_CHEMBL5436409,VMIIEGLGCRYZHZ-UHFFFAOYSA-N,False,False,0.822580636
P03372_CHEMBL5429522,SHARBMRRUALJFH-UHFFFAOYSA-N,False,False,0.606741548
P03372_CHEMBL5394016,HAXFFMMXBIRMBT-UHFFFAOYSA-N,False,False,0.595505595
P03372_CHEMBL5395953,UGAJWEGKVCVUFT-UHFFFAOYSA-N,False,False,0.590909064
P03372_CHEMBL5431822,MLCBVJUZZGUWKC-UHFFFAOYSA-N,False,False,0.560000002
P03372_CHEMBL5427627,DKCDPLKMFCFXEV-UHFFFAOYSA-N,False,False,0.560000002
P03372_CHEMBL5428797,SLCMEAUDHOQYJJ-UHFFFAOYSA-N,False,False,0.550000012
P03372_CHEMBL5413340,DOJLZJNBIBKTCE-UHFFFAOYSA-N,False,False,0.761904776
P03372_CHEMBL5404063,KVXXNOUZPPJCEE-UHFFFAOYSA-N,False,False,0.761904776
P03372_CHEMBL5394546,HPSZQTYGEXTGDY-UHFFFAOYSA-N,False,False,0.716981113
P03372_CHEMBL5412790,JRCXSHGXMOMICT-UHFFFAOYSA-N,False,False,0.655172408
P03372_CHEMBL5421409,PKIIMWVWMVSBBB-UHFFFAOYSA-N,False,False,0.655172408
P03372_CHEMBL5433442,RCIWVNAEWXEBBT-UHFFFAOYSA-N,False,False,0.657142878
P03372_CHEMBL5405944,BAFLJQNFEGUISN-UHFFFAOYSA-N,False,False,0.657142878
P03372_CHEMBL5408038,IWNHGVGCQLJRMG-UHFFFAOYSA-N,False,False,0.655172408
P03372_CHEMBL5422315,JBUXPNZZMCNQTC-UHFFFAOYSA-N,False,False,0.655172408
P03372_CHEMBL5401146,ZVCSSZUDNSXXPP-UHFFFAOYSA-N,False,False,0.655172408
P03372_CHEMBL5400803,NBWIFTBHIQEBHV-UHFFFAOYSA-N,False,False,0.75
P03372_CHEMBL5403786,LRSDMBBJSMFOLC-UHFFFAOYSA-N,False,False,0.666666687
P03372_CHEMBL5410004,CNOJWBLQWGAJGX-UHFFFAOYSA-N,False,False,0.666666687
P03372_CHEMBL5426175,YBOGYVLQPXXUHI-UHFFFAOYSA-N,False,False,0.680555582
P03372_CHEMBL5411799,OKDPQSIONYDPGB-UHFFFAOYSA-N,False,False,0.754098356
P03372_CHEMBL5418690,YXSOOYRHKJJEFB-UHFFFAOYSA-N,False,False,0.727272749
P03372_CHEMBL5436925,TVVULURNZJENJS-UHFFFAOYSA-N,False,False,0.621212125
P03372_CHEMBL5402392,RTVHWDDSELODJC-UHFFFAOYSA-N,False,False,0.661971807
P03951_CHEMBL5399926,PKASBNFVFWUNOA-RPBOFIJWSA-N,False,True,1.0
P03951_CHEMBL5400859,WHYFMXQURGPWLW-UHFFFAOYSA-N,False,False,0.579545438
P03951_CHEMBL5422323,AFCIYWYPGKSHFD-UHFFFAOYSA-N,False,False,0.516853929
P03951_CHEMBL5428779,HUXWVMXMMHUYLB-FQEVSTJZSA-N,False,True,1.0
P03951_CHEMBL5438074,ZEPFLPHGYMIKEE-IBGZPJMESA-N,False,False,0.446808517
P03951_CHEMBL5422380,MXAVBYFHPDERQA-IBGZPJMESA-N,False,False,0.466666669
P03951_CHEMBL5395642,HXCYSCKCGWJAGU-IBGZPJMESA-N,False,False,0.602564096
P03951_CHEMBL5416393,QFDLZRZHPVGTMG-VGTADKHUSA-N,False,False,0.477876097
P03951_CHEMBL5413065,NZDKUHZJPGPZIX-HSZRJFAPSA-N,False,True,1.0
P03951_CHEMBL5426898,KYKYYIZLPRIANX-IQGLISFBSA-N,False,False,0.672727287
P03951_CHEMBL5419603,RFRFJWHUBCQQIT-UHFFFAOYSA-N,False,False,0.670886099
P03951_CHEMBL5439061,YBNIAIBPFJRPRP-UHFFFAOYSA-N,False,False,0.651685417
P03951_CHEMBL5406534,OQSSEPMBNYZTBO-UHFFFAOYSA-N,False,False,0.740740716
P03951_CHEMBL5427891,XAYFQGTYMRMPAS-NRFANRHFSA-N,False,True,1.0
P03951_CHEMBL5412953,UTEVYCWILQXNGG-NRFANRHFSA-N,False,False,0.740259767
P03951_CHEMBL5420409,GPSBYNMHTRVBKZ-FQEVSTJZSA-N,False,False,0.736842096
P03951_CHEMBL5439131,OHWXQCZWRQKQLA-QHCPKHFHSA-N,False,False,0.767123282
P03951_CHEMBL5420055,OQSSEPMBNYZTBO-QHCPKHFHSA-N,False,False,0.740740716
P03951_CHEMBL5431336,BINAGLHHRFBQCD-KUKKDBARSA-N,False,False,0.738095224
P03951_CHEMBL5398062,MPSQYCLTAAEIDL-ZDUSSCGKSA-N,False,True,1.0
P03951_CHEMBL5416199,PDLAMRDOLIUATC-QFIPXVFZSA-N,False,True,1.0
P03951_CHEMBL5434010,YEOQEAASRZWJNV-QFIPXVFZSA-N,False,True,1.0
P03951_CHEMBL5432831,CJNBXUGWBBVSDD-AXCVFNIJSA-N,False,True,1.0
P03951_CHEMBL5404596,BXIDJSNINHKLLQ-QHCPKHFHSA-N,False,True,1.0
P03951_CHEMBL5437779,YNXCWDXRPDZZLO-FQEVSTJZSA-N,False,True,1.0
P03951_CHEMBL5419156,AETBCOOBUYAHJM-REWPJTCUSA-N,False,True,1.0
P03951_CHEMBL5400795,DYNSAJCVHKUDFF-NYHFZMIOSA-N,False,True,1.0
P03951_CHEMBL5400667,WVQIDDPAQZTNTF-QPPBQGQZSA-N,False,True,1.0
P03951_CHEMBL5395901,XSQAIMYMMFHVBE-JMBMXREFSA-N,False,False,0.50999999
P03951_CHEMBL5435153,HSCGKRLZQRDOQU-UHFFFAOYSA-N,False,False,0.808219194
P03951_CHEMBL5436073,LFDAJCUZTGFKSW-UHFFFAOYSA-N,False,False,0.690140843
P03951_CHEMBL5426362,CAXAYLGJRIWTSN-UHFFFAOYSA-N,False,False,0.348314613
P03951_CHEMBL5426903,CBVBVJNOFZRDMX-UHFFFAOYSA-N,False,False,0.318181813
P03951_CHEMBL5397593,JLRBAVZPDZQFGE-LJQANCHMSA-N,False,False,0.696629226
P03951_CHEMBL5403102,FAHDOERJJYRORV-WIEQDCTASA-N,False,False,0.321428567
P03951_CHEMBL5425168,WALBQRAIWKKGSP-UHFFFAOYSA-N,False,False,0.638888896
P03951_CHEMBL5423135,MRWHQDXJIIPJHL-UHFFFAOYSA-N,False,False,0.619718313
P03951_CHEMBL5410680,KFQVJOVPPFUGMT-VWLOTQADSA-N,False,False,0.529411793
P03951_CHEMBL5403224,JYAYTTBATXVKFQ-FQEVSTJZSA-N,False,False,0.390909106
P04629_CHEMBL5428085,IYHJCLOZCBCODN-UHFFFAOYSA-N,False,False,0.581395328
P04629_CHEMBL5424164,WOXZGVPKIRNQQA-UHFFFAOYSA-N,False,False,0.802816927
P04629_CHEMBL5427137,DUBHPLWTLUVGNU-UHFFFAOYSA-N,False,False,0.578125
P04629_CHEMBL5407680,TUBXJQSNTKADJB-UHFFFAOYSA-N,False,False,0.50666666
P04629_CHEMBL5418921,AOJFOPIRIZECFX-UHFFFAOYSA-N,False,False,0.529411793
P04629_CHEMBL5424443,SQGLEZDWHPDRDX-OFNKIYASSA-N,False,True,1.0
P04629_CHEMBL5396900,KJLHICWSHQCTOG-UHFFFAOYSA-N,False,False,0.567901254
P04629_CHEMBL5399402,IXAOAKWGJQGTSH-UHFFFAOYSA-N,False,False,0.5
P04629_CHEMBL5406952,WABINVADIAZJHY-JOCHJYFZSA-N,False,False,0.53125
P04629_CHEMBL5414386,HEHIDXMRYPIDIV-HSZRJFAPSA-N,False,False,0.444444448
P04629_CHEMBL5422637,FULRLUZBOZERKQ-OAQYLSRUSA-N,False,False,0.465346545
P04629_CHEMBL5439768,RQUDPSQQOFAWOC-GOSISDBHSA-N,False,False,0.558139563
P04629_CHEMBL5406821,PHTHFFYNGWRXFG-UHFFFAOYSA-N,False,False,0.787500024
P04629_CHEMBL5401624,VYVQQIIOKNXZRD-UHFFFAOYSA-N,False,False,0.705128193
P04629_CHEMBL5430182,GIBZVZNQAZPXFB-ODLFYWEKSA-N,False,False,0.61016947
P04629_CHEMBL5403006,LTWAXJLWLJHTPV-WQRHYEAKSA-N,False,False,0.566666663
P04629_CHEMBL5434198,JOMFYSPLZCVKDH-UHFFFAOYSA-N,False,False,0.647058845
P04629_CHEMBL5401850,HHAXABKPEDBGQP-UHFFFAOYSA-N,False,False,0.639534891
P04629_CHEMBL5394214,AXFFZRCCJSTDOP-UHFFFAOYSA-N,False,False,0.512499988
P04629_CHEMBL5431124,GIWIOFZXFSKQTE-UHFFFAOYSA-N,False,False,0.488095224
P04629_CHEMBL5421662,OEHGEOWDIWFUCT-UHFFFAOYSA-N,False,False,0.481927723
P04629_CHEMBL5400169,ZPDUZRKQTNYYQZ-WDEREUQCSA-N,False,False,0.681818187
P04629_CHEMBL5410147,VYCGSIVULARDLE-UHFFFAOYSA-N,False,False,0.513761461
P04629_CHEMBL5416521,NGFHESZMOOWBCG-UHFFFAOYSA-N,False,False,0.75
P04629_CHEMBL5432219,LOJQAAWJKRUOCL-UHFFFAOYSA-N,False,False,0.695238113
P04629_CHEMBL5410884,AGTCXVHPFWVGDM-UHFFFAOYSA-N,False,False,0.638888896
P04629_CHEMBL5421829,ORGAJFAIHVVNPY-UHFFFAOYSA-N,False,False,0.772277236
P04629_CHEMBL5405759,AMUDMWQYJMAZGP-UHFFFAOYSA-N,False,False,0.695238113
P04629_CHEMBL5396972,LYXIOTQYDYQDCB-UHFFFAOYSA-N,False,False,0.734042525
P04629_CHEMBL5415833,BXKMPBRSKYRFNY-UHFFFAOYSA-N,False,False,0.587719321
P04629_CHEMBL5420615,BFTXUHWRGHJJHM-UHFFFAOYSA-N,False,False,0.612612605
P04629_CHEMBL5404881,PWRMINAVABZMME-UHFFFAOYSA-N,False,False,0.481818169
P04629_CHEMBL5393854,OUXMTGLPFIGPCK-GRSHGNNSSA-N,False,False,0.600000024
P04629_CHEMBL5406744,OWMJGMLLCZWCLH-ODLFYWEKSA-N,False,False,0.589285731
P04629_CHEMBL5397303,NSWHOKQEFLTDFA-UHFFFAOYSA-N,False,False,0.554216862
P04629_CHEMBL5432162,JEWLTBAFKJFWSC-UHFFFAOYSA-N,False,False,0.625
P04629_CHEMBL5400736,PXSLUZICFBACPN-UHFFFAOYSA-N,False,False,0.670731723
P04629_CHEMBL5426828,FUWXNWLFYOEPCL-UHFFFAOYSA-N,False,False,0.6875
P04629_CHEMBL5404983,XRPNCCIJNVBSFF-UHFFFAOYSA-N,False,False,0.661764681
P04629_CHEMBL5432542,NHXVTGGWJAZMKU-UHFFFAOYSA-N,False,False,0.652777791
P04629_CHEMBL5399648,UKSUTRFTRYQMRC-UHFFFAOYSA-N,False,False,0.544444442
P04629_CHEMBL5420150,PJIONPDTUIXVCT-UHFFFAOYSA-N,False,False,0.593023241
P04629_CHEMBL5402864,HZDOHYKYGNRPGO-UHFFFAOYSA-N,False,False,0.69135803
P04629_CHEMBL5439790,CNDHNCBFTRUZMZ-UHFFFAOYSA-N,False,False,0.600000024
P04629_CHEMBL5423111,OYUFHCIUBHSKQX-UHFFFAOYSA-N,False,False,0.679012358
P04629_CHEMBL5408496,DEUPFSFFZLCQPF-UHFFFAOYSA-N,False,False,0.763157904
P04629_CHEMBL5425999,NAVCZBYGYNEESQ-UHFFFAOYSA-N,False,False,0.682926834
P04629_CHEMBL5424704,JWODVWOSUKHGSK-UHFFFAOYSA-N,False,False,0.6875
P04629_CHEMBL5439446,KWBSRHXEGQKPAM-UHFFFAOYSA-N,False,False,0.65476191
P04629_CHEMBL5420852,OJXGITRTPGKVKO-UHFFFAOYSA-N,False,False,0.632183909
P04629_CHEMBL5435158,QEXGPFQIQHBALP-UHFFFAOYSA-N,False,False,0.69135803
P04629_CHEMBL5424463,MEOINRRPIPRMSC-UHFFFAOYSA-N,False,False,0.662650585
P04629_CHEMBL5429187,CAAREILLXDAFRZ-UHFFFAOYSA-N,False,False,0.65476191
P04629_CHEMBL5429940,NWXOIAZXKCQIPP-UHFFFAOYSA-N,False,False,0.611111104
P04629_CHEMBL5397250,PJHNQVWNIKALTO-UHFFFAOYSA-N,False,False,0.696202517
P04629_CHEMBL5435416,DRQJKDHDNUZITN-UHFFFAOYSA-N,False,False,0.670731723
P04629_CHEMBL5409434,CHSGWBRSHHLTRA-UHFFFAOYSA-N,False,False,0.696202517
P04629_CHEMBL5438019,GCQDFIHRSLQAHL-UHFFFAOYSA-N,False,False,0.670731723
P04629_CHEMBL5430106,CHFWYNNEXACTNW-UHFFFAOYSA-N,False,False,0.723684192
P04629_CHEMBL5418250,ODVQNAZETSWKTM-UHFFFAOYSA-N,False,False,0.743243217
P04629_CHEMBL5429009,CPPKXSQKLCJLNX-UHFFFAOYSA-N,False,False,0.75
P04629_CHEMBL5396416,ANCOGLNFWMGEPC-UHFFFAOYSA-N,False,False,0.710526288
P04629_CHEMBL5425790,AVDISIKMHVXATN-UHFFFAOYSA-N,False,False,0.701298714
P04629_CHEMBL5405656,WAVGXEMZTAFUCY-UHFFFAOYSA-N,False,False,0.729729712
P04629_CHEMBL5430972,ZXCYXMDSRPHJRK-UHFFFAOYSA-N,False,False,0.706666648
P04629_CHEMBL5412525,IWJWNLDUWMMKBY-UHFFFAOYSA-N,False,False,0.636363626
P04629_CHEMBL5416004,CYEFIXIKLVTECL-ODLFYWEKSA-N,False,False,0.580645144
P04629_CHEMBL5420791,ULTZAKUJXNGGGZ-UHFFFAOYSA-N,False,False,0.670731723
P04629_CHEMBL5394049,XVXTUHJPGWZCKO-UHFFFAOYSA-N,False,False,0.747572839
P04629_CHEMBL5438621,ZWYZLHQIBDNFFL-UHFFFAOYSA-N,False,False,0.75
P04629_CHEMBL5408929,LNSSOTMJRRLINS-UHFFFAOYSA-N,False,False,0.75
P04629_CHEMBL5433110,USXCTFPNDXZZAX-UHFFFAOYSA-N,False,False,0.75
P04629_CHEMBL5422195,KIEKEVDZKHCHOX-UHFFFAOYSA-N,False,False,0.774509788
P04629_CHEMBL5394378,PJDOSMIVVUPROI-UHFFFAOYSA-N,False,False,0.828282833
P04629_CHEMBL5429379,SAAVSPULBSDEOY-UHFFFAOYSA-N,False,False,0.84375
P04629_CHEMBL5422461,UOWCNQWYMMKNHJ-CQSZACIVSA-N,False,False,0.447368413
P04629_CHEMBL5411653,CQUKHMMQCXGMHL-IUXPMGMMSA-N,False,False,0.59375
P04629_CHEMBL5431604,ZXJYQUGFAQNBBJ-UHFFFAOYSA-N,False,False,0.699999988
P04629_CHEMBL5404930,FXQFFRSRLFSSMP-UHFFFAOYSA-N,False,False,0.666666687
P04629_CHEMBL5429933,LBBDQHIVMQMVCQ-UHFFFAOYSA-N,False,False,0.615384638
P04629_CHEMBL5394749,IHNLQGSBVSZMGR-FQEVSTJZSA-N,False,False,0.630769253
P04629_CHEMBL5436505,HVJJVFGMNLSTHA-UHFFFAOYSA-N,False,False,0.672131121
P04629_CHEMBL5401007,CIBNJPAPNFXEMP-UHFFFAOYSA-N,False,False,0.45161289
P04629_CHEMBL5421856,PJQRKACJGKAGLP-YVLHZVERSA-N,False,False,0.714285731
P04629_CHEMBL5401510,CIRODFQWDXPSFR-WQRHYEAKSA-N,False,False,0.693877578
P04629_CHEMBL5404415,YVCQXEJBJJGAJK-MFOYZWKCSA-N,False,False,0.807692289
P04629_CHEMBL5409228,QPWIHEYFKTWAIQ-QPEQYQDCSA-N,False,False,0.61016947
P04629_CHEMBL5422996,SYURNQNXGMEZCR-GDNBJRDFSA-N,False,False,0.620689631
P04629_CHEMBL5393979,HYFUGSZPSPPAPH-ZDLGFXPLSA-N,False,False,0.571428597
P04629_CHEMBL5434909,BVYNZJLNIMAHMM-ZDLGFXPLSA-N,False,False,0.55384618
P04629_CHEMBL5418831,AQDPLUNNEVGKGA-ZDLGFXPLSA-N,False,False,0.618181825
P04629_CHEMBL5412950,XQCIPGHVPFHVFM-ZDLGFXPLSA-N,False,False,0.620689631
P04629_CHEMBL5406403,RIEWUDZQVUOUQE-ZDLGFXPLSA-N,False,False,0.603448272
P04629_CHEMBL5402630,BVJVUANMJAFTAZ-MFOYZWKCSA-N,False,False,0.45714286
P04629_CHEMBL5412694,GJKJRHCPSRGVLC-IDUWFGFVSA-N,False,False,0.61016947
P04629_CHEMBL5435508,UJGGDVHNEWJRNL-IDUWFGFVSA-N,False,False,0.433333337
P04629_CHEMBL5429071,JRHXSWJINOISDM-SXGWCWSVSA-N,False,False,0.514285743
P04629_CHEMBL5421895,MPLDUXKHRPCKJV-SXGWCWSVSA-N,False,False,0.580645144
P04629_CHEMBL5426432,MJQJMMPHLGWUTJ-YVLHZVERSA-N,False,False,0.589285731
P04629_CHEMBL5424554,WBCCKYIGQSSQKP-YVLHZVERSA-N,False,False,0.555555582
P04629_CHEMBL5412491,WGNOBABJFGDWGX-YVLHZVERSA-N,False,False,0.589285731
P04629_CHEMBL5405520,YZULEPZKILGFNE-YVLHZVERSA-N,False,False,0.590163946
P04629_CHEMBL5431992,IAJVWMAWMQNCEM-APSNUPSMSA-N,False,False,0.580645144
P04629_CHEMBL5426605,DEPIQNBQIFJTMO-YBEGLDIGSA-N,False,False,0.600000024
P04629_CHEMBL5432702,MKZYONWSQJFPIG-WQRHYEAKSA-N,False,False,0.620689631
P04629_CHEMBL5399429,DUBCUTASNVXHGL-YVLHZVERSA-N,False,False,0.600000024
P04629_CHEMBL5423414,ABALHWIFMABNIM-WQRHYEAKSA-N,False,False,0.600000024
P04629_CHEMBL5406562,OZROIPGWBBWVNK-WQRHYEAKSA-N,False,False,0.686274529
P04629_CHEMBL5429205,AJTUPQWXVRWNRO-WQRHYEAKSA-N,False,False,0.600000024
P04629_CHEMBL5439400,LDZBOGVYEIYZFK-YBEGLDIGSA-N,False,False,0.590163946
P04629_CHEMBL5412443,DYCCSMYQSPZHCH-PDGQHHTCSA-N,False,False,0.666666687
P04629_CHEMBL5415584,SUJIXSVULZFYHQ-BOPFTXTBSA-N,False,False,0.620689631
P04629_CHEMBL5436311,ZDMGHXFENBXZKE-NVMNQCDNSA-N,False,False,0.653846145
P06276_CHEMBL5394478,XVBCFWNSQCHPTI-UHFFFAOYSA-N,False,False,0.493827164
P06276_CHEMBL5400593,DRGVFCJQZHOVEJ-UHFFFAOYSA-N,False,False,0.506329119
P06276_CHEMBL5428978,GAIKGEKRGGHCMZ-UHFFFAOYSA-N,False,False,0.518987358
P06276_CHEMBL5410208,VIMYNAVDKFZSJY-UHFFFAOYSA-N,False,False,0.567567587
P06276_CHEMBL5431791,BTEJXTBVWONFFU-UHFFFAOYSA-N,False,False,0.515625
P06276_CHEMBL5399188,YMGWTTBRRFFMLN-UHFFFAOYSA-N,False,False,0.515625
P06276_CHEMBL5421921,RYFYERZCXQBRAD-UHFFFAOYSA-N,False,False,0.506329119
P06276_CHEMBL5417071,NEGWCBWZQDATKS-UHFFFAOYSA-N,False,False,0.603773594
P06276_CHEMBL5398025,DQMQJANJRSIXHP-UHFFFAOYSA-N,False,False,0.589285731
P06276_CHEMBL5422164,XCTKZCLZAQHMIR-UHFFFAOYSA-N,False,False,0.600000024
P06276_CHEMBL5403494,PDHFTLXREXGLIL-UHFFFAOYSA-N,False,False,0.559322059
P06276_CHEMBL5397813,DAFYSNZQSCAABE-UHFFFAOYSA-N,False,False,0.532258093
P06276_CHEMBL5420941,YVPURIRKCPFONU-UHFFFAOYSA-N,False,False,0.57407409
P06276_CHEMBL5399726,SVXMEHXVFJELMR-UHFFFAOYSA-N,False,False,0.584905684
P06276_CHEMBL5431372,JQGACRKFGZFEGI-UHFFFAOYSA-N,False,False,0.571428597
P06276_CHEMBL5422439,BOVLEMBWXGRFGR-UHFFFAOYSA-N,False,False,0.571428597
P06276_CHEMBL5414976,RADONLMVQJZDML-UHFFFAOYSA-N,False,False,0.561403513
P06276_CHEMBL5420342,LBTIRZXPHGFAHL-UHFFFAOYSA-N,False,False,0.627451003
P06276_CHEMBL5400996,YYVCGNUNGSYWQD-UHFFFAOYSA-N,False,False,0.647058845
P06276_CHEMBL5418052,SQZPZTDAWBWATG-UHFFFAOYSA-N,False,False,0.542372882
P06276_CHEMBL5411459,SDKMJQOXCCAZPB-UHFFFAOYSA-N,False,False,0.592105269
P06276_CHEMBL5411568,GNMVSYOKROHOMO-UHFFFAOYSA-N,False,False,0.648148119
P06276_CHEMBL5431415,SIQBNBDAWQXJFN-UHFFFAOYSA-N,False,False,0.654545426
P06276_CHEMBL5425456,TYSLCNCHLZPVES-UHFFFAOYSA-N,False,False,0.686274529
P06276_CHEMBL5435772,FHYXNOQJXBMOOA-UHFFFAOYSA-N,False,False,0.70588237
P06276_CHEMBL5394683,LAMQUJNDYPKKMT-UHFFFAOYSA-N,False,False,0.600000024
P06276_CHEMBL5407856,OKXFQHMUKASRBY-UHFFFAOYSA-N,False,False,0.577464759
P06276_CHEMBL5429001,YOTSZLZGQDWWHJ-UHFFFAOYSA-N,False,False,0.512820542
P06276_CHEMBL5440735,GTXNGJDFXPHWOA-UHFFFAOYSA-N,False,False,0.569444418
P06276_CHEMBL5413749,LHYAJFLALQIPKQ-UHFFFAOYSA-N,False,False,0.666666687
P06276_CHEMBL5408610,XEUKRSOBAQBIJF-UHFFFAOYSA-N,False,False,0.647058845
P06276_CHEMBL5404420,KYZRZGDNPYMLJD-UHFFFAOYSA-N,False,False,0.647058845
P06276_CHEMBL5421463,CMTWRVDDBPJIFL-UHFFFAOYSA-N,False,False,0.75757575
P06276_CHEMBL5406889,XERPAGDNNWMAJR-LFIBNONCSA-N,False,False,0.653846145
P06276_CHEMBL5420247,LAGPSDXQNKBDNJ-UHFFFAOYSA-N,False,False,0.673076928
P06276_CHEMBL5409611,GGYFCNQBDMCUCG-UHFFFAOYSA-N,False,False,0.673076928
P06276_CHEMBL5412993,PVWOHBJJSZMHOP-UHFFFAOYSA-N,False,False,0.648148119
P06276_CHEMBL5398273,FVZNCFBRSAZAHZ-UHFFFAOYSA-N,False,False,0.660377383
P06276_CHEMBL5396049,JDJMOTDYLQBOAX-UHFFFAOYSA-N,False,False,0.744680822
P06276_CHEMBL5424979,DUOPRJWZFHQVKM-UHFFFAOYSA-N,False,False,0.660377383
P06276_CHEMBL5413699,BQSASZSZALQMLC-UHFFFAOYSA-N,False,False,0.660377383
P06276_CHEMBL5420880,YPBKAYPMWDVXPV-UHFFFAOYSA-N,False,False,0.720000029
P06276_CHEMBL5437254,LSGFJABOBVDNRK-UHFFFAOYSA-N,False,False,0.720000029
P06276_CHEMBL5434796,XRZLMLZWCBJKMY-UHFFFAOYSA-N,False,False,0.70588237
P06276_CHEMBL5441139,HENPCYMBYQIFRE-UHFFFAOYSA-N,False,False,0.800000012
P06276_CHEMBL5429766,VAHIKDUDURLDAG-UHFFFAOYSA-N,False,False,0.822222233
P06276_CHEMBL5409303,LVCCZHVUVJNRLU-UHFFFAOYSA-N,False,False,0.793650806
P06276_CHEMBL5395691,ONFFSANHYPZSAW-UHFFFAOYSA-N,False,False,0.555555582
P06276_CHEMBL5414324,QHTBSUOSZFYNDH-UHFFFAOYSA-N,False,False,0.510204077
P06276_CHEMBL5395228,ZUWNQIXZIXVZHN-UHFFFAOYSA-N,False,False,0.864406765
P06276_CHEMBL5405929,DSKDAAYTNXQGJV-UHFFFAOYSA-N,False,False,0.555555582
P06276_CHEMBL5424787,SKPVSXMCZMZIKN-UHFFFAOYSA-N,False,False,0.806451619
P06276_CHEMBL5395270,HQVRKEQGOOXDCP-UHFFFAOYSA-N,False,False,0.768115938
P06276_CHEMBL5416421,JIVUGVGICZGKIU-UHFFFAOYSA-N,False,False,0.779411793
P06276_CHEMBL5421196,LDECOMYHPDABAC-UHFFFAOYSA-N,False,False,0.806451619
P06276_CHEMBL5404463,WQLNYWUJHDKKSW-UHFFFAOYSA-N,False,False,0.746478856
P06276_CHEMBL5425753,YEDMNOZIAFUYSZ-UHFFFAOYSA-N,False,False,0.770270288
P06276_CHEMBL5411758,LZKBTCQYBSXKFD-UHFFFAOYSA-N,False,False,0.844827592
P06276_CHEMBL5429690,ZRUHOKMTPNASJY-UHFFFAOYSA-N,False,False,0.653061211
P06276_CHEMBL5401121,GSJTXWCZUKQGBY-UHFFFAOYSA-N,False,False,0.634615362
P06276_CHEMBL5440083,PHRGBSWSWQOVKU-UHFFFAOYSA-N,False,False,0.634615362
P06276_CHEMBL5425341,UCGAXVQAIHBBQR-UHFFFAOYSA-N,False,False,0.666666687
P06276_CHEMBL5436185,UQBTVCUCOTWWFK-UHFFFAOYSA-N,False,False,0.702127635
P06276_CHEMBL5434452,FJVAKATVCRTSIH-UHFFFAOYSA-N,False,False,0.723404229
P06276_CHEMBL5403457,TXXAHZQJZKGCET-UHFFFAOYSA-N,False,False,0.826086938
P06276_CHEMBL5406359,YCVKLCITAUMFGJ-UHFFFAOYSA-N,False,False,0.49333334
P06276_CHEMBL5430829,LHOSCMZVIITQBD-UHFFFAOYSA-N,False,False,0.611111104
P06276_CHEMBL5411397,DSUFSIAYUSFOGS-UHFFFAOYSA-N,False,False,0.777777791
P06276_CHEMBL5422050,ZJWOQJYRYQBQGK-UHFFFAOYSA-N,False,False,0.74242425
P06276_CHEMBL5412500,QYXWJSDYNHWKGY-UHFFFAOYSA-N,False,False,0.769230783
P06276_CHEMBL5414873,UXONRLFDMNUIOL-UHFFFAOYSA-N,False,False,0.671641767
P06276_CHEMBL5419243,RDSIJVSRSNHGQF-UHFFFAOYSA-N,False,False,0.639344275
P06276_CHEMBL5417346,KNRMIKZZOJGSJX-UHFFFAOYSA-N,False,False,0.924528301
P06276_CHEMBL5426103,HUBRSVWWLJIQNA-UHFFFAOYSA-N,False,False,0.639344275
P06276_CHEMBL5440753,AAUBXOLWHARFEP-UHFFFAOYSA-N,False,False,0.924528301
P06276_CHEMBL5434553,YCQCPYFOKZXUGC-UHFFFAOYSA-N,False,False,0.924528301
P06276_CHEMBL5396497,XUPZXSZNIKCMMD-UHFFFAOYSA-N,False,False,0.907407403
P06276_CHEMBL5433692,COWSYZPNNFGXOD-UHFFFAOYSA-N,False,False,0.666666687
P06276_CHEMBL5429608,IFCAAEQXMGKTFX-UHFFFAOYSA-N,False,False,0.550000012
P06276_CHEMBL5396394,GQWXRMJFBBWGBU-UHFFFAOYSA-N,False,False,0.54838711
P06276_CHEMBL5435599,HHOQFQNZGOWBHS-UHFFFAOYSA-N,False,False,0.559322059
P06276_CHEMBL5426763,WPZXTEAEXAJKLC-UHFFFAOYSA-N,False,False,0.540983617
P06276_CHEMBL5407369,WRQPYUZDNIDAKI-UHFFFAOYSA-N,False,False,0.507692337
P06276_CHEMBL5405546,YMWARYCMQGOOCM-UHFFFAOYSA-N,False,False,0.703125
P06276_CHEMBL5426641,LHQRGHUIBBGUCH-UHFFFAOYSA-N,False,False,0.419354826
P06276_CHEMBL5412278,IILWHJNAPFMQIG-UHFFFAOYSA-N,False,False,0.552238822
P06276_CHEMBL5412829,VGOWRMCVCDHGIZ-UHFFFAOYSA-N,False,False,0.550000012
P06276_CHEMBL5408735,CSLQRYJSGRPVQT-UHFFFAOYSA-N,False,False,0.5
P06276_CHEMBL5422875,JOFSFLYHVDWKMD-UHFFFAOYSA-N,False,False,0.576923072
P06276_CHEMBL5427320,SBIJNJYRUWTSOK-UHFFFAOYSA-N,False,False,0.4375
P06276_CHEMBL5416357,PUBOPKMWVVAIGJ-UHFFFAOYSA-N,False,False,0.412698418
P06276_CHEMBL5419364,QDOARVWOVAHJIU-PGRDOPGGSA-N,False,False,0.75757575
P06276_CHEMBL5436261,CFBPNQLXDNLVNE-HRAATJIYSA-N,False,False,0.625
P06276_CHEMBL5405496,SDIALEIKIKXUSO-DYESRHJHSA-N,False,False,0.551282048
P06276_CHEMBL5415210,ZPTZOXPYMMOGAB-OXJNMPFZSA-N,False,False,0.592105269
P06276_CHEMBL5440573,VRSWCUDEBIRWPO-LFVJCYFKSA-N,False,False,0.603773594
P06276_CHEMBL5416559,WSRIYMHJIWROQO-UHFFFAOYSA-N,False,False,0.693877578
P06276_CHEMBL5418400,OELVLYQHNFSXET-UHFFFAOYSA-N,False,False,0.612244904
P06276_CHEMBL5417185,DSZDXSCWGPYJPH-UHFFFAOYSA-N,False,False,0.592592597
P06276_CHEMBL5408893,FYWXJXBXCQTTSJ-UHFFFAOYSA-N,False,False,0.483870953
P06276_CHEMBL5415204,NOEWFGQADFZDJZ-UHFFFAOYSA-N,False,False,0.653061211
P06276_CHEMBL5439292,ASQUMXWOQSHYDY-UHFFFAOYSA-N,False,False,0.684210539
P06276_CHEMBL5433937,QSOGCYXOBFCDPM-UHFFFAOYSA-N,False,False,0.75555557
P06276_CHEMBL5439067,CCXQHLTVKKGQQD-UHFFFAOYSA-N,False,False,0.744680822
P06276_CHEMBL5438175,ZVCPIKFBHJPQIU-UHFFFAOYSA-N,False,False,0.645833313
P06276_CHEMBL5430903,WEQSWNWRNIQWLG-BQYQJAHWSA-N,False,False,0.489361703
P06276_CHEMBL5398901,NFXMNSONDSOGEK-UHFFFAOYSA-N,False,False,0.816666663
P06276_CHEMBL5415150,IUSZWODXWRXGLV-UHFFFAOYSA-N,False,False,0.512820542
P06276_CHEMBL5399673,LSOIXUKWVRGQPI-UHFFFAOYSA-N,False,False,0.421052635
P06276_CHEMBL5438801,PLFDOJBDYAWUKJ-DENIHFKCSA-N,False,False,0.913793087
P06276_CHEMBL5431870,DTVPCBIZJATWPE-LAUBAEHRSA-N,False,False,0.78125
P06276_CHEMBL5416710,RQYVARKFKXYBJJ-UHFFFAOYSA-N,False,False,0.387096763
P06276_CHEMBL5439093,RZNDADGSRBLEPZ-UHFFFAOYSA-N,False,False,0.421052635
P06276_CHEMBL5412564,ICNPKYKIVQPEDC-UHFFFAOYSA-N,False,False,0.696428597
P06276_CHEMBL5409365,FKBZPOPRHZPSRO-UHFFFAOYSA-N,False,False,0.672727287
P06276_CHEMBL5411394,SNJYCIJQXGAORQ-UHFFFAOYSA-N,False,False,0.873015881
P06276_CHEMBL5401934,AGQFRFDHZZBREO-UHFFFAOYSA-N,False,False,0.537037015
P06276_CHEMBL5418088,FNAZQUMHXDGESK-UHFFFAOYSA-N,False,False,0.684210539
P06276_CHEMBL5436917,LYPYECBUODEXHF-UHFFFAOYSA-N,False,False,0.608695626
P06276_CHEMBL5426401,VBFKLSQXEXLRSC-UHFFFAOYSA-O,False,False,0.675000012
P06276_CHEMBL5414920,FUOOCCYGXAKPCY-UHFFFAOYSA-N,False,False,0.541666687
P06276_CHEMBL5395541,ZBDLPSZZKVJYPT-UHFFFAOYSA-N,False,False,0.678571403
P06276_CHEMBL5401178,BYSNJAOABDTNBL-UHFFFAOYSA-N,False,False,0.666666687
P06276_CHEMBL5412854,MUIQWCOSDTUPKY-UHFFFAOYSA-N,False,False,0.625
P06276_CHEMBL5409352,HJPAZMJTDPKOLV-UHFFFAOYSA-N,False,False,0.723404229
P06276_CHEMBL5433139,YHMQNOUAEWRSMB-UHFFFAOYSA-N,False,False,0.671641767
P07333_CHEMBL5405436,JHWZPTAZWZKCEQ-LFIBNONCSA-N,False,False,0.701492548
P07333_CHEMBL5418732,INURPMRKCUUSHP-UHFFFAOYSA-N,False,False,0.524590135
P07333_CHEMBL5415503,RONKBVWJPIOCJX-WJOKGBTCSA-N,False,False,0.482456148
P07333_CHEMBL5428147,CSZAJEXPQFERTK-UHFFFAOYSA-N,False,False,0.460526317
P07333_CHEMBL5430774,BYKVUESQXQHBEP-UHFFFAOYSA-N,False,False,0.473684222
P07333_CHEMBL5438171,WDNAXOPVZIEECR-UHFFFAOYSA-N,False,False,0.454545468
P07333_CHEMBL5427025,UNBNKYSPLOMIOY-UHFFFAOYSA-N,False,False,0.434210539
P07333_CHEMBL5422579,VIOBPVPCTBOXAF-UHFFFAOYSA-N,False,False,0.5
P07333_CHEMBL5422465,HAEUZCCQUNTMLI-UHFFFAOYSA-N,False,False,0.630136967
P07333_CHEMBL5417607,YMMVVFFRNSLEMO-UHFFFAOYSA-N,False,False,0.630136967
P07333_CHEMBL5407395,RFFRQJPCXJLRPS-UHFFFAOYSA-N,False,False,0.472727269
P07333_CHEMBL5431736,OAVBPTNWOYTJJQ-UHFFFAOYSA-N,False,False,0.464285702
P07333_CHEMBL5417420,OTMRGUQKRVPHHX-UHFFFAOYSA-N,False,False,0.5
P07333_CHEMBL5406229,LRUNHIZEPNWUJG-UHFFFAOYSA-N,False,False,0.532258093
P07333_CHEMBL5424810,BRILIZSIILQKKP-UHFFFAOYSA-N,False,False,0.478873253
P07333_CHEMBL5401076,DIYAUQPRYJXPAG-UHFFFAOYSA-N,False,False,0.532258093
P07333_CHEMBL5404686,SLFBVRLOCMYRCS-UHFFFAOYSA-N,False,False,0.453125
P07333_CHEMBL5400254,IOLFSHJGFHHJSW-UHFFFAOYSA-N,False,False,0.490566045
P07333_CHEMBL5399299,YWCCJENDSHIVGE-UHFFFAOYSA-N,False,False,0.483870953
P07333_CHEMBL5394928,VOMLWCOJPBAYCX-UHFFFAOYSA-N,False,False,0.473684222
P07333_CHEMBL5418474,ZHOQUFGTKOHQBB-UHFFFAOYSA-N,False,False,0.569230795
P07333_CHEMBL5431583,KVBFMJDTLAIVSN-UHFFFAOYSA-N,False,False,0.593220353
P07333_CHEMBL5413223,NNMVDGFJIPMXNA-UHFFFAOYSA-N,False,False,0.591836751
P07333_CHEMBL5432592,QXSDNFDJBVZWQV-UHFFFAOYSA-N,False,False,0.5625
P07333_CHEMBL5436096,DTKVEGSQVRWLEQ-UHFFFAOYSA-N,False,False,0.631578922
P07333_CHEMBL5417945,XMEPCGHGLWNLNM-UHFFFAOYSA-N,False,False,0.55737704
P07333_CHEMBL5438430,RMFIFFTYNSAALU-UHFFFAOYSA-N,False,False,0.492957741
P07333_CHEMBL5405639,XDCJXTNEYNEENX-UHFFFAOYSA-N,False,False,0.629629612
P07333_CHEMBL5410996,PPPZFHSMUGRPLW-UHFFFAOYSA-N,False,False,0.714285731
P07333_CHEMBL5434318,OIQFBHIJWBNDKU-UHFFFAOYSA-N,False,False,0.507936537
P07333_CHEMBL5429835,USTFOHLYDQCENL-UHFFFAOYSA-N,False,False,0.5090909
P07333_CHEMBL5432649,VSSCRMHSJRARCO-UHFFFAOYSA-N,False,False,0.507692337
P07333_CHEMBL5410355,RPCHFCUBABMIAO-UHFFFAOYSA-N,False,False,0.518518507
P07333_CHEMBL5403478,QSGXWUVUDCSFIZ-UHFFFAOYSA-N,False,False,0.507692337
P07333_CHEMBL5428255,PCOSBXYPGBDRFJ-UHFFFAOYSA-N,False,False,0.518518507
P07333_CHEMBL5426924,QCPSFUHQTMUBJV-UHFFFAOYSA-N,False,False,0.5
P07333_CHEMBL5428593,CMONSRVTJDHQHD-UHFFFAOYSA-N,False,False,0.5
P07333_CHEMBL5397493,OTCCEZQIYQQHEG-UHFFFAOYSA-N,False,False,0.482142866
P07333_CHEMBL5424694,KOTRVAMMDDKVHE-UHFFFAOYSA-N,False,False,0.5090909
P07333_CHEMBL5403333,ARYFSCXKDOCZCZ-UHFFFAOYSA-N,False,False,0.490566045
P07333_CHEMBL5419520,BPKVTDLMFZLJIM-FQEVSTJZSA-N,False,False,0.61016947
P07333_CHEMBL5406951,BPKVTDLMFZLJIM-HXUWFJFHSA-N,False,False,0.61016947
P07333_CHEMBL5416633,RFAXYHNHZIZZOL-UHFFFAOYSA-N,False,False,0.441176474
P07333_CHEMBL5431035,ZTSLZIYAZZZWPK-UHFFFAOYSA-N,False,False,0.447368413
P07333_CHEMBL5416379,YQWOFWZSIWGGHQ-UHFFFAOYSA-N,False,False,0.459459454
P07333_CHEMBL5416772,BMOJVCOEERFCML-UHFFFAOYSA-N,False,False,0.492753625
P07333_CHEMBL5415647,DNXZAQUXAXYLAN-UHFFFAOYSA-N,False,False,0.452054799
P07333_CHEMBL5425883,HDUIQNARVJYUGR-UHFFFAOYSA-N,False,False,0.536231875
P07333_CHEMBL5406771,CNWFAPYYHZIFRD-UHFFFAOYSA-N,False,False,0.619047642
P07333_CHEMBL5439547,YERPHLXVKKTPGK-UHFFFAOYSA-N,False,False,0.649999976
P07333_CHEMBL5435513,WPBMAICPMXCIKN-UHFFFAOYSA-N,False,False,0.464788735
P07333_CHEMBL5411378,RPSRSUPHEANJKD-UHFFFAOYSA-N,False,False,0.666666687
P07333_CHEMBL5430633,NCDKCBXHPDYXMH-UHFFFAOYSA-N,False,False,0.508196712
P07333_CHEMBL5414671,ASHCEINTWXMABT-UHFFFAOYSA-N,False,False,0.492063493
P07333_CHEMBL5411522,UMRLYHBJBBNYCF-UHFFFAOYSA-N,False,False,0.564516127
P07333_CHEMBL5399857,CGGZSMCAABSIGY-UHFFFAOYSA-N,False,False,0.457627118
P07333_CHEMBL5408316,QXUQQYBCRZXYCA-UHFFFAOYSA-N,False,False,0.491228074
P07333_CHEMBL5398307,LKSDIRXTBUSDSI-QGZVFWFLSA-N,False,False,0.462686568
P07333_CHEMBL5440766,BXWMNAUZBDLJAC-OAHLLOKOSA-N,False,False,0.593220353
P07333_CHEMBL5414964,QPFCHPRFMFYYAG-UHFFFAOYSA-N,False,False,0.492063493
P07333_CHEMBL5431785,OZFZKSHZHSKHGZ-UHFFFAOYSA-N,False,False,0.5
P07333_CHEMBL5395449,OEBROKXGEWKVMU-UHFFFAOYSA-N,False,False,0.455882341
P07333_CHEMBL5405206,VQCCGACEMGECKV-UHFFFAOYSA-N,False,False,0.458333343
P07333_CHEMBL5439126,WDTMMWXYUKMGGU-UHFFFAOYSA-N,False,False,0.50746268
P07333_CHEMBL5417719,QTAKSHGRTOYJCG-UHFFFAOYSA-N,False,False,0.49253732
P07333_CHEMBL5397426,BAENLCOORYABGD-UHFFFAOYSA-N,False,False,0.49253732
P07333_CHEMBL5418087,JTXLCBPHQQFFNS-UHFFFAOYSA-N,False,False,0.492307693
P07333_CHEMBL5430348,JOKPFQGWKKRGJI-UHFFFAOYSA-N,False,False,0.465753436
P07333_CHEMBL5428404,WOHPNZFTBWWWBX-UHFFFAOYSA-N,False,False,0.470588237
P07333_CHEMBL5410595,ZNSJSWXUKXHJKX-UHFFFAOYSA-N,False,False,0.482142866
P07333_CHEMBL5420485,WYAPNYOZBFUUIA-UHFFFAOYSA-N,False,False,0.515625
P07333_CHEMBL5397490,VMBRRMNXXVZGCB-UHFFFAOYSA-N,False,False,0.539682567
P07333_CHEMBL5411617,HNJOCLQAHHIZPS-UHFFFAOYSA-N,False,False,0.485294104
P07333_CHEMBL5404033,OGRZTQUEBSXDJP-UHFFFAOYSA-N,False,False,0.467741936
P07333_CHEMBL5398778,HTIDNHAPXRJLIE-UHFFFAOYSA-N,False,False,0.566666663
P07333_CHEMBL5436321,IQKPWLCHWJCSLF-UHFFFAOYSA-N,False,False,0.483870953
P07333_CHEMBL5417494,YKNNKGNQGPFRTQ-UHFFFAOYSA-N,False,False,0.515625
P07333_CHEMBL5435576,NIFPWRUXKZHSRN-UHFFFAOYSA-N,False,False,0.518518507
P07333_CHEMBL5431339,AGFOIYRQIGWMST-UHFFFAOYSA-N,False,False,0.625
P07333_CHEMBL5397557,ACFWCPZFEIDRAM-UHFFFAOYSA-N,False,False,0.804347813
P07333_CHEMBL5439143,NOFFPDGVLVHQSS-UHFFFAOYSA-N,False,False,0.813953459
P08183_CHEMBL5425185,FWIOFRQQJLOZOT-UHFFFAOYSA-N,False,False,0.67567569
P08183_CHEMBL5437398,RVRVCSIZOXOSNT-UHFFFAOYSA-N,False,False,0.477272719
P08183_CHEMBL5436340,RZTAHPQKFPPUOL-UHFFFAOYSA-N,False,False,0.463414639
P08183_CHEMBL5429850,VXOGSZPJYPPPEV-UHFFFAOYSA-N,False,False,0.545454562
P08183_CHEMBL5430468,KKVDAHBPMITGRH-UHFFFAOYSA-N,False,False,0.626865685
P08183_CHEMBL5413805,CZIUSHLATXYWIA-UHFFFAOYSA-N,False,False,0.626865685
P08183_CHEMBL5434737,ZRWWXEIIILAJID-UHFFFAOYSA-N,False,False,0.615384638
P08183_CHEMBL5438188,USZKTPFHZDIUJU-UHFFFAOYSA-N,False,False,0.526315808
P08183_CHEMBL5439235,UZDACVNULBHFBS-MDWZMJQESA-N,False,False,0.545454562
P08183_CHEMBL5419493,BPQKPKUDTOROME-OQLLNIDSSA-N,False,False,0.55384618
P08183_CHEMBL5405329,GOQXHMPUSQNADT-XNTDXEJSSA-N,False,False,0.716666639
P08183_CHEMBL5421503,SJBZNEJHGBRUMZ-RVDMUPIBSA-N,False,False,0.661016941
P08183_CHEMBL5405630,MAAQRVMWDXPUTN-KNQUPQQQSA-N,False,False,0.600000024
P08183_CHEMBL5399482,NSQDZNUNHKIWLF-FSCSNSASSA-N,False,False,0.428571433
P08183_CHEMBL5417686,KZCXKPNIJGNSPF-UHFFFAOYSA-N,False,False,0.506172836
P08183_CHEMBL5400964,FEFDSMCHRBFALI-UHFFFAOYSA-N,False,False,0.61016947
P08183_CHEMBL5426932,WBZTZOUPFZNTRM-QONXBGTDSA-N,False,False,0.448979586
P08183_CHEMBL5437506,BGABUBAWANOYSE-QZNUFANNSA-N,False,False,0.431818187
P08183_CHEMBL5415709,UJZMEGCICCVIHR-UHFFFAOYSA-N,False,False,0.61016947
P08183_CHEMBL5438538,WTRPATFIZLCORA-UHFFFAOYSA-N,False,False,0.620689631
P08183_CHEMBL5425919,JHSJYYTYHORJJL-UHFFFAOYSA-N,False,False,0.61016947
P08183_CHEMBL5402480,JUJRKSKALMDBTF-UHFFFAOYSA-N,False,False,0.61016947
P08183_CHEMBL5418484,FOBQUIJGWYLJGA-UHFFFAOYSA-N,False,False,0.61016947
P08183_CHEMBL5441059,YEALKOZVNJWOFQ-UHFFFAOYSA-N,False,False,0.521739125
P08183_CHEMBL5420094,FWOSOYJIIQFXAP-UHFFFAOYSA-N,False,False,0.540540516
P08183_CHEMBL5412607,QMRNPVVDLZHCCV-UHFFFAOYSA-N,False,False,0.506329119
P08183_CHEMBL5437560,JXKKCGLVWSFNAS-UHFFFAOYSA-N,False,False,0.529411793
P08183_CHEMBL5415893,YEWPTBGCBXUCQN-UHFFFAOYSA-N,False,False,0.482352942
P08183_CHEMBL5436448,DRKOQBYUPYDLAS-UHFFFAOYSA-N,False,False,0.556962013
P08183_CHEMBL5396671,GYLHWNXLDUCHKW-UHFFFAOYSA-N,False,False,0.51219511
P08183_CHEMBL5407482,CCMKXKOHCAFMAT-UHFFFAOYSA-N,False,False,0.531645596
P08183_CHEMBL5407412,FSDDTTIZMYLYIT-UHFFFAOYSA-N,False,False,0.560000002
P08183_CHEMBL5431081,VXUJIRNDYYCGPT-UHFFFAOYSA-N,False,False,0.524999976
P08183_CHEMBL5412371,GKDWHTVQRMOORS-UHFFFAOYSA-N,False,False,0.511904776
P08183_CHEMBL5425892,IHZUASXOVXMUPX-UHFFFAOYSA-N,False,False,0.578313231
P08183_CHEMBL5399662,AJRMTEHSCKSHDD-UHFFFAOYSA-N,False,False,0.511627913
P08183_CHEMBL5426025,JIEOKCYZFQLPTC-UHFFFAOYSA-N,False,False,0.482758611
P08183_CHEMBL5398052,VSBHVBLQJVHBTD-UHFFFAOYSA-N,False,False,0.518518507
P08183_CHEMBL5407313,NFGPUEHUIRKLNY-UHFFFAOYSA-N,False,False,0.540229857
P08183_CHEMBL5407159,YEJYLUGZGAQDHV-UHFFFAOYSA-N,False,False,0.578947365
P08183_CHEMBL5421510,JCDKNOJPPLMHDK-UHFFFAOYSA-N,False,False,0.506024122
P08183_CHEMBL5414246,RJQXSOGJDNKTTO-UHFFFAOYSA-N,False,False,0.488372087
P08183_CHEMBL5416933,ZGMIUBSRKQFEDA-UHFFFAOYSA-N,False,False,0.518518507
P08183_CHEMBL5411388,WIUJNGFOBBIBQQ-UHFFFAOYSA-N,False,False,0.506024122
P08183_CHEMBL5401765,SKZXJJNPPIVVMZ-UHFFFAOYSA-N,False,False,0.518518507
P08183_CHEMBL5428669,YGVZQUSSABXDCM-UHFFFAOYSA-N,False,False,0.518518507
P08183_CHEMBL5438795,KTGFOELYZZDOLL-UHFFFAOYSA-N,False,False,0.534883738
P08183_CHEMBL5418459,VTEOTYSQVUWMFF-UHFFFAOYSA-N,False,False,0.536231875
P08183_CHEMBL5394148,GJSWHZMXYKPVOJ-UHFFFAOYSA-N,False,False,0.5625
P08183_CHEMBL5419927,QJWSIHUAKXVAKD-UHFFFAOYSA-N,False,False,0.521126747
P08183_CHEMBL5396336,RFBUJPDLOIRFIB-UHFFFAOYSA-N,False,False,0.585714281
P08183_CHEMBL5404144,CNBJXZFJGUJWRX-UHFFFAOYSA-N,False,False,0.54285717
P08183_CHEMBL5400694,SNXRPCBFGAPLKL-UHFFFAOYSA-N,False,False,0.54285717
P08183_CHEMBL5423555,KLAHUOBBJVISNR-UHFFFAOYSA-N,False,False,0.567164183
P08183_CHEMBL5422672,VCMWRDBCTXVZPZ-UHFFFAOYSA-N,False,False,0.615384638
P08183_CHEMBL5436137,JWKHJPVTKGUFEJ-UHFFFAOYSA-N,False,False,0.615384638
P08183_CHEMBL5399386,KVCBJHPNYYHYQV-UHFFFAOYSA-N,False,False,0.621212125
P08183_CHEMBL5426234,XMWVWWIHWAENOM-UHFFFAOYSA-N,False,False,0.622950792
P08183_CHEMBL5414919,HQRHRPLLAHEASK-UHFFFAOYSA-N,False,False,0.615384638
P08183_CHEMBL5434966,FABMZOGYLKHVQP-UHFFFAOYSA-N,False,False,0.640625
P08183_CHEMBL5394194,GNDFKCXTFSPXNY-UHFFFAOYSA-N,False,False,0.616666675
P08183_CHEMBL5416906,LVIWPIFDCNXKLS-UHFFFAOYSA-N,False,False,0.609375
P08183_CHEMBL5407375,SNDCRTIYECIRPU-UHFFFAOYSA-N,False,False,0.609375
P08183_CHEMBL5432918,CPDUKBINRXWTRV-UHFFFAOYSA-N,False,False,0.59677422
P08183_CHEMBL5422643,ARYLBKXLNMZKOK-UHFFFAOYSA-N,False,False,0.634920657
P08183_CHEMBL5431776,FKEWNNFCGXSKRD-UHFFFAOYSA-N,False,False,0.678571403
P08183_CHEMBL5411739,OIIQKTKEHHNEMF-UHFFFAOYSA-N,False,False,0.633333325
P08183_CHEMBL5429916,RNTWNTDTKQJFFM-UHFFFAOYSA-N,False,False,0.622950792
P08183_CHEMBL5401629,ZNUKNLRYHLCINU-UHFFFAOYSA-N,False,False,0.622950792
P08183_CHEMBL5409465,IWXPIUFLTHLEQC-UHFFFAOYSA-N,False,False,0.655172408
P08183_CHEMBL5420038,PRWJNYATPGDLNP-UHFFFAOYSA-N,False,False,0.608695626
P08183_CHEMBL5424759,WXVDSVAMBGPONC-UHFFFAOYSA-N,False,False,0.580645144
P08183_CHEMBL5416557,XIYBGJRACFZLIG-UHFFFAOYSA-N,False,False,0.666666687
P08183_CHEMBL5407483,HQBKMRFWQCSEJP-UHFFFAOYSA-N,False,False,0.642857134
P08183_CHEMBL5423562,ZXVZUFFWWHSEOB-UHFFFAOYSA-N,False,False,0.603174627
P08183_CHEMBL5402347,WAFYNRPNQAJSEB-UHFFFAOYSA-N,False,False,0.55737704
P08183_CHEMBL5396962,KQEBRBBYNXPRBF-UHFFFAOYSA-N,False,False,0.531645596
P08183_CHEMBL5412611,VPRMYMUMZVYDDV-UHFFFAOYSA-N,False,False,0.580645144
P08183_CHEMBL5400984,JCMFBRLJCGMWPZ-UHFFFAOYSA-N,False,False,0.528571427
P08183_CHEMBL5438614,SBLMCVHTIXHAJA-UHFFFAOYSA-N,False,False,0.506024122
P08183_CHEMBL5426953,GWTMSPKGWFNRHT-UHFFFAOYSA-N,False,False,0.74626863
P08183_CHEMBL5408118,MAKPOVQXRPESOW-UHFFFAOYSA-N,False,False,0.666666687
P08183_CHEMBL5439145,BBZFUZSXKKUQNU-UHFFFAOYSA-N,False,False,0.666666687
P08684_CHEMBL5441414,TVKAXNHJIVHZSG-LJQANCHMSA-N,False,False,0.376623362
P08684_CHEMBL5441415,TVKAXNHJIVHZSG-IBGZPJMESA-N,False,False,0.376623362
P08684_CHEMBL5441417,WLJITGAGZLIWOY-KRWDZBQOSA-N,False,False,0.457627118
P08684_CHEMBL5409856,DLEXZAGDQOLXRC-UHFFFAOYSA-N,False,False,0.779661
P08684_CHEMBL5422322,QWTVWGCSUMSFNE-UHFFFAOYSA-N,False,False,0.793103456
P08684_CHEMBL5405570,FOGWPZMPWZMOAM-UHFFFAOYSA-N,False,False,0.783333361
P08684_CHEMBL5419165,SQAIWYNAOAJUTE-UHFFFAOYSA-N,False,False,0.397590369
P08684_CHEMBL5412917,SIDNGQSRMLNLKK-UHFFFAOYSA-N,False,False,0.528571427
P08684_CHEMBL5395642,HXCYSCKCGWJAGU-IBGZPJMESA-N,False,False,0.602564096
P08684_CHEMBL5401381,QKXLHLCDBNXSBT-HSZRJFAPSA-N,False,False,0.584269643
P08684_CHEMBL5429440,LBAXGISUFHVKPW-JXALWOEJSA-N,False,False,0.584269643
P08684_CHEMBL5435085,XSTRJMHOLBBWNN-JOCHJYFZSA-N,False,False,0.600000024
P08684_CHEMBL5441413,DSXQJBKPJALISD-HSZRJFAPSA-N,False,False,0.419354826
P08684_CHEMBL5441401,UGVZWXXZWQCKKX-HSZRJFAPSA-N,False,False,0.38961038
P08684_CHEMBL5439866,GFXZPJVCCFWBLQ-YCRREMRBSA-N,False,False,0.588235319
P08684_CHEMBL5412953,UTEVYCWILQXNGG-NRFANRHFSA-N,False,False,0.740259767
P08684_CHEMBL5420409,GPSBYNMHTRVBKZ-FQEVSTJZSA-N,False,False,0.736842096
P08684_CHEMBL5439131,OHWXQCZWRQKQLA-QHCPKHFHSA-N,False,False,0.767123282
P08684_CHEMBL5420055,OQSSEPMBNYZTBO-QHCPKHFHSA-N,False,False,0.740740716
P08684_CHEMBL5403040,FEPPBYMPTFKPJO-FNORWQNLSA-N,False,False,0.723404229
P08684_CHEMBL5435819,HFGUPJNHEPCEHX-UHFFFAOYSA-N,False,False,0.805970132
P08684_CHEMBL5403485,JPARSZXXIGDWIS-GQCTYLIASA-N,False,False,0.711538434
P08684_CHEMBL5427758,JLXFCHHCZXYHAO-FNORWQNLSA-N,False,False,0.666666687
P08684_CHEMBL5410914,KEDYCROQIFKSBT-GQCTYLIASA-N,False,False,0.645833313
P08684_CHEMBL5411496,HQAQGEXWTJPBJS-XBXARRHUSA-N,False,False,0.729166687
P08684_CHEMBL5430409,KUCMFMCWLSHCJQ-VMPITWQZSA-N,False,False,0.734693885
P08684_CHEMBL5396316,JTNGQMXCORXJHV-YCRREMRBSA-N,False,False,0.704545438
P08684_CHEMBL5408831,KZOOLIJQLLVWEY-QPJJXVBHSA-N,False,False,0.723404229
P08684_CHEMBL5416830,FILNCQADLZYXNW-UHFFFAOYSA-N,False,False,0.759493649
P08684_CHEMBL5404974,XMYQZVJBVCFSTK-ZZXKWVIFSA-N,False,False,0.680851042
P08684_CHEMBL5441398,DMABAHOUGOIDPW-ZDUSSCGKSA-N,False,False,0.403225809
P08684_CHEMBL5425736,MCWMBVHICFAMJW-SOFGYWHQSA-N,False,False,0.739130437
P08684_CHEMBL5402399,CTTLGCWPOZQQQN-VQHVLOKHSA-N,False,False,0.622641504
P08684_CHEMBL5416061,QRFBDHGXICCQEL-SOFGYWHQSA-N,False,False,0.686274529
P08684_CHEMBL5400274,ANFUFDGYKFRFDC-VQHVLOKHSA-N,False,False,0.75555557
P08684_CHEMBL5425498,MFZAHAAVYSHLCP-QGZVFWFLSA-N,False,False,0.528735638
P08684_CHEMBL5395411,RKWFHTMXSAKCDK-NGSIPNKDSA-N,False,False,0.970588207
P08684_CHEMBL5418212,YZVUKHONWGMHLA-ONEGZZNKSA-N,False,False,0.6813187
P08684_CHEMBL5395688,SQGLQEOOUCUBAX-SNAWJCMRSA-N,False,False,0.670454562
P08684_CHEMBL5435782,HPCFPBNBJAZIOH-UHFFFAOYSA-N,False,False,0.794871807
P08684_CHEMBL5430709,YJTMIOIWDMKSAT-ZBOYTDAMSA-N,False,False,0.674157321
P08684_CHEMBL5406811,APORIYKJQKKECQ-XEVCZEQESA-N,False,False,0.530303001
P08684_CHEMBL5395784,XYHNIXWLZJJZRG-UHFFFAOYSA-N,False,False,0.487500012
P08684_CHEMBL5424297,VEIRVHDVALFYDP-CABCVRRESA-N,False,False,0.661971807
P08684_CHEMBL5441391,YUIKWGNWDHJBJA-IBGZPJMESA-N,False,False,0.333333343
P08684_CHEMBL5432620,PMWPKMYJPGCYEL-UHFFFAOYSA-N,False,False,0.410714298
P08684_CHEMBL5412197,RGCGBFIARQENML-JOCHJYFZSA-N,True,True,0.625
P08684_CHEMBL5397192,YXWGWJGYWSLCIO-KRXBUXKQSA-N,False,False,0.613636374
P08684_CHEMBL5422931,MUGAIMYMFUOCEB-ONNFQVAWSA-N,False,False,0.785714269
P08684_CHEMBL5428544,QUMKPAPQXBIUSL-KRXBUXKQSA-N,False,False,0.857142866
P08684_CHEMBL5407563,HLVPQADGNKJBHA-VQHVLOKHSA-N,False,False,0.725000024
P08684_CHEMBL5427813,MLXNEWJONGNNEP-SOFGYWHQSA-N,False,False,0.731707335
P08684_CHEMBL5429860,QROHMVUFPPQUNN-UHFFFAOYSA-N,False,False,0.557142854
P08684_CHEMBL5418057,JESMRTLXPOBHHP-UHFFFAOYSA-N,False,False,0.680555582
P08684_CHEMBL5419892,BOYVEHZMBLOGDS-JVPSVYLMSA-N,False,False,0.826086938
P08684_CHEMBL5420576,MPJDYOVQYFIADA-VWLOTQADSA-N,False,False,0.676470578
P08908_CHEMBL5433300,GRFMCSXAMLDOGD-UHFFFAOYSA-N,False,False,0.702127635
P08908_CHEMBL5405562,BOFZGXVAUNZPJZ-UHFFFAOYSA-N,False,False,0.782608688
P08908_CHEMBL5406900,FBLBVXAMGPEBFJ-UHFFFAOYSA-N,False,False,0.693877578
P08908_CHEMBL5397704,ZDBURNHVADOXDL-UHFFFAOYSA-N,False,False,0.622641504
P08908_CHEMBL5405414,RTGXDOSLVFPCIV-UHFFFAOYSA-N,False,False,0.549019635
P08908_CHEMBL5419441,GRHTUMAXWWLASB-UHFFFAOYSA-N,False,False,0.589285731
P08908_CHEMBL5416678,ZBYKFBQKHUJCFU-UHFFFAOYSA-N,False,False,0.551724136
P08908_CHEMBL5433857,FGXOOSXRVJDRCY-UHFFFAOYSA-N,False,False,0.723404229
P08908_CHEMBL5400892,LOHIKYYTCQMZSF-UHFFFAOYSA-N,False,False,0.523809552
P08908_CHEMBL5410706,YZNGYGWNHBTIFR-UHFFFAOYSA-N,False,False,0.59375
P08908_CHEMBL5420304,CBLVXOBQEWFSSM-UHFFFAOYSA-N,False,False,0.693877578
P08908_CHEMBL5434373,ZJCSCXRIYYGOBN-UHFFFAOYSA-N,False,False,0.666666687
P08908_CHEMBL5412886,UXWALGMIUORAAM-UHFFFAOYSA-N,False,False,0.630769253
P08908_CHEMBL5424897,FNNKRCZBNZOMQJ-MEMLXQNLSA-N,False,False,0.560000002
P08908_CHEMBL5409134,QKOGYUWOPZFTRE-MXVIHJGJSA-N,False,False,0.65625
P08908_CHEMBL5437660,IXCPWQZWEFUJGL-WGSAOQKQSA-N,False,False,0.55737704
P08908_CHEMBL5408223,YFCLKFMYEUGDOO-KESTWPANSA-N,False,False,0.692307711
P08908_CHEMBL5404054,VWTCRTQGMATJRY-HCGLCNNCSA-N,False,False,0.716216207
P08908_CHEMBL5436003,AZEGGJUBCUBYAM-UHFFFAOYSA-N,False,False,0.660377383
P08908_CHEMBL5423649,RZRJTAUTZFDJOA-UHFFFAOYSA-N,False,False,0.604651153
P08908_CHEMBL5395867,HPVLKKJXKKJFTC-UHFFFAOYSA-N,False,False,0.653061211
P08908_CHEMBL5406837,LMXPHPCSIWBOGX-UHFFFAOYSA-N,False,False,0.744680822
P08908_CHEMBL5397523,WAEJJMMPQBTBEI-UHFFFAOYSA-N,False,False,0.727272749
P08908_CHEMBL5434229,UUBRCCCOMNXSPK-IYARVYRRSA-N,False,False,0.605633795
P08908_CHEMBL5431103,NOSXOCMQQISHPL-IYARVYRRSA-N,False,False,0.775862098
P08908_CHEMBL5403268,SVPFZRJDQVOOKQ-WGSAOQKQSA-N,False,False,0.676470578
P08908_CHEMBL5422870,HZBAKQLOTJCSJX-UHFFFAOYSA-N,False,False,0.64864862
P08908_CHEMBL5403204,HEPZPDOHSGVKLD-UHFFFAOYSA-N,False,False,0.652173936
P08908_CHEMBL5418283,AOGNXLLKMCJHMU-UHFFFAOYSA-N,False,False,0.649999976
P08908_CHEMBL5427695,MUUSXXFKLPMJKL-IYARVYRRSA-N,False,False,0.683333337
P08908_CHEMBL5415412,PRHPXINWHDFVQT-UHFFFAOYSA-N,False,False,0.730158746
P08908_CHEMBL5425252,RGPTYLNPCNVHNC-UHFFFAOYSA-N,False,False,0.779661
P08908_CHEMBL5400232,IBNWNWKMISLVQT-UHFFFAOYSA-N,False,False,0.771929801
P08908_CHEMBL5404031,CDDJQUNDXVDPCR-UHFFFAOYSA-N,False,False,0.622950792
P08908_CHEMBL5407925,QUWYIGWBADKYRQ-UHFFFAOYSA-N,False,False,0.541666687
P08908_CHEMBL5402096,YRMQTCWGULGUII-UHFFFAOYSA-N,False,False,0.627451003
P08908_CHEMBL5435580,GYIHMZFXYKMQJJ-UHFFFAOYSA-N,False,False,0.686567187
P08908_CHEMBL5411002,JUBHIUPHTRPIHX-UHFFFAOYSA-N,False,False,0.622950792
P08908_CHEMBL5424052,IHIVDYNEPGPRDS-UHFFFAOYSA-N,False,False,0.622950792
P08908_CHEMBL5422196,OFPWVHCOBDDZMU-UHFFFAOYSA-N,False,False,0.666666687
P08908_CHEMBL5429491,YLGXHKHIKDCOIA-UHFFFAOYSA-N,False,False,0.655172408
P08908_CHEMBL5395668,UFUHLGWYZKBMBY-UHFFFAOYSA-N,False,False,0.655172408
P08908_CHEMBL5420627,RSKPCUCUPPJNIY-UHFFFAOYSA-N,False,False,0.633333325
P08908_CHEMBL5439203,JSLOZIRNJAUGHY-UHFFFAOYSA-N,False,False,0.709090889
P08908_CHEMBL5436641,FWGBSERBTNODSZ-MEMLXQNLSA-N,False,False,0.64864862
P08908_CHEMBL5429826,SBWDEIFOMNBGRY-MEMLXQNLSA-N,False,False,0.722222209
P09874_CHEMBL5399361,NANHPXHADBZWEH-UHFFFAOYSA-N,False,False,0.662500024
P09874_CHEMBL5395127,HNUBZGFNRGYRML-UHFFFAOYSA-N,False,False,0.662500024
P09874_CHEMBL5411930,AXMBLTAIYGEPNC-UHFFFAOYSA-N,False,False,0.426229507
P09874_CHEMBL5419831,FWWPLYZVUBCMHN-UHFFFAOYSA-N,False,False,0.736842096
P09874_CHEMBL5400153,SUFHZCQTMDLDRK-UHFFFAOYSA-N,False,False,0.729729712
P09874_CHEMBL5434732,SJFGTXAAKCLIOI-UHFFFAOYSA-N,False,False,0.653333306
P09874_CHEMBL5406001,WTKBXXGVXWHMHX-UHFFFAOYSA-N,False,False,0.708860755
P09874_CHEMBL5432851,QBWWPFIBJGBBKX-UHFFFAOYSA-N,False,False,0.722222209
P09874_CHEMBL5428217,OAFQCDJUMPFXNS-UHFFFAOYSA-N,False,False,0.694444418
P09874_CHEMBL5435200,IILPHHOODKHQOG-UHFFFAOYSA-N,False,False,0.5625
P09874_CHEMBL5421873,YAARIUWCZZVAFB-UHFFFAOYSA-N,False,False,0.492753625
P09874_CHEMBL5423934,HDOXYDHZDFTFMX-UHFFFAOYSA-N,False,False,0.632911384
P09874_CHEMBL5423161,ADAAOWJCZJSQAB-UHFFFAOYSA-N,False,False,0.625
P09874_CHEMBL5411446,HZSRLSJKFRZNAS-UHFFFAOYSA-N,False,False,0.419354826
P09874_CHEMBL5435531,CTQCMWMDGCNKCW-UHFFFAOYSA-N,False,False,0.448275864
P09874_CHEMBL5404171,DJSXTFVMGSHIQP-UHFFFAOYSA-N,False,False,0.658536613
P09874_CHEMBL5432860,NQEBXSGIXPJSTM-UHFFFAOYSA-N,False,False,0.666666687
P09874_CHEMBL5437947,DLDYOMRJCIUSIG-UHFFFAOYSA-N,False,False,0.753246725
P09874_CHEMBL5394020,LRRSQDMHWPHEMQ-UHFFFAOYSA-N,False,False,0.763157904
P09874_CHEMBL5425070,BXHGKVUKAOBUJS-UHFFFAOYSA-N,False,False,0.6506024
P09874_CHEMBL5433754,CHVBKZCNNABZHY-UHFFFAOYSA-N,False,False,0.514705896
P09874_CHEMBL5393999,GVVGCLUTJOAUON-UHFFFAOYSA-N,False,False,0.708860755
P09874_CHEMBL5435418,NDIYKDSFTRRTBF-UHFFFAOYSA-N,False,False,0.666666687
P09874_CHEMBL5437680,AUGRKZAFBVCEBZ-UHFFFAOYSA-N,False,False,0.600000024
P09874_CHEMBL5422955,NJLMHMDGCCRWFC-UHFFFAOYSA-N,False,False,0.475409836
P09874_CHEMBL5421652,JKAXXNVLUPIPLQ-UHFFFAOYSA-N,False,False,0.445945948
P09874_CHEMBL5409104,TXGCGRBDHSCBPA-UHFFFAOYSA-N,False,False,0.571428597
P09874_CHEMBL5427401,CTXLMOFHIYLQNN-UHFFFAOYSA-N,False,False,0.513157904
P09874_CHEMBL5396940,MSTOXQSLZBMLJE-UHFFFAOYSA-N,False,False,0.514285743
P09874_CHEMBL5425005,BKDVZYYKBQYIKS-UHFFFAOYSA-N,False,False,0.545454562
P09874_CHEMBL5431841,JKXYPJZBOPXUBC-UHFFFAOYSA-N,False,False,0.537313461
P09874_CHEMBL5397084,PQGNKFPVNFDEDY-UHFFFAOYSA-N,False,False,0.472972959
P09874_CHEMBL5396037,FHYSKRCUESMFEG-UHFFFAOYSA-N,False,False,0.421052635
P09874_CHEMBL5408420,NTYRAXKJQKLKLY-UHFFFAOYSA-N,False,False,0.70588237
P09874_CHEMBL5426926,YMIMXEXRUAEOTG-UHFFFAOYSA-N,False,False,0.547945201
P09874_CHEMBL5433982,JXWQUVRKJMBFJJ-UHFFFAOYSA-N,False,False,0.69135803
P09874_CHEMBL5419303,PHASMVZDHXHVLB-UHFFFAOYSA-N,False,False,0.675000012
P09874_CHEMBL5421189,HTMPMXJFMOUCOQ-UHFFFAOYSA-N,False,False,0.6875
P09874_CHEMBL5416514,DXEAHURUCBYHMJ-UHFFFAOYSA-N,False,False,0.477777779
P09874_CHEMBL5393855,LKPWUFPDTJUJNQ-UHFFFAOYSA-N,False,False,0.583333313
P09874_CHEMBL5411021,NFBXUOSSYJJKFK-UHFFFAOYSA-N,False,False,0.602564096
P09874_CHEMBL5407371,UZPYETATKJIYAI-UHFFFAOYSA-N,False,False,0.528735638
P09874_CHEMBL5420282,ACVZUAKWEUBENM-UHFFFAOYSA-N,False,False,0.543209851
P09874_CHEMBL5422190,AQHUMDQLSFGLRJ-UHFFFAOYSA-N,False,False,0.666666687
P09874_CHEMBL5432591,LAXLMJUUHGVERG-UHFFFAOYSA-N,False,False,0.507246375
P09874_CHEMBL5438098,USWFYVYRTUSELB-LSLKUGRBSA-N,False,False,0.636363626
P09874_CHEMBL5420649,ACJDTAHNIFCCHB-CQSZACIVSA-N,False,False,0.734177232
P09874_CHEMBL5427942,BGSWKBFUVPSJDF-UHFFFAOYSA-O,False,False,0.510638297
P09874_CHEMBL5433095,NHXPKWBZZUXBEZ-UHFFFAOYSA-N,False,False,0.515789449
P09874_CHEMBL5437110,UEEAPWCOJZPFBY-UHFFFAOYSA-N,False,False,0.587499976
P09874_CHEMBL5431101,WHHFINHFBVESNP-UHFFFAOYSA-N,False,False,0.559523821
P09874_CHEMBL5394860,AXVJLHNEUCXOHA-UHFFFAOYSA-N,False,False,0.5
P09874_CHEMBL5409257,FCOPXWHSTOLCAJ-UHFFFAOYSA-N,False,False,0.600000024
P09874_CHEMBL5431329,MXRUTZNINHIVTE-UHFFFAOYSA-N,False,False,0.559523821
P09874_CHEMBL5404678,FTSAWKSGYOJZKN-UHFFFAOYSA-N,False,False,0.592592597
P09874_CHEMBL5417871,FELISMCMXIVCLT-UHFFFAOYSA-N,False,False,0.607594907
P09874_CHEMBL5413064,IREPUOWDSBPZJJ-UHFFFAOYSA-N,False,False,0.535714269
P09874_CHEMBL5420171,OUYAJDGIWDVAJZ-UHFFFAOYSA-N,False,False,0.605263174
P09874_CHEMBL5410421,XQFNOSLDNBPLNW-UHFFFAOYSA-N,False,False,0.613333344
P09874_CHEMBL5397810,DIXJAUCKOHDBNI-UHFFFAOYSA-N,False,False,0.549450576
P09874_CHEMBL5421786,NTRILMYKFBMEBC-UHFFFAOYSA-N,False,False,0.571428597
P09874_CHEMBL5424475,SJLSKGISTQLWPO-UHFFFAOYSA-N,False,False,0.666666687
P09874_CHEMBL5438488,HLOAWTDOVMWWAG-UHFFFAOYSA-N,False,False,0.580645144
P09874_CHEMBL5415928,IBWYFZTUWYBKBG-UHFFFAOYSA-N,False,False,0.618421078
P09874_CHEMBL5398663,FSJBONLMIKLDFZ-UHFFFAOYSA-N,False,False,0.699999988
P09874_CHEMBL5403416,VPZDQYJIRRLJFC-UHFFFAOYSA-N,False,False,0.455696195
P09874_CHEMBL5441085,DQIOQHHMRDIBKU-UHFFFAOYSA-N,False,False,0.625
P09874_CHEMBL5398128,SXPWYWOGJYTTPG-UHFFFAOYSA-N,False,False,0.493150681
P09874_CHEMBL5429533,CSGHPSLYQBFKEY-UHFFFAOYSA-N,False,False,0.558139563
P09874_CHEMBL5428997,PKNBCAOALXLUQK-UHFFFAOYSA-N,False,False,0.5
P09874_CHEMBL5428376,QDPSJQULHBXXHG-UHFFFAOYSA-N,False,False,0.710526288
P09874_CHEMBL5393840,VSWDXFSNRCBKQK-UHFFFAOYSA-N,False,False,0.630136967
P09874_CHEMBL5438131,ZBFHNPZRPLQTCL-UHFFFAOYSA-N,False,False,0.710526288
P09874_CHEMBL5401937,HLAHINFHXDROJP-UHFFFAOYSA-N,False,False,0.796610177
P09874_CHEMBL5424406,IIPGRCOLWREKPK-UHFFFAOYSA-N,False,False,0.5
P09874_CHEMBL5427132,FSWQYXVSEUQTQS-UHFFFAOYSA-N,False,False,0.692307711
P09874_CHEMBL5434068,JPFSDKHFNSBQIJ-UHFFFAOYSA-N,False,False,0.625
P09874_CHEMBL5431934,BICAJCDASZYQAQ-UHFFFAOYSA-N,False,False,0.61728394
P09874_CHEMBL5411944,IQXSROPJVKQSPY-UHFFFAOYSA-N,False,False,0.602409661
P09874_CHEMBL5400911,LJZOBOFMSJPSFF-UHFFFAOYSA-N,False,False,0.430555552
P09874_CHEMBL5405947,RELPVTKVSFNAJH-UHFFFAOYSA-N,False,False,0.625
P09874_CHEMBL5430669,GZMCBHQCVSWYPI-UHFFFAOYSA-N,False,False,0.61728394
P09874_CHEMBL5404605,YNVKYRXMEZSOTQ-UHFFFAOYSA-N,False,False,0.675000012
P09874_CHEMBL5398361,VXYSCPNHOZCHHO-UHFFFAOYSA-N,False,False,0.796610177
P09874_CHEMBL5403532,NTRRZNOFZCFGGT-UHFFFAOYSA-N,False,False,0.588235319
P09874_CHEMBL5427693,YHYYNALXUDCTQJ-UHFFFAOYSA-N,False,False,0.567164183
P09874_CHEMBL5428981,NKXXNFCDLROXMP-UHFFFAOYSA-N,False,False,0.493975908
P09874_CHEMBL5417544,XWIGUMPDQVWUGH-UHFFFAOYSA-N,False,False,0.568181813
P09874_CHEMBL5407016,AKRLOQKVHUWNFB-UHFFFAOYSA-N,False,False,0.618181825
P09874_CHEMBL5427365,PNRISLRFARDPOP-UHFFFAOYSA-N,False,False,0.637931049
P09874_CHEMBL5427638,GHTBLXNISMBQPO-UHFFFAOYSA-N,False,False,0.699999988
P09874_CHEMBL5417122,WAOKTBQUESYAHD-UHFFFAOYSA-N,False,False,0.688524604
P09874_CHEMBL5440303,TXSTXVIMEGPQLD-UHFFFAOYSA-N,False,False,0.819672108
P09874_CHEMBL5403607,MYHBJWGJCFCDGS-UHFFFAOYSA-N,False,False,0.833333313
P09874_CHEMBL5403789,HCSDBWQLMBCURU-UHFFFAOYSA-N,False,False,0.793650806
P09874_CHEMBL5417924,LXFBUAMALVUULQ-UHFFFAOYSA-N,False,False,0.708860755
P09874_CHEMBL5437055,QKWXCXKERDPQID-UHFFFAOYSA-N,False,False,0.75999999
P09874_CHEMBL5436743,GWXCJBLTPXPRIQ-UHFFFAOYSA-N,False,False,0.75999999
P09874_CHEMBL5412306,OJKBQPOKCBGKQY-UHFFFAOYSA-N,False,False,0.695121944
P09874_CHEMBL5423216,ZFPQZDSXJQDUMR-UHFFFAOYSA-N,False,False,0.69135803
P09874_CHEMBL5410501,UDYQXFSHQVQHQK-UHFFFAOYSA-N,False,False,0.6875
P09874_CHEMBL5432616,DVOQAKDWCWDVBE-UHFFFAOYSA-N,False,False,0.6875
P09874_CHEMBL5425729,PFENPHISKTURDX-UHFFFAOYSA-N,False,False,0.679012358
P09874_CHEMBL5429957,GZSOYCMJDRBCTA-UHFFFAOYSA-N,False,False,0.670731723
P09874_CHEMBL5401127,HDFOYDQPLOOCKP-UHFFFAOYSA-N,False,False,0.642857134
P09874_CHEMBL5408163,RDIXPULHZOJKDO-UHFFFAOYSA-N,False,False,0.701298714
P09874_CHEMBL5416682,CRUIIWMTKDWEDF-UHFFFAOYSA-N,False,False,0.666666687
P09874_CHEMBL5425393,CRYMEWJWHHAAQJ-UHFFFAOYSA-N,False,False,0.720000029
P09874_CHEMBL5421957,HBRCXTDBULOPOH-UHFFFAOYSA-N,False,False,0.720000029
P09874_CHEMBL5395197,HZSQIERMGZPHHK-UHFFFAOYSA-N,False,False,0.729729712
P09874_CHEMBL5397203,MWYWHKGOAHOWAR-UHFFFAOYSA-N,False,False,0.847222209
P09874_CHEMBL5434897,UWPDADPDWVTOEC-UHFFFAOYSA-N,False,False,0.652777791
P09874_CHEMBL5414478,XVWZUMYLDUPVRN-UHFFFAOYSA-N,False,False,0.643835604
P09874_CHEMBL5439635,GMJHIXVSXIAXBU-UHFFFAOYSA-N,False,False,0.647887349
P09874_CHEMBL5416806,SDTRERMWZQTLRS-UHFFFAOYSA-N,False,False,0.638888896
P09874_CHEMBL5423072,HUQDBDMQKROGGR-UHFFFAOYSA-N,False,False,0.642857134
P09874_CHEMBL5428859,CEUSZBDWOAZEBV-UHFFFAOYSA-N,False,False,0.72307694
P09874_CHEMBL5421933,VXXHFHBGNMSWMO-UHFFFAOYSA-N,False,False,0.708333313
P09874_CHEMBL5419639,SRPQZLVMAZBVEH-UHFFFAOYSA-N,False,False,0.722222209
P09874_CHEMBL5397373,FICCKZPDRHVIJH-UHFFFAOYSA-N,False,False,0.680000007
P09874_CHEMBL5421335,XMLOXTGVMSYKHN-UHFFFAOYSA-N,False,False,0.671052635
P09874_CHEMBL5437813,POPCEFBMGMRZJG-UHFFFAOYSA-N,False,False,0.708860755
P09874_CHEMBL5414994,SBJGLDKVXLKVPI-UHFFFAOYSA-N,False,False,0.75
P09874_CHEMBL5418896,AGYRIAKSKBQPQX-UHFFFAOYSA-N,False,False,0.697368443
P09874_CHEMBL5432033,DXBJWAWQZDLDNB-UHFFFAOYSA-N,False,False,0.701754391
P09874_CHEMBL5428478,VWGTXGVNXSQKOQ-UHFFFAOYSA-N,False,False,0.722222209
P09874_CHEMBL5408263,UOJQIPKLYOLALI-UHFFFAOYSA-N,False,False,0.702702701
P0DTD1_CHEMBL5401763,ROKMUCPLTAZLES-SJORKVTESA-N,False,False,0.666666687
P0DTD1_CHEMBL5407849,OLSXNEOIZNGIMA-PBHICJAKSA-N,False,False,0.587499976
P0DTD1_CHEMBL5435659,POKGOYUMQMREBP-OLMNGRFOSA-N,False,False,0.584415555
P0DTD1_CHEMBL5409319,SSXOXEPZLHAGPT-WAEHTFFWSA-N,False,False,0.670731723
P0DTD1_CHEMBL5396631,HDKKRSRQHVRDMX-DCHLLWBOSA-N,False,False,0.77922076
P0DTD1_CHEMBL5401883,NSGYGAIQPMBZCX-FHULIHMCSA-N,False,False,0.857142866
P0DTD1_CHEMBL5406957,IUBLITQCXOGJSB-OTWHNJEPSA-N,False,False,0.765625
P0DTD1_CHEMBL5399907,RCBGQRVTFGJKDF-FCEWJHQRSA-N,False,False,0.861111104
P0DTD1_CHEMBL5423593,YBCTXELRRVXUMP-BMRADRMJSA-N,False,False,0.800000012
P0DTD1_CHEMBL5430129,HFAQPPCUYKHOOH-HTXNQAPBSA-N,False,False,0.555555582
P0DTD1_CHEMBL5408402,JXIOKIMXGLJRNE-CAPFRKAQSA-N,False,False,0.704545438
P0DTD1_CHEMBL5441037,WTADIQRMZYZDMU-FBMGVBCBSA-N,False,False,0.756097555
P0DTD1_CHEMBL5418476,FNAQJIAJGRQINU-BMRADRMJSA-N,False,False,0.800000012
P0DTD1_CHEMBL5429971,GPDSCEALZAWKKP-UHFFFAOYSA-N,False,False,0.41538462
P0DTD1_CHEMBL5429672,PYWDUZMPZHOKKQ-UCNVUYJDSA-N,False,False,0.740259767
P0DTD1_CHEMBL5412724,JXENWKUSJGYYMR-GYHPOREXSA-N,False,False,0.847222209
P0DTD1_CHEMBL5441950,LTRJLSZFSMIFKQ-OAQYLSRUSA-N,False,False,0.378378391
P0DTD1_CHEMBL5441791,BAKHFAHQAALXLH-SSEXGKCCSA-N,False,False,0.462365597
P0DTD1_CHEMBL5411271,LJWALKABMDOAQJ-WLNPFYQQSA-N,False,False,0.583333313
P0DTD1_CHEMBL5441510,VEYPUKFWBHGVAX-RUZDIDTESA-N,False,False,0.456790119
P0DTD1_CHEMBL5441605,RQPWWLCXQWXPBP-CQSZACIVSA-N,False,False,0.534482777
P0DTD1_CHEMBL5441935,GRJAABZHDCDBPJ-CQSZACIVSA-N,False,False,0.524590135
P0DTD1_CHEMBL5441732,LZEDQOZHFNDYQQ-JOCHJYFZSA-N,False,False,0.411764711
P0DTD1_CHEMBL5441826,INTVAQIGOZRVDB-JOCHJYFZSA-N,False,False,0.400000006
P0DTD1_CHEMBL5426704,SECRSTYVPYWRNE-UHFFFAOYSA-N,False,False,0.638297856
P0DTD1_CHEMBL5415290,VDCXFDBQFFXWNJ-BZSNNMDCSA-N,False,False,0.876923084
P0DTD1_CHEMBL5427537,UKRHQTNPJUCCTN-BXWFABGCSA-N,False,False,0.803030312
P0DTD1_CHEMBL5434998,AUWNTEWUDNRBCP-UHFFFAOYSA-N,False,False,0.354166657
P0DTD1_CHEMBL5414443,DIEYNIFGMNOMED-BJYRRAHNSA-N,False,False,0.50526315
P0DTD1_CHEMBL5438575,CEPDINKBBXBPJN-RABCQHRBSA-N,False,False,0.545454562
P0DTD1_CHEMBL5409804,YSFRIMTVIBGECS-PXQJOHHUSA-N,False,False,0.539325833
P0DTD1_CHEMBL5403964,KEAASSFDBHSWDX-WLNPFYQQSA-N,False,False,0.533333361
P0DTD1_CHEMBL5408555,FOCDZSKFLONADN-UHFFFAOYSA-N,False,False,0.558823526
P0DTD1_CHEMBL5397992,LVUKWBPECUZOET-NSHDSACASA-N,False,False,0.542372882
P0DTD1_CHEMBL5440889,NSAPQHIHCHMAMY-INIZCTEOSA-N,False,False,0.612903237
P0DTD1_CHEMBL5434494,VZBYPRMHSZIUBJ-UHFFFAOYSA-N,False,False,0.553191483
P0DTD1_CHEMBL5425267,QYIPOLXXSPYNDW-HAGHYFMRSA-N,False,False,0.645569623
P0DTD1_CHEMBL5432119,LIENCHBZNNMNKG-QNILMXGZSA-N,False,True,1.0
P0DTD1_CHEMBL5441539,VMLINRUYZVZNFJ-NRFANRHFSA-N,False,False,0.42696628
P0DTD1_CHEMBL5441427,HNGLMAWBZGZAMH-IBGZPJMESA-N,False,False,0.391752571
P0DTD1_CHEMBL5441471,KHBNSSCZXPAZKA-INIZCTEOSA-N,False,False,0.5
P0DTD1_CHEMBL5395936,HBEBWEDMRCKFAH-FHULIHMCSA-N,False,False,0.833333313
P0DTD1_CHEMBL5410610,GSQUEPWVAXRJAH-SPXUEHIWSA-N,False,False,0.740740716
P0DTD1_CHEMBL5403352,ZCJAOBZWEYMXKI-WKOLOUIMSA-N,False,False,0.789473712
P0DTD1_CHEMBL5441402,VMLINRUYZVZNFJ-OAQYLSRUSA-N,False,False,0.42696628
P0DTD1_CHEMBL5441700,HNGLMAWBZGZAMH-LJQANCHMSA-N,False,False,0.391752571
P0DTD1_CHEMBL5424128,NPXURFUHUJZXJT-UHFFFAOYSA-N,False,False,0.473684222
P0DTD1_CHEMBL5407708,QGHUSKVQGFFQDZ-UHFFFAOYSA-N,False,False,0.382978737
P0DTD1_CHEMBL5432454,RDUXYXJTXPBBFL-UHFFFAOYSA-N,False,False,0.419999987
P0DTD1_CHEMBL5413385,WBJZVUPGWANLHC-QRFRQXIXSA-N,False,False,0.736842096
P0DTD1_CHEMBL5396481,NAQVFTHUFHJOPN-QRFRQXIXSA-N,False,False,0.746478856
P0DTD1_CHEMBL5414071,RDZZBPHZWCRITM-QRFRQXIXSA-N,False,False,0.813333333
P0DTD1_CHEMBL5420595,HMUYBYVCNWUNMY-QRFRQXIXSA-N,False,False,0.736842096
P0DTD1_CHEMBL5428994,UDWWSOGWAUAPBO-BJLQDIEVSA-N,False,False,0.797101438
P0DTD1_CHEMBL5426613,XXJAVGQTBNOAKV-BJLQDIEVSA-N,False,False,0.774647892
P0DTD1_CHEMBL5393926,NROLNSNNABEALX-QRFRQXIXSA-N,False,False,0.736111104
P0DTD1_CHEMBL5405557,VZIYPNWVVYEAOU-QRFRQXIXSA-N,False,False,0.77922076
P0DTD1_CHEMBL5408912,WSNQBESMSXHMPK-QRFRQXIXSA-N,False,False,0.727272749
P0DTD1_CHEMBL5433524,JGRJVKVZQYCAHT-NYVOZVTQSA-N,False,False,0.743243217
P0DTD1_CHEMBL5405589,JBTZGNCQFCDGNF-BJLQDIEVSA-N,False,False,0.594936728
P0DTD1_CHEMBL5426970,NFQUTFRPWQDRIQ-BJLQDIEVSA-N,False,False,0.785714269
P0DTD1_CHEMBL5402239,YZKRVGGXWOHLKY-ZWOKBUDYSA-N,False,False,0.675000012
P0DTD1_CHEMBL5415120,BQGBCGKBHRXAPH-PBSKCCSASA-N,False,False,0.763888896
P0DTD1_CHEMBL5421269,HSKHDUVNVQYLID-ITMSHXEOSA-N,False,False,0.879999995
P0DTD1_CHEMBL5438553,CJCGFSUQDWYZCH-JLISXIFJSA-N,False,False,0.875
P0DTD1_CHEMBL5424235,FWXJZMWFCKTWBW-LNLFQRSKSA-N,False,False,0.787878811
P0DTD1_CHEMBL5426938,OZVSHTNTPRENCA-HNPIODEQSA-N,False,False,0.514563084
P0DTD1_CHEMBL5397697,MPTSPHGWUSPONR-ZTFIZQGXSA-N,False,False,0.913793087
P0DTD1_CHEMBL5405842,DXPPEGVRWQPFID-XSLAGTTESA-N,False,False,0.736111104
P0DTD1_CHEMBL5412571,AZMUHUYPUWGKJR-GMUMSBIHSA-N,False,True,1.0
P0DTD1_CHEMBL5405273,DOIOFQFSBFPIHY-UHFFFAOYSA-N,False,False,0.458333343
P0DTD1_CHEMBL5399660,KVIMNSGFJXLOGD-UHFFFAOYSA-N,False,False,0.483333319
P0DTD1_CHEMBL5406891,ZRYHXKCLNUWHHB-UHFFFAOYSA-N,False,False,0.627451003
P0DTD1_CHEMBL5400991,YIVKNKDXEMYPEQ-UHFFFAOYSA-N,False,False,0.517857134
P0DTD1_CHEMBL5434000,ZZQQYBRLCSIHRB-UHFFFAOYSA-N,False,False,0.617021263
P0DTD1_CHEMBL5409249,YKRKOMXJYGVMES-UHFFFAOYSA-N,False,False,0.426229507
P0DTD1_CHEMBL5394410,PSHQNZJSKHFHFV-UHFFFAOYSA-N,False,False,0.462962955
P0DTD1_CHEMBL5441563,OKZZUHZRWHYVOH-QGZVFWFLSA-N,False,False,0.384615391
P0DTD1_CHEMBL5442069,JOEMJCCYLANLPW-GOSISDBHSA-N,False,False,0.371428579
P0DTD1_CHEMBL5441727,NHPBNVINEAFATB-QGZVFWFLSA-N,False,False,0.382352948
P0DTD1_CHEMBL5441819,JQPBTWZBAYATTH-OAHLLOKOSA-N,False,False,0.467741936
P0DTD1_CHEMBL5441643,USBFDOJBVRHGSU-OAQYLSRUSA-N,False,False,0.386666656
P0DTD1_CHEMBL5441930,KDYLWDSKBDMORA-AREMUKBSSA-N,False,False,0.410256416
P0DTD1_CHEMBL5441856,OWLNWAJAVPZSCT-AREMUKBSSA-N,False,False,0.379746825
P0DTD1_CHEMBL5441587,WZDOSLGZYCGXOA-HXUWFJFHSA-N,False,False,0.446153849
P0DTD1_CHEMBL5441883,ODRXCTRVUKRQAL-LJQANCHMSA-N,False,False,0.402985066
P0DTD1_CHEMBL5441871,MGJJHXRFQROKDH-HSZRJFAPSA-N,False,False,0.424657524
P0DTD1_CHEMBL5441794,PQLYTUBCZKOCOK-JOCHJYFZSA-N,False,False,0.465753436
P0DTD1_CHEMBL5442006,OFCBDQYBXGIQSH-XMMPIXPASA-N,False,False,0.479452044
P0DTD1_CHEMBL5441473,VZJNPQLAERMJHF-RUZDIDTESA-N,False,False,0.444444448
P0DTD1_CHEMBL5441829,RXZZFJNEOIOZDB-HSZRJFAPSA-N,False,False,0.454545468
P0DTD1_CHEMBL5441570,ISDPMZABDKCNKO-OAQYLSRUSA-N,False,False,0.376470596
P0DTD1_CHEMBL5441961,ZOHHFYIBJYGUEC-JOCHJYFZSA-N,False,False,0.600000024
P0DTD1_CHEMBL5442039,UKQORZLOMCGXSC-HSZRJFAPSA-N,False,False,0.428571433
P0DTD1_CHEMBL5441517,AZBXATZFZIBFDC-RUZDIDTESA-N,False,False,0.407894731
P0DTD1_CHEMBL5441425,SFTQLUJYJDDIEI-XMMPIXPASA-N,False,False,0.402597398
P0DTD1_CHEMBL5442027,AWSNZPXGRACAKH-HSZRJFAPSA-N,False,False,0.422535211
P0DTD1_CHEMBL5441419,FOHLARQQDMPIMG-XMMPIXPASA-N,False,False,0.402597398
P0DTD1_CHEMBL5441459,JFDIWDOKWADBQP-XMMPIXPASA-N,False,False,0.428571433
P0DTD1_CHEMBL5442050,OSOSPNOVAVLBFJ-HSZRJFAPSA-N,False,False,0.5
P0DTD1_CHEMBL5441725,IJXJZFZJESTBAL-HHHXNRCGSA-N,False,False,0.457831323
P0DTD1_CHEMBL5441492,UGFMOVYWJFQRSJ-JOCHJYFZSA-N,False,False,0.479999989
P0DTD1_CHEMBL5441576,UMQVGWKFMWSZFE-XMMPIXPASA-N,False,False,0.379746825
P0DTD1_CHEMBL5441571,DQRAQXYHTNGIFW-XMMPIXPASA-N,False,False,0.378048778
P0DTD1_CHEMBL5441705,NHQZZHQOLUQMTF-HXUWFJFHSA-N,False,False,0.411764711
P0DTD1_CHEMBL5441765,KZLZTLGUXZYJFQ-JOCHJYFZSA-N,False,False,0.385714293
P0DTD1_CHEMBL5441896,BRVOBKORRXYCQP-HSZRJFAPSA-N,False,False,0.405405402
P0DTD1_CHEMBL5441683,NGIWHSNAPWXHON-HXUWFJFHSA-N,False,False,0.397058815
P0DTD1_CHEMBL5442008,AFWGYYUKTDLUFR-HSZRJFAPSA-N,False,False,0.38961038
P0DTD1_CHEMBL5441956,DCEQVQRTEGMJRQ-JOCHJYFZSA-N,False,False,0.452054799
P0DTD1_CHEMBL5441812,AADQTLURINMICH-RUZDIDTESA-N,False,False,0.416666657
P0DTD1_CHEMBL5442158,VPBOWMQFQZZIDC-AREMUKBSSA-N,False,False,0.38271606
P0DTD1_CHEMBL5442144,LKOZAZXEPKEJPQ-JOCHJYFZSA-N,False,False,0.397058815
P0DTD1_CHEMBL5441580,IBOYGNNCCFESMH-HXUWFJFHSA-N,False,False,0.5
P0DTD1_CHEMBL5441781,NBLIMNKRONCEBL-JOCHJYFZSA-N,False,False,0.375
P0DTD1_CHEMBL5441515,XOKOZMBZXAIPGG-HSZRJFAPSA-N,False,False,0.364864856
P0DTD1_CHEMBL5441630,RFMSECMCXFKADW-HSZRJFAPSA-N,False,False,0.376623362
P0DTD1_CHEMBL5442110,NSYZTAZBKJLOCL-HXUWFJFHSA-N,False,False,0.453125
P0DTD1_CHEMBL5441468,IYZDGVIHMDUYPG-OAQYLSRUSA-N,False,False,0.413333327
P0DTD1_CHEMBL5441882,FFVDWICHSGXCDG-OAQYLSRUSA-N,False,False,0.392405063
P0DTD1_CHEMBL5441797,STHBSWIDLKRKIS-JOCHJYFZSA-N,False,False,0.368421048
P0DTD1_CHEMBL5441851,JGMVHMPZWKKXRM-LJQANCHMSA-N,False,False,0.439393938
P0DTD1_CHEMBL5442054,DUDLAUWJUXWZDU-HXUWFJFHSA-N,False,False,0.422535211
P0DTD1_CHEMBL5441972,FCYXGPXOKMWAPG-OAQYLSRUSA-N,False,False,0.458333343
P0DTD1_CHEMBL5441687,ZMWVVFSHUJAWGL-OAQYLSRUSA-N,False,False,0.383561641
P0DTD1_CHEMBL5441689,JKDWQUINMIAHPJ-HXUWFJFHSA-N,False,False,0.434782594
P0DTD1_CHEMBL5441716,OJUYAPBHBXBKDL-HSZRJFAPSA-N,False,False,0.384615391
P0DTD1_CHEMBL5441822,XERJVTVZRYKPKP-JOCHJYFZSA-N,False,False,0.397260278
P0DTD1_CHEMBL5441987,USMSZOYMWQDGFW-JOCHJYFZSA-N,False,False,0.379746825
P0DTD1_CHEMBL5441813,KXIHRKSVPYJANC-HSZRJFAPSA-N,False,False,0.363636374
P0DTD1_CHEMBL5441802,MSSJJQVLUVCUMF-JOCHJYFZSA-N,False,False,0.479452044
P0DTD1_CHEMBL5441724,GWOOLNIRQHQARJ-HSZRJFAPSA-N,False,False,0.412499994
P0DTD1_CHEMBL5441780,VHAFIVOMGONIRP-RUZDIDTESA-N,False,False,0.388059705
P0DTD1_CHEMBL5441426,VGGFJUSNTDMCFS-HSZRJFAPSA-N,False,False,0.467532456
P0DTD1_CHEMBL5441609,MYIHZXWRAXSTBO-HXUWFJFHSA-N,False,False,0.414285719
P0DTD1_CHEMBL5441696,RSIUOPMEGUQHER-OAQYLSRUSA-N,False,False,0.449275374
P0DTD1_CHEMBL5441589,NSPCHUWAXWAWPG-RUZDIDTESA-N,False,False,0.485714287
P0DTD1_CHEMBL5442015,HQOZDHPKHZJQIU-JOCHJYFZSA-N,False,False,0.45714286
P0DTD1_CHEMBL5441619,SJGLDMPCZOWSEM-HSZRJFAPSA-N,False,False,0.392405063
P0DTD1_CHEMBL5442153,NYPFDGLUSKFPPY-OAQYLSRUSA-N,False,False,0.388888896
P0DTD1_CHEMBL5441620,RBQNXZASHYVROJ-HXUWFJFHSA-N,False,False,0.481012672
P0DTD1_CHEMBL5441420,VEHUOEZZWMFMSY-OAQYLSRUSA-N,False,False,0.464285702
P0DTD1_CHEMBL5441982,VMVTZLAHTZSUNK-HXUWFJFHSA-N,False,False,0.458823532
P0DTD1_CHEMBL5441397,QVUKXGBFXJCECS-HXUWFJFHSA-N,False,False,0.464285702
P0DTD1_CHEMBL5441652,HIBYLZIZKUOGJT-OAQYLSRUSA-N,False,False,0.395061731
P0DTD1_CHEMBL5441416,BBKWJEQCDSISII-OAQYLSRUSA-N,False,False,0.392405063
P0DTD1_CHEMBL5441435,MYYOPRUFWDINOB-JOCHJYFZSA-N,False,False,0.380952388
P0DTD1_CHEMBL5441434,PDMCJXOQSPIIAD-LJQANCHMSA-N,False,False,0.345679015
P0DTD1_CHEMBL5441414,TVKAXNHJIVHZSG-LJQANCHMSA-N,False,False,0.376623362
P0DTD1_CHEMBL5441440,AFMHWIWEGVCZPX-LJQANCHMSA-N,False,False,0.394366205
P0DTD1_CHEMBL5441508,SHZPXFOLCCJQHQ-OAQYLSRUSA-N,False,False,0.422222227
P0DTD1_CHEMBL5441634,OSXIZAURJPJFNN-JOCHJYFZSA-N,False,False,0.422680408
P0DTD1_CHEMBL5441938,OMLATVUJGXLIPF-HSZRJFAPSA-N,False,False,0.414141417
P0DTD1_CHEMBL5441952,QYJKHPIKCGUPIH-JOCHJYFZSA-N,False,False,0.38271606
P0DTD1_CHEMBL5441432,AUYUXKUHCFEGAY-HSZRJFAPSA-N,False,False,0.433333337
P0DTD1_CHEMBL5441433,LINFEKYNSQDOEE-XMMPIXPASA-N,False,False,0.410526305
P0DTD1_CHEMBL5441823,ASUWGYSSFBCMSI-OAQYLSRUSA-N,False,False,0.423913032
P0DTD1_CHEMBL5441441,RDWPPAYGJQHSBJ-OAQYLSRUSA-N,False,False,0.448275864
P0DTD1_CHEMBL5441429,LDPYAKYDXGPUOB-JOCHJYFZSA-N,False,False,0.423913032
P0DTD1_CHEMBL5442036,XZFXZEMIEVZNCN-LJQANCHMSA-N,False,False,0.413043469
P0DTD1_CHEMBL5441422,ALWGPELAHVXZMN-LJQANCHMSA-N,False,False,0.406593412
P0DTD1_CHEMBL5442120,HWTLEDXDRBHZBM-HSZRJFAPSA-N,False,False,0.376470596
P0DTD1_CHEMBL5442100,XJZVKVDWJJFUOP-HSZRJFAPSA-N,False,False,0.404494375
P0DTD1_CHEMBL5441423,UXTDPECLHWYNGF-JOCHJYFZSA-N,False,False,0.438202262
P0DTD1_CHEMBL5441764,BXWVNTWEAPIZCT-LHSJRXKWSA-N,False,False,0.425287366
P0DTD1_CHEMBL5441555,RUPWHOAGSFPQGO-LJQANCHMSA-N,False,False,0.439393938
P0DTD1_CHEMBL5441739,VAONVVNMXRCJSV-QGZVFWFLSA-N,False,False,0.397058815
P0DTD1_CHEMBL5441990,MCNWSJWGBHZJNA-GOSISDBHSA-N,False,False,0.433333337
P0DTD1_CHEMBL5441486,XVYPIDHOMNPPEO-LJQANCHMSA-N,False,False,0.391891897
P0DTD1_CHEMBL5441835,HUECEGUGSIBLGC-HSZRJFAPSA-N,False,False,0.38961038
P0DTD1_CHEMBL5442087,ZDIROXOWXNSOCY-HXUWFJFHSA-N,False,False,0.388888896
P0DTD1_CHEMBL5442049,BDLKQPHDUZTNPZ-OAQYLSRUSA-N,False,False,0.361445785
P0DTD1_CHEMBL5442072,OJTVDXHUWMQJJB-LJQANCHMSA-N,False,False,0.400000006
P0DTD1_CHEMBL5441575,JHOIBXZVDXGXBF-HXUWFJFHSA-N,False,False,0.410958916
P0DTD1_CHEMBL5441844,XBDMTQDWCXZYKC-HXUWFJFHSA-N,False,False,0.405405402
P0DTD1_CHEMBL5441506,MRNBGJYKSYERCN-HXUWFJFHSA-N,False,False,0.416666657
P0DTD1_CHEMBL5442037,OHAMLAFFRWWEAC-OAQYLSRUSA-N,False,False,0.405405402
P0DTD1_CHEMBL5441954,GIHQPVMDTYBIIA-LJQANCHMSA-N,False,False,0.422535211
P0DTD1_CHEMBL5441893,KRNRKQIZILONDI-OAQYLSRUSA-N,False,False,0.394736856
P0DTD1_CHEMBL5441755,QANJVUITQIBJQI-OAQYLSRUSA-N,False,False,0.410958916
P0DTD1_CHEMBL5441771,GFZJRHSSGDLOLA-LJQANCHMSA-N,False,False,0.449275374
P0DTD1_CHEMBL5442045,MPDHTJONAQZCOH-JOCHJYFZSA-N,False,False,0.400000006
P0DTD1_CHEMBL5441977,RCMQKKCJTRCIFM-HXUWFJFHSA-N,False,False,0.428571433
P0DTD1_CHEMBL5442077,WRRFPMWYIUTVIG-OAQYLSRUSA-N,False,False,0.394736856
P0DTD1_CHEMBL5441626,ITCUNHSTYWLLND-OAQYLSRUSA-N,False,False,0.400000006
P0DTD1_CHEMBL5441647,KHLYNCKADPIVAJ-HXUWFJFHSA-N,False,False,0.506329119
P0DTD1_CHEMBL5441754,OPSAEAJJLXUBJJ-YCRPNKLZSA-N,False,False,0.405405402
P0DTD1_CHEMBL5441533,HFMXTPYSIQAOTK-HXUWFJFHSA-N,False,False,0.410958916
P0DTD1_CHEMBL5442070,JXXFYVSQLMUYKK-OAQYLSRUSA-N,False,False,0.400000006
P0DTD1_CHEMBL5441495,RUPVPMHENXHLGO-HXUWFJFHSA-N,False,False,0.410958916
P0DTD1_CHEMBL5441892,SGRAHGXYYRDAEH-HXUWFJFHSA-N,False,False,0.410958916
P0DTD1_CHEMBL5441936,QAFFZPYVMIHVIY-OAQYLSRUSA-N,False,False,0.428571433
P0DTD1_CHEMBL5441983,GABCTFLTPPSWTG-HXUWFJFHSA-N,False,False,0.44155845
P0DTD1_CHEMBL5442057,ZSAPGZBSVVAICW-IIBYNOLFSA-N,False,False,0.395061731
P0DTD1_CHEMBL5441396,QEVYAPKJBMOYGR-XMSQKQJNSA-N,False,False,0.358024687
P0DTD1_CHEMBL5441387,QEVYAPKJBMOYGR-PGRDOPGGSA-N,False,False,0.358024687
P0DTD1_CHEMBL5441595,NHQPEORUKMKULE-XQTRSNPVSA-N,False,False,0.388888896
P0DTD1_CHEMBL5441627,YFNDQRHPZRDQMT-XTCWOQMQSA-N,False,False,0.394366205
P0DTD1_CHEMBL5441513,YMYCAVBWISBGTF-LJQANCHMSA-N,False,False,0.384615391
P0DTD1_CHEMBL5442114,JBUTXYUKXHQSFS-LJQANCHMSA-N,False,False,0.425287366
P0DTD1_CHEMBL5441672,QJNJLKOPGDFFBZ-OAQYLSRUSA-N,False,False,0.391891897
P0DTD1_CHEMBL5441913,FEUINCOBZKJPGC-LJQANCHMSA-N,False,False,0.425287366
P0DTD1_CHEMBL5442017,RLTCELIVRJYYIV-GOSISDBHSA-N,False,False,0.402298838
P0DTD1_CHEMBL5442067,BRFFNLHGPBMFJR-MRXNPFEDSA-N,False,False,0.45161289
P0DTD1_CHEMBL5441428,LVADFHSKDFRCSD-MRXNPFEDSA-N,False,False,0.45161289
P0DTD1_CHEMBL5442119,FCRFDVFRMSGWBA-HXUWFJFHSA-N,False,False,0.402985066
P0DTD1_CHEMBL5441776,QSFMFZUYFVRNFR-OAQYLSRUSA-N,False,False,0.383561641
P0DTD1_CHEMBL5441991,JGAOHSJUTSHOAL-OAQYLSRUSA-N,False,False,0.383561641
P0DTD1_CHEMBL5441465,IIUDVUUCQMTOFR-OAQYLSRUSA-N,False,False,0.455882341
P0DTD1_CHEMBL5441992,MVEPBFBWMFRKHV-GOSISDBHSA-N,False,False,0.391891897
P0DTD1_CHEMBL5441525,UGFRYNBGRYDQKM-IIBYNOLFSA-N,False,False,0.454545468
P0DTD1_CHEMBL5441516,RBQSDPUTNAMVNL-FOIQADDNSA-N,False,False,0.455882341
P0DTD1_CHEMBL5441546,OYQXBDXBPODTAA-NFBKMPQASA-N,False,False,0.362500012
P0DTD1_CHEMBL5441714,WQNHDGPMWAVVPE-DENIHFKCSA-N,False,False,0.380281687
P0DTD1_CHEMBL5441511,RCCDJVIDATVQPN-HXUWFJFHSA-N,False,False,0.378787875
P0DTD1_CHEMBL5442116,UCLYOSGPBGOWMD-MRXNPFEDSA-N,False,False,0.409836054
P0DTD1_CHEMBL5441746,WVURYMITTNHSFQ-QGZVFWFLSA-N,False,False,0.41772151
P0DTD1_CHEMBL5441708,TUXUBOJGCHHMCQ-GOSISDBHSA-N,False,False,0.426229507
P0DTD1_CHEMBL5441418,FGTMEWMCYMGHFR-HXUWFJFHSA-N,False,False,0.347826093
P0DTD1_CHEMBL5441613,WVTDDXAHRUXLAE-MRXNPFEDSA-N,False,False,0.444444448
P0DTD1_CHEMBL5441702,POALVXMAIPIXGH-MRXNPFEDSA-N,False,False,0.403225809
P0DTD1_CHEMBL5441788,DEDSSBWWGNIGPY-GOSISDBHSA-N,False,False,0.382352948
P0DTD1_CHEMBL5442047,PWYDKNUZBTWSPK-MRXNPFEDSA-N,False,False,0.400000006
P0DTD1_CHEMBL5442061,GXLCUYJXVMTDDX-MRVPVSSYSA-N,False,False,0.604651153
P0DTD1_CHEMBL5441741,RBCLNCQDYKLDOO-MRVPVSSYSA-N,False,False,0.820512831
P0DTD1_CHEMBL5441815,PJPHOEMFZKBWQW-OAHLLOKOSA-N,False,False,0.472727269
P0DTD1_CHEMBL5442142,AHSFZFGYUDAQPZ-CQSZACIVSA-N,False,False,0.528301895
P0DTD1_CHEMBL5441719,WTWJKNIXZDFAJU-OAHLLOKOSA-N,False,False,0.464285702
P0DTD1_CHEMBL5441784,RJAAICIZYTZVRX-MRXNPFEDSA-N,False,False,0.457627118
P0DTD1_CHEMBL5441604,DZEYRHPNMHMSGC-QGZVFWFLSA-N,False,False,0.465517253
P0DTD1_CHEMBL5441863,NCOFSPWMVMJKGF-MRXNPFEDSA-N,False,False,0.465517253
P0DTD1_CHEMBL5441530,IPGKGPAQZFXXFE-QGZVFWFLSA-N,False,False,0.492957741
P0DTD1_CHEMBL5442035,WQERNMAOFZQEAD-QGZVFWFLSA-N,False,False,0.507246375
P0DTD1_CHEMBL5441407,RVNCKZBANYMKLC-MRXNPFEDSA-N,False,False,0.457627118
P0DTD1_CHEMBL5441733,ZPGWNGDWHONPDF-BDJLRTHQSA-N,False,False,0.45714286
P0DTD1_CHEMBL5441464,DXKILNSRUHJVEU-MRXNPFEDSA-N,False,False,0.457627118
P0DTD1_CHEMBL5441545,HRCRAEXBWPFKMH-MRXNPFEDSA-N,False,False,0.53125
P0DTD1_CHEMBL5441386,WLJITGAGZLIWOY-QGZVFWFLSA-N,False,False,0.457627118
P0DTD1_CHEMBL5441406,CZXKHZZOXXFNSF-MRXNPFEDSA-N,False,False,0.478873253
P0DTD1_CHEMBL5441482,YCVWFRQHQQKNQQ-OAHLLOKOSA-N,False,False,0.465517253
P0DTD1_CHEMBL5441891,NYXVMKHEQMHJPT-QGZVFWFLSA-N,False,False,0.44262296
P0DTD1_CHEMBL5441737,ZOAYHKFZRLYEIR-MRXNPFEDSA-N,False,False,0.457627118
P0DTD1_CHEMBL5442154,AAJZVIZODPGZCA-MRXNPFEDSA-N,False,False,0.485714287
P0DTD1_CHEMBL5483082,NBARCSYKTIMJDP-ZRTDVJLTSA-N,False,False,0.472222209
P0DTD1_CHEMBL5441878,ZQIAXEHEBSBICB-CQSZACIVSA-N,False,False,0.473684222
P0DTD1_CHEMBL5441489,NZDSSCDYOQMGNJ-CQSZACIVSA-N,False,False,0.472727269
P0DTD1_CHEMBL5441738,SFIVQLRPFXQAEA-OAHLLOKOSA-N,False,False,0.457627118
P0DTD1_CHEMBL5441849,CGZHRRXDDXRYKY-CQSZACIVSA-N,False,False,0.472727269
P0DTD1_CHEMBL5441676,QOSPBULKSCORBJ-CQSZACIVSA-N,False,False,0.516666651
P0DTD1_CHEMBL5441610,DKRXLXOJXBZTOK-OAHLLOKOSA-N,False,False,0.5
P0DTD1_CHEMBL5441978,XKDVZFJPCFBIMT-GFCCVEGCSA-N,False,False,0.541666687
P0DTD1_CHEMBL5442012,JAOGVOQVFKPTHY-CYBMUJFWSA-N,False,False,0.565217376
P0DTD1_CHEMBL5441645,LBBFMTWSULDMQR-GFCCVEGCSA-N,False,False,0.509803951
P0DTD1_CHEMBL5441527,ILDUXKDWIOHLGT-CQSZACIVSA-N,False,False,0.490566045
P0DTD1_CHEMBL5441476,AFWXUUKRKMPOIZ-OAHLLOKOSA-N,False,False,0.465517253
P0DTD1_CHEMBL5441888,FXODOEXIHYRLRT-QGZVFWFLSA-N,False,False,0.405797094
P0DTD1_CHEMBL5442033,IBXKARRKZSHSBW-LJQANCHMSA-N,False,False,0.5
P0DTD1_CHEMBL5441490,XAADAAIXGSKUQX-MRXNPFEDSA-N,False,False,0.391304344
P0DTD1_CHEMBL5442081,LYDCSQLTUZEBTE-LLVKDONJSA-N,False,False,0.448275864
P0DTD1_CHEMBL5441979,BSAIYNNHJUULAE-QGZVFWFLSA-N,False,False,0.327868849
P0DTD1_CHEMBL5441562,GONOUOBQKKAWON-QGZVFWFLSA-N,False,False,0.365079373
P0DTD1_CHEMBL5441718,YBARVFVRLOZCMA-QFIPXVFZSA-N,False,False,0.400000006
P0DTD1_CHEMBL5441734,CQFMTHKPYLBMFG-SNVBAGLBSA-N,False,False,0.519230783
P0DTD1_CHEMBL5441598,UQNGWKIAUTZMKI-VIFPVBQESA-N,False,False,0.627906978
P0DTD1_CHEMBL5424014,YOVZKJOXUQZXQW-XSLAGTTESA-N,False,False,0.579710126
P0DTD1_CHEMBL5438782,IAECQFMMXMOKGS-QAETUUGQSA-N,False,False,0.611940324
P0DTD1_CHEMBL5401358,SOOZDRZESQAIJW-ATIWLJMLSA-N,False,False,0.580246925
P0DTD1_CHEMBL5409791,SSXXVUXAHDLVTH-HVTWWXFQSA-N,False,False,0.566265047
P0DTD1_CHEMBL5395225,UDPOYLPOECCAHB-RABCQHRBSA-N,False,False,0.649999976
P0DTD1_CHEMBL5402990,SSXXVUXAHDLVTH-KNJMJIDISA-N,False,False,0.566265047
P0DTD1_CHEMBL5441879,JQPBTWZBAYATTH-HNNXBMFYSA-N,False,False,0.467741936
P0DTD1_CHEMBL5441412,VEHUOEZZWMFMSY-NRFANRHFSA-N,False,False,0.464285702
P0DTD1_CHEMBL5441410,HIBYLZIZKUOGJT-NRFANRHFSA-N,False,False,0.395061731
P0DTD1_CHEMBL5441989,BBKWJEQCDSISII-NRFANRHFSA-N,False,False,0.392405063
P0DTD1_CHEMBL5441400,MYYOPRUFWDINOB-QFIPXVFZSA-N,False,False,0.380952388
P0DTD1_CHEMBL5441404,PDMCJXOQSPIIAD-IBGZPJMESA-N,False,False,0.345679015
P0DTD1_CHEMBL5441415,TVKAXNHJIVHZSG-IBGZPJMESA-N,False,False,0.376623362
P0DTD1_CHEMBL5441778,AUYUXKUHCFEGAY-QHCPKHFHSA-N,False,False,0.433333337
P0DTD1_CHEMBL5441960,LINFEKYNSQDOEE-DEOSSOPVSA-N,False,False,0.410526305
P0DTD1_CHEMBL5441608,RDWPPAYGJQHSBJ-NRFANRHFSA-N,False,False,0.448275864
P0DTD1_CHEMBL5441394,LDPYAKYDXGPUOB-QFIPXVFZSA-N,False,False,0.423913032
P0DTD1_CHEMBL5441761,ALWGPELAHVXZMN-IBGZPJMESA-N,False,False,0.406593412
P0DTD1_CHEMBL5441962,QEVYAPKJBMOYGR-GCJKJVERSA-N,False,False,0.358024687
P0DTD1_CHEMBL5441782,QEVYAPKJBMOYGR-AVRDEDQJSA-N,False,False,0.358024687
P0DTD1_CHEMBL5441824,FGTMEWMCYMGHFR-FQEVSTJZSA-N,False,False,0.347826093
P0DTD1_CHEMBL5441681,HRCRAEXBWPFKMH-INIZCTEOSA-N,False,False,0.53125
P0DTD1_CHEMBL5441417,WLJITGAGZLIWOY-KRWDZBQOSA-N,False,False,0.457627118
P0DTD1_CHEMBL5441479,AFWXUUKRKMPOIZ-HNNXBMFYSA-N,False,False,0.465517253
P0DTD1_CHEMBL5441567,ZVKIPUXLENLNSW-KRWDZBQOSA-N,False,False,0.469696969
P0DTD1_CHEMBL5441859,PIXRXRGTMYVVJI-INIZCTEOSA-N,False,False,0.397058815
P0DTD1_CHEMBL5441663,XAADAAIXGSKUQX-INIZCTEOSA-N,False,False,0.391304344
P0DTD1_CHEMBL5441759,BSAIYNNHJUULAE-KRWDZBQOSA-N,False,False,0.327868849
P0DTD1_CHEMBL5425140,CXPAMFILYHWWOH-UHFFFAOYSA-N,False,False,0.472727269
P0DTD1_CHEMBL5441847,HNPNBNLHNCSYFN-OAQYLSRUSA-N,False,False,0.394366205
P0DTD1_CHEMBL5427073,BDLFBHGHTFECNO-UHFFFAOYSA-N,False,False,0.456521749
P0DTD1_CHEMBL5427494,BOUXGXBQKDLEFW-WNBKYALVSA-N,False,False,0.560439587
P0DTD1_CHEMBL5435314,HDECCSFBZMURDI-UHFFFAOYSA-N,False,False,0.448979586
P0DTD1_CHEMBL5414042,FSTLDOPSKFATNS-UHFFFAOYSA-N,False,False,0.409836054
P0DTD1_CHEMBL5410809,JETAYLFAWVMMQI-UHFFFAOYSA-N,False,False,0.5
P0DTD1_CHEMBL5411183,VRYQOOJANAQPRA-UHFFFAOYSA-N,False,False,0.433962256
P0DTD1_CHEMBL5410459,DDRIHQACJFDJDK-UHFFFAOYSA-N,False,False,0.525423706
P0DTD1_CHEMBL5437930,LCWOWEHYQQINPR-UHFFFAOYSA-N,False,False,0.456790119
P0DTD1_CHEMBL5409154,JHRBNEJLNJGJQW-UHFFFAOYSA-N,False,False,0.453333348
P0DTD1_CHEMBL5413108,DSWYJPIJMLKEKX-UHFFFAOYSA-N,False,False,0.472972959
P0DTD1_CHEMBL5400538,HEJBREJWBMIOPO-UHFFFAOYSA-N,False,False,0.486486495
P0DTD1_CHEMBL5421327,VPUADEJJWCIPMV-UHFFFAOYSA-N,False,False,0.49333334
P0DTD1_CHEMBL5398813,ZPMWLNXCUJGNLD-UHFFFAOYSA-N,False,False,0.476190478
P0DTD1_CHEMBL5414005,VBKYUXODEIWMOH-UHFFFAOYSA-N,False,False,0.493506491
P0DTD1_CHEMBL5415228,BJYPWZAKWFJVEZ-UHFFFAOYSA-N,False,False,0.59375
P0DTD1_CHEMBL5435034,HKWNDVCJTVEHHD-PILWDZAYSA-N,False,False,0.70588237
P0DTD1_CHEMBL5425010,CHNVTDRYCNJBAF-OEUJLIAZSA-N,False,False,0.662337661
P0DTD1_CHEMBL5440769,XDONYKQHYQCNSU-LKGZUJRASA-N,False,False,0.767123282
P0DTD1_CHEMBL5398911,VCYDBFBHZYYSHN-UHBFJLORSA-N,False,False,0.712328792
P0DTD1_CHEMBL5433693,DYILZIVXCPNHGX-KUNJKIHDSA-N,False,False,0.600000024
P0DTD1_CHEMBL5409790,YIRAWUKVBJSZBD-OWTODPTHSA-N,False,False,0.627118647
P0DTD1_CHEMBL5417410,IVSKSGAQEYJXQI-KUNJKIHDSA-N,False,False,0.563636363
P0DTD1_CHEMBL5410934,YQIBOKWZJKHHCS-UHFFFAOYSA-N,False,False,0.492063493
P0DTD1_CHEMBL5437199,FOBNQZDIGLBSMH-UHFFFAOYSA-N,False,False,0.521739125
P0DTD1_CHEMBL5433473,PYHLPFARYCTNSX-UHFFFAOYSA-N,False,False,0.46875
P0DTD1_CHEMBL5402209,UEISBBJHCPAHIH-UHFFFAOYSA-N,False,False,0.516129017
P0DTD1_CHEMBL5419891,SEQHCXXLKIUEAF-UHFFFAOYSA-N,False,False,0.484848499
P0DTD1_CHEMBL5395044,FJQHGHKOECGCAM-UHFFFAOYSA-N,False,False,0.470588237
P0DTD1_CHEMBL5401195,KCWFCICGHVBXPC-UHFFFAOYSA-N,False,False,0.470588237
P0DTD1_CHEMBL5394565,URYMOUFVECQQIJ-UHFFFAOYSA-N,False,False,0.463768125
P0DTD1_CHEMBL5395848,LLWYQEAZQZXULI-UHFFFAOYSA-N,False,False,0.456521749
P0DTD1_CHEMBL5429124,WNMJYDMOARFFHV-UHFFFAOYSA-N,False,False,0.438356161
P0DTD1_CHEMBL5417240,BBJGRTSVZCXGOO-UHFFFAOYSA-N,False,False,0.424657524
P0DTD1_CHEMBL5439502,WNOIPEXYJPOUNX-UHFFFAOYSA-N,False,False,0.49253732
P0DTD1_CHEMBL5398507,IIKBDQDKJXBFOD-UHFFFAOYSA-N,False,False,0.527272701
P0DTD1_CHEMBL5411855,JOGPEYHUJOPFCS-UHFFFAOYSA-N,False,False,0.406779647
P0DTD1_CHEMBL5402020,WGKJQWSKWVWPGJ-HJHGLYDVSA-N,False,False,0.815384626
P0DTD1_CHEMBL5441706,KMERPDKXGPMEJT-JOCHJYFZSA-N,False,False,0.444444448
P0DTD1_CHEMBL5400055,RGIUMLJFFPBJDQ-WVSUBDOOSA-N,False,False,0.789473712
P0DTD1_CHEMBL5407468,WCADKSZGFPCMHL-NVQRDWNXSA-N,False,False,0.82432431
P0DTD1_CHEMBL5423096,JUOCANSAUHUIHJ-WVSUBDOOSA-N,False,False,0.814285696
P0DTD1_CHEMBL5427053,KTIXJHXTNDDBFL-WVSUBDOOSA-N,False,False,0.821917832
P0DTD1_CHEMBL5411560,UBFNQXASZXCUFE-QTQZEZTPSA-N,False,False,0.826666653
P0DTD1_CHEMBL5428251,IMDHNDCVCJQCBV-WVSUBDOOSA-N,False,False,0.828947365
P0DTD1_CHEMBL5397764,CLXRADSDVGMMCK-PGUFJCEWSA-N,False,False,0.590909064
P0DTD1_CHEMBL5441588,XHSQZSYSSDYHBT-UHFFFAOYSA-N,False,False,0.364864856
P0DTD1_CHEMBL5441949,QSWSPGLSAMLBBN-UHFFFAOYSA-N,False,False,0.3493976
P0DTD1_CHEMBL5442140,WXAQGFQVHVYILO-INIZCTEOSA-N,False,False,0.447761208
P0DTD1_CHEMBL5441707,WSQBWWUWDZOGKK-QGZVFWFLSA-N,False,False,0.397260278
P0DTD1_CHEMBL5441845,MAVAVSQLUGOFFV-OAQYLSRUSA-N,False,False,0.40697673
P0DTD1_CHEMBL5441399,VWSLKHOHFKBICN-GOSISDBHSA-N,False,False,0.532258093
P0DTD1_CHEMBL5441390,SRSXSDDZUYKSCU-LJQANCHMSA-N,False,False,0.386666656
P0DTD1_CHEMBL5441838,KIBMZTJZRSOFFA-LJQANCHMSA-N,False,False,0.360465109
P0DTD1_CHEMBL5441388,DVKLXYXMGYYPLI-GOSISDBHSA-N,False,False,0.402777791
P0DTD1_CHEMBL5441411,YEZOZCAEAOEUES-GOSISDBHSA-N,False,False,0.362500012
P0DTD1_CHEMBL5441596,XKAKYZZNLJQUKC-MRXNPFEDSA-N,False,False,0.370370358
P0DTD1_CHEMBL5441496,QSOWSMQWVSSXPN-GOSISDBHSA-N,False,False,0.449275374
P0DTD1_CHEMBL5441642,COXLEYYYAZBACW-JOCHJYFZSA-N,False,False,0.421052635
P0DTD1_CHEMBL5442156,QEKRCAZWEHKGDB-CQSZACIVSA-N,False,False,0.364864856
P0DTD1_CHEMBL5441680,BWTFMAJYZVBIQX-MRXNPFEDSA-N,False,False,0.418918908
P0DTD1_CHEMBL5441902,NFJIFLFXKYKCNX-KRWDZBQOSA-N,False,False,0.369863003
P0DTD1_CHEMBL5441439,VWSLKHOHFKBICN-SFHVURJKSA-N,False,False,0.532258093
P0DTD1_CHEMBL5442146,SRSXSDDZUYKSCU-IBGZPJMESA-N,False,False,0.386666656
P0DTD1_CHEMBL5441971,IOOYVSRYQXDUGU-KRWDZBQOSA-N,False,False,0.375
P0DTD1_CHEMBL5441524,NKUGKKHAEXKCPS-INIZCTEOSA-N,False,False,0.373493969
P0DTD1_CHEMBL5441650,AZJTVWHOYVAUON-SFHVURJKSA-N,False,False,0.420289844
P0DTD1_CHEMBL5441519,MUAFTXQYDRWOBC-HNNXBMFYSA-N,False,False,0.432835817
P0DTD1_CHEMBL5441760,CEHZVFILPFWLIH-HNNXBMFYSA-N,False,False,0.432835817
P0DTD1_CHEMBL5408081,ZFRQCQMWTYHBSB-HTXNQAPBSA-N,False,False,0.590909064
P0DTD1_CHEMBL5406269,GWVKMTNXKNUXCU-UHFFFAOYSA-N,False,False,0.547169805
P0DTD1_CHEMBL5441748,VGEBLOGOWYUQHY-LJQANCHMSA-N,False,False,0.410958916
P0DTD1_CHEMBL5414300,KQTJKSCNSCEMEY-NOENIZQJSA-N,False,False,0.655737698
P0DTD1_CHEMBL5442084,MXNWOVNPOAWWEE-QGZVFWFLSA-N,False,False,0.361445785
P0DTD1_CHEMBL5442078,IJBDSUJWEAFKJC-MRXNPFEDSA-N,False,False,0.368421048
P0DTD1_CHEMBL5441584,MNWNFNQRXRKRJX-OAQYLSRUSA-N,False,False,0.413333327
P0DTD1_CHEMBL5442029,ILKKYJRHOAHZPU-JOCHJYFZSA-N,False,False,0.395061731
P0DTD1_CHEMBL5442086,TXPCBFOHZCOWFX-OAQYLSRUSA-N,False,False,0.408450693
P0DTD1_CHEMBL5441629,YEDLTPSHFNOJOB-OAQYLSRUSA-N,False,False,0.380281687
P0DTD1_CHEMBL5441467,NYFBWQASDYCTHH-JOCHJYFZSA-N,False,False,0.391891897
P0DTD1_CHEMBL5441474,BNRQZXPPIQSSNG-JOCHJYFZSA-N,False,False,0.395061731
P0DTD1_CHEMBL5441504,QZUJERZNNGJVGT-HXUWFJFHSA-N,False,False,0.390243888
P0DTD1_CHEMBL5441749,SVKCNCYLWWGSIX-OAQYLSRUSA-N,False,False,0.416666657
P0DTD1_CHEMBL5408911,MPUPMILQLMPBBH-HUBRGWSESA-N,False,False,0.582417607
P0DTD1_CHEMBL5423458,GXLHLSYBNJKQFT-CTDWIVFPSA-N,False,False,0.540816307
P0DTD1_CHEMBL5403236,QOTCXAAPBLFELK-NRFANRHFSA-N,False,False,0.722222209
P0DTD1_CHEMBL5441614,VBLYVZADVGEEMQ-PBHICJAKSA-N,False,False,0.536231875
P0DTD1_CHEMBL5418521,WAXJMBFCXYZEEF-NKUSZHJXSA-N,False,False,0.468354434
P0DTD1_CHEMBL5433055,RHFOTHRIPKQIDW-YTFOTSKYSA-N,False,False,0.458823532
P0DTD1_CHEMBL5441526,OLBYOLBVSWFVBD-JOCHJYFZSA-N,False,False,0.465753436
P0DTD1_CHEMBL5441413,DSXQJBKPJALISD-HSZRJFAPSA-N,False,False,0.419354826
P0DTD1_CHEMBL5441943,OLBYOLBVSWFVBD-QFIPXVFZSA-N,False,False,0.465753436
P0DTD1_CHEMBL5441424,DSXQJBKPJALISD-QHCPKHFHSA-N,False,False,0.419354826
P0DTD1_CHEMBL5441682,IBZZUYVFPQYXCG-QGZVFWFLSA-N,False,False,0.426666677
P0DTD1_CHEMBL5441549,HNAQAGBSEFXXMK-QGZVFWFLSA-N,False,False,0.430769235
P0DTD1_CHEMBL5441594,LMYQGHQMPJKOQI-GOSISDBHSA-N,False,False,0.360000014
P0DTD1_CHEMBL5441436,LMYQGHQMPJKOQI-SFHVURJKSA-N,False,False,0.360000014
P0DTD1_CHEMBL5441869,MJUHPBHSKNEYIQ-QGZVFWFLSA-N,False,False,0.447368413
P0DTD1_CHEMBL5441392,UZPCBHYJXPREOY-QGZVFWFLSA-N,False,False,0.4375
P0DTD1_CHEMBL5441430,HBSNGOMIXYUKLX-GOSISDBHSA-N,False,False,0.394736856
P0DTD1_CHEMBL5442161,MJUHPBHSKNEYIQ-KRWDZBQOSA-N,False,False,0.447368413
P0DTD1_CHEMBL5441701,HBSNGOMIXYUKLX-SFHVURJKSA-N,False,False,0.394736856
P0DTD1_CHEMBL5441502,XIMMYGGLDJENEH-CYBMUJFWSA-N,False,False,0.433333337
P0DTD1_CHEMBL5441988,SNKDHIAMRPQJPV-HSZRJFAPSA-N,False,False,0.520547926
P0DTD1_CHEMBL5441393,BPNVAIFYCKUWBG-XMMPIXPASA-N,False,False,0.506493509
P0DTD1_CHEMBL5441431,BPNVAIFYCKUWBG-DEOSSOPVSA-N,False,False,0.506493509
P0DTD1_CHEMBL5441777,HLCFJLRHYIUUQL-CYBMUJFWSA-N,False,False,0.44262296
P0DTD1_CHEMBL5441603,XBSVTNQFPMZKKZ-JOCHJYFZSA-N,False,False,0.378048778
P0DTD1_CHEMBL5441573,VQYYFCXWXIMQEY-JOCHJYFZSA-N,False,False,0.408450693
P0DTD1_CHEMBL5441401,UGVZWXXZWQCKKX-HSZRJFAPSA-N,False,False,0.38961038
P0DTD1_CHEMBL5441405,WONXMAMXGIJVIH-JOCHJYFZSA-N,False,False,0.371794879
P0DTD1_CHEMBL5441403,UGVZWXXZWQCKKX-QHCPKHFHSA-N,False,False,0.38961038
P0DTD1_CHEMBL5441779,YVEKSOWXFCZZQU-QFIPXVFZSA-N,False,False,0.371794879
P0DTD1_CHEMBL5439416,BPXAJHXCDHFFEC-JWSDNSILSA-N,False,False,0.784615397
P0DTD1_CHEMBL5441801,ZWYKIAXPMQIBIJ-QGZVFWFLSA-N,False,False,0.397435904
P0DTD1_CHEMBL5441726,FHUIJWAQRCVMCJ-GOSISDBHSA-N,False,False,0.369863003
P0DTD1_CHEMBL5441757,UCRHEAOFMPTWGB-QGZVFWFLSA-N,False,False,0.419354826
P0DTD1_CHEMBL5441976,DGQLCQJMQFGFTD-GOSISDBHSA-N,False,False,0.390625
P0DTD1_CHEMBL5441484,PGHSXMSBIRJUOC-CYBMUJFWSA-N,False,False,0.421875
P0DTD1_CHEMBL5441842,TYGBPMOAJAJHJZ-CYBMUJFWSA-N,False,False,0.402777791
P0DTD1_CHEMBL5442103,HXOGPQLDLCBBHX-ZDUSSCGKSA-N,False,False,0.414634138
P0DTD1_CHEMBL5427720,WHKNPOBBVRMHQB-LSCFUAHRSA-N,False,False,0.816901386
P0DTD1_CHEMBL5424971,YDKGKPHPXQMQBR-SCFUHWHPSA-N,False,False,0.820895493
P0DTD1_CHEMBL5415934,PKFLZAFBNWONBS-SCFUHWHPSA-N,False,False,0.828571439
P0DTD1_CHEMBL5438762,ZTSMMYJPTKWLLM-NVQRDWNXSA-N,False,False,0.833333313
P0DTD1_CHEMBL5394180,HFZHFJKZHPMBQZ-SCFUHWHPSA-N,False,False,0.83561641
P0DTD1_CHEMBL5411233,SYGZVFNRQMNNJQ-LPEBVDEISA-N,False,False,0.884057999
P0DTD1_CHEMBL5402071,RXCJOCFDARLNSM-XYVUZYJLSA-N,False,False,0.868852437
P0DTD1_CHEMBL5442094,IVVKRBLDZPFGOZ-OAQYLSRUSA-N,False,False,0.419354826
P0DTD1_CHEMBL5441617,NAXQCDCXNXGOSO-QGZVFWFLSA-N,False,False,0.444444448
P0DTD1_CHEMBL5441854,IVGTXJOVYJSAJP-OAQYLSRUSA-N,False,False,0.405063301
P0DTD1_CHEMBL5441787,HJSUXLCACSOVDY-QGZVFWFLSA-N,False,False,0.438596487
P0DTD1_CHEMBL5441751,RIIACHWNRAKQMS-QGZVFWFLSA-N,False,False,0.4375
P0DTD1_CHEMBL5428967,BAMYLBBQDOUJBO-UHFFFAOYSA-N,False,False,0.458333343
P0DTD1_CHEMBL5441591,QRPFGXDSKIXSCJ-OAQYLSRUSA-N,False,False,0.412698418
P0DTD1_CHEMBL5442095,WNIBZIDJLZVIIO-OAQYLSRUSA-N,False,False,0.386666656
P0DTD1_CHEMBL5441810,FMQYWSJBEGFTLX-HXUWFJFHSA-N,False,False,0.354166657
P0DTD1_CHEMBL5441980,VLXGFIDLGADGDM-HSZRJFAPSA-N,False,False,0.356321841
P0DTD1_CHEMBL5441900,CBJFLXICPNCJHC-HSZRJFAPSA-N,False,False,0.356321841
P0DTD1_CHEMBL5441825,LTJJZISWSNOJOU-RVKKMQEKSA-N,False,False,0.370786518
P0DTD1_CHEMBL5441577,LENNTCNNQOTWRW-GOSISDBHSA-N,False,False,0.407894731
P0DTD1_CHEMBL5441612,YHUZDBBTMIECDG-SFGWALBWSA-N,False,False,0.421052635
P0DTD1_CHEMBL5427783,PWGCVQUCOPISOA-JCECYMMASA-N,False,False,0.566265047
P0DTD1_CHEMBL5409350,PWGCVQUCOPISOA-ATIWLJMLSA-N,False,False,0.566265047
P0DTD1_CHEMBL5441632,AOFCJFPWFIYMQJ-CBAPKCEASA-N,False,False,0.627451003
P0DTD1_CHEMBL5441886,FTTGJQGJEALJAL-HNAYVOBHSA-N,False,False,0.326086968
P0DTD1_CHEMBL5441800,GWGODSAUMDSILZ-CQSZACIVSA-N,False,False,0.391891897
P0DTD1_CHEMBL5434910,KVIYJUZUCGCFON-NRFANRHFSA-N,False,False,0.452380955
P0DTD1_CHEMBL5441793,BHIGTVYVSUGUHH-JTHBVZDNSA-N,False,False,0.571428597
P0DTD1_CHEMBL5410076,SXKOMJNQUWFEGM-CYBMUJFWSA-N,False,False,0.714285731
P0DTD1_CHEMBL5408097,OTEYMAKSLGYRHS-UHFFFAOYSA-N,False,False,0.513513505
P0DTD1_CHEMBL5405634,IZZAVJXGFCEKBE-UHFFFAOYSA-N,False,False,0.449275374
P0DTD1_CHEMBL5423655,DVOIRUUXQXOBPL-UHFFFAOYSA-N,False,False,0.583333313
P0DTD1_CHEMBL5428745,BMEMCXAAHJTJOT-QFIPXVFZSA-N,False,False,0.613333344
P0DTD1_CHEMBL5401656,VJJHEKWIBTUWDR-ZYWWQZICSA-N,False,False,0.611111104
P0DTD1_CHEMBL5393994,VACQJGZHGGHXKH-VBHAUSMQSA-N,False,False,0.591397822
P0DTD1_CHEMBL5396377,SMKNTXBNSBSLMX-QWOIFIOOSA-N,False,False,0.567010283
P0DTD1_CHEMBL5413359,XJJNOMZIYFTWIY-BQOYKFDPSA-N,False,False,0.550000012
P0DTD1_CHEMBL5421616,NUWDRGOGLZOYEY-BGIGGGFGSA-N,False,False,0.820512831
P0DTD1_CHEMBL5442053,OHEMDWQJUJGVEQ-GOSISDBHSA-N,False,False,0.634615362
P0DTD1_CHEMBL5441925,KZEXUHWJQCMLBM-CYBMUJFWSA-N,False,False,0.542372882
P0DTD1_CHEMBL5441767,JJMUBLUNDZWCID-CQSZACIVSA-N,False,False,0.41772151
P0DTD1_CHEMBL5441803,LOXHGDHJOGWXKT-CYBMUJFWSA-N,False,False,0.41772151
P0DTD1_CHEMBL5441409,DMABAHOUGOIDPW-CYBMUJFWSA-N,False,False,0.403225809
P0DTD1_CHEMBL5441923,FNXGHSXJKMURIQ-SBNLOKMTSA-N,False,False,0.383561641
P0DTD1_CHEMBL5441985,GPECUWJAOPVJHN-OAHLLOKOSA-N,False,False,0.396825403
P0DTD1_CHEMBL5441914,SCFAGBCUWLTFJH-HNNXBMFYSA-N,False,False,0.608695626
P0DTD1_CHEMBL5441951,YLDRKWJATLLLAB-GOSISDBHSA-N,False,False,0.446428567
P0DTD1_CHEMBL5442126,OHEMDWQJUJGVEQ-SFHVURJKSA-N,False,False,0.634615362
P0DTD1_CHEMBL5442117,KZEXUHWJQCMLBM-ZDUSSCGKSA-N,False,False,0.542372882
P0DTD1_CHEMBL5441398,DMABAHOUGOIDPW-ZDUSSCGKSA-N,False,False,0.403225809
P0DTD1_CHEMBL5441967,GAPYDBKSDZULBT-KRWDZBQOSA-N,False,False,0.460317463
P0DTD1_CHEMBL5405232,OIKGIZUFRZSXRL-UHFFFAOYSA-N,False,False,0.615384638
P0DTD1_CHEMBL5441578,NJHCXRODNPWZRY-CYBMUJFWSA-N,False,False,0.492063493
P0DTD1_CHEMBL5442060,ZZWWPUYECBPVLH-HNNXBMFYSA-N,False,False,0.553571403
P0DTD1_CHEMBL5398479,WRZGDDXBHZEIMG-KJMDXERQSA-N,False,False,0.681818187
P0DTD1_CHEMBL5399253,DHXRAUQHAHLJHH-MVWJYJSVSA-N,False,False,0.726190448
P0DTD1_CHEMBL5431050,MKEBFQGBKOZBJM-DOXZYTNZSA-N,False,False,0.833333313
P0DTD1_CHEMBL5424171,BJCDFQFXAIJBFI-BBRMVZONSA-N,False,False,0.680000007
P0DTD1_CHEMBL5442020,IYRIFPJTBQHTPU-OAHLLOKOSA-N,False,False,0.509433985
P0DTD1_CHEMBL5397501,VZORPXDZZURPET-IBGZPJMESA-N,False,False,0.554216862
P0DTD1_CHEMBL5414006,XAKMNISRDIXWHA-FQEVSTJZSA-N,False,False,0.729729712
P0DTD1_CHEMBL5433514,JBIUEGQNGAZWHE-NRFANRHFSA-N,False,False,0.458823532
P0DTD1_CHEMBL5411464,LRMVIFNWRPQXKN-NRFANRHFSA-N,False,False,0.422222227
P0DTD1_CHEMBL5442125,HXEONYSWOZGRDZ-LJQANCHMSA-N,False,False,0.407407403
P0DTD1_CHEMBL5441498,OCEUAKJVFAURCB-HXUWFJFHSA-N,False,False,0.413333327
P0DTD1_CHEMBL5441946,NINPMEDPSKTPOX-QGZVFWFLSA-N,False,False,0.384615391
P0DTD1_CHEMBL5442042,PHSCMATUJQCIQV-HXUWFJFHSA-N,False,False,0.392405063
P0DTD1_CHEMBL5441551,WZHLERMPZFHKQM-FAFZWHIHSA-N,False,False,0.397260278
P0DTD1_CHEMBL5441811,FJLVARJGSQZKSI-CYBMUJFWSA-N,False,False,0.426229507
P0DTD1_CHEMBL5441602,SSZRKFQGEKLBHY-CYBMUJFWSA-N,False,False,0.407894731
P0DTD1_CHEMBL5397356,ZKVRJAYHSPDNHQ-YYFQZIEXSA-N,False,False,0.671232879
P0DTD1_CHEMBL5441528,BBYUVETWVSEHPK-NOZJJQNGSA-N,False,False,0.454545468
P0DTD1_CHEMBL5441438,BBYUVETWVSEHPK-RNCFNFMXSA-N,False,False,0.454545468
P0DTD1_CHEMBL5441688,GBLJFJXMMDQGAA-SCLBCKFNSA-N,False,False,0.388888896
P0DTD1_CHEMBL5430702,FSGVFIHSKVXGMF-CYBMUJFWSA-N,False,False,0.555555582
P0DTD1_CHEMBL5421184,SEPHGMGFFNMVBA-CYBMUJFWSA-N,False,False,0.566666663
P0DTD1_CHEMBL5397315,ZVVOQZSWKRKBQX-BVBHFADKSA-N,False,False,0.897058845
P0DTD1_CHEMBL5441408,BBYUVETWVSEHPK-TVQRCGJNSA-N,False,False,0.454545468
P0DTD1_CHEMBL5442162,NAYCOAVDVKIDMY-FABXCBLPSA-N,False,False,0.350649357
P0DTD1_CHEMBL5441904,STNFGPXQHILQOT-IUIKQTSFSA-N,False,False,0.3493976
P0DTD1_CHEMBL5442136,VLUCPRNYOYAJOE-UHFFFAOYSA-N,False,False,0.528301895
P0DTD1_CHEMBL5442009,GLECXLPKHNNLLK-UHFFFAOYSA-N,False,False,0.581818163
P0DTD1_CHEMBL5441867,FDHHARMOZNTWJN-NSHDSACASA-N,False,False,0.516666651
P0DTD1_CHEMBL5441880,FZCIZJZZVXRURR-UHFFFAOYSA-N,False,False,0.641509414
P0DTD1_CHEMBL5441766,NHKSNEZXXGTBJJ-OAQYLSRUSA-N,False,False,0.408450693
P0DTD1_CHEMBL5441520,HIPIZVMFYXIYNE-HSZRJFAPSA-N,False,False,0.405405402
P0DTD1_CHEMBL5426089,IAPIUNQNPKACGN-FNORWQNLSA-N,False,False,0.507692337
P0DTD1_CHEMBL5441690,SZOONVOYVWBSBI-HXUWFJFHSA-N,False,False,0.426666677
P0DTD1_CHEMBL5442076,DOJIPKDQBQXMSR-OAQYLSRUSA-N,False,False,0.46875
P0DTD1_CHEMBL5442019,XALLSCBJBQXSCJ-OAQYLSRUSA-N,False,False,0.439393938
P0DTD1_CHEMBL5442085,HPEIETODZKDYCA-OAQYLSRUSA-N,False,False,0.385714293
P0DTD1_CHEMBL5441669,OPYUQLLRKBUVGK-OAQYLSRUSA-N,False,False,0.385714293
P0DTD1_CHEMBL5424318,LTJSOMARXLSDFD-UHFFFAOYSA-N,False,False,0.555555582
P0DTD1_CHEMBL5406997,RYACPSUEAXOOJA-UHFFFAOYSA-N,False,False,0.426229507
P0DTD1_CHEMBL5427453,APMHTYDRRIVKNO-UHFFFAOYSA-N,False,False,0.5
P0DTD1_CHEMBL5441550,RASSMOFZPWCXAA-OAQYLSRUSA-N,False,False,0.405405402
P0DTD1_CHEMBL5441942,RYQDWAFQEUHIBK-OAQYLSRUSA-N,False,False,0.402985066
P0DTD1_CHEMBL5415275,PBJCUMRCGPPGPS-UHFFFAOYSA-N,False,False,0.5625
P0DTD1_CHEMBL5441906,VKPCESNREHZOGO-JTHBVZDNSA-N,False,False,0.597014904
P0DTD1_CHEMBL5421429,PHWVTNJAWSCVKF-UHFFFAOYSA-N,False,False,0.493827164
P0DTD1_CHEMBL5397709,GSPQYTDFVISYPY-UHFFFAOYSA-N,False,False,0.469696969
P0DTD1_CHEMBL5402611,HWZDEICJYBPOQZ-UHFFFAOYSA-N,False,False,0.608695626
P0DTD1_CHEMBL5431675,QTZUBYJSRLXUNT-VBHAUSMQSA-N,False,False,0.563218415
P0DTD1_CHEMBL5412104,MICHEQZXWLTCEE-VBHAUSMQSA-N,False,False,0.577777803
P0DTD1_CHEMBL5400638,ZANWIMBMDXYMTC-BQOYKFDPSA-N,False,False,0.521276593
P0DTD1_CHEMBL5427101,ORSQXNSRQPSNPN-BQOYKFDPSA-N,False,False,0.536082447
P0DTD1_CHEMBL5410336,GOVGJSBUNOJCQA-NVQRDWNXSA-N,False,False,0.666666687
P0DTD1_CHEMBL5406405,DUPWZILPIQWIJJ-NVQRDWNXSA-N,False,False,0.657142878
P0DTD1_CHEMBL5442046,TXPLYWXNXJKSIH-CYBMUJFWSA-N,False,False,0.473684222
P0DTD1_CHEMBL5441984,ROQGLVIOWYVXLB-INIZCTEOSA-N,False,False,0.4909091
P0DTD1_CHEMBL5436099,OYRDYULSMHXHMH-UHFFFAOYSA-N,False,False,0.617021263
P0DTD1_CHEMBL5405544,AEZBHFSCQJZAFQ-UHFFFAOYSA-N,False,False,0.740740716
P0DTD1_CHEMBL5439047,VOWPNLKCPCWPMW-UHFFFAOYSA-N,False,False,0.568181813
P0DTD1_CHEMBL5441723,KSAZXEHJHYROQU-HXUWFJFHSA-N,False,False,0.424242437
P0DTD1_CHEMBL5441958,JMLFJWGZQLVQFZ-LJQANCHMSA-N,False,False,0.400000006
P0DTD1_CHEMBL5441736,FFCVLHZXLNWZGN-HXUWFJFHSA-N,False,False,0.423076928
P0DTD1_CHEMBL5441908,WIACTPDMNXCADR-OAQYLSRUSA-N,False,False,0.405797094
P0DTD1_CHEMBL5441639,CKWSSHZTKRDQLE-HXUWFJFHSA-N,False,False,0.391304344
P0DTD1_CHEMBL5441830,CIGVMAVUUXRGBV-OAQYLSRUSA-N,False,False,0.391304344
P0DTD1_CHEMBL5441860,BCJTXGXNAQLCHD-JOCHJYFZSA-N,False,False,0.378378391
P0DTD1_CHEMBL5441538,UNULYKHBHJMUQB-ZDUSSCGKSA-N,False,False,0.440677971
P0DTD1_CHEMBL5394734,PMTPISQRQXCMMZ-UHFFFAOYSA-N,False,False,0.424242437
P0DTD1_CHEMBL5441970,AATWXUVQGUWMAR-ZDUSSCGKSA-N,False,False,0.439393938
P0DTD1_CHEMBL5441421,UYNYJHYOJDEAGA-OAQYLSRUSA-N,False,False,0.453125
P0DTD1_CHEMBL5441874,LOQPGWMCGNYBSL-OAQYLSRUSA-N,False,False,0.405797094
P0DTD1_CHEMBL5441924,SOQYASBEOQNHTB-HXUWFJFHSA-N,False,False,0.405797094
P0DTD1_CHEMBL5442032,KWSMFQJQRGVJIV-OAQYLSRUSA-N,False,False,0.405405402
P0DTD1_CHEMBL5441518,ADJBXQRTZAWVDG-HXUWFJFHSA-N,False,False,0.384615391
P0DTD1_CHEMBL5442051,IXDBIMAARMTSLP-OAQYLSRUSA-N,False,False,0.388888896
P0DTD1_CHEMBL5441389,VILWAZRPFRUPAE-JOCHJYFZSA-N,False,False,0.368421048
P0DTD1_CHEMBL5441395,VILWAZRPFRUPAE-QFIPXVFZSA-N,False,False,0.368421048
P0DTD1_CHEMBL5442004,PBNQFHJANNKMGA-LJQANCHMSA-N,False,False,0.385714293
P0DTD1_CHEMBL5442152,MLHJNTGWAMRNTB-JOCHJYFZSA-N,False,False,0.381578952
P0DTD1_CHEMBL5441481,QIHRUKWJQLKUBW-HXUWFJFHSA-N,False,False,0.405405402
P0DTD1_CHEMBL5441818,OPSDZYLDDZDBCT-DOTOQJQBSA-N,False,False,0.410714298
P0DTD1_CHEMBL5441648,OPSDZYLDDZDBCT-NVXWUHKLSA-N,False,False,0.410714298
P0DTD1_CHEMBL5441973,OCIZSFDRIVIDHG-CQSZACIVSA-N,False,False,0.381578952
P0DTD1_CHEMBL5441653,KRVCVNQGZXMDOL-LJQANCHMSA-N,False,False,0.385714293
P0DTD1_CHEMBL5442055,NRXRSCQOATVKNJ-HXUWFJFHSA-N,False,False,0.373333335
P0DTD1_CHEMBL5441922,QOLVOXKVYUHOKE-OAQYLSRUSA-N,False,False,0.391891897
P0DTD1_CHEMBL5441625,GPVGFIIHLUFADY-JOCHJYFZSA-N,False,False,0.402777791
P0DTD1_CHEMBL5441664,RSILBENGWSSUNH-OAQYLSRUSA-N,False,False,0.411764711
P0DTD1_CHEMBL5437439,JZIJROVMJQZNGP-UHFFFAOYSA-N,False,False,0.593023241
P0DTD1_CHEMBL5412903,LRCFXBHLSLTBFR-UHFFFAOYSA-N,False,False,0.581395328
P0DTD1_CHEMBL5427542,ORNUELPFJFKHHE-UHFFFAOYSA-N,False,False,0.432432443
P0DTD1_CHEMBL5431872,GBIKCOGWNDAHSK-UHFFFAOYSA-N,False,False,0.448979586
P0DTD1_CHEMBL5441995,NZCYEOSUFMPCIX-ZDUSSCGKSA-N,False,False,0.568965495
P0DTD1_CHEMBL5442121,CYKZTTCWBLGYFP-HNNXBMFYSA-N,False,False,0.433333337
P0DTD1_CHEMBL5442097,LGFVDDZCWSYKKJ-UHFFFAOYSA-N,False,False,0.672131121
P0DTD1_CHEMBL5441437,SGCROODGEHQWNO-NRFANRHFSA-N,False,False,0.370370358
P0DTD1_CHEMBL5441391,YUIKWGNWDHJBJA-IBGZPJMESA-N,False,False,0.333333343
P0DTD1_CHEMBL5441993,YUIKWGNWDHJBJA-LJQANCHMSA-N,False,False,0.333333343
P0DTD1_CHEMBL5441957,HNXRGQKHEKNAON-AWEZNQCLSA-N,False,False,0.403225809
P0DTD1_CHEMBL5441763,FXLTZAFRJQFZOD-ZDUSSCGKSA-N,False,False,0.53125
P0DTD1_CHEMBL5433491,IFWLTGFUBKIJBO-HEHNFIMWSA-N,False,False,0.704545438
P0DTD1_CHEMBL5439420,YIXVKFOICROPCM-UHFFFAOYSA-N,False,False,0.657894731
P0DTD1_CHEMBL5409259,KXBWAZAMMJVLJC-UHFFFAOYSA-N,False,False,0.673913062
P0DTD1_CHEMBL5436573,UWPNCBLVRGKFGW-CTCAENTCSA-N,False,False,0.516853929
P0DTD1_CHEMBL5412310,NIZOKTIWSFNXCV-NFBCFJMWSA-N,False,False,0.554216862
P0DTD1_CHEMBL5396421,BRIYHFCOLHSXFB-AHTKWCMKSA-N,False,False,0.547619045
P0DTD1_CHEMBL5439916,IJUQEKOTVDZYMN-RABCQHRBSA-N,False,False,0.600000024
P0DTD1_CHEMBL5402227,ZDKHDGGVRQREJP-MWTXUKJESA-N,False,False,0.550561786
P0DTD1_CHEMBL5400701,GXPQNJUVMCQCNK-PPSMKJHDSA-N,False,False,0.5
P0DTD1_CHEMBL5394078,QXINGZZZHDUCHT-NVQRDWNXSA-N,False,False,0.79411763
P0DTD1_CHEMBL5409052,VVFJPNQKPZWYEZ-NVQRDWNXSA-N,False,False,0.782608688
P0DTD1_CHEMBL5399795,PXIKQECKJAAWLY-UHFFFAOYSA-N,False,False,0.439999998
P0DTD1_CHEMBL5405138,DUXWXGQOMNHTOZ-UHFFFAOYSA-N,False,False,0.676923096
P0DTD1_CHEMBL5421800,WZJTVQBEYQHQTD-UHFFFAOYSA-N,False,False,0.559322059
P0DTD1_CHEMBL5426830,BQIPDFGLUICWQR-UHFFFAOYSA-N,False,False,0.555555582
P0DTD1_CHEMBL5395762,CZZILQYTMHTMTC-UHFFFAOYSA-N,False,False,0.666666687
P0DTD1_CHEMBL5438646,NTRJEEUVASCLPY-SCFUHWHPSA-N,False,False,0.630136967
P0DTD1_CHEMBL5439086,BWKDZASABSHFCP-SCFUHWHPSA-N,False,False,0.79411763
P0DTD1_CHEMBL5420170,YCXAXEBYSUDWHP-SCFUHWHPSA-N,False,False,0.777777791
P0DTD1_CHEMBL5403276,WWCXDXOWVZCXRB-SCFUHWHPSA-N,False,False,0.692307711
P0DTD1_CHEMBL5411147,SMSXQXSOXDVHJX-XKLVTHTNSA-N,False,False,0.65476191
P0DTD1_CHEMBL5423053,DUBRZTPIZZHOLG-SCFUHWHPSA-N,False,False,0.782608688
P0DTD1_CHEMBL5437799,KWANCUULGHTJJO-SCFUHWHPSA-N,False,False,0.765625
P0DTD1_CHEMBL5418419,QEHSLAPJVUIGFZ-XKLVTHTNSA-N,False,False,0.683544278
P0DTD1_CHEMBL5407441,DUUYAUMCJLSIJQ-UHFFFAOYSA-N,False,False,0.418181807
P0DTD1_CHEMBL5408702,ZKPWZFFMCXTNSE-IBGZPJMESA-N,False,False,0.771428585
P0DTD1_CHEMBL5414023,MVYAWGQHSHSYHE-IBGZPJMESA-N,False,False,0.771428585
P0DTD1_CHEMBL5418992,QWCRMGBICLCWQQ-QHCPKHFHSA-N,False,False,0.763888896
P0DTD1_CHEMBL5403743,LHPNNCFPSMFSSP-FQEVSTJZSA-N,False,False,0.823529422
P0DTD1_CHEMBL5417180,AJZGJNLAFXISNE-FQEVSTJZSA-N,False,False,0.835820913
P0DTD1_CHEMBL5430366,YTLGVZRREVMTAU-NRFANRHFSA-N,False,False,0.773333311
P0DTD1_CHEMBL5412579,DJZVHUQSNLBGJL-FQEVSTJZSA-N,False,False,0.79411763
P0DTD1_CHEMBL5441572,XFPMPSFZRFJOBN-UHFFFAOYSA-N,False,False,0.370786518
P0DTD1_CHEMBL5396073,JEQGCPJLQDTCPB-SFHVURJKSA-N,False,False,0.708333313
P0DTD1_CHEMBL5442089,HQBMMJQALUWRCW-LLVKDONJSA-N,False,False,0.42592594
P0DTD1_CHEMBL5441698,GWSVTAOVQPLNIX-CYBMUJFWSA-N,False,False,0.521739125
P0DTD1_CHEMBL5441841,YFSQZXKWIDDNJX-LBPRGKRZSA-N,False,False,0.384615391
P0DTD1_CHEMBL5442135,GBOAKEYJWJTOHW-PGRDOPGGSA-N,False,False,0.557142854
P0DTD1_CHEMBL5441921,WFNBJXDPASUBFI-RBBKRZOGSA-N,False,False,0.597014904
P0DTD1_CHEMBL5441785,MXHWBJGDRNJHAR-IRLDBZIGSA-N,False,False,0.704918027
P0DTD1_CHEMBL5438913,CPUFPRBAMCCQRH-UHFFFAOYSA-N,False,False,0.600000024
P0DTD1_CHEMBL5442079,VOBVIKQGESAULT-QFBILLFUSA-N,False,False,0.402777791
P0DTD1_CHEMBL5442059,LBNHXJVTFIKCIZ-QFBILLFUSA-N,False,False,0.426229507
P0DTD1_CHEMBL5441675,LBNHXJVTFIKCIZ-APWZRJJASA-N,False,False,0.426229507
P0DTD1_CHEMBL5442099,WDSXXKUDUHLFCW-UHFFFAOYSA-N,False,False,0.529411793
P0DTD1_CHEMBL5441699,UCQXDGPOPJQAQB-UHFFFAOYSA-N,False,False,0.46808511
P0DTD1_CHEMBL5415241,WAYANGHJGYFOIO-TWJUONSBSA-N,False,False,0.474999994
P0DTD1_CHEMBL5414823,COEKDSCPTZOWRJ-RGZWJVDOSA-N,False,False,0.565217376
P0DTD1_CHEMBL5441646,VZCFLYCVDVYWOX-NSHDSACASA-N,False,False,0.450980395
P0DTD1_CHEMBL5441899,RQAXKKLLCHFWND-CQSZACIVSA-N,False,False,0.5
P0DTD1_CHEMBL5442056,WXDYDVZNHNTTBA-CQSZACIVSA-N,False,False,0.465517253
P0DTD1_CHEMBL5441865,VCEKLDMXZWNVBN-QGZVFWFLSA-N,False,False,0.482142866
P0DTD1_CHEMBL5442104,IOIASMBSZXAPBG-QGZVFWFLSA-N,False,False,0.537037015
P0DTD1_CHEMBL5441937,KLYCYXQJSIRKJZ-QGZVFWFLSA-N,False,False,0.485294104
P0DTD1_CHEMBL5441832,MUPIXDVFNINEOO-MRXNPFEDSA-N,False,False,0.583333313
P0DTD1_CHEMBL5442068,RPRLEBLWBSIJBD-OAHLLOKOSA-N,False,False,0.457627118
P0DTD1_CHEMBL5441711,SFPIFJBNIDBQMY-CQSZACIVSA-N,False,False,0.489795923
P0DTD1_CHEMBL5441695,CSCTZOKVYORACI-GFCCVEGCSA-N,False,False,0.416666657
P0DTD1_CHEMBL5441466,FXVKAWXIMUXZIC-OAHLLOKOSA-N,False,False,0.464285702
P0DTD1_CHEMBL5441975,SVVMLEVLLARKBH-CQSZACIVSA-N,False,False,0.448275864
P0DTD1_CHEMBL5441821,YZVRZCLUDCTPLK-CYBMUJFWSA-N,False,False,0.439393938
P0DTD1_CHEMBL5442106,CGCPYALYXCLKAY-CYBMUJFWSA-N,False,False,0.456140339
P0DTD1_CHEMBL5441804,UKFJKUGXMSGJAC-CQSZACIVSA-N,False,False,0.416666657
P0DTD1_CHEMBL5441918,OVRVXLSQHCBTFU-GFCCVEGCSA-N,False,False,0.483333319
P0DTD1_CHEMBL5441742,XQKDBXAKZGIFNS-GFCCVEGCSA-N,False,False,0.5
P0DTD1_CHEMBL5441586,ZYPCYRCCKDCPLP-JFIYKMOQSA-N,False,False,0.34117648
P0DTD1_CHEMBL5441514,PRQBXOWSXQLJJE-YFZMMAFXSA-N,False,False,0.400000006
P0DTD1_CHEMBL5442159,WVLFUDXBYSQFCR-MRXNPFEDSA-N,False,False,0.400000006
P0DTD1_CHEMBL5441684,YYDFUGSYRPVVFR-OAHLLOKOSA-N,False,False,0.395061731
P0DTD1_CHEMBL5442134,MIWJHBAISJJAOD-CYBMUJFWSA-N,False,False,0.369863003
P0DTD1_CHEMBL5441475,DSQVRPGBZMQFOG-GFCCVEGCSA-N,False,False,0.510638297
P0DTD1_CHEMBL5441685,PEMJLQUPMOSBSQ-LLVKDONJSA-N,False,False,0.432835817
P0DTD1_CHEMBL5441861,HCKDZPDKIDVDLJ-LLVKDONJSA-N,False,False,0.509803951
P0DTD1_CHEMBL5441901,MUPIXDVFNINEOO-INIZCTEOSA-N,False,False,0.583333313
P0DTD1_CHEMBL5441798,FSOPVDVKYHLXNE-LBPRGKRZSA-N,False,False,0.456140339
P0DTD1_CHEMBL5441655,DAIYMQBJWFCBTQ-ZCFIWIBFSA-N,False,False,0.772727251
P0DTD1_CHEMBL5441480,NELGLLLSAJHZJX-GFCCVEGCSA-N,False,False,0.627451003
P0DTD1_CHEMBL5441656,MOAWPVYXTAFCGS-QMMMGPOBSA-N,False,False,0.622222245
P0DTD1_CHEMBL5441981,FHHVXLFEHODNRQ-ZDUSSCGKSA-N,False,False,0.518518507
P0DTD1_CHEMBL5441789,NELGLLLSAJHZJX-LBPRGKRZSA-N,False,False,0.627451003
P0DTD1_CHEMBL5441768,ALHAEWMATRMBAQ-UHFFFAOYSA-N,False,False,0.706896544
P0DTD1_CHEMBL5442031,ZRXXTHXKAUQDJG-UHFFFAOYSA-N,False,False,0.683333337
P0DTD1_CHEMBL5441641,WVWOYOQHMWNHEA-UHFFFAOYSA-N,False,False,0.719298244
P0DTD1_CHEMBL5441622,OHPJZVJOXSSFOC-UHFFFAOYSA-N,False,False,0.694915235
P0DTD1_CHEMBL5441560,WHKKYCDQXDQXJZ-UHFFFAOYSA-N,False,False,0.645161271
P0DTD1_CHEMBL5441907,NUZBEIRHMCTMKP-UHFFFAOYSA-N,False,False,0.694915235
P0DTD1_CHEMBL5441894,GLPZCDSSRIKJJV-UHFFFAOYSA-N,False,False,0.666666687
P0DTD1_CHEMBL5437572,KTLXUNDQIWCCCN-UHFFFAOYSA-N,False,False,0.486111104
P0DTD1_CHEMBL5433579,GZOZMVLBQPMKAO-UHFFFAOYSA-N,False,False,0.479452044
P0DTD1_CHEMBL5418478,VVLDJMIQLLXLFR-UHFFFAOYSA-N,False,False,0.479452044
P0DTD1_CHEMBL5407311,HPEFXSCBTQLRJT-UHFFFAOYSA-N,False,False,0.472972959
P0DTD1_CHEMBL5430369,JUOUNMAXSWHENZ-UHFFFAOYSA-N,False,False,0.561643839
P0DTD1_CHEMBL5426918,USSBUOZPGATNKI-UHFFFAOYSA-N,False,False,0.480519474
P0DTD1_CHEMBL5436025,YWTDFPAGTAZMHX-UHFFFAOYSA-N,False,False,0.539473712
P0DTD1_CHEMBL5406509,ZSSZAXLADMFEDY-UHFFFAOYSA-N,False,False,0.626865685
P0DTD1_CHEMBL5415422,MOAAHRQSKSONTG-UHFFFAOYSA-N,False,False,0.444444448
P0DTD1_CHEMBL5426064,KJXSIXMJHKAJOD-GICMACPYSA-N,False,True,1.0
P0DTD1_CHEMBL5435470,XJZCPGFRAQGTOH-AHTKWCMKSA-N,False,False,0.662337661
P0DTD1_CHEMBL5437518,DEDRUGJGFIWQLF-QRTARXTBSA-N,False,False,0.6875
P0DTD1_CHEMBL5398423,WWQVFMMAZJYYHD-BZSNNMDCSA-N,False,False,0.657894731
P0DTD1_CHEMBL5438286,RVGPMQMETJYONN-FHWLQOOXSA-N,False,False,0.649350643
P0DTD1_CHEMBL5427578,SYMPKLLIICJDHC-BJESRGMDSA-N,False,False,0.739726007
P0DTD1_CHEMBL5416515,WOSHGGLYDPTENH-UHFFFAOYSA-N,False,False,0.545454562
P0DTD1_CHEMBL5433628,NDPQMAYCKQFXJW-UHFFFAOYSA-N,False,False,0.522727251
P0DTD1_CHEMBL5433083,ZTPFQRHYRYWCFL-UHFFFAOYSA-N,False,False,0.522727251
P0DTD1_CHEMBL5406209,DIGLFHOHTJYEQB-UHFFFAOYSA-N,False,False,0.577777803
P0DTD1_CHEMBL5410698,NAZUYGCSVSLAME-UHFFFAOYSA-N,False,False,0.533333361
P0DTD1_CHEMBL5436202,OSFUDWZVQUANBS-UHFFFAOYSA-N,False,False,0.5
P0DTD1_CHEMBL5430534,AMMUHPXKRBRRPB-UHFFFAOYSA-N,False,False,0.509803951
P0DTD1_CHEMBL5418838,FHFPADUAPDUOHJ-UHFFFAOYSA-N,False,False,0.586956501
P0DTD1_CHEMBL5428437,VJTCFOZGNAXEOB-UHFFFAOYSA-N,False,False,0.566037714
P0DTD1_CHEMBL5423390,FQIGTICRZNMJSG-UHFFFAOYSA-N,False,False,0.586956501
P0DTD1_CHEMBL5436067,HOEQZIFKLHFUGN-UHFFFAOYSA-N,False,False,0.565217376
P0DTD1_CHEMBL5400454,JFUCILQOTHBIKY-UHFFFAOYSA-N,False,False,0.5
P0DTD1_CHEMBL5418540,FWKSFJWEAXSYQP-UHFFFAOYSA-N,False,False,0.620000005
P0DTD1_CHEMBL5397302,IKAPYBUWWOLTKK-UHFFFAOYSA-N,False,False,0.545454562
P0DTD1_CHEMBL5416294,FXQUFPXQPWVYSA-UHFFFAOYSA-N,False,False,0.46808511
P0DTD1_CHEMBL5408630,IDTHWTUICIVMCO-UHFFFAOYSA-N,False,False,0.557692289
P0DTD1_CHEMBL5418940,QBKSDNWJJWGBRJ-UHFFFAOYSA-N,False,False,0.568181813
P0DTD1_CHEMBL5395882,GOLXHOVKKWOHBR-UHFFFAOYSA-N,False,False,0.545454562
P0DTD1_CHEMBL5405838,QAEHNJVQYRMTTQ-UHFFFAOYSA-N,False,False,0.609756112
P0DTD1_CHEMBL5417362,IFSWOVCBCRLOCY-UHFFFAOYSA-N,False,False,0.592592597
P0DTD1_CHEMBL5401478,STRJQLVEXYLLSU-UHFFFAOYSA-N,False,False,0.604166687
P0DTD1_CHEMBL5435180,DWZDMMRMGGCZKB-UHFFFAOYSA-N,False,False,0.511627913
P0DTD1_CHEMBL5405362,PAIPDCJLLQBXME-VOTSOKGWSA-N,False,False,0.581395328
P0DTD1_CHEMBL5396109,JLDXVJYPFMLWTA-UHFFFAOYSA-N,False,False,0.458333343
P0DTD1_CHEMBL5413101,BQDMDNNSBOIETP-UHFFFAOYSA-N,False,False,0.479166657
P0DTD1_CHEMBL5412979,DYFNBXYDHVULGM-UHFFFAOYSA-N,False,False,0.5
P0DTD1_CHEMBL5416685,OGTTXCRRUUYOJL-UHFFFAOYSA-N,False,False,0.555555582
P0DTD1_CHEMBL5420763,NTECXIPKVMFWEV-UHFFFAOYSA-N,False,False,0.524999976
P0DTD1_CHEMBL5402360,IKQKFWABRTUYEM-UHFFFAOYSA-N,False,False,0.555555582
P0DTD1_CHEMBL5428134,WWIMGROBCXMNMC-UHFFFAOYSA-N,False,False,0.555555582
P0DTD1_CHEMBL5439438,RZHOPRNISXVJHI-UHFFFAOYSA-N,False,False,0.395061731
P0DTD1_CHEMBL5399537,LFOYOVFWQBHENZ-UHFFFAOYSA-N,False,False,0.389473677
P0DTD1_CHEMBL5406180,AKWSZAUESGLDTH-UHFFFAOYSA-N,False,False,0.463917524
P0DTD1_CHEMBL5423178,ALRCSEFEKBSBIS-UHFFFAOYSA-N,False,False,0.595505595
P0DTD1_CHEMBL5419145,AEPJJYXAKSBPIV-UHFFFAOYSA-N,False,False,0.565217376
P0DTD1_CHEMBL5425241,PVDYZBQXTXPYJZ-UHFFFAOYSA-N,False,False,0.490566045
P0DTD1_CHEMBL5418627,MXCJZXPAMXQYDV-UHFFFAOYSA-N,False,False,0.659090936
P0DTD1_CHEMBL5439575,HZEOPBMLCXJSCK-UHFFFAOYSA-N,False,False,0.538461566
P0DTD1_CHEMBL5400303,VQZLVIVLRSMLED-UHFFFAOYSA-N,False,False,0.586956501
P0DTD1_CHEMBL5423618,CIXWCNHUNLSBNN-UHFFFAOYSA-N,False,False,0.666666687
P0DTD1_CHEMBL5398166,JBPYEVBRAZJSLP-UHFFFAOYSA-N,False,False,0.450980395
P0DTD1_CHEMBL5429980,KRVVOUNPPPSHGQ-UHFFFAOYSA-N,False,False,0.446428567
P0DTD1_CHEMBL5406114,DBKUVNSQKRRMGW-UHFFFAOYSA-N,False,False,0.5090909
P0DTD1_CHEMBL5425758,BVARPHUXDCRCTR-UHFFFAOYSA-N,False,False,0.527272701
P0DTD1_CHEMBL5418919,IOCWSIHQACDCKI-UHFFFAOYSA-N,False,False,0.509433985
P0DTD1_CHEMBL5422331,OLNDFZAXWUWXHL-UHFFFAOYSA-N,False,False,0.651162803
P0DTD1_CHEMBL5418023,VLFVCCDHMUKEHI-UHFFFAOYSA-N,False,False,0.600000024
P0DTD1_CHEMBL5394951,ZHXFXFODFHJFKJ-UHFFFAOYSA-N,False,False,0.634146333
P0DTD1_CHEMBL5398922,FTEKVGJOXLVZJD-UHFFFAOYSA-N,False,False,0.545454562
P0DTD1_CHEMBL5404766,RLFQAQWTSXYYBV-UHFFFAOYSA-N,False,False,0.420289844
P0DTD1_CHEMBL5442074,FIVRTGMLMASIKD-UWVGGRQHSA-N,False,False,0.744186044
P0DTD1_CHEMBL5434729,LJRDAKHXFPYHQD-UHFFFAOYSA-N,False,False,0.736842096
P0DTD1_CHEMBL5435359,RMKXBGVMMKASOY-ISLYRVAYSA-N,False,False,0.891891897
P0DTD1_CHEMBL5441828,PYYIAHXITWNATJ-OAHLLOKOSA-N,False,False,0.470588237
P0DTD1_CHEMBL5441635,PWDHCNCTNWBMDJ-QGZVFWFLSA-N,False,False,0.629032254
P0DTD1_CHEMBL5442149,ZPLHJETUZXKHIP-GOSISDBHSA-N,False,False,0.629032254
P10275_CHEMBL5423257,SFTVHONZBVQLAK-UFFNXBFHSA-N,False,False,0.722222209
P10275_CHEMBL5399353,HDRYXHCIGPCNEY-UHFFFAOYSA-N,False,False,0.558823526
P10275_CHEMBL5430612,PZBSUFNGNCNYDE-UHFFFAOYSA-N,False,False,0.54411763
P10275_CHEMBL5398564,WRSYHMOQUKUBNA-UHFFFAOYSA-N,False,False,0.558823526
P10275_CHEMBL5422234,SBFOQJBVADHSFN-UHFFFAOYSA-N,False,False,0.528571427
P10275_CHEMBL5421324,PSNAJRMTQXQQTK-UHFFFAOYSA-N,False,False,0.550724626
P10275_CHEMBL5424470,OGIZWNTYMHLKFN-UHFFFAOYSA-N,False,False,0.521126747
P10275_CHEMBL5398752,IRTZSBDJHYXZHU-UHFFFAOYSA-N,False,False,0.514285743
P10275_CHEMBL5398420,NPKHAJQYQFRTPG-AQYVVDRMSA-N,False,False,0.72307694
P10275_CHEMBL5431700,ZJTXDJDKDBYOPX-UHFFFAOYSA-N,False,False,0.634146333
P10275_CHEMBL5405109,LDHKUORUYJNMGY-UHFFFAOYSA-N,False,False,0.444444448
P10275_CHEMBL5401872,LOTQXVRPLPOUNZ-UHFFFAOYSA-N,False,False,0.537037015
P10275_CHEMBL5394108,RGOJACSSKDBLMB-UHFFFAOYSA-N,False,False,0.490566045
P10275_CHEMBL5424031,JHJDRNFBXMEFSO-UHFFFAOYSA-N,False,False,0.5
P10275_CHEMBL5439835,DAFRZLNJPHGVSG-UHFFFAOYSA-N,False,False,0.456521749
P10275_CHEMBL5409469,OATQYPJALMQHOQ-UHFFFAOYSA-N,False,False,0.449999988
P10275_CHEMBL5416202,NUMWUFLXKUWOKL-UHFFFAOYSA-N,False,False,0.609756112
P10275_CHEMBL5416819,ILHSGALLDGNTPO-UHFFFAOYSA-N,False,False,0.482758611
P10275_CHEMBL5395364,GMMRXSMSQRTDTQ-UHFFFAOYSA-N,False,False,0.5
P10275_CHEMBL5421312,UJDMRUFVCHKCSW-UHFFFAOYSA-N,False,False,0.480769217
P10275_CHEMBL5440496,RCLVRCFCBXOUHV-UHFFFAOYSA-N,False,False,0.483333319
P10275_CHEMBL5395976,TYGLUACVFNYUTM-UHFFFAOYSA-N,False,False,0.510204077
P10275_CHEMBL5394445,MIDJVIQFKRBNFN-UHFFFAOYSA-N,False,False,0.49253732
P10275_CHEMBL5430613,JLDDNUNRIRIGIF-UHFFFAOYSA-N,False,False,0.403846145
P10275_CHEMBL5423482,HCWARRMZJNPRRV-UHFFFAOYSA-N,False,False,0.46808511
P10275_CHEMBL5429958,MATCIEWVFOVSSJ-UHFFFAOYSA-N,False,False,0.386363626
P10275_CHEMBL5423748,OUXSVEUIIYHZLW-UHFFFAOYSA-N,False,False,0.428571433
P10275_CHEMBL5435387,LBTJEKMZLWRWSC-HIANKKKTSA-N,False,False,0.764705896
P10275_CHEMBL5440678,HYWSGESZQBYGGL-PIPMBFSDSA-N,False,False,0.602739751
P10275_CHEMBL5421919,SFWNEEFKVCGGMU-IBGZPJMESA-N,False,False,0.819672108
P10275_CHEMBL5399091,IWQNRMAKANOQKO-SFHVURJKSA-N,False,False,0.628571451
P10275_CHEMBL5405995,DBWMMURYFDHQFR-UHFFFAOYSA-N,False,False,0.632653058
P10275_CHEMBL5416300,SSPAZAQWYFMQCO-UHFFFAOYSA-N,False,False,0.54411763
P10275_CHEMBL5433104,FOSGQDDNPKMDEJ-UHFFFAOYSA-N,False,False,0.428571433
P10275_CHEMBL5395092,OGOAMZGDOYZAPE-UHFFFAOYSA-N,False,False,0.428571433
P10275_CHEMBL5393933,JTAHZPMZADRZOY-UHFFFAOYSA-N,False,False,0.600000024
P14416_CHEMBL5399833,TZTXMZAJTSHRRT-UHFFFAOYSA-N,False,False,0.608695626
P14416_CHEMBL5435325,BRPJYOLLZGXNFY-UHFFFAOYSA-N,False,False,0.56410259
P14416_CHEMBL5415842,WUGBPBCNJHXWRP-UHFFFAOYSA-N,False,False,0.426666677
P14416_CHEMBL5415691,DDIKSIDUOMAEBE-UHFFFAOYSA-N,False,False,0.465753436
P14416_CHEMBL5407845,JFCMJHZNAYJRLV-UHFFFAOYSA-N,False,False,0.465753436
P14416_CHEMBL5410716,KJARUWIFRQEXIR-FQEVSTJZSA-N,False,False,0.862068951
P14416_CHEMBL5399568,FBROEXNVPDFFCE-IBGZPJMESA-N,False,False,0.859649122
P14416_CHEMBL5425375,CIXHXASWJFMKLE-FQEVSTJZSA-N,False,False,0.857142866
P14416_CHEMBL5399166,WRPZMLXFPDERQS-SFHVURJKSA-N,False,False,0.857142866
P14416_CHEMBL5397609,XIDCICLXZSWQGO-WUFINQPMSA-N,False,False,0.519999981
P14416_CHEMBL5411545,PUDXOWVJXPKQPQ-UHFFFAOYSA-N,False,False,0.575757563
P14416_CHEMBL5410387,OKHCGJQUKXTRNR-KRWDZBQOSA-N,False,False,0.854545474
P14416_CHEMBL5438487,MCNXDINEERCWGB-IBGZPJMESA-N,False,False,0.886792481
P14416_CHEMBL5396616,HAUUSSMWQKKSAX-FQEVSTJZSA-N,False,False,0.796610177
P14416_CHEMBL5433001,XIPOFQVPXAIRQK-INIZCTEOSA-N,False,False,0.849056602
P14416_CHEMBL5430494,AXKQMRWGFVRLJB-UHFFFAOYSA-N,False,False,0.552631557
P14416_CHEMBL5440936,BJMNBNCGYUOWKZ-UHFFFAOYSA-N,False,False,0.55384618
P14416_CHEMBL5406355,FPJWEGAZJREYOD-UHFFFAOYSA-N,False,False,0.558441579
P14416_CHEMBL5414152,IEWNTAYRFVUXFS-UHFFFAOYSA-N,False,False,0.547945201
P14416_CHEMBL5418890,HMEQJDULYLZBGI-UHFFFAOYSA-N,False,False,0.419753075
P14416_CHEMBL5424038,HAZSBPWUMWZBDC-UHFFFAOYSA-N,False,False,0.552631557
P14416_CHEMBL5421574,JOGGRIOZZIZJAJ-UHFFFAOYSA-N,False,False,0.5
P14416_CHEMBL5441140,BBDIXZOHZUWSDY-UHFFFAOYSA-N,False,False,0.541666687
P14416_CHEMBL5418748,QJQGXSIIXMKXJC-UHFFFAOYSA-N,False,False,0.527272701
P14416_CHEMBL5414422,TZDQKZXAVLFVAU-UHFFFAOYSA-N,False,False,0.407407403
P14416_CHEMBL5417227,CXIWPRAOWYSIRG-UHFFFAOYSA-N,False,False,0.407894731
P14416_CHEMBL5401818,MQHGUIVIAMHZIK-UHFFFAOYSA-N,False,False,0.546666682
P14416_CHEMBL5426286,KSDJMCCCOMZTOG-UHFFFAOYSA-N,False,False,0.535211265
P14416_CHEMBL5412359,ADFNMOVNQSHFOR-RUCARUNLSA-N,False,False,0.507246375
P14416_CHEMBL5435054,QIOWIQVPCVZKOF-SAABIXHNSA-N,False,False,0.513888896
P14416_CHEMBL5438433,KUESZLYKNLHINT-KESTWPANSA-N,False,False,0.533333361
P14416_CHEMBL5412886,UXWALGMIUORAAM-UHFFFAOYSA-N,False,False,0.630769253
P14416_CHEMBL5427065,YOJUDLZOPHLXIK-WDDOOKFPSA-N,False,False,0.459459454
P14416_CHEMBL5424897,FNNKRCZBNZOMQJ-MEMLXQNLSA-N,False,False,0.560000002
P14416_CHEMBL5409134,QKOGYUWOPZFTRE-MXVIHJGJSA-N,False,False,0.65625
P14416_CHEMBL5437660,IXCPWQZWEFUJGL-WGSAOQKQSA-N,False,False,0.55737704
P14416_CHEMBL5424241,JTLPQCZWUVHUDG-MEMLXQNLSA-N,False,False,0.636363626
P14416_CHEMBL5409755,HFXHNRQNXGVDMC-IYARVYRRSA-N,False,False,0.578125
P14416_CHEMBL5421925,FOJAWPAIUACMCV-ZJBHJZIXSA-N,False,False,0.547945201
P14416_CHEMBL5408223,YFCLKFMYEUGDOO-KESTWPANSA-N,False,False,0.692307711
P14416_CHEMBL5415846,BNSLCCULUHMZBQ-KESTWPANSA-N,False,False,0.821428597
P14416_CHEMBL5404807,DRDNXPOWBJOJRJ-RZFKFIIISA-N,False,False,0.533333361
P14416_CHEMBL5425134,IONAUXJNMRGVRI-UAPYVXQJSA-N,False,False,0.699999988
P14416_CHEMBL5440422,ZSNLCMKFRUHLTG-YLIUREIVSA-N,False,False,0.605633795
P14416_CHEMBL5404054,VWTCRTQGMATJRY-HCGLCNNCSA-N,False,False,0.716216207
P14416_CHEMBL5410159,PTWUCXQTDONCCL-RRPNLBNLSA-N,False,False,0.5
P14416_CHEMBL5409322,NNHUSJMVRFFWKB-UHFFFAOYSA-N,False,False,0.587301612
P14416_CHEMBL5412606,LKUILOJELWBGMK-JSOSNVBQSA-N,False,False,0.465909094
P14416_CHEMBL5421714,JXEOKFJSXAQOOQ-NDKRRWIDSA-N,False,False,0.671052635
P14416_CHEMBL5395539,ZKRZZKIVIDSCSL-VTIYRKAUSA-N,False,False,0.524999976
P14416_CHEMBL5398913,BEYHWKKZIDOJLS-LOSJGSFVSA-N,False,False,0.4909091
P14416_CHEMBL5436551,HXJZOQIIPSJTIK-LOSJGSFVSA-N,False,False,0.4909091
P14416_CHEMBL5436957,LQSRXUCPMMXTPD-UHFFFAOYSA-N,False,False,0.622950792
P14416_CHEMBL5400528,YEDLOLJNNJYOJS-UHFFFAOYSA-N,False,False,0.701754391
P14416_CHEMBL5420316,YMJIJWNRDYCZCK-UHFFFAOYSA-N,False,False,0.555555582
P14416_CHEMBL5426620,QKVOQKSMJIDFBY-UHFFFAOYSA-N,False,False,0.573770463
P14416_CHEMBL5402212,AQLFNWINMCVDSP-QAQDUYKDSA-N,False,False,0.644067824
P14416_CHEMBL5396600,QLYORHWJCBLQOX-UHFFFAOYSA-N,False,False,0.421052635
P14416_CHEMBL5433284,WMQLLTKSISGWHQ-WKILWMFISA-N,False,False,0.818181813
P14416_CHEMBL5438081,ZWPVOADZQCQUKW-UHFFFAOYSA-N,False,False,0.538461566
P14416_CHEMBL5435745,QHLKQPDXOAFUSN-UHFFFAOYSA-N,False,False,0.606557369
P14416_CHEMBL5399129,XXESQSFCTJSSQN-UHFFFAOYSA-N,False,False,0.492957741
P14416_CHEMBL5421827,FAZGZSIAUUOWKB-UHFFFAOYSA-N,False,False,0.516129017
P14416_CHEMBL5434229,UUBRCCCOMNXSPK-IYARVYRRSA-N,False,False,0.605633795
P14416_CHEMBL5431103,NOSXOCMQQISHPL-IYARVYRRSA-N,False,False,0.775862098
P14416_CHEMBL5403268,SVPFZRJDQVOOKQ-WGSAOQKQSA-N,False,False,0.676470578
P14416_CHEMBL5422870,HZBAKQLOTJCSJX-UHFFFAOYSA-N,False,False,0.64864862
P14416_CHEMBL5428803,GKEKKHSDPFDXQN-INIZCTEOSA-N,False,False,0.777777791
P14416_CHEMBL5403204,HEPZPDOHSGVKLD-UHFFFAOYSA-N,False,False,0.652173936
P14416_CHEMBL5439853,MWHOEMHDLWMJAP-UHFFFAOYSA-N,False,False,0.641791046
P14416_CHEMBL5407341,JIURLJSKBKCSMU-UHFFFAOYSA-N,False,False,0.704918027
P14416_CHEMBL5417643,WOVYFSFWXVSASO-IZZNHLLZSA-N,False,False,0.4909091
P14416_CHEMBL5399720,BGSFWUHHMGJEBX-UHFFFAOYSA-N,False,False,0.507936537
P14416_CHEMBL5416644,MFRGANBNUOPMSD-UHFFFAOYSA-N,False,False,0.787878811
P14416_CHEMBL5411404,IYJHSZYHBWQPAO-UHFFFAOYSA-N,False,False,0.698412716
P14416_CHEMBL5409227,HQUSWISCKAODEN-UHFFFAOYSA-N,False,False,0.72307694
P14416_CHEMBL5427695,MUUSXXFKLPMJKL-IYARVYRRSA-N,False,False,0.683333337
P14416_CHEMBL5414097,OILMBPPIBYTUES-NSCUHMNNSA-N,False,False,0.481481493
P14416_CHEMBL5415178,UZOKZKSSRCUZTF-UHFFFAOYSA-N,False,False,0.519480526
P14416_CHEMBL5409419,UCGXXGOWEGSYJJ-UHFFFAOYSA-N,False,False,0.602739751
P14416_CHEMBL5426242,ULYBTXJNQXAQFS-UHFFFAOYSA-N,False,False,0.577464759
P14416_CHEMBL5395417,RTKQEPYQSOGOII-UHFFFAOYSA-N,False,False,0.462500006
P14416_CHEMBL5393856,POMINEPWKCOIMS-UHFFFAOYSA-N,False,False,0.600000024
P14416_CHEMBL5402456,KHUCLHFXODHNCM-UHFFFAOYSA-N,False,False,0.466666669
P14416_CHEMBL5410217,ZFQNGSWXFQVJFJ-UHFFFAOYSA-N,False,False,0.577464759
P14416_CHEMBL5433201,VBACXRLOMHPKDF-UHFFFAOYSA-N,False,False,0.597222209
P14416_CHEMBL5427288,WKKKRYKOGQANCZ-UHFFFAOYSA-N,False,False,0.571428597
P14416_CHEMBL5425434,VBQQFCSDLTVNFZ-UHFFFAOYSA-N,False,False,0.625
P14416_CHEMBL5417857,CTWUXLPDTJVXKK-UHFFFAOYSA-N,False,False,0.617647052
P14416_CHEMBL5396612,SGPRWOMWIVQZEC-UHFFFAOYSA-N,False,False,0.602941155
P14416_CHEMBL5405133,JKJHTKJCOHWEQH-UHFFFAOYSA-N,False,False,0.597014904
P14416_CHEMBL5415412,PRHPXINWHDFVQT-UHFFFAOYSA-N,False,False,0.730158746
P14416_CHEMBL5421272,IEFITNQZMCGBTG-UHFFFAOYSA-N,False,False,0.625
P14416_CHEMBL5433509,PVMKVNICRVBAGQ-UHFFFAOYSA-N,False,False,0.651515126
P14416_CHEMBL5438205,SNZALFBBQUAUPG-UHFFFAOYSA-N,False,False,0.641791046
P14416_CHEMBL5412718,CUZBNCPQNUFDMK-UHFFFAOYSA-N,False,False,0.638888896
P14416_CHEMBL5405333,IWPBBAPLZQJENH-UHFFFAOYSA-N,False,False,0.754098356
P14416_CHEMBL5396317,ZWNMRUMCFKVOHJ-UHFFFAOYSA-N,False,False,0.666666687
P14416_CHEMBL5427937,DBFMZFWPENBAGS-UHFFFAOYSA-N,False,False,0.777777791
P14416_CHEMBL5395187,CDGORPLWQZYBKZ-UHFFFAOYSA-N,False,False,0.777777791
P14416_CHEMBL5405086,NUGWCMSUXVODFI-UHFFFAOYSA-N,False,False,0.791044772
P14416_CHEMBL5425252,RGPTYLNPCNVHNC-UHFFFAOYSA-N,False,False,0.779661
P14416_CHEMBL5415335,OGAXIHIXSFCZCE-UHFFFAOYSA-N,False,False,0.882352948
P14416_CHEMBL5394431,VMQHOVDFWBZTMR-UHFFFAOYSA-N,False,False,0.688524604
P14416_CHEMBL5431474,KLCDWOVKIZMAPZ-UHFFFAOYSA-N,False,False,0.833333313
P14416_CHEMBL5416728,XSRFHBAHNKMQSR-UHFFFAOYSA-N,False,False,0.698412716
P14416_CHEMBL5410179,NJUGOZRVZRFICX-UHFFFAOYSA-N,False,False,0.709677398
P14416_CHEMBL5436809,UYPLISCDIQJPNG-UHFFFAOYSA-N,False,False,0.6875
P14416_CHEMBL5400232,IBNWNWKMISLVQT-UHFFFAOYSA-N,False,False,0.771929801
P14416_CHEMBL5403504,BSQJXUKPWMUTBT-UHFFFAOYSA-N,False,False,0.685185194
P14416_CHEMBL5404031,CDDJQUNDXVDPCR-UHFFFAOYSA-N,False,False,0.622950792
P14416_CHEMBL5418730,OERZGWUVKSWOKP-RBUKOAKNSA-N,False,False,0.430555552
P14416_CHEMBL5407747,GMCJUANYGWCBDC-UHFFFAOYSA-N,False,False,0.584615409
P14416_CHEMBL5425944,IHGIMVBWBWKDOW-UHFFFAOYSA-N,False,False,0.523076952
P14416_CHEMBL5413807,BHXTZGOVTCBSLC-UHFFFAOYSA-N,False,False,0.478873253
P14416_CHEMBL5429207,FPSXFLZNLAYRGB-UHFFFAOYSA-N,False,False,0.428571433
P14416_CHEMBL5423250,VILSZFKXSYCHGB-UHFFFAOYSA-N,False,False,0.432432443
P14416_CHEMBL5400356,CQDDNQVYYAJBQL-UHFFFAOYSA-N,False,False,0.477611929
P14416_CHEMBL5417351,UMTWXZNVNBBFLC-SHTZXODSSA-N,False,False,0.807692289
P14416_CHEMBL5435580,GYIHMZFXYKMQJJ-UHFFFAOYSA-N,False,False,0.686567187
P14416_CHEMBL5411002,JUBHIUPHTRPIHX-UHFFFAOYSA-N,False,False,0.622950792
P14416_CHEMBL5424052,IHIVDYNEPGPRDS-UHFFFAOYSA-N,False,False,0.622950792
P14416_CHEMBL5422196,OFPWVHCOBDDZMU-UHFFFAOYSA-N,False,False,0.666666687
P14416_CHEMBL5429491,YLGXHKHIKDCOIA-UHFFFAOYSA-N,False,False,0.655172408
P14416_CHEMBL5395668,UFUHLGWYZKBMBY-UHFFFAOYSA-N,False,False,0.655172408
P14416_CHEMBL5420627,RSKPCUCUPPJNIY-UHFFFAOYSA-N,False,False,0.633333325
P14416_CHEMBL5439203,JSLOZIRNJAUGHY-UHFFFAOYSA-N,False,False,0.709090889
P14416_CHEMBL5436641,FWGBSERBTNODSZ-MEMLXQNLSA-N,False,False,0.64864862
P14416_CHEMBL5395965,YDOILAGGRVCPSJ-VJMAFPLCSA-N,False,False,0.656716406
P14416_CHEMBL5398100,ULQCYDXROAATLP-AQYVVDRMSA-N,False,False,0.617647052
P14416_CHEMBL5429048,JGPPAABCUOMAQN-PGWJBFNOSA-N,False,False,0.734375
P14416_CHEMBL5429826,SBWDEIFOMNBGRY-MEMLXQNLSA-N,False,False,0.722222209
P14416_CHEMBL5414943,SQGAQLIHLZSUNB-UHFFFAOYSA-N,False,False,0.608695626
P14416_CHEMBL5438499,WPXGRVDCIOTDGI-UHFFFAOYSA-N,False,False,0.584615409
P17931_CHEMBL5437841,XEMGDDLDXJGHQC-UHFFFAOYSA-N,False,False,0.472222209
P17931_CHEMBL5402838,ZTVDUWIAZWYTCP-UHFFFAOYSA-N,False,False,0.50746268
P17931_CHEMBL5400634,BCFONKCXMSSSBC-XHQBTEETSA-N,False,False,0.657894731
P17931_CHEMBL5431444,SITXYIQWTUNFHR-UHFFFAOYSA-N,False,False,0.564516127
P17931_CHEMBL5406384,BOMSPOXOMYAFKP-RQSWOZRGSA-N,False,False,0.754098356
P17931_CHEMBL5401732,JLLOKLIAXWOGKM-UHFFFAOYSA-N,False,False,0.478260875
P17931_CHEMBL5429754,IGQGFJDTPJSNMB-UHFFFAOYSA-N,False,False,0.515151501
P17931_CHEMBL5415297,OYTWVSRTDWODGB-OWLWSTIZSA-N,False,False,0.628571451
P17931_CHEMBL5430941,OYTWVSRTDWODGB-AZDJEOSPSA-N,False,False,0.628571451
P17931_CHEMBL5421500,MKJXLKUONBXDOG-UHFFFAOYSA-N,False,False,0.428571433
P17931_CHEMBL5439240,BCCNAJHFEHCRGY-UHFFFAOYSA-N,False,False,0.409090906
P17931_CHEMBL5427260,MFFXVIFPLTYPHM-UHFFFAOYSA-N,False,False,0.404494375
P17931_CHEMBL5430273,ZHQOZZGRYBFWOA-UHFFFAOYSA-N,False,False,0.449999988
P17931_CHEMBL5441028,CFQOTVNELKQHDO-UHFFFAOYSA-N,False,False,0.402985066
P17931_CHEMBL5417087,VQTJGOXKWKVPAM-UHFFFAOYSA-N,False,False,0.411764711
P17931_CHEMBL5394601,ZXJFQNZZYDAWIY-UHFFFAOYSA-N,False,False,0.426829278
P17931_CHEMBL5419357,FFLWELXEHFKRCM-UHFFFAOYSA-N,False,False,0.463414639
P17931_CHEMBL5412010,BONGPDVRQLSPFY-UHFFFAOYSA-N,False,False,0.44262296
P17931_CHEMBL5396404,BTMIVUUSJRISFQ-UHFFFAOYSA-N,False,False,0.449999988
P17931_CHEMBL5406006,PEODHIZLYVLGDB-UHFFFAOYSA-N,False,False,0.519230783
P17931_CHEMBL5436075,AZOPOKOWNRFERQ-UHFFFAOYSA-N,False,False,0.508196712
P17931_CHEMBL5422699,LVXHVTQEPILXSG-UHFFFAOYSA-N,False,False,0.419354826
P17931_CHEMBL5406342,HCDSOJROXGJTKI-UHFFFAOYSA-N,False,False,0.534482777
P17931_CHEMBL5433343,GQDVINNUTMNUJW-UHFFFAOYSA-N,False,False,0.509433985
P17931_CHEMBL5415648,PTNKQWFTZHGXIA-UHFFFAOYSA-N,False,False,0.450704217
P17931_CHEMBL5436399,HSNYJVWJXYJXIF-UHFFFAOYSA-N,False,False,0.426470578
P17931_CHEMBL5440690,OTAFAOFIQUXGCW-UHFFFAOYSA-N,False,False,0.568965495
P17931_CHEMBL5436088,KNLPTJBNSZHVDD-UHFFFAOYSA-N,False,False,0.568965495
P17931_CHEMBL5437593,WQSBDAIUOCXJHV-UHFFFAOYSA-N,False,False,0.49253732
P17931_CHEMBL5434120,XFEZZHHBRROFQZ-UHFFFAOYSA-N,False,False,0.460317463
P17931_CHEMBL5436190,DSTGSRGXHNQVSI-UHFFFAOYSA-N,False,False,0.469696969
P17931_CHEMBL5440430,YTFBHDFIAVCOLW-CXWAYFSPSA-N,False,False,0.645161271
P17931_CHEMBL5411478,FZJNVIVWLZPBGW-RDZAWVCESA-N,False,False,0.619718313
P17931_CHEMBL5432913,ACJZLMMXEBUJIX-RUCLQGLUSA-N,False,False,0.681159437
P17931_CHEMBL5395001,OSWKZOURNJHUSF-RUCLQGLUSA-N,False,False,0.691176474
P17931_CHEMBL5397280,LFIRTILFTSHBRZ-WZYWGQKZSA-N,False,False,0.691176474
P17931_CHEMBL5399144,LWQQTIYILFGLHX-WZYWGQKZSA-N,False,False,0.691176474
P17931_CHEMBL5395141,SFOMGXMEEFKQRQ-YQMYHTILSA-N,False,False,0.620689631
P21728_CHEMBL5398357,POVWSYSDQXIYKJ-QFIPXVFZSA-N,False,False,0.866666675
P21728_CHEMBL5420515,VGIIDBWOPSJFIE-QFIPXVFZSA-N,False,False,0.862068951
P21728_CHEMBL5436253,GFZVUTOOLYYAOX-NRFANRHFSA-N,False,False,0.83606559
P21728_CHEMBL5399393,VOWZUTQGRBJLDH-QFIPXVFZSA-N,False,False,0.866666675
P21728_CHEMBL5412881,SJWXAQHBAPRXPD-QHCPKHFHSA-N,False,False,0.881355941
P21728_CHEMBL5423775,SMQYAHMIUKDWPQ-DEOSSOPVSA-N,False,False,0.896551728
P21728_CHEMBL5439661,PVXJKZIZVPZHDE-VWLOTQADSA-N,False,False,0.896551728
P21728_CHEMBL5394838,LHHCQDFZJQYUSF-QHCPKHFHSA-N,False,False,0.8125
P21728_CHEMBL5410716,KJARUWIFRQEXIR-FQEVSTJZSA-N,False,False,0.862068951
P21728_CHEMBL5439212,GUEHIYRLOQCWLO-NRFANRHFSA-N,False,False,0.830508471
P21728_CHEMBL5399422,BFYNQIVBIQGLJA-QFIPXVFZSA-N,False,False,0.862068951
P21728_CHEMBL5437148,SLCUTXIBPDBQJC-DEOSSOPVSA-N,False,False,0.892857134
P21728_CHEMBL5399933,ISHULLMLYOWDJR-VWLOTQADSA-N,False,False,0.892857134
P21728_CHEMBL5423880,MMFWIZULHRZJBU-NRFANRHFSA-N,False,False,0.864406765
P21728_CHEMBL5409939,CIQIXAAZIFEHQC-NRFANRHFSA-N,False,False,0.859649122
P21728_CHEMBL5399568,FBROEXNVPDFFCE-IBGZPJMESA-N,False,False,0.859649122
P21728_CHEMBL5416700,ANDDNJUYPNMKJQ-FQEVSTJZSA-N,False,False,0.862068951
P21728_CHEMBL5425375,CIXHXASWJFMKLE-FQEVSTJZSA-N,False,False,0.857142866
P21728_CHEMBL5399166,WRPZMLXFPDERQS-SFHVURJKSA-N,False,False,0.857142866
P21728_CHEMBL5402269,YRIGEEYYMGNBLH-IBGZPJMESA-N,False,False,0.890909076
P21728_CHEMBL5420387,RMKVCRINIVDQQR-FQEVSTJZSA-N,False,False,0.803278685
P21728_CHEMBL5410387,OKHCGJQUKXTRNR-KRWDZBQOSA-N,False,False,0.854545474
P21728_CHEMBL5395272,JHLIBYXPSIHAKP-SFHVURJKSA-N,False,False,0.821428597
P21728_CHEMBL5438487,MCNXDINEERCWGB-IBGZPJMESA-N,False,False,0.886792481
P21728_CHEMBL5396616,HAUUSSMWQKKSAX-FQEVSTJZSA-N,False,False,0.796610177
P21728_CHEMBL5433001,XIPOFQVPXAIRQK-INIZCTEOSA-N,False,False,0.849056602
P21728_CHEMBL5437660,IXCPWQZWEFUJGL-WGSAOQKQSA-N,False,False,0.55737704
P21728_CHEMBL5408223,YFCLKFMYEUGDOO-KESTWPANSA-N,False,False,0.692307711
P21728_CHEMBL5404054,VWTCRTQGMATJRY-HCGLCNNCSA-N,False,False,0.716216207
P21728_CHEMBL5431103,NOSXOCMQQISHPL-IYARVYRRSA-N,False,False,0.775862098
P21728_CHEMBL5422870,HZBAKQLOTJCSJX-UHFFFAOYSA-N,False,False,0.64864862
P21728_CHEMBL5428803,GKEKKHSDPFDXQN-INIZCTEOSA-N,False,False,0.777777791
P21728_CHEMBL5403204,HEPZPDOHSGVKLD-UHFFFAOYSA-N,False,False,0.652173936
P21728_CHEMBL5409419,UCGXXGOWEGSYJJ-UHFFFAOYSA-N,False,False,0.602739751
P21728_CHEMBL5426242,ULYBTXJNQXAQFS-UHFFFAOYSA-N,False,False,0.577464759
P21728_CHEMBL5425252,RGPTYLNPCNVHNC-UHFFFAOYSA-N,False,False,0.779661
P21728_CHEMBL5400232,IBNWNWKMISLVQT-UHFFFAOYSA-N,False,False,0.771929801
P22303_CHEMBL5394478,XVBCFWNSQCHPTI-UHFFFAOYSA-N,False,False,0.493827164
P22303_CHEMBL5400593,DRGVFCJQZHOVEJ-UHFFFAOYSA-N,False,False,0.506329119
P22303_CHEMBL5428978,GAIKGEKRGGHCMZ-UHFFFAOYSA-N,False,False,0.518987358
P22303_CHEMBL5410208,VIMYNAVDKFZSJY-UHFFFAOYSA-N,False,False,0.567567587
P22303_CHEMBL5431791,BTEJXTBVWONFFU-UHFFFAOYSA-N,False,False,0.515625
P22303_CHEMBL5399188,YMGWTTBRRFFMLN-UHFFFAOYSA-N,False,False,0.515625
P22303_CHEMBL5421921,RYFYERZCXQBRAD-UHFFFAOYSA-N,False,False,0.506329119
P22303_CHEMBL5406712,SQZUTUIJWZXJAX-UHFFFAOYSA-N,False,False,0.470588237
P22303_CHEMBL5430507,RNUHPLVYQWRAGP-UHFFFAOYSA-N,False,False,0.465753436
P22303_CHEMBL5394683,LAMQUJNDYPKKMT-UHFFFAOYSA-N,False,False,0.600000024
P22303_CHEMBL5407856,OKXFQHMUKASRBY-UHFFFAOYSA-N,False,False,0.577464759
P22303_CHEMBL5440735,GTXNGJDFXPHWOA-UHFFFAOYSA-N,False,False,0.569444418
P22303_CHEMBL5407180,ONBVYCYXZOZZNN-PDGQHHTCSA-N,False,False,0.698113203
P22303_CHEMBL5417332,XAWFXAPFQYDPBV-QFIPXVFZSA-N,False,False,0.556962013
P22303_CHEMBL5395691,ONFFSANHYPZSAW-UHFFFAOYSA-N,False,False,0.555555582
P22303_CHEMBL5405929,DSKDAAYTNXQGJV-UHFFFAOYSA-N,False,False,0.555555582
P22303_CHEMBL5424787,SKPVSXMCZMZIKN-UHFFFAOYSA-N,False,False,0.806451619
P22303_CHEMBL5395270,HQVRKEQGOOXDCP-UHFFFAOYSA-N,False,False,0.768115938
P22303_CHEMBL5416421,JIVUGVGICZGKIU-UHFFFAOYSA-N,False,False,0.779411793
P22303_CHEMBL5425753,YEDMNOZIAFUYSZ-UHFFFAOYSA-N,False,False,0.770270288
P22303_CHEMBL5411758,LZKBTCQYBSXKFD-UHFFFAOYSA-N,False,False,0.844827592
P22303_CHEMBL5419644,BARZEIXSJGIODB-UHFFFAOYSA-N,False,False,0.722222209
P22303_CHEMBL5414144,YWVFIQIWZRMQIM-WQRHYEAKSA-N,False,False,0.685185194
P22303_CHEMBL5407164,FVVRODREEMLXIT-MOSHPQCFSA-N,False,False,0.660714269
P22303_CHEMBL5434888,PPCRHFHUQHNFIU-NVMNQCDNSA-N,False,False,0.616666675
P22303_CHEMBL5406359,YCVKLCITAUMFGJ-UHFFFAOYSA-N,False,False,0.49333334
P22303_CHEMBL5407691,GOMKMYSERUHMOO-UHFFFAOYSA-N,False,False,0.46938777
P22303_CHEMBL5420040,CYDBJLDDUKNJJI-UHFFFAOYSA-N,False,False,0.455445558
P22303_CHEMBL5433354,SYAFXJONAPKFCV-UHFFFAOYSA-N,False,False,0.493506491
P22303_CHEMBL5421943,IGFAIZMGHCSJKW-UHFFFAOYSA-N,False,False,0.5
P22303_CHEMBL5402496,ZNTRQSRSBVJTIH-UHFFFAOYSA-N,False,False,0.461538464
P22303_CHEMBL5426913,KXTAITOAHXONFJ-UHFFFAOYSA-N,False,False,0.50666666
P22303_CHEMBL5407606,XORPGTGNAJHWCZ-UHFFFAOYSA-N,False,False,0.450980395
P22303_CHEMBL5412970,DDQJAXGJMXUMJC-UHFFFAOYSA-N,False,False,0.479999989
P22303_CHEMBL5424767,KXDQPAPDYNGFQI-UHFFFAOYSA-N,False,False,0.463917524
P22303_CHEMBL5433166,PNMOBYJSLJRIMZ-UHFFFAOYSA-N,False,False,0.482758611
P22303_CHEMBL5429003,ZWUZQGWZVAEYAO-UHFFFAOYSA-N,False,False,0.5
P22303_CHEMBL5424712,ZVCIGFZJQSFSGN-UHFFFAOYSA-N,False,False,0.484848499
P22303_CHEMBL5419243,RDSIJVSRSNHGQF-UHFFFAOYSA-N,False,False,0.639344275
P22303_CHEMBL5417346,KNRMIKZZOJGSJX-UHFFFAOYSA-N,False,False,0.924528301
P22303_CHEMBL5426103,HUBRSVWWLJIQNA-UHFFFAOYSA-N,False,False,0.639344275
P22303_CHEMBL5440753,AAUBXOLWHARFEP-UHFFFAOYSA-N,False,False,0.924528301
P22303_CHEMBL5417632,QETYDHWZWMJMKU-UHFFFAOYSA-N,False,False,0.639344275
P22303_CHEMBL5434553,YCQCPYFOKZXUGC-UHFFFAOYSA-N,False,False,0.924528301
P22303_CHEMBL5418455,GZNVWPUZAABVSS-UHFFFAOYSA-N,False,False,0.629032254
P22303_CHEMBL5396497,XUPZXSZNIKCMMD-UHFFFAOYSA-N,False,False,0.907407403
P22303_CHEMBL5433692,COWSYZPNNFGXOD-UHFFFAOYSA-N,False,False,0.666666687
P22303_CHEMBL5427383,IKBVFQRRVOLTQW-UHFFFAOYSA-N,False,False,0.70588237
P22303_CHEMBL5416845,PSHRBDVGRGWEIB-UHFFFAOYSA-N,False,False,0.720000029
P22303_CHEMBL5401085,ULNFTCVMWDRSGR-UHFFFAOYSA-N,False,False,0.666666687
P22303_CHEMBL5424185,JIQPKOHKBQJXKT-UHFFFAOYSA-N,False,False,0.653846145
P22303_CHEMBL5429608,IFCAAEQXMGKTFX-UHFFFAOYSA-N,False,False,0.550000012
P22303_CHEMBL5396394,GQWXRMJFBBWGBU-UHFFFAOYSA-N,False,False,0.54838711
P22303_CHEMBL5435599,HHOQFQNZGOWBHS-UHFFFAOYSA-N,False,False,0.559322059
P22303_CHEMBL5426763,WPZXTEAEXAJKLC-UHFFFAOYSA-N,False,False,0.540983617
P22303_CHEMBL5407369,WRQPYUZDNIDAKI-UHFFFAOYSA-N,False,False,0.507692337
P22303_CHEMBL5405546,YMWARYCMQGOOCM-UHFFFAOYSA-N,False,False,0.703125
P22303_CHEMBL5413217,VFFPALFWDWTCTP-UHFFFAOYSA-N,False,False,0.575757563
P22303_CHEMBL5414511,LVKPJLCFXSUYOI-OUKQBFOZSA-N,False,False,0.512820542
P22303_CHEMBL5396214,NFKGOOFQVFDLFN-MDZDMXLPSA-N,False,False,0.486111104
P22303_CHEMBL5436875,CQPIZDJANRHFKG-ZHACJKMWSA-N,False,False,0.492753625
P22303_CHEMBL5435812,STOAYYCAXYRSJU-MDZDMXLPSA-N,False,False,0.486111104
P22303_CHEMBL5397159,JVSYOGDIPVRFMX-CMDGGOBGSA-N,False,False,0.518518507
P22303_CHEMBL5412278,IILWHJNAPFMQIG-UHFFFAOYSA-N,False,False,0.552238822
P22303_CHEMBL5412829,VGOWRMCVCDHGIZ-UHFFFAOYSA-N,False,False,0.550000012
P22303_CHEMBL5425561,IKAVVQHSMHYMDJ-OHKUQIHYSA-N,False,False,0.627118647
P22303_CHEMBL5407081,MTQQHPZGMBSWSL-UHFFFAOYSA-N,False,False,0.5
P22303_CHEMBL5416407,LKUBOYJFUVOZCG-UHFFFAOYSA-N,False,False,0.450704217
P22303_CHEMBL5404812,RTJHIRJIKJCFFV-UHFFFAOYSA-N,False,False,0.485294104
P22303_CHEMBL5419364,QDOARVWOVAHJIU-PGRDOPGGSA-N,False,False,0.75757575
P22303_CHEMBL5436261,CFBPNQLXDNLVNE-HRAATJIYSA-N,False,False,0.625
P22303_CHEMBL5405496,SDIALEIKIKXUSO-DYESRHJHSA-N,False,False,0.551282048
P22303_CHEMBL5415210,ZPTZOXPYMMOGAB-OXJNMPFZSA-N,False,False,0.592105269
P22303_CHEMBL5424891,UGWWJOSSIWOXLW-UHFFFAOYSA-N,False,False,0.460526317
P22303_CHEMBL5429752,ZYHMJQXZMJVBKC-CIAFOILYSA-N,False,False,0.703703701
P22303_CHEMBL5428266,BENUSXTXXYTTQG-WYMPLXKRSA-N,False,False,0.754716992
P22303_CHEMBL5411628,ALUSQOVFJVQNKF-UDWIEESQSA-N,False,False,0.696428597
P22303_CHEMBL5424094,QXZHCROHJQQFEJ-SRZZPIQSSA-N,False,False,0.580645144
P22303_CHEMBL5423918,GKOUESSFMCKDBI-UHFFFAOYSA-N,False,False,0.676923096
P22303_CHEMBL5400395,VUEZWIALQTZWIP-UHFFFAOYSA-N,False,False,0.645161271
P22303_CHEMBL5408925,FSAILKBVUYCXNV-UHFFFAOYSA-N,False,False,0.703125
P22303_CHEMBL5417392,XNJHYFAIQOFIJJ-UHFFFAOYSA-N,False,False,0.661764681
P22303_CHEMBL5433956,BUHWDQLEICJGTP-UHFFFAOYSA-N,False,False,0.661016941
P22303_CHEMBL5430903,WEQSWNWRNIQWLG-BQYQJAHWSA-N,False,False,0.489361703
P22303_CHEMBL5426478,WNYQOMQAEHKIGN-STZFKDTASA-N,False,False,0.50746268
P22303_CHEMBL5438801,PLFDOJBDYAWUKJ-DENIHFKCSA-N,False,False,0.913793087
P22303_CHEMBL5431870,DTVPCBIZJATWPE-LAUBAEHRSA-N,False,False,0.78125
P22303_CHEMBL5433193,AZQJBDNDDDGKPV-UHFFFAOYSA-N,False,False,0.686274529
P22303_CHEMBL5414221,MZXGUKCOZUAIPL-UHFFFAOYSA-N,False,False,0.365079373
P22303_CHEMBL5433082,RABDHLJBIQEEND-UHFFFAOYSA-N,False,False,0.396825403
P22303_CHEMBL5397824,HWAVOPJJRDSISW-UHFFFAOYSA-N,False,False,0.448275864
P22303_CHEMBL5412564,ICNPKYKIVQPEDC-UHFFFAOYSA-N,False,False,0.696428597
P22303_CHEMBL5409365,FKBZPOPRHZPSRO-UHFFFAOYSA-N,False,False,0.672727287
P22303_CHEMBL5396781,HKKMPIIBPZOFCZ-QQTULTPQSA-N,False,False,0.605263174
P22303_CHEMBL5437711,OPACGYUGWYNSQL-RGVLZGJSSA-N,False,False,0.764705896
P22303_CHEMBL5411077,MCYLULFSVNLOSL-SSDVNMTOSA-N,False,False,0.559322059
P22303_CHEMBL5401627,PWUMBSXJJLVIDI-SRZZPIQSSA-N,False,False,0.703703701
P22303_CHEMBL5426401,VBFKLSQXEXLRSC-UHFFFAOYSA-O,False,False,0.675000012
P22303_CHEMBL5408201,JTJQWNKGAGILHA-UHFFFAOYSA-N,False,False,0.554054081
P22303_CHEMBL5401178,BYSNJAOABDTNBL-UHFFFAOYSA-N,False,False,0.666666687
P22303_CHEMBL5432462,BPSDIQLSSVWJQS-UHFFFAOYSA-N,False,False,0.615384638
P22303_CHEMBL5415532,IAQOCDHPBWLMJC-UHFFFAOYSA-N,False,False,0.459016383
P22303_CHEMBL5413533,AJZPRGAIPAIFGA-UHFFFAOYSA-N,False,False,0.428571433
P22303_CHEMBL5427748,WUPOUXQINOBOLY-RGVLZGJSSA-N,False,False,0.532258093
P22303_CHEMBL5428301,HYNFVNABZWXLPH-UFFVCSGVSA-N,False,False,0.600000024
P22303_CHEMBL5429288,NSHPPFSRBQWBQE-RGVLZGJSSA-N,False,False,0.696428597
P22303_CHEMBL5409352,HJPAZMJTDPKOLV-UHFFFAOYSA-N,False,False,0.723404229
P22303_CHEMBL5433139,YHMQNOUAEWRSMB-UHFFFAOYSA-N,False,False,0.671641767
P22303_CHEMBL5435163,POPGUCONQNKJKN-UHFFFAOYSA-N,False,False,0.416666657
P23458_CHEMBL5408535,ROPVDBWPZAWUNT-UHFFFAOYSA-N,False,False,0.644067824
P23458_CHEMBL5396134,DTMIBBOCLJONAM-UHFFFAOYSA-N,False,False,0.474358976
P23458_CHEMBL5440598,MCEQRMLWFYIMOS-UHFFFAOYSA-N,False,False,0.493150681
P23458_CHEMBL5438309,HOOYZXBJNALUAR-UHFFFAOYSA-N,False,False,0.523809552
P23458_CHEMBL5396692,PGAJRBPJZQCPJB-UHFFFAOYSA-N,False,False,0.5
P23458_CHEMBL5433067,UFXJOTMNULIWLB-UHFFFAOYSA-N,False,False,0.515151501
P23458_CHEMBL5406170,ARHVWSLEQUWTGA-UHFFFAOYSA-N,False,False,0.5
P23458_CHEMBL5397997,XQEZTKKWEGOJAF-UHFFFAOYSA-N,False,False,0.476923078
P23458_CHEMBL5424439,HIHLCOANWGGTMC-UHFFFAOYSA-N,False,False,0.633333325
P23458_CHEMBL5419924,TZPQUEOSLMVEIG-UHFFFAOYSA-N,False,False,0.480769217
P23458_CHEMBL5426253,BEQMZNGWFQTJAP-UHFFFAOYSA-N,False,False,0.515151501
P23458_CHEMBL5426809,GSLPBTSRPLOBRW-UHFFFAOYSA-N,False,False,0.5
P23458_CHEMBL5407349,KEKAVLJLYXKHJG-UHFFFAOYSA-N,False,False,0.617647052
P23458_CHEMBL5431607,CUCSNRGGNZPVQI-UHFFFAOYSA-N,False,False,0.469879508
P23458_CHEMBL5437567,UPFZPSSOZLMTSA-UHFFFAOYSA-N,False,False,0.513888896
P23458_CHEMBL5413174,UKGYRIHRUPOADL-UHFFFAOYSA-N,False,False,0.557142854
P23458_CHEMBL5398468,UWAWQDDCHUKHDE-UHFFFAOYSA-N,False,False,0.50746268
P23458_CHEMBL5419274,OLXNVSRWRFTGBP-UHFFFAOYSA-N,False,False,0.597402573
P23458_CHEMBL5440065,OZNBQSZYMOMTGH-UHFFFAOYSA-N,False,False,0.484848499
P23458_CHEMBL5426703,BYQLOPDFWVASHS-UHFFFAOYSA-N,False,False,0.556962013
P23458_CHEMBL5429376,YOUJBEUMZUGRMN-UHFFFAOYSA-N,False,False,0.600000024
P23458_CHEMBL5431099,NEIDBNGOZCZLEZ-UHFFFAOYSA-N,False,False,0.530120492
P23458_CHEMBL5429154,PZDNKVGUXPTXBJ-UHFFFAOYSA-N,False,False,0.485714287
P23458_CHEMBL5436045,YYRUNFXGMRKVSN-UHFFFAOYSA-N,False,False,0.476923078
P23458_CHEMBL5417474,ALHCHCZKMLGTHT-UHFFFAOYSA-N,False,False,0.632352948
P23458_CHEMBL5395839,SEYRFWCGCDMTOA-UHFFFAOYSA-N,False,False,0.641791046
P23458_CHEMBL5403897,MJGQOHCTNGEHDC-UHFFFAOYSA-N,False,False,0.651515126
P23458_CHEMBL5420083,FQIYFTOVASBCBB-UHFFFAOYSA-N,False,False,0.545454562
P23458_CHEMBL5420971,MJRANCWIWRLEJM-UHFFFAOYSA-N,False,False,0.671875
P23458_CHEMBL5399325,SSWCLHIHRCNTES-UHFFFAOYSA-N,False,False,0.515151501
P23458_CHEMBL5424098,ZMYPJUHAZZSTQN-UHFFFAOYSA-N,False,False,0.591549277
P23458_CHEMBL5405262,WGOUWCCRNILONW-BXKDBHETSA-N,False,False,0.534246564
P23458_CHEMBL5439485,LQORZCFYUPQZLU-UHFFFAOYSA-N,False,False,0.578947365
P23458_CHEMBL5423387,DPNRBPUOHMVAFV-RBUKOAKNSA-N,False,False,0.743243217
P23458_CHEMBL5430795,OBHALOYFTPPVQM-GDBMZVCRSA-N,False,False,0.828571439
P23458_CHEMBL5405043,ZUDFOFBHPJHVPB-GDBMZVCRSA-N,False,False,0.828571439
P23458_CHEMBL5410919,NKGFJEYTXFUJSB-UKRRQHHQSA-N,False,False,0.708333313
P23458_CHEMBL5435417,AOICGPVTFRAGAX-UKRRQHHQSA-N,False,False,0.771428585
P23458_CHEMBL5439582,YGOMDEPURZKKQR-ZWKOTPCHSA-N,False,False,0.838235319
P23458_CHEMBL5427932,XUEXROABNBPOBJ-UKRRQHHQSA-N,False,False,0.875
P23458_CHEMBL5405140,HALQCRHZEQWMBI-RHSMWYFYSA-N,False,False,0.859375
P23458_CHEMBL5404261,VMVPBIZAVRWGHU-RBUKOAKNSA-N,False,False,0.830985904
P23458_CHEMBL5441087,WQKOPPHLBQIUAG-RBUKOAKNSA-N,False,False,0.797297299
P23458_CHEMBL5440017,AFODACVBVYKBHF-HUUCEWRRSA-N,False,False,0.756756783
P23458_CHEMBL5434116,YETBCWGHKWNNTP-ZWKOTPCHSA-N,False,True,1.0
P23458_CHEMBL5396523,WQMGTKKBJJFOGQ-RHSMWYFYSA-N,False,False,0.828571439
P23458_CHEMBL5423894,FDCOYKWAEQLXBI-GDBMZVCRSA-N,False,False,0.791044772
P23458_CHEMBL5424497,FGFGLAJKHODMGZ-UHFFFAOYSA-N,False,False,0.392405063
P23458_CHEMBL5409953,VALKBDVUFHAEMQ-UHFFFAOYSA-N,False,False,0.678571403
P23458_CHEMBL5422886,RJHREQOUJMQXBL-UHFFFAOYSA-N,False,False,0.552238822
P23458_CHEMBL5412967,QLSJFVSWCVEOMO-HNNXBMFYSA-N,False,False,0.507042229
P23458_CHEMBL5417371,UGAJHTSPHACTLO-UHFFFAOYSA-N,False,False,0.660714269
P23458_CHEMBL5440832,QSQLSTWOUFBPKW-UHFFFAOYSA-N,False,False,0.785714269
P23458_CHEMBL5417190,YWUCEUICJFTKSJ-UHFFFAOYSA-N,False,False,0.771929801
P23458_CHEMBL5404411,DBAYOMQZYDSJKV-UHFFFAOYSA-N,False,False,0.690909088
P23458_CHEMBL5436647,DJOPDQNHJUNVIQ-UHFFFAOYSA-N,False,False,0.578125
P23458_CHEMBL5431456,ABZXRAQIVBXXPG-UHFFFAOYSA-N,False,False,0.627118647
P23458_CHEMBL5396190,QACIKAGZYYIWDY-UHFFFAOYSA-N,False,False,0.612903237
P23458_CHEMBL5438882,PPWJHBUYVAYYHW-UHFFFAOYSA-N,False,False,0.836363614
P23458_CHEMBL5424372,QZZHYZMBAUORBR-UHFFFAOYSA-N,False,False,0.655737698
P23458_CHEMBL5436482,DAWLRKYDSIQUEZ-UHFFFAOYSA-N,False,False,0.616666675
P23458_CHEMBL5407329,MYTVQTWPMPXBGM-UHFFFAOYSA-N,False,False,0.580645144
P23458_CHEMBL5407260,JXLWZLUHIKGJID-MRXNPFEDSA-N,False,False,0.479999989
P23458_CHEMBL5396554,JXLWZLUHIKGJID-INIZCTEOSA-N,False,False,0.479999989
P23458_CHEMBL5415586,GXLRNOIQEDNDKT-UHFFFAOYSA-N,False,False,0.740740716
P23458_CHEMBL5409666,VEOVUUQKOGPBHF-UHFFFAOYSA-N,False,False,0.666666687
P23458_CHEMBL5433426,YAHPRSMXTYPCCD-UHFFFAOYSA-N,False,False,0.564516127
P23458_CHEMBL5395378,RIGQOFDZINNSON-UHFFFAOYSA-N,False,False,0.622950792
P23458_CHEMBL5420468,NGEQQUWHBWTKEQ-MRXNPFEDSA-N,False,False,0.802469134
P23458_CHEMBL5408994,BGXJJFPQOWNIAF-UHFFFAOYSA-N,False,False,0.616438329
P23458_CHEMBL5419978,QQXYCADNNJNFHZ-UHFFFAOYSA-N,False,False,0.616438329
P23458_CHEMBL5435482,SECLDOGRGZCTSE-UHFFFAOYSA-N,False,False,0.633802831
P23458_CHEMBL5398464,VYGGHIWUVSMRFX-UHFFFAOYSA-N,False,False,0.566265047
P23458_CHEMBL5440510,TXELAYINOQAWIB-UHFFFAOYSA-N,False,False,0.636363626
P23458_CHEMBL5438892,VYUZMRQDNWEZOD-UHFFFAOYSA-N,False,False,0.636363626
P23458_CHEMBL5412619,QLPWFQPHRAFDGC-UHFFFAOYSA-N,False,False,0.523809552
P23458_CHEMBL5400209,NNSLCBDQDWRXOB-LDTOLXSISA-N,False,False,0.563380301
P23458_CHEMBL5437261,WRNMFQOZYLNHJP-UHFFFAOYSA-N,False,False,0.555555582
P23458_CHEMBL5428461,QYDXMKYBVVPOEE-UHFFFAOYSA-N,False,False,0.676923096
P23458_CHEMBL5419271,UPVMQCFILJXYHY-UHFFFAOYSA-N,False,False,0.5
P23458_CHEMBL5436383,IFZIDOOTOOOOGR-UHFFFAOYSA-N,False,False,0.471428573
P23458_CHEMBL5431257,XPTPMWBIGLQDFM-UHFFFAOYSA-N,False,False,0.716981113
P23458_CHEMBL5440264,FQOJBQCMVKERQX-UHFFFAOYSA-N,False,False,0.513513505
P23458_CHEMBL5420928,SKSCGXZQWKQMTE-UHFFFAOYSA-N,False,False,0.600000024
P23458_CHEMBL5413489,XILQGGMJGFCSKZ-UHFFFAOYSA-N,False,False,0.635135114
P23458_CHEMBL5417745,QVVITXKEBKLWSN-UHFFFAOYSA-N,False,False,0.515625
P23458_CHEMBL5414410,ZXDDMQWKXGSSLJ-UHFFFAOYSA-N,False,False,0.646153867
P23458_CHEMBL5431565,RYUQDJFJKIZISW-UHFFFAOYSA-N,False,False,0.781818211
P23458_CHEMBL5398705,OAFSEOBYSMNKHG-UHFFFAOYSA-N,False,False,0.823529422
P23458_CHEMBL5423237,XQZSGOBAYDQIAM-UHFFFAOYSA-N,False,False,0.641509414
P23458_CHEMBL5411082,QCUIKIUQGMTBIM-UHFFFAOYSA-N,False,False,0.507246375
P23458_CHEMBL5424761,VVVOXIMEZCMSSA-UHFFFAOYSA-N,False,False,0.659090936
P23458_CHEMBL5394914,BKNPWXUTRRXYNL-UHFFFAOYSA-N,False,False,0.5
P23458_CHEMBL5421116,GRNVQRLQIUHOOP-OUQJNZHLSA-N,False,False,0.622950792
P23458_CHEMBL5422793,GRNVQRLQIUHOOP-FZRRDAJLSA-N,False,False,0.622950792
P23458_CHEMBL5418073,QKVOBTHWPHZLET-UHFFFAOYSA-N,False,False,0.606557369
P23458_CHEMBL5407116,SJXZTTFVVYAFTL-UHFFFAOYSA-N,False,False,0.631578922
P23458_CHEMBL5422110,DNEOQIBBBWKTRT-UHFFFAOYSA-N,False,False,0.53191489
P23458_CHEMBL5430869,DQNJGVYNNFSEAF-UHFFFAOYSA-N,False,False,0.520833313
P24941_CHEMBL5416233,LRNZETHOQYGLNM-UHFFFAOYSA-N,False,False,0.568965495
P24941_CHEMBL5414905,UQKMSJFNACXHSL-HNNXBMFYSA-N,False,False,0.600000024
P24941_CHEMBL5399420,QGGLESNNYLSYEA-UHFFFAOYSA-N,False,False,0.666666687
P24941_CHEMBL5428330,RZFLNGLSNUTNMG-UHFFFAOYSA-N,False,False,0.630769253
P24941_CHEMBL5417371,UGAJHTSPHACTLO-UHFFFAOYSA-N,False,False,0.660714269
P24941_CHEMBL5440832,QSQLSTWOUFBPKW-UHFFFAOYSA-N,False,False,0.785714269
P24941_CHEMBL5417190,YWUCEUICJFTKSJ-UHFFFAOYSA-N,False,False,0.771929801
P24941_CHEMBL5404411,DBAYOMQZYDSJKV-UHFFFAOYSA-N,False,False,0.690909088
P24941_CHEMBL5436647,DJOPDQNHJUNVIQ-UHFFFAOYSA-N,False,False,0.578125
P24941_CHEMBL5431456,ABZXRAQIVBXXPG-UHFFFAOYSA-N,False,False,0.627118647
P24941_CHEMBL5396190,QACIKAGZYYIWDY-UHFFFAOYSA-N,False,False,0.612903237
P24941_CHEMBL5438882,PPWJHBUYVAYYHW-UHFFFAOYSA-N,False,False,0.836363614
P24941_CHEMBL5424372,QZZHYZMBAUORBR-UHFFFAOYSA-N,False,False,0.655737698
P24941_CHEMBL5427047,STUWLZLECDWAFU-UHFFFAOYSA-N,False,False,0.627118647
P24941_CHEMBL5436482,DAWLRKYDSIQUEZ-UHFFFAOYSA-N,False,False,0.616666675
P24941_CHEMBL5401267,PROGKLMIRQVLRO-UHFFFAOYSA-N,False,False,0.531645596
P24941_CHEMBL5413620,CSLZMUNSYBEMJM-UHFFFAOYSA-N,False,False,0.629629612
P24941_CHEMBL5407688,SVDZAHIXXZVRSI-UHFFFAOYSA-N,False,False,0.583333313
P24941_CHEMBL5434594,CNOCMZIRTIXMIA-UHFFFAOYSA-N,False,False,0.551724136
P24941_CHEMBL5440790,MLRODODNCCTIOL-UHFFFAOYSA-N,False,False,0.551724136
P24941_CHEMBL5428382,HERHKHDLLDTTOJ-UHFFFAOYSA-N,False,False,0.568965495
P24941_CHEMBL5410597,KPHZQZOEATXSQO-UHFFFAOYSA-N,False,False,0.568965495
P24941_CHEMBL5427324,GVDFEEWXDDADBG-UHFFFAOYSA-N,False,False,0.559322059
P24941_CHEMBL5421310,ZFKYLNGVYDRHQY-UHFFFAOYSA-N,False,False,0.542372882
P24941_CHEMBL5406341,HWSNASOWCNIMEX-UHFFFAOYSA-N,False,False,0.542372882
P24941_CHEMBL5439522,YECNFOINGSEHDU-UHFFFAOYSA-N,False,False,0.542372882
P24941_CHEMBL5421048,RIFATCZEERAEMN-UHFFFAOYSA-N,False,False,0.542372882
P24941_CHEMBL5394608,JYXOSIVDNXWNLM-UHFFFAOYSA-N,False,False,0.559322059
P24941_CHEMBL5394312,OAPSKQCSGQNNJG-UHFFFAOYSA-N,False,False,0.629629612
P24941_CHEMBL5412165,MNEKYKJSTRPKKY-UHFFFAOYSA-N,False,False,0.568627477
P24941_CHEMBL5439308,ILMIYDPNAZCUKV-UHFFFAOYSA-N,False,False,0.485294104
P24941_CHEMBL5407777,BHZSNUSFIUCOCH-UHFFFAOYSA-N,False,False,0.573770463
P24941_CHEMBL5414410,ZXDDMQWKXGSSLJ-UHFFFAOYSA-N,False,False,0.646153867
P24941_CHEMBL5431565,RYUQDJFJKIZISW-UHFFFAOYSA-N,False,False,0.781818211
P24941_CHEMBL5435746,YXJHRAJQRBFYSF-UHFFFAOYSA-N,False,False,0.518987358
P24941_CHEMBL5398705,OAFSEOBYSMNKHG-UHFFFAOYSA-N,False,False,0.823529422
P24941_CHEMBL5435410,GWBAJFXUTFQGQH-UHFFFAOYSA-N,False,False,0.641509414
P24941_CHEMBL5432928,YDCTYUJPLMLUQI-UHFFFAOYSA-N,False,False,0.508196712
P24941_CHEMBL5400738,XMACWTIHZLGTLY-UHFFFAOYSA-N,False,False,0.641509414
P24941_CHEMBL5427192,KICIHZWOGVIVMX-UHFFFAOYSA-N,False,False,0.5
P24941_CHEMBL5423185,LSYKAZDUIZMLHK-UHFFFAOYSA-N,False,False,0.516666651
P24941_CHEMBL5423683,ATFLVTOQJPRCSY-UHFFFAOYSA-N,False,False,0.59677422
P24941_CHEMBL5412113,MNMACALOHIRIIT-UHFFFAOYSA-N,False,False,0.653846145
P24941_CHEMBL5404611,NNKPEAVJHRIXJX-UHFFFAOYSA-N,False,False,0.611111104
P24941_CHEMBL5401897,ALIGWJQALOEVKJ-UHFFFAOYSA-N,False,False,0.616666675
P24941_CHEMBL5432063,XEFTWEXMOFWWNB-UHFFFAOYSA-N,False,False,0.61403507
P24941_CHEMBL5423237,XQZSGOBAYDQIAM-UHFFFAOYSA-N,False,False,0.641509414
P24941_CHEMBL5424761,VVVOXIMEZCMSSA-UHFFFAOYSA-N,False,False,0.659090936
P24941_CHEMBL5418073,QKVOBTHWPHZLET-UHFFFAOYSA-N,False,False,0.606557369
P24941_CHEMBL5407116,SJXZTTFVVYAFTL-UHFFFAOYSA-N,False,False,0.631578922
P27338_CHEMBL5417937,NNOPKBMNGNFLCX-KRWDZBQOSA-N,False,False,0.588235319
P27338_CHEMBL5428315,ZMLMBUGRWWHRBK-UHFFFAOYSA-N,False,False,0.644444466
P27338_CHEMBL5434825,ZQNCCDKUEWZSNK-UHFFFAOYSA-N,False,False,0.620689631
P27338_CHEMBL5395648,AMQROUIFQOFNOQ-UHFFFAOYSA-N,False,False,0.61016947
P27338_CHEMBL5402309,LYOAYJOAFKWJJC-YBFXNURJSA-N,False,False,0.690476179
P27338_CHEMBL5399743,APJBJZZDDRKAOR-UHFFFAOYSA-N,False,False,0.53061223
P27338_CHEMBL5400613,PAMPUFOZCVZKHK-UHFFFAOYSA-N,False,False,0.6875
P27338_CHEMBL5411972,VEXQCJFMMRCIJK-SDNWHVSQSA-N,False,False,0.699999988
P27338_CHEMBL5434514,QQQDBMARAJQANF-LPYMAVHISA-O,True,True,1.0
P27338_CHEMBL5425979,DRLPKTSEZCLKPN-FMIVXFBMSA-N,False,False,0.809523821
P27338_CHEMBL5440858,RQHPYIDHOWOGEC-UHFFFAOYSA-N,False,False,0.75
P27338_CHEMBL5427590,OIOBSHOAEROYPO-UHFFFAOYSA-N,False,False,0.779661
P27338_CHEMBL5419792,KJGMDCJJDSGAFT-UHFFFAOYSA-N,False,False,0.706896544
P27338_CHEMBL5414346,IDJPHWXKVAWAQH-UHFFFAOYSA-N,False,False,0.637931049
P27338_CHEMBL5423119,QORUCBUZOQSWEE-UHFFFAOYSA-N,False,False,0.637931049
P27338_CHEMBL5430666,GAQJEOLQEUXYJG-UHFFFAOYSA-N,False,False,0.711538434
P27338_CHEMBL5399671,HBEGHUQEWKHSTH-UHFFFAOYSA-N,False,False,0.521739125
P27338_CHEMBL5409741,RFNBSOIKUHCWBH-UHFFFAOYSA-N,False,False,0.711538434
P27338_CHEMBL5433292,FGCVPEVOLOULEO-UHFFFAOYSA-N,False,False,0.622950792
P27338_CHEMBL5402353,UWPHIEXSDPZLFN-UHFFFAOYSA-N,False,False,0.690909088
P27338_CHEMBL5404978,KYXXBTGGYDSHQZ-UHFFFAOYSA-N,False,False,0.576923072
P27338_CHEMBL5406273,KAXJFSCDKJVHRE-UHFFFAOYSA-N,False,False,0.672727287
P27338_CHEMBL5428685,RCOHPINGAIXPEL-UHFFFAOYSA-N,False,False,0.733333349
P27338_CHEMBL5399314,WBCDGTAWSUGTBW-UHFFFAOYSA-N,False,False,0.591836751
P27338_CHEMBL5416870,BRFNZGVFXYCHIX-UHFFFAOYSA-N,False,False,0.537313461
P27338_CHEMBL5438815,PYSAFYJPHLKCOX-UHFFFAOYSA-N,False,False,0.703703701
P27338_CHEMBL5427855,NSGAIMRYZRWXPH-UHFFFAOYSA-N,False,False,0.539682567
P27338_CHEMBL5438218,OLYDGWHKVLPMBK-KRWDZBQOSA-N,False,False,0.5090909
P27338_CHEMBL5393927,CHRFFYTZXZSYFI-UHFFFAOYSA-N,False,False,0.622641504
P27338_CHEMBL5436279,GNIWPSFDONHOFG-UHFFFAOYSA-N,False,False,0.563636363
P27338_CHEMBL5422519,APTATTJAASBNSZ-UHFFFAOYSA-N,False,False,0.795918345
P27338_CHEMBL5406099,UTFRBNGKRCVTKG-KRWDZBQOSA-N,False,False,0.517857134
P27338_CHEMBL5415952,RPFGLRICHYSYAU-LBPRGKRZSA-N,False,False,0.557692289
P27338_CHEMBL5416702,ZPJQCWZHXDODCH-UHFFFAOYSA-N,False,False,0.770833313
P27338_CHEMBL5403831,XRMOYYTWJWDSPW-UHFFFAOYSA-N,False,False,0.608695626
P27338_CHEMBL5415563,GZLWGMDSONEBLY-KRWDZBQOSA-N,False,False,0.753846169
P27338_CHEMBL5413841,CZYLCEUXWDGHKU-INIZCTEOSA-N,False,False,0.5
P27338_CHEMBL5403156,CSKPCLOLVGVMCK-LBPRGKRZSA-N,False,False,0.5090909
P27338_CHEMBL5398332,MUHKTEHOFWGJPW-NSHDSACASA-N,False,False,0.5090909
P27338_CHEMBL5404106,ONVBOGIJUIPBRC-NSHDSACASA-N,False,False,0.483333319
P27338_CHEMBL5423573,WYNUPJAWGKEHGJ-XDHOZWIPSA-N,False,False,0.779999971
P27338_CHEMBL5400090,MEKACIKATKDBTL-UHFFFAOYSA-N,False,False,0.571428597
P27338_CHEMBL5403314,MQMKLDNZGHRIKR-UHFFFAOYSA-N,False,False,0.615384638
P27338_CHEMBL5403469,JXVIFRRDFWNRDS-UHFFFAOYSA-N,False,False,0.533333361
P27338_CHEMBL5404959,WGLJEAMEHOXBTC-UHFFFAOYSA-N,False,False,0.541666687
P27338_CHEMBL5395261,WMCHJNXKGAIFNI-UHFFFAOYSA-N,False,False,0.565217376
P27338_CHEMBL5416897,UMRQEGOVRLXFDJ-UHFFFAOYSA-N,False,False,0.568627477
P27338_CHEMBL5396287,SSOGVWPVRRTJBG-UHFFFAOYSA-N,False,False,0.591836751
P27338_CHEMBL5394729,JBWXBKQTLRGCHF-UHFFFAOYSA-N,False,False,0.540000021
P27338_CHEMBL5436440,JEWNKTSAZOHQQV-UHFFFAOYSA-N,False,False,0.555555582
P27338_CHEMBL5430903,WEQSWNWRNIQWLG-BQYQJAHWSA-N,False,False,0.489361703
P27338_CHEMBL5399676,UFKPGWMKQUSRPU-UHFFFAOYSA-N,False,False,0.486111104
P27338_CHEMBL5419856,MWQLFVHJFJFYFK-UHFFFAOYSA-N,False,False,0.545454562
P27338_CHEMBL5416185,HMKTVVSOTVKRHC-UHFFFAOYSA-N,False,False,0.557692289
P27338_CHEMBL5423045,XFMJFSOEZAIOST-UHFFFAOYSA-N,False,False,0.772727251
P27338_CHEMBL5417198,TYDGNTUSAUMVIP-UHFFFAOYSA-N,False,False,0.679245293
P27338_CHEMBL5425546,RPZHFAJWLIVENC-UHFFFAOYSA-N,False,False,0.860465109
P27338_CHEMBL5415156,GOGRIIIESGRINI-UHFFFAOYSA-N,False,False,0.744680822
P27338_CHEMBL5416761,GUGRUXJOZQVYJD-UHFFFAOYSA-N,False,False,0.673913062
P27338_CHEMBL5431945,LNUVNZARJGHRFT-UHFFFAOYSA-N,False,False,0.693877578
P27338_CHEMBL5395527,HTGNJOVLKFXJMB-UHFFFAOYSA-N,False,False,0.584615409
P27338_CHEMBL5396512,AYHSBNUFIZGPJD-UHFFFAOYSA-N,False,False,0.653061211
P27338_CHEMBL5424650,KDDPERWRGVMJEX-UHFFFAOYSA-N,False,False,0.571428597
P27338_CHEMBL5423810,ZCEDSYKEYAFVIW-UHFFFAOYSA-N,False,False,0.603174627
P27338_CHEMBL5415650,IVCSHWFSYCZAMJ-UHFFFAOYSA-N,False,False,0.616666675
P27338_CHEMBL5431708,GOPPEEFOIVLHHP-UHFFFAOYSA-N,False,False,0.737704933
P27338_CHEMBL5414093,BFVLTRAXCOXPBL-UHFFFAOYSA-N,False,False,0.789473712
P27338_CHEMBL5434761,ORGJCUTUMMIIAL-UHFFFAOYSA-N,False,False,0.818181813
P27338_CHEMBL5399687,MYNPQAIGUBPRQQ-QZTJIDSGSA-N,False,False,0.639344275
P27338_CHEMBL5399540,NXDBTKGKORHERR-SFHVURJKSA-N,False,False,0.701492548
P27338_CHEMBL5436231,UUVINNKXRPETHH-QGZVFWFLSA-N,False,False,0.727272749
P27338_CHEMBL5408055,NXDBTKGKORHERR-GOSISDBHSA-N,False,False,0.701492548
P27338_CHEMBL5404165,UUVINNKXRPETHH-KRWDZBQOSA-N,False,False,0.727272749
P27338_CHEMBL5395788,GQLVMDRTZOGRRK-QGZVFWFLSA-N,False,False,0.741935492
P27338_CHEMBL5398537,GQLVMDRTZOGRRK-KRWDZBQOSA-N,False,False,0.741935492
P27338_CHEMBL5408318,DSBMTJIJVKNESF-KRWDZBQOSA-N,False,False,0.588235319
P27338_CHEMBL5410682,AURKHVWGDUMMNB-GQLYJEGOSA-N,False,False,0.733333349
P27338_CHEMBL5421285,CSPJLYBIZHGIMW-GQLYJEGOSA-N,False,False,0.744186044
P27338_CHEMBL5425310,MSUDNAVMMMIMNZ-UHFFFAOYSA-N,False,False,0.568627477
P27338_CHEMBL5417092,JFZPHVCVWIGBDH-UHFFFAOYSA-N,False,False,0.641509414
P27338_CHEMBL5437538,CWKLFXHUCXEIEU-INIZCTEOSA-N,False,False,0.49253732
P27338_CHEMBL5422460,ICKDSWBTYFRFBJ-INIZCTEOSA-N,False,False,0.5
P27338_CHEMBL5422732,LQTVXZQDKGBSCL-INIZCTEOSA-N,False,False,0.539682567
P27338_CHEMBL5438053,POFSKLVFIKIOOZ-INIZCTEOSA-N,False,False,0.50746268
P27338_CHEMBL5402945,GQVNWTCXXSFTHG-IRXDYDNUSA-N,False,False,0.569230795
P27338_CHEMBL5434678,PQZFEPDHCMVIJS-KRWDZBQOSA-N,False,False,0.737704933
P27338_CHEMBL5418924,AZDALSACOQAYFY-CMDGGOBGSA-N,False,False,0.714285731
P27338_CHEMBL5428671,WLYLQZCAJRJHCZ-CMDGGOBGSA-N,False,False,0.625
P27338_CHEMBL5428196,AHHAVODXDNYWKP-BUHFOSPRSA-N,False,False,0.692307711
P27338_CHEMBL5433019,SELUQTHNKWKTQN-SOFGYWHQSA-N,False,False,0.733333349
P27338_CHEMBL5399496,OLMCTBIGPYQFIH-XCVCLJGOSA-N,False,False,0.711111128
P27338_CHEMBL5413087,AMGFPHMYFAGZIV-VAWYXSNFSA-N,False,False,0.699999988
P27338_CHEMBL5433787,STXJJMPGLSNOMC-UHFFFAOYSA-N,False,False,0.635135114
P27338_CHEMBL5429656,HDXRJZJYNSHTSF-UHFFFAOYSA-N,False,False,0.727272749
P27338_CHEMBL5421246,WZQCXKBJDFZOHD-UHFFFAOYSA-N,False,False,0.760869563
P27338_CHEMBL5437543,APKHSBWZZJJZJE-UHFFFAOYSA-N,False,False,0.673913062
P27338_CHEMBL5423398,BZLYAEMRJBJDOY-UHFFFAOYSA-N,False,False,0.774999976
P27338_CHEMBL5423186,MKRULBHNONYLNZ-UHFFFAOYSA-N,False,False,0.809523821
P27338_CHEMBL5426795,AXRHKFNLYBYRCV-UHFFFAOYSA-N,False,False,0.681818187
P27338_CHEMBL5434275,OEPOTGZGSAVHFE-UHFFFAOYSA-N,False,False,0.795454562
P27338_CHEMBL5400189,GZKWEEACKZDOBO-UHFFFAOYSA-N,False,False,0.770833313
P27338_CHEMBL5404200,IBBNBCSOZBAAIS-UHFFFAOYSA-N,False,False,0.782608688
P27338_CHEMBL5431507,HIZPQAZGLLZDJO-UHFFFAOYSA-N,False,False,0.702127635
P27338_CHEMBL5406057,IUMJRRSYRBKVST-UHFFFAOYSA-N,False,False,0.75
P27338_CHEMBL5432117,MYNLEHRYCORFGU-UHFFFAOYSA-N,False,False,0.75
P27338_CHEMBL5403995,RUYFCFMPZALXJV-UHFFFAOYSA-N,False,False,0.666666687
P27338_CHEMBL5401875,MXYOQOARPPADCA-UHFFFAOYSA-N,False,False,0.538461566
P27338_CHEMBL5401572,JBHGYJKZVLKPGR-UHFFFAOYSA-N,False,False,0.538461566
P27338_CHEMBL5407170,ZUUFCMKMVGYNGT-UHFFFAOYSA-N,False,False,0.688888907
P27338_CHEMBL5440632,OUQJURKOHGCYMX-SDNWHVSQSA-N,False,True,1.0
P27338_CHEMBL5394801,QGJXPTDFEZCJBI-UHFFFAOYSA-N,False,False,0.723404229
P27338_CHEMBL5441072,ZGFNCEKYJBWOKS-UHFFFAOYSA-N,False,False,0.545454562
P27338_CHEMBL5430381,WQYRWFWPSDKKHL-UHFFFAOYSA-N,False,False,0.583333313
P27338_CHEMBL5414652,KBJOIQKNRLLUTE-UHFFFAOYSA-N,False,False,0.491228074
P27338_CHEMBL5415223,CGWNUJADTOHDQY-UHFFFAOYSA-N,False,False,0.584905684
P27338_CHEMBL5398247,YUQCWFWCPJGTTH-UHFFFAOYSA-N,False,False,0.551020384
P27338_CHEMBL5418090,YSUOIPKFWMPZPB-UHFFFAOYSA-N,False,False,0.566037714
P27338_CHEMBL5426461,SGZXBNDMXZEFEX-UHFFFAOYSA-N,False,False,0.568181813
P27338_CHEMBL5400685,HOUSPSDFWVMFKT-UHFFFAOYSA-N,False,False,0.673913062
P27338_CHEMBL5428123,FURCUGAFSIGTKL-UHFFFAOYSA-N,False,False,0.652173936
P27338_CHEMBL5438301,VTMNLKUOKKVYBC-UHFFFAOYSA-N,False,False,0.630434811
P27338_CHEMBL5394462,IIGVCJGTQQBLFV-UHFFFAOYSA-N,False,False,0.600000024
P27338_CHEMBL5427279,TZZBWHFPUSSOMY-UHFFFAOYSA-N,False,False,0.629629612
P27338_CHEMBL5432246,DDILVVLACWVJEG-KRWDZBQOSA-N,False,False,0.627118647
P28223_CHEMBL5433300,GRFMCSXAMLDOGD-UHFFFAOYSA-N,False,False,0.702127635
P28223_CHEMBL5405562,BOFZGXVAUNZPJZ-UHFFFAOYSA-N,False,False,0.782608688
P28223_CHEMBL5406900,FBLBVXAMGPEBFJ-UHFFFAOYSA-N,False,False,0.693877578
P28223_CHEMBL5397704,ZDBURNHVADOXDL-UHFFFAOYSA-N,False,False,0.622641504
P28223_CHEMBL5405414,RTGXDOSLVFPCIV-UHFFFAOYSA-N,False,False,0.549019635
P28223_CHEMBL5419441,GRHTUMAXWWLASB-UHFFFAOYSA-N,False,False,0.589285731
P28223_CHEMBL5416678,ZBYKFBQKHUJCFU-UHFFFAOYSA-N,False,False,0.551724136
P28223_CHEMBL5433857,FGXOOSXRVJDRCY-UHFFFAOYSA-N,False,False,0.723404229
P28223_CHEMBL5400892,LOHIKYYTCQMZSF-UHFFFAOYSA-N,False,False,0.523809552
P28223_CHEMBL5410706,YZNGYGWNHBTIFR-UHFFFAOYSA-N,False,False,0.59375
P28223_CHEMBL5420304,CBLVXOBQEWFSSM-UHFFFAOYSA-N,False,False,0.693877578
P28223_CHEMBL5434373,ZJCSCXRIYYGOBN-UHFFFAOYSA-N,False,False,0.666666687
P28223_CHEMBL5416642,LYGKXGLLHHJZGJ-UHFFFAOYSA-N,False,False,0.574468076
P28223_CHEMBL5412886,UXWALGMIUORAAM-UHFFFAOYSA-N,False,False,0.630769253
P28223_CHEMBL5424897,FNNKRCZBNZOMQJ-MEMLXQNLSA-N,False,False,0.560000002
P28223_CHEMBL5409134,QKOGYUWOPZFTRE-MXVIHJGJSA-N,False,False,0.65625
P28223_CHEMBL5437660,IXCPWQZWEFUJGL-WGSAOQKQSA-N,False,False,0.55737704
P28223_CHEMBL5408223,YFCLKFMYEUGDOO-KESTWPANSA-N,False,False,0.692307711
P28223_CHEMBL5404054,VWTCRTQGMATJRY-HCGLCNNCSA-N,False,False,0.716216207
P28223_CHEMBL5436003,AZEGGJUBCUBYAM-UHFFFAOYSA-N,False,False,0.660377383
P28223_CHEMBL5423649,RZRJTAUTZFDJOA-UHFFFAOYSA-N,False,False,0.604651153
P28223_CHEMBL5395867,HPVLKKJXKKJFTC-UHFFFAOYSA-N,False,False,0.653061211
P28223_CHEMBL5406837,LMXPHPCSIWBOGX-UHFFFAOYSA-N,False,False,0.744680822
P28223_CHEMBL5397523,WAEJJMMPQBTBEI-UHFFFAOYSA-N,False,False,0.727272749
P28223_CHEMBL5434229,UUBRCCCOMNXSPK-IYARVYRRSA-N,False,False,0.605633795
P28223_CHEMBL5431103,NOSXOCMQQISHPL-IYARVYRRSA-N,False,False,0.775862098
P28223_CHEMBL5422870,HZBAKQLOTJCSJX-UHFFFAOYSA-N,False,False,0.64864862
P28223_CHEMBL5403204,HEPZPDOHSGVKLD-UHFFFAOYSA-N,False,False,0.652173936
P28223_CHEMBL5418283,AOGNXLLKMCJHMU-UHFFFAOYSA-N,False,False,0.649999976
P28223_CHEMBL5409227,HQUSWISCKAODEN-UHFFFAOYSA-N,False,False,0.72307694
P28223_CHEMBL5409419,UCGXXGOWEGSYJJ-UHFFFAOYSA-N,False,False,0.602739751
P28223_CHEMBL5426242,ULYBTXJNQXAQFS-UHFFFAOYSA-N,False,False,0.577464759
P28223_CHEMBL5415412,PRHPXINWHDFVQT-UHFFFAOYSA-N,False,False,0.730158746
P28223_CHEMBL5425252,RGPTYLNPCNVHNC-UHFFFAOYSA-N,False,False,0.779661
P28223_CHEMBL5400232,IBNWNWKMISLVQT-UHFFFAOYSA-N,False,False,0.771929801
P28223_CHEMBL5404031,CDDJQUNDXVDPCR-UHFFFAOYSA-N,False,False,0.622950792
P28223_CHEMBL5407925,QUWYIGWBADKYRQ-UHFFFAOYSA-N,False,False,0.541666687
P28223_CHEMBL5402096,YRMQTCWGULGUII-UHFFFAOYSA-N,False,False,0.627451003
P28223_CHEMBL5409782,WTVRKSJPABQKBL-ZYZRXSCRSA-N,False,False,0.726027369
P28223_CHEMBL5419552,FJDAFJYWFHAHLF-QFIPXVFZSA-N,False,False,0.708333313
P28223_CHEMBL5422180,YUCMJGPWTHNXQL-NRFANRHFSA-N,False,False,0.735294104
P28223_CHEMBL5435580,GYIHMZFXYKMQJJ-UHFFFAOYSA-N,False,False,0.686567187
P28223_CHEMBL5411002,JUBHIUPHTRPIHX-UHFFFAOYSA-N,False,False,0.622950792
P28223_CHEMBL5424052,IHIVDYNEPGPRDS-UHFFFAOYSA-N,False,False,0.622950792
P28223_CHEMBL5422196,OFPWVHCOBDDZMU-UHFFFAOYSA-N,False,False,0.666666687
P28223_CHEMBL5429491,YLGXHKHIKDCOIA-UHFFFAOYSA-N,False,False,0.655172408
P28223_CHEMBL5395668,UFUHLGWYZKBMBY-UHFFFAOYSA-N,False,False,0.655172408
P28223_CHEMBL5439203,JSLOZIRNJAUGHY-UHFFFAOYSA-N,False,False,0.709090889
P28223_CHEMBL5436641,FWGBSERBTNODSZ-MEMLXQNLSA-N,False,False,0.64864862
P28223_CHEMBL5429826,SBWDEIFOMNBGRY-MEMLXQNLSA-N,False,False,0.722222209
P28223_CHEMBL5409331,HFCLZIJGNOFDCH-UHFFFAOYSA-N,False,False,0.519999981
P28223_CHEMBL5428071,HFCLZIJGNOFDCH-LJQANCHMSA-N,False,False,0.519999981
P28223_CHEMBL5394464,OKWFNSLITOYFEC-OAHLLOKOSA-N,False,False,0.471698105
P28223_CHEMBL5429818,PITKLFOQFHHLKV-LJQANCHMSA-N,False,False,0.528301895
P28335_CHEMBL5424897,FNNKRCZBNZOMQJ-MEMLXQNLSA-N,False,False,0.560000002
P28335_CHEMBL5409134,QKOGYUWOPZFTRE-MXVIHJGJSA-N,False,False,0.65625
P28335_CHEMBL5437660,IXCPWQZWEFUJGL-WGSAOQKQSA-N,False,False,0.55737704
P28335_CHEMBL5408223,YFCLKFMYEUGDOO-KESTWPANSA-N,False,False,0.692307711
P28335_CHEMBL5404054,VWTCRTQGMATJRY-HCGLCNNCSA-N,False,False,0.716216207
P28335_CHEMBL5434229,UUBRCCCOMNXSPK-IYARVYRRSA-N,False,False,0.605633795
P28335_CHEMBL5431103,NOSXOCMQQISHPL-IYARVYRRSA-N,False,False,0.775862098
P28335_CHEMBL5418283,AOGNXLLKMCJHMU-UHFFFAOYSA-N,False,False,0.649999976
P28335_CHEMBL5430057,CLJIFNQAEUHJFJ-MRXNPFEDSA-N,False,False,0.603773594
P28335_CHEMBL5409227,HQUSWISCKAODEN-UHFFFAOYSA-N,False,False,0.72307694
P28335_CHEMBL5427640,FDTVZADCVABOGM-MRXNPFEDSA-N,False,False,0.603773594
P28335_CHEMBL5409419,UCGXXGOWEGSYJJ-UHFFFAOYSA-N,False,False,0.602739751
P28335_CHEMBL5426242,ULYBTXJNQXAQFS-UHFFFAOYSA-N,False,False,0.577464759
P28335_CHEMBL5395233,ZXDAFFAXWTWGST-MRXNPFEDSA-N,False,False,0.464285702
P28335_CHEMBL5436641,FWGBSERBTNODSZ-MEMLXQNLSA-N,False,False,0.64864862
P28335_CHEMBL5429826,SBWDEIFOMNBGRY-MEMLXQNLSA-N,False,False,0.722222209
P28335_CHEMBL5409331,HFCLZIJGNOFDCH-UHFFFAOYSA-N,False,False,0.519999981
P28335_CHEMBL5435945,HFCLZIJGNOFDCH-IBGZPJMESA-N,False,False,0.519999981
P28335_CHEMBL5428071,HFCLZIJGNOFDCH-LJQANCHMSA-N,False,False,0.519999981
P28335_CHEMBL5394464,OKWFNSLITOYFEC-OAHLLOKOSA-N,False,False,0.471698105
P28335_CHEMBL5441076,PEXWIZTZRMJZDN-OAHLLOKOSA-N,False,False,0.521739125
P28335_CHEMBL5432740,PQNLWJPUCGHNDA-LJQANCHMSA-N,False,False,0.523076952
P28907_CHEMBL5423247,WZWPHGKHZXGQED-UHFFFAOYSA-N,False,False,0.472727269
P28907_CHEMBL5397412,VRVSWYDJPDMHMT-HDJSIYSDSA-N,False,False,0.666666687
P28907_CHEMBL5403659,ONMIDJGZPOMNKG-AULYBMBSSA-N,False,False,0.563380301
P28907_CHEMBL5395994,HATXQAMNJBUHJT-AULYBMBSSA-N,False,False,0.577464759
P28907_CHEMBL5421625,IGLNIEHUUPOREK-MQMHXKEQSA-N,False,False,0.555555582
P28907_CHEMBL5405886,YNBVAEYEVJPIED-KOMQPUFPSA-N,False,False,0.822580636
P28907_CHEMBL5404154,ONCOPFBXMZLBON-CTYIDZIISA-N,False,False,0.822580636
P28907_CHEMBL5415804,VJFJTLGYLJVJMI-JOCQHMNTSA-N,False,False,0.587301612
P28907_CHEMBL5432974,QEJGXNPREYJPFV-HAQNSBGRSA-N,False,False,0.515151501
P28907_CHEMBL5434557,SRVOAIBPJOBVAN-HAQNSBGRSA-N,False,False,0.482142866
P28907_CHEMBL5427100,OQHHRXXUOUWYRZ-HAQNSBGRSA-N,False,False,0.59677422
P28907_CHEMBL5395515,NBDUPSWRWUBYDX-HAQNSBGRSA-N,False,False,0.515151501
P28907_CHEMBL5415574,VZGAJFFVFHISGY-UHFFFAOYSA-N,False,False,0.571428597
P28907_CHEMBL5430964,AHWDRCLLYJJNFD-TXEJJXNPSA-N,False,False,0.519230783
P28907_CHEMBL5429970,AHWDRCLLYJJNFD-HAQNSBGRSA-N,False,False,0.519230783
P28907_CHEMBL5440312,WTEHMBVSMOFYBX-UHFFFAOYSA-N,False,False,0.560000002
P28907_CHEMBL5405079,YSQROYMRCRNXHI-UHFFFAOYSA-N,False,False,0.607142866
P28907_CHEMBL5434460,MZTGWOCONWZZOF-UHFFFAOYSA-N,False,False,0.563636363
P28907_CHEMBL5431367,ZUQYEZOLYPCEGU-UHFFFAOYSA-N,False,False,0.472727269
P28907_CHEMBL5436110,KHFMNYYHRPGPLQ-UHFFFAOYSA-N,False,False,0.555555582
P28907_CHEMBL5417850,SBKABUPRVRONDJ-UHFFFAOYSA-N,False,False,0.545454562
P28907_CHEMBL5434181,ZOPLYEXKQKNJIW-UHFFFAOYSA-N,False,False,0.545454562
P28907_CHEMBL5436403,ZZEYIZCBWPMRJX-UHFFFAOYSA-N,False,False,0.538461566
P28907_CHEMBL5426011,SLKVHAZQPTVAAH-UHFFFAOYSA-N,False,False,0.519230783
P28907_CHEMBL5401022,FXHQBJOUTIZUST-UHFFFAOYSA-N,False,False,0.533333361
P28907_CHEMBL5440681,ZVYOBRHKVRBRKA-UHFFFAOYSA-N,False,False,0.540000021
P28907_CHEMBL5398114,JWEXGCXPIZANEH-UHFFFAOYSA-N,False,False,0.553191483
P28907_CHEMBL5425216,WCJDOVGNRVROBV-UHFFFAOYSA-N,False,False,0.625
P28907_CHEMBL5418653,BCMYXFAZQCEOEQ-UHFFFAOYSA-N,False,False,0.581818163
P28907_CHEMBL5424500,RPMURXCKVNGXKQ-UHFFFAOYSA-N,False,False,0.515625
P28907_CHEMBL5410644,IZZUUYBXUIUQLR-UHFFFAOYSA-N,False,False,0.540000021
P28907_CHEMBL5396888,ALAIYMDMURYRDI-UHFFFAOYSA-N,False,False,0.50746268
P28907_CHEMBL5414411,PSWLJFBVFRPCFU-UHFFFAOYSA-N,False,False,0.4909091
P28907_CHEMBL5427901,UGCJDKNYSIUUCB-UHFFFAOYSA-N,False,False,0.574468076
P28907_CHEMBL5420517,NUKOYJOYLNOHQH-UHFFFAOYSA-N,False,False,0.457627118
P28907_CHEMBL5437449,XXMGSHMQWUIKJY-UHFFFAOYSA-N,False,False,0.482142866
P28907_CHEMBL5424631,AERCLKWEIBCBDN-UHFFFAOYSA-N,False,False,0.472727269
P29274_CHEMBL5416209,MISOEBQUFLOPOI-UHFFFAOYSA-N,False,False,0.770491779
P29274_CHEMBL5405570,FOGWPZMPWZMOAM-UHFFFAOYSA-N,False,False,0.783333361
P29274_CHEMBL5393920,FOGWPZMPWZMOAM-QGZVFWFLSA-N,False,False,0.783333361
P29274_CHEMBL5436220,AOQZOGKNUADFRH-CBLJQSSYSA-N,False,False,0.58227849
P29274_CHEMBL5421109,BJWNWHKUOZZNRL-CBLJQSSYSA-N,False,False,0.800000012
P29274_CHEMBL5427211,MFUARYAVCZRFSJ-NDKUEENFSA-N,False,False,0.702380955
P29274_CHEMBL5422711,IDPMEQMBDQUCKT-NDKUEENFSA-N,False,False,0.694117665
P29274_CHEMBL5437109,AXLBLGXKUIWSNY-CIQYLNAISA-N,False,False,0.75
P29274_CHEMBL5395897,PYSUNPAOADKPGK-CIQYLNAISA-N,False,False,0.745762706
P29274_CHEMBL5399921,DHICLAZXDLRRFW-SOIKWTOOSA-N,False,False,0.625
P29274_CHEMBL5439422,CVRVBIRSXOZJMD-SOIKWTOOSA-N,False,False,0.619718313
P29274_CHEMBL5404268,YPCTXNWUBLPMBG-UHFFFAOYSA-N,False,False,0.394736856
P29274_CHEMBL5402843,QMDVNSQHLCEXFU-UHFFFAOYSA-N,False,False,0.474358976
P29274_CHEMBL5416491,JYZMUAZJNBWVJE-UHFFFAOYSA-N,False,False,0.434210539
P29274_CHEMBL5416911,CODYENWQFRPCEH-UHFFFAOYSA-N,False,False,0.40697673
P29274_CHEMBL5429151,TVTRCQYWLFRDCX-UHFFFAOYSA-N,False,False,0.409638554
P29274_CHEMBL5410668,CXZADBKMZMJIOU-UHFFFAOYSA-N,False,False,0.507692337
P29274_CHEMBL5430246,LHMAOXGKXICDLU-UHFFFAOYSA-N,False,False,0.454545468
P29274_CHEMBL5426841,PJNTVXVTALKCEH-JOCQHMNTSA-N,False,False,0.432098776
P29274_CHEMBL5413371,LWYZCAFTYAGRRP-HDJSIYSDSA-N,False,False,0.447058827
P29274_CHEMBL5438060,UFKYQTROIBEYAD-HAQNSBGRSA-N,False,False,0.425287366
P29274_CHEMBL5439885,GRPFMWNVPJZROD-UHFFFAOYSA-N,False,False,0.412499994
P29274_CHEMBL5399566,BIQKJEIDVXBBNT-UHFFFAOYSA-N,False,False,0.419753075
P29274_CHEMBL5433808,OJFPOSJSHWTLTL-UHFFFAOYSA-N,False,False,0.425000012
P29274_CHEMBL5415792,ZLCJWBOJCKDMQW-UHFFFAOYSA-N,False,False,0.433734953
P29274_CHEMBL5437168,XUYQDVCGAIZZAM-UHFFFAOYSA-N,False,False,0.545454562
P29274_CHEMBL5401706,HCURYNWKZUZIHV-UHFFFAOYSA-N,False,False,0.4375
P29274_CHEMBL5398651,BDIAMURIZZQVHQ-UHFFFAOYSA-N,False,False,0.441176474
P29274_CHEMBL5401410,RQSDLBPGCGUGOF-UHFFFAOYSA-N,False,False,0.419753075
P29274_CHEMBL5408699,LYHMYRWBKYYZIR-UHFFFAOYSA-N,False,False,0.4375
P29274_CHEMBL5426226,MIOLZAHDMHQTMX-UHFFFAOYSA-N,False,False,0.421052635
P29274_CHEMBL5422621,DQCMXFKZLJSSBR-UHFFFAOYSA-N,False,False,0.439024389
P29274_CHEMBL5408447,CXSYTHCSTDOFTR-UHFFFAOYSA-N,False,False,0.439024389
P29274_CHEMBL5397080,GROXRDPKODZSRI-UHFFFAOYSA-N,False,False,0.44155845
P29274_CHEMBL5400341,GMXZWNYWKUTVFQ-UHFFFAOYSA-N,False,False,0.386363626
P29274_CHEMBL5417712,SMVBXJNQXCRZLD-UHFFFAOYSA-N,False,False,0.43589744
P29274_CHEMBL5412117,RSWZWFMTFKKEBB-UHFFFAOYSA-N,False,False,0.434782594
P29274_CHEMBL5422530,VUGDBUOJDKTRDT-UHFFFAOYSA-N,False,False,0.430379748
P29274_CHEMBL5415529,WBPONLNAQHNSFB-UHFFFAOYSA-N,False,False,0.467741936
P29274_CHEMBL5408468,WGPJNFARTMSHEZ-UHFFFAOYSA-N,False,False,0.526315808
P29274_CHEMBL5405584,NBTDHRMFLGVKNZ-XIGBOZDYSA-N,False,False,0.736842096
P29274_CHEMBL5420888,YREJGOVMVZFJDC-XIGBOZDYSA-N,False,False,0.732142866
P29274_CHEMBL5427931,OQHSBVMLIHPRJH-OWDMVUQNSA-N,False,False,0.652173936
P29274_CHEMBL5419573,XRKKJGGYJHRJNY-OWDMVUQNSA-N,False,False,0.594202876
P29274_CHEMBL5395100,YFDPVXTZPTZXLH-KPAZRMRSSA-N,False,False,0.64864862
P29274_CHEMBL5438754,JNXPMCXJWNUNKA-KPAZRMRSSA-N,False,False,0.657534242
P29597_CHEMBL5418687,QFNGKVUXNMWIGS-UHFFFAOYSA-N,False,False,0.344827592
P29597_CHEMBL5396134,DTMIBBOCLJONAM-UHFFFAOYSA-N,False,False,0.474358976
P29597_CHEMBL5414765,ZLPIVHFIHIBJHH-UHFFFAOYSA-N,False,False,0.430769235
P29597_CHEMBL5394367,RIZRLVOFNUVLSK-UHFFFAOYSA-N,False,False,0.359375
P29597_CHEMBL5424439,HIHLCOANWGGTMC-UHFFFAOYSA-N,False,False,0.633333325
P29597_CHEMBL5417474,ALHCHCZKMLGTHT-UHFFFAOYSA-N,False,False,0.632352948
P29597_CHEMBL5395839,SEYRFWCGCDMTOA-UHFFFAOYSA-N,False,False,0.641791046
P29597_CHEMBL5403897,MJGQOHCTNGEHDC-UHFFFAOYSA-N,False,False,0.651515126
P29597_CHEMBL5420083,FQIYFTOVASBCBB-UHFFFAOYSA-N,False,False,0.545454562
P29597_CHEMBL5420971,MJRANCWIWRLEJM-UHFFFAOYSA-N,False,False,0.671875
P29597_CHEMBL5424098,ZMYPJUHAZZSTQN-UHFFFAOYSA-N,False,False,0.591549277
P29597_CHEMBL5403272,UHJPSFDAARAJFA-UHFFFAOYSA-N,False,False,0.362318844
P29597_CHEMBL5423387,DPNRBPUOHMVAFV-RBUKOAKNSA-N,False,False,0.743243217
P29597_CHEMBL5430795,OBHALOYFTPPVQM-GDBMZVCRSA-N,False,False,0.828571439
P29597_CHEMBL5405043,ZUDFOFBHPJHVPB-GDBMZVCRSA-N,False,False,0.828571439
P29597_CHEMBL5410919,NKGFJEYTXFUJSB-UKRRQHHQSA-N,False,False,0.708333313
P29597_CHEMBL5435417,AOICGPVTFRAGAX-UKRRQHHQSA-N,False,False,0.771428585
P29597_CHEMBL5439582,YGOMDEPURZKKQR-ZWKOTPCHSA-N,False,False,0.838235319
P29597_CHEMBL5427932,XUEXROABNBPOBJ-UKRRQHHQSA-N,False,False,0.875
P29597_CHEMBL5405140,HALQCRHZEQWMBI-RHSMWYFYSA-N,False,False,0.859375
P29597_CHEMBL5404261,VMVPBIZAVRWGHU-RBUKOAKNSA-N,False,False,0.830985904
P29597_CHEMBL5441087,WQKOPPHLBQIUAG-RBUKOAKNSA-N,False,False,0.797297299
P29597_CHEMBL5440017,AFODACVBVYKBHF-HUUCEWRRSA-N,False,False,0.756756783
P29597_CHEMBL5434116,YETBCWGHKWNNTP-ZWKOTPCHSA-N,False,True,1.0
P29597_CHEMBL5396523,WQMGTKKBJJFOGQ-RHSMWYFYSA-N,False,False,0.828571439
P29597_CHEMBL5423894,FDCOYKWAEQLXBI-GDBMZVCRSA-N,False,False,0.791044772
P29597_CHEMBL5424497,FGFGLAJKHODMGZ-UHFFFAOYSA-N,False,False,0.392405063
P29597_CHEMBL5438635,RWTRNTPHYFRFAB-YNVMFWSZSA-N,False,False,0.703703701
P29597_CHEMBL5409953,VALKBDVUFHAEMQ-UHFFFAOYSA-N,False,False,0.678571403
P29597_CHEMBL5422886,RJHREQOUJMQXBL-UHFFFAOYSA-N,False,False,0.552238822
P29597_CHEMBL5412967,QLSJFVSWCVEOMO-HNNXBMFYSA-N,False,False,0.507042229
P29597_CHEMBL5407329,MYTVQTWPMPXBGM-UHFFFAOYSA-N,False,False,0.580645144
P29597_CHEMBL5407260,JXLWZLUHIKGJID-MRXNPFEDSA-N,False,False,0.479999989
P29597_CHEMBL5396554,JXLWZLUHIKGJID-INIZCTEOSA-N,False,False,0.479999989
P29597_CHEMBL5415586,GXLRNOIQEDNDKT-UHFFFAOYSA-N,False,False,0.740740716
P29597_CHEMBL5409666,VEOVUUQKOGPBHF-UHFFFAOYSA-N,False,False,0.666666687
P29597_CHEMBL5433426,YAHPRSMXTYPCCD-UHFFFAOYSA-N,False,False,0.564516127
P29597_CHEMBL5408994,BGXJJFPQOWNIAF-UHFFFAOYSA-N,False,False,0.616438329
P29597_CHEMBL5419978,QQXYCADNNJNFHZ-UHFFFAOYSA-N,False,False,0.616438329
P29597_CHEMBL5435482,SECLDOGRGZCTSE-UHFFFAOYSA-N,False,False,0.633802831
P29597_CHEMBL5440510,TXELAYINOQAWIB-UHFFFAOYSA-N,False,False,0.636363626
P29597_CHEMBL5438892,VYUZMRQDNWEZOD-UHFFFAOYSA-N,False,False,0.636363626
P29597_CHEMBL5412619,QLPWFQPHRAFDGC-UHFFFAOYSA-N,False,False,0.523809552
P29597_CHEMBL5437653,NNSLCBDQDWRXOB-OYOVHJISSA-N,False,False,0.563380301
P29597_CHEMBL5400209,NNSLCBDQDWRXOB-LDTOLXSISA-N,False,False,0.563380301
P29597_CHEMBL5437261,WRNMFQOZYLNHJP-UHFFFAOYSA-N,False,False,0.555555582
P29597_CHEMBL5431257,XPTPMWBIGLQDFM-UHFFFAOYSA-N,False,False,0.716981113
P29597_CHEMBL5440264,FQOJBQCMVKERQX-UHFFFAOYSA-N,False,False,0.513513505
P29597_CHEMBL5413489,XILQGGMJGFCSKZ-UHFFFAOYSA-N,False,False,0.635135114
P29597_CHEMBL5429461,PJNJSVMBMDESLB-UHFFFAOYSA-N,False,False,0.533333361
P29597_CHEMBL5422793,GRNVQRLQIUHOOP-FZRRDAJLSA-N,False,False,0.622950792
P31153_CHEMBL5405042,YSBZCHQNSNUVNK-UHFFFAOYSA-N,False,False,0.391891897
P31153_CHEMBL5402991,JUYJFJQHEXKNJO-UHFFFAOYSA-N,False,False,0.592592597
P31153_CHEMBL5395201,LMPHBCODMNKDLQ-UHFFFAOYSA-N,False,False,0.709677398
P31153_CHEMBL5415073,WLLJSNZMRWHHEP-UHFFFAOYSA-N,False,False,0.611764729
P31153_CHEMBL5400994,VBMKTIPBTRVUAX-UHFFFAOYSA-N,False,False,0.378947377
P31153_CHEMBL5412431,KLYHTUIUEQJPDW-UHFFFAOYSA-N,False,False,0.447058827
P31153_CHEMBL5437430,PAFXABGPLCJIMF-UHFFFAOYSA-N,False,False,0.545454562
P31153_CHEMBL5419227,DZXVJKWGPSIRPT-UHFFFAOYSA-N,False,False,0.625
P31153_CHEMBL5418094,JHTUHFMGYFXIDU-UHFFFAOYSA-N,False,False,0.666666687
P31153_CHEMBL5440991,XRYUYMCQLDGBEW-UHFFFAOYSA-N,False,False,0.654321015
P31153_CHEMBL5412125,ALXLBLUVJLPNRA-UHFFFAOYSA-N,False,False,0.670886099
P31153_CHEMBL5425823,VPRYOASKEJPKLR-UHFFFAOYSA-N,False,False,0.543209851
P31153_CHEMBL5401515,GXDNTRWWCHGCDN-UHFFFAOYSA-N,False,False,0.710526288
P31153_CHEMBL5430139,WASKDXZFPYJIHM-UHFFFAOYSA-N,False,False,0.511904776
P31153_CHEMBL5434352,QQPBVNQJBQUORB-UHFFFAOYSA-N,False,False,0.638554215
P31153_CHEMBL5423083,PPYGKCYFQQLPRI-UHFFFAOYSA-N,False,False,0.616279066
P31153_CHEMBL5432232,FNPUVQHHLCHJOO-UHFFFAOYSA-N,False,False,0.658536613
P31153_CHEMBL5397124,JUDSFQIZCHCZEU-UHFFFAOYSA-N,False,False,0.658227861
P31153_CHEMBL5405749,QVHHOHLJVUBCNU-UHFFFAOYSA-N,False,False,0.658227861
P31153_CHEMBL5435278,JHHXMYJWACAHAQ-UHFFFAOYSA-N,False,False,0.558823526
P31153_CHEMBL5419203,VJDGQNFYDLWISW-UHFFFAOYSA-N,False,False,0.603174627
P31153_CHEMBL5413291,HRSNURHSTNOQHK-UHFFFAOYSA-N,False,False,0.567164183
P31153_CHEMBL5406558,PQXUOQWTKWASNE-UHFFFAOYSA-N,False,False,0.571428597
P31153_CHEMBL5409231,NEUYJCWFRXMAQM-UHFFFAOYSA-N,False,False,0.558823526
P31153_CHEMBL5405041,DTPFLBYDVROFRZ-UHFFFAOYSA-N,False,False,0.571428597
P31153_CHEMBL5422027,DZOVGTBZMJCLFO-UHFFFAOYSA-N,False,False,0.550724626
P31153_CHEMBL5399691,ZJPJQITYCOINOO-UHFFFAOYSA-N,False,False,0.617647052
P31153_CHEMBL5426479,FJDLJZBMFRQLCM-UHFFFAOYSA-N,False,False,0.579710126
P31153_CHEMBL5399738,ZSPXNEJMDKEWGX-UHFFFAOYSA-N,False,False,0.566265047
P31153_CHEMBL5413811,JTDOJGZRTYVMDH-UHFFFAOYSA-N,False,False,0.529411793
P31153_CHEMBL5427061,NTSSMDGKWRTADD-UHFFFAOYSA-N,False,False,0.728395045
P31153_CHEMBL5426003,JSUXSSQWWWHHMC-UHFFFAOYSA-N,False,False,0.61728394
P31153_CHEMBL5419023,ZXSMFUYIPPZSMQ-UHFFFAOYSA-N,False,False,0.400000006
P31153_CHEMBL5413791,MEXYXLKROYKDFO-UHFFFAOYSA-N,False,False,0.375
P31153_CHEMBL5422860,VHZVCCGSKWYBBS-UHFFFAOYSA-N,False,False,0.431372553
P31153_CHEMBL5401688,OOXOGDQAFJWVCP-UHFFFAOYSA-N,False,False,0.396825403
P31153_CHEMBL5399741,UULMMYHCWQORSD-UHFFFAOYSA-N,False,False,0.483870953
P31153_CHEMBL5411162,CRRRRIFPNHWGCD-UHFFFAOYSA-N,False,False,0.384615391
P31153_CHEMBL5439586,VNVJHKZWHDDONJ-UHFFFAOYSA-N,False,False,0.363636374
P31153_CHEMBL5407969,RALIYVHBCPCGCS-UHFFFAOYSA-N,False,False,0.388059705
P31153_CHEMBL5420391,ADIBUTKEQPBIFP-UHFFFAOYSA-N,False,False,0.363636374
P31153_CHEMBL5393737,BKDOVHMQCDYOTH-UHFFFAOYSA-N,False,False,0.600000024
P31153_CHEMBL5403351,BBKNLRCQELAPIY-UHFFFAOYSA-N,False,False,0.410714298
P31153_CHEMBL5436630,NAPDEWYEBGGMHP-UHFFFAOYSA-N,False,False,0.380952388
P31153_CHEMBL5425116,WZAXLMBMGKVQSY-UHFFFAOYSA-N,False,False,0.382352948
P31153_CHEMBL5439496,SIQOMODGVFXZCF-UHFFFAOYSA-N,False,False,0.352112681
P31153_CHEMBL5398803,ZZZNGRRVRSQQAI-UHFFFAOYSA-N,False,False,0.369230777
P31153_CHEMBL5431494,LCWIQCMCBQXSID-UHFFFAOYSA-N,False,False,0.400000006
P31153_CHEMBL5433315,HITSLUWVYDXVNX-UHFFFAOYSA-N,False,False,0.380281687
P31153_CHEMBL5438211,HCDZTFLFSCMPFS-HAQNSBGRSA-N,False,False,0.351351351
P34913_CHEMBL5433817,HGPULJGLOILVHQ-SICKRWCLSA-N,False,False,0.656716406
P34913_CHEMBL5435984,ZCXIVBXISBCVAR-SRKJWJKISA-N,False,False,0.454545468
P34913_CHEMBL5404981,WOIQPRXFURMSKK-COLOTUKFSA-N,False,False,0.460526317
P34913_CHEMBL5430033,PXBNNUVUBQZPJF-VQQVVXBWSA-N,False,False,0.472972959
P34913_CHEMBL5432207,WQQINJZHEYGUSV-XPEBGORWSA-N,False,False,0.541666687
P34913_CHEMBL5414017,VJCOLUSEMBCROD-LTYAUFORSA-N,False,False,0.446808517
P34913_CHEMBL5405712,IMQMMJYORCVTET-KEOWANKRSA-N,False,False,0.532258093
P34913_CHEMBL5419231,NRIYCZSQOASQOL-VNCYCWBVSA-N,False,False,0.481481493
P34913_CHEMBL5438968,BHAVZQLEXFITKY-LVNTTWSVSA-N,False,False,0.513513505
P34913_CHEMBL5406085,GYHJEJKNMCMAHF-YZHMATSHSA-N,False,False,0.472972959
P34913_CHEMBL5396859,BFCBAFPCVFKSPV-RJVBHCBSSA-N,False,False,0.5
P34913_CHEMBL5423765,ATIGOWXJGDVYIL-DZAOAJEASA-N,False,False,0.5
P34913_CHEMBL5402713,KOMNRJZNTBOCLX-OPEAARRCSA-N,False,True,1.0
P34913_CHEMBL5394017,JJLVPJOSPCNACL-JVTIHQILSA-N,False,False,0.527027011
P34913_CHEMBL5427173,GJJHHWWUHDTDAN-CKDIQZBDSA-N,False,False,0.466666669
P34913_CHEMBL5429531,MDDFSGQTCDBGNI-OCKHGLHXSA-N,False,False,0.513157904
P34913_CHEMBL5425833,DMRRTPHESRMGJC-COLOTUKFSA-N,False,False,0.466666669
P34913_CHEMBL5430521,QHKBQXNDPPSCFF-VMNXPCSASA-N,False,False,0.411764711
P34913_CHEMBL5431410,QOZLXKWDKAWAJS-MGLIASHWSA-N,False,False,0.432098776
P34913_CHEMBL5431664,GAWJHZLEOBMELK-AYJDQSAZSA-N,False,False,0.487500012
P34913_CHEMBL5435879,INTQGLFUOFTPKC-LBGAVVDNSA-N,False,False,0.443037987
P34913_CHEMBL5434178,AJDWWLWYEPOUGR-DMTJGRNJSA-N,False,False,0.594202876
P34913_CHEMBL5399542,GTNXTFXUNODRGS-XQPBXVTESA-N,False,False,0.522388041
P34913_CHEMBL5420723,RGLYESPFYBZLRR-VSMNSYOWSA-N,False,False,0.426829278
P34913_CHEMBL5435557,QCEXPVHBUXQGRX-QPNWFBMVSA-N,False,False,0.507246375
P34913_CHEMBL5423755,TWDLLBGZLWPZIH-NSZIZXLJSA-N,False,False,0.4375
P34913_CHEMBL5410246,RQIUMBGWRNRMJM-LPSAYFBNSA-N,False,False,0.5090909
P34913_CHEMBL5421307,UULYLBFRAZWZHN-FQHNBINKSA-N,False,False,0.460526317
P34913_CHEMBL5395369,MFUMGTUKAQSVKG-GZVDNEBNSA-N,False,False,0.5
P34913_CHEMBL5437028,HXXQTICKPYWNLU-JRBPCRLRSA-N,False,False,0.522388041
P34913_CHEMBL5397730,AIRAZTUEKRBLOY-JRBPCRLRSA-N,False,False,0.514705896
P34913_CHEMBL5422052,NUKRNFCMYGOKOE-QNXIOAPASA-N,False,False,0.506493509
P34913_CHEMBL5414179,KJHGZGQIJUIIJK-ZZAIXUPFSA-N,False,False,0.582089543
P34913_CHEMBL5431497,ZSFUHZWXHWXOJY-LRBJVWHZSA-N,False,False,0.555555582
P34913_CHEMBL5425040,AMZXZYDIQOOAMN-PQLLNVPYSA-N,False,False,0.520547926
P34913_CHEMBL5433621,ANIWEDCWYUSJIN-BKILFJMMSA-N,False,False,0.487179488
P34913_CHEMBL5424246,AGOMXPNDYJJRAD-MZONKSDOSA-N,False,False,0.520547926
P34913_CHEMBL5421374,VGHQROODSKDUDO-PKQRLPCPSA-N,False,False,0.520547926
P34913_CHEMBL5399478,MIOXLSPJMAVKFC-CNNOMXIDSA-N,False,False,0.535211265
P34913_CHEMBL5417426,MJICWUYAFGZHTR-SPDOZCBDSA-N,False,False,0.575757563
P34913_CHEMBL5412026,JORXRLWLQWLMRB-XUHRFWLISA-N,False,False,0.507246375
P34913_CHEMBL5433624,DZJVBQRAKGSQFJ-RBZULBDTSA-N,False,False,0.507246375
P34913_CHEMBL5429004,HWJQTNBZUZKTCJ-QABPAKMRSA-N,False,False,0.507246375
P34913_CHEMBL5415121,RVBQMIAIDHNOOF-LRBJVWHZSA-N,False,False,0.555555582
P34913_CHEMBL5429256,JUHQUUAOYFAGMI-DMTJGRNJSA-N,False,False,0.49333334
P34913_CHEMBL5404352,KPIWENJFYBHLJG-LKOMFGNZSA-N,False,False,0.492957741
P34913_CHEMBL5435276,LGRHRNNEYSXOLS-GVDMGERRSA-N,False,False,0.466666669
P34913_CHEMBL5403016,AQLBABMQVSJYMY-GXHZWTQJSA-N,False,False,0.479452044
P34913_CHEMBL5417008,ZZJGOHNUDKAFPT-JGOOLFFLSA-N,False,False,0.479452044
P34913_CHEMBL5410521,ICCSYSACCJYROC-QPNWFBMVSA-N,False,False,0.486111104
P34913_CHEMBL5414609,LEVGIVBXCBGHRA-LXALKUJLSA-N,False,False,0.530303001
P34913_CHEMBL5428998,BRXWAKPJRWGLFA-LXALKUJLSA-N,False,False,0.522388041
P34913_CHEMBL5437010,NWUNBJBSANSGSZ-KYMJIQJLSA-N,False,False,0.432098776
P34913_CHEMBL5410982,ONYFXVFGFAYLIT-VQQVVXBWSA-N,False,False,0.454545468
P34913_CHEMBL5437647,FXTUNYVCHQNTGX-CUDMKSOSSA-N,False,False,0.661290348
P34913_CHEMBL5406849,CIZWEDIRIZHQOL-XHICYHHKSA-N,False,False,0.538461566
P34913_CHEMBL5428089,RONPEBQREPGYNA-VCJYYBTESA-N,False,False,0.528301895
P34913_CHEMBL5411642,GQDXUUPPUVENDK-XMURTRJZSA-N,False,False,0.584615409
P34913_CHEMBL5415470,NTIQXTSTUOUPHM-CUDMKSOSSA-N,False,False,0.672131121
P34913_CHEMBL5418650,DOLUKDDFNXIIGW-CIMINFAQSA-N,False,False,0.530303001
P34913_CHEMBL5420193,CLJDYXGKRRYSQN-LDEYYPCKSA-N,False,False,0.549019635
P34913_CHEMBL5426753,JLHKGLHELXIFEK-NIRWWMADSA-N,False,False,0.528301895
P34913_CHEMBL5411340,GIZNTOGFXMBCGX-WFMRNBHISA-N,False,False,0.528571427
P34913_CHEMBL5435336,WLAMQQAMXHXTLQ-XMURTRJZSA-N,False,False,0.518518507
P34913_CHEMBL5438483,YKSQFZXWVIDDFH-CUDMKSOSSA-N,False,False,0.528301895
P34913_CHEMBL5411847,DIFFARQELRVVEE-UHFFFAOYSA-N,False,False,0.640625
P34913_CHEMBL5415175,FULHMWUIVAYTNM-IXLFXIALSA-N,False,False,0.698113203
P34913_CHEMBL5408127,JJTYAFJHYHDSEI-IXLFXIALSA-N,False,False,0.649122834
P34913_CHEMBL5407621,WWNLYYZOJNSXCF-IXLFXIALSA-N,False,False,0.534482777
P34913_CHEMBL5439306,DPTSBAISJOGUJX-AHSSAWHLSA-N,False,False,0.538461566
P34972_CHEMBL5420560,PVPISSZACAGNMN-OAQYLSRUSA-N,False,False,0.830985904
P34972_CHEMBL5423328,BRCMLIBRYAUSQV-JOCHJYFZSA-N,False,False,0.820895493
P34972_CHEMBL5406438,IFNNZNNEDXXKAA-JOCHJYFZSA-N,False,False,0.83561641
P34972_CHEMBL5403405,KBEPQKOWCMPZJA-AREMUKBSSA-N,False,False,0.826086938
P34972_CHEMBL5411459,SDKMJQOXCCAZPB-UHFFFAOYSA-N,False,False,0.592105269
P34972_CHEMBL5415690,CQVHYBNFRHDNKQ-UHFFFAOYSA-N,False,False,0.600000024
P34972_CHEMBL5421210,CFBCLHYJCFDNEM-UHFFFAOYSA-N,False,False,0.638297856
P34972_CHEMBL5418589,JBCIQAQAJXPJBB-UHFFFAOYSA-N,False,False,0.600000024
P34972_CHEMBL5437097,IRTBIXNGRHXVAQ-UHFFFAOYSA-N,False,False,0.518987358
P34972_CHEMBL5422404,RFILLUXXOYWRMQ-UHFFFAOYSA-N,False,False,0.628571451
P34972_CHEMBL5409471,UWXYSTZAARGWQA-UHFFFAOYSA-N,False,False,0.638297856
P34972_CHEMBL5428372,KZPLIGKXHDYGEC-UHFFFAOYSA-N,False,False,0.578125
P34972_CHEMBL5419335,UEYYULGVNNNDIJ-UHFFFAOYSA-N,False,False,0.507246375
P34972_CHEMBL5406967,ZNHNLNSDUZKPLL-UHFFFAOYSA-N,False,False,0.597014904
P34972_CHEMBL5410025,NQIWJRMEXFERBN-UHFFFAOYSA-N,False,False,0.609375
P34972_CHEMBL5422557,WSSNNZIPVJRYCN-UHFFFAOYSA-N,False,False,0.637681186
P34972_CHEMBL5430360,QQBDWGBYKZFTOZ-UHFFFAOYSA-N,False,False,0.57407409
P34972_CHEMBL5421463,CMTWRVDDBPJIFL-UHFFFAOYSA-N,False,False,0.75757575
P34972_CHEMBL5409303,LVCCZHVUVJNRLU-UHFFFAOYSA-N,False,False,0.793650806
P34972_CHEMBL5395270,HQVRKEQGOOXDCP-UHFFFAOYSA-N,False,False,0.768115938
P34972_CHEMBL5416421,JIVUGVGICZGKIU-UHFFFAOYSA-N,False,False,0.779411793
P34972_CHEMBL5429476,HKQZAYMNLFAQOP-UHFFFAOYSA-N,False,False,0.773584902
P34972_CHEMBL5430169,RIBGGMPGSBMYKE-UHFFFAOYSA-N,False,False,0.71875
P34972_CHEMBL5411397,DSUFSIAYUSFOGS-UHFFFAOYSA-N,False,False,0.777777791
P34972_CHEMBL5412500,QYXWJSDYNHWKGY-UHFFFAOYSA-N,False,False,0.769230783
P34972_CHEMBL5414873,UXONRLFDMNUIOL-UHFFFAOYSA-N,False,False,0.671641767
P34972_CHEMBL5409074,JQSYOONMRJLOIL-UHFFFAOYSA-N,False,False,0.717391312
P34972_CHEMBL5405774,ACZZXYDKMNROMY-UHFFFAOYSA-N,False,False,0.607142866
P34972_CHEMBL5417553,TXTAIQUQZZKTCQ-UHFFFAOYSA-N,False,False,0.576923072
P34972_CHEMBL5415150,IUSZWODXWRXGLV-UHFFFAOYSA-N,False,False,0.512820542
P35372_CHEMBL5413043,WTRKRGRMUBVMKA-DLBZAZTESA-N,False,False,0.767441869
P35372_CHEMBL5435390,VGVMDGHRWDIIIO-FCHUYYIVSA-N,False,False,0.865384638
P35372_CHEMBL5402755,SPIPOTMETQQJMD-VQTJNVASSA-N,False,False,0.735849082
P35372_CHEMBL5398409,WYRCNFXVRPPXIG-FTRWYGJKSA-N,False,False,0.53125
P35372_CHEMBL5408683,WYRCNFXVRPPXIG-JXXFODFXSA-N,False,False,0.53125
P35372_CHEMBL5406692,IHDZBQSJFRBIMW-JKSUJKDBSA-N,False,False,0.767441869
P35372_CHEMBL5435537,MFFQLRNNYJZCPZ-LSDHHAIUSA-N,False,False,0.697674394
P35372_CHEMBL5403243,ZUZFVYVJGFIGPH-UNMCSNQZSA-N,False,False,0.559322059
P35372_CHEMBL5435711,YNPXJROTBZABQG-FPOVZHCZSA-N,False,False,0.578947365
P35372_CHEMBL5415842,WUGBPBCNJHXWRP-UHFFFAOYSA-N,False,False,0.426666677
P35372_CHEMBL5415691,DDIKSIDUOMAEBE-UHFFFAOYSA-N,False,False,0.465753436
P35372_CHEMBL5413237,FGCAUQWFZKMPKW-UHFFFAOYSA-N,False,False,0.38961038
P35372_CHEMBL5407845,JFCMJHZNAYJRLV-UHFFFAOYSA-N,False,False,0.465753436
P35372_CHEMBL5413536,MNZLXQSVWGEEMG-OKZBNKHCSA-N,False,False,0.744680822
P35372_CHEMBL5397609,XIDCICLXZSWQGO-WUFINQPMSA-N,False,False,0.519999981
P35372_CHEMBL5410159,PTWUCXQTDONCCL-RRPNLBNLSA-N,False,False,0.5
P35372_CHEMBL5409322,NNHUSJMVRFFWKB-UHFFFAOYSA-N,False,False,0.587301612
P35372_CHEMBL5412606,LKUILOJELWBGMK-JSOSNVBQSA-N,False,False,0.465909094
P35372_CHEMBL5421714,JXEOKFJSXAQOOQ-NDKRRWIDSA-N,False,False,0.671052635
P35372_CHEMBL5395539,ZKRZZKIVIDSCSL-VTIYRKAUSA-N,False,False,0.524999976
P35372_CHEMBL5398913,BEYHWKKZIDOJLS-LOSJGSFVSA-N,False,False,0.4909091
P35372_CHEMBL5436551,HXJZOQIIPSJTIK-LOSJGSFVSA-N,False,False,0.4909091
P35372_CHEMBL5407379,HYYNSBFCCSYXRP-UNMCSNQZSA-N,False,False,0.507936537
P35372_CHEMBL5421526,KLQSGTIKZYWTPK-PZJWPPBQSA-N,False,False,0.542372882
P35372_CHEMBL5429557,OHCSLZBJYLQKQX-CZTZKLFOSA-N,False,False,0.457627118
P35372_CHEMBL5437720,TUGDQIGXMLHXSL-UHFFFAOYSA-N,False,False,0.525423706
P35372_CHEMBL5417643,WOVYFSFWXVSASO-IZZNHLLZSA-N,False,False,0.4909091
P35372_CHEMBL5418730,OERZGWUVKSWOKP-RBUKOAKNSA-N,False,False,0.430555552
P35372_CHEMBL5407747,GMCJUANYGWCBDC-UHFFFAOYSA-N,False,False,0.584615409
P35372_CHEMBL5425944,IHGIMVBWBWKDOW-UHFFFAOYSA-N,False,False,0.523076952
P35372_CHEMBL5413807,BHXTZGOVTCBSLC-UHFFFAOYSA-N,False,False,0.478873253
P35372_CHEMBL5429207,FPSXFLZNLAYRGB-UHFFFAOYSA-N,False,False,0.428571433
P35372_CHEMBL5423250,VILSZFKXSYCHGB-UHFFFAOYSA-N,False,False,0.432432443
P35372_CHEMBL5400356,CQDDNQVYYAJBQL-UHFFFAOYSA-N,False,False,0.477611929
P35372_CHEMBL5401204,ZKPINQKFBFBQEI-ZLTFECBESA-O,False,False,0.833333313
P35408_CHEMBL5436396,AMORXBLPDSHIEB-UHFFFAOYSA-N,False,False,0.566037714
P35408_CHEMBL5429723,CBPDFVVTWDUHDV-UHFFFAOYSA-N,False,False,0.466666669
P35408_CHEMBL5414713,KHJWUTADLXMSNB-UHFFFAOYSA-N,False,False,0.593220353
P35408_CHEMBL5426459,PQWHCSBWFLFZDQ-UHFFFAOYSA-N,False,False,0.55384618
P35408_CHEMBL5416297,OFANROBQNPHFKT-UHFFFAOYSA-N,False,False,0.508474588
P35408_CHEMBL5408721,FWAWOPDRSFYZLW-UHFFFAOYSA-N,False,False,0.5625
P35408_CHEMBL5395204,JICGZAMZLRFGBS-INIZCTEOSA-N,False,False,0.6875
P35408_CHEMBL5421486,HXYQKBRHWUKXGM-UHFFFAOYSA-N,False,False,0.568965495
P35408_CHEMBL5437320,YTIUNJGPQJGZNU-UHFFFAOYSA-N,False,False,0.611940324
P35408_CHEMBL5430051,HKRSWJDWKYXYQV-UHFFFAOYSA-N,False,False,0.61403507
P35408_CHEMBL5405516,RQWZOFDNUWUBQG-INIZCTEOSA-N,False,False,0.701492548
P35408_CHEMBL5407123,RESDRLULZBAUDP-OAHLLOKOSA-N,False,False,0.692307711
P35408_CHEMBL5433739,BPNWKHVJERWBIT-HNNXBMFYSA-N,False,False,0.506849289
P35408_CHEMBL5435929,BECYWEGXRZKBFI-HNNXBMFYSA-N,False,False,0.515151501
P35408_CHEMBL5426990,FBFLDMQCXGXKES-HNNXBMFYSA-N,False,False,0.515151501
P35408_CHEMBL5427471,QFBJMMNLGZGQHU-HNNXBMFYSA-N,False,False,0.491803288
P35408_CHEMBL5394316,RESDRLULZBAUDP-HNNXBMFYSA-N,False,False,0.692307711
P35408_CHEMBL5431483,YFPRAGLVCAZTKL-HNNXBMFYSA-N,False,False,0.634615362
P35408_CHEMBL5419736,PWDOMTCBYBIKNU-HNNXBMFYSA-N,False,False,0.677419364
P35408_CHEMBL5413066,SXYMKYDSXIAUAO-HNNXBMFYSA-N,False,False,0.560000002
P35408_CHEMBL5427264,UOOPFLXEXMLZPW-HNNXBMFYSA-N,False,False,0.602941155
P35408_CHEMBL5410514,WUSBPLICMYOKMD-UHFFFAOYSA-N,False,False,0.589285731
P35408_CHEMBL5430749,AJYIGTLMRFHOGL-KRWDZBQOSA-N,False,False,0.523076952
P35408_CHEMBL5426152,XFRCATPAQDPPOZ-UHFFFAOYSA-N,False,False,0.449275374
P35408_CHEMBL5402258,BNDYTNIHZYGGRQ-UHFFFAOYSA-N,False,False,0.628571451
P35408_CHEMBL5434593,WFENQKJVXWXHTA-UHFFFAOYSA-N,False,False,0.537037015
P35408_CHEMBL5401228,RYZPJCSOVMQTJK-UHFFFAOYSA-N,False,False,0.567164183
P35408_CHEMBL5411028,MIKXAVHBDXAKGN-UHFFFAOYSA-N,False,False,0.567164183
P35408_CHEMBL5411223,WSEGXECYEWUQBT-UHFFFAOYSA-N,False,False,0.5
P35408_CHEMBL5401935,PUOFEOSITPFWQE-UHFFFAOYSA-N,False,False,0.526315808
P35408_CHEMBL5408723,UERKPTCJWFZOLJ-UHFFFAOYSA-N,False,False,0.5
P35408_CHEMBL5414398,PECZKLJOTXTMQB-UHFFFAOYSA-N,False,False,0.524999976
P35408_CHEMBL5394484,BAOWXUDHYMECQF-UHFFFAOYSA-N,False,False,0.517241359
P35408_CHEMBL5428393,NOINBCBGQVXLBQ-UHFFFAOYSA-N,False,False,0.508771956
P35408_CHEMBL5427544,OYRHAYDNOJRDRP-UHFFFAOYSA-N,False,False,0.535714269
P35408_CHEMBL5402938,VXQIPSMYCRFMCW-UHFFFAOYSA-N,False,False,0.563636363
P35408_CHEMBL5393749,AARVSVOIOZQEPD-UHFFFAOYSA-N,False,False,0.537037015
P35408_CHEMBL5426943,GYTXELSUUNWYQV-UHFFFAOYSA-N,False,False,0.568627477
P35408_CHEMBL5427672,PMRVYZHCTVCCRO-UHFFFAOYSA-N,False,False,0.529411793
P35408_CHEMBL5433721,WSTVURPFTFHFGE-UHFFFAOYSA-N,False,False,0.540983617
P35408_CHEMBL5395138,WANAADWJGPOHGU-UHFFFAOYSA-N,False,False,0.584905684
P35408_CHEMBL5435216,ZBPRXXSKXQZTHT-UHFFFAOYSA-N,False,False,0.514285743
P35408_CHEMBL5417603,CCEOESOKIYPYPF-UHFFFAOYSA-N,False,False,0.617021263
P35408_CHEMBL5438025,CXJJJYZMQBHADB-UHFFFAOYSA-N,False,False,0.631578922
P35408_CHEMBL5436556,BNGUGFLSOZMPOG-UHFFFAOYSA-N,False,False,0.702127635
P35408_CHEMBL5407788,KAUCAFFQMAMJFA-UHFFFAOYSA-N,False,False,0.708333313
P35408_CHEMBL5427584,NLBFUMYXWREXAE-UHFFFAOYSA-N,False,False,0.517241359
P35408_CHEMBL5403528,KJZLXRDQFIGQJM-UHFFFAOYSA-N,False,False,0.727272749
P35408_CHEMBL5426457,RRPJZQHMFMCYHU-UHFFFAOYSA-N,False,False,0.70588237
P35408_CHEMBL5405242,LMOHFNMPEPZUKW-UHFFFAOYSA-N,False,False,0.563636363
P35408_CHEMBL5411952,LJPWCIQKRXINTC-UHFFFAOYSA-N,False,False,0.659090936
P35408_CHEMBL5424332,QMTDALVWNNHLPT-UHFFFAOYSA-N,False,False,0.557692289
P35408_CHEMBL5399302,LRAQPLLNRWXBPK-UHFFFAOYSA-N,False,False,0.533333361
P35408_CHEMBL5397734,AJUFXAZHOSZOAQ-UHFFFAOYSA-N,False,False,0.518518507
P35462_CHEMBL5399833,TZTXMZAJTSHRRT-UHFFFAOYSA-N,False,False,0.608695626
P35462_CHEMBL5415691,DDIKSIDUOMAEBE-UHFFFAOYSA-N,False,False,0.465753436
P35462_CHEMBL5413237,FGCAUQWFZKMPKW-UHFFFAOYSA-N,False,False,0.38961038
P35462_CHEMBL5407845,JFCMJHZNAYJRLV-UHFFFAOYSA-N,False,False,0.465753436
P35462_CHEMBL5420515,VGIIDBWOPSJFIE-QFIPXVFZSA-N,False,False,0.862068951
P35462_CHEMBL5394838,LHHCQDFZJQYUSF-QHCPKHFHSA-N,False,False,0.8125
P35462_CHEMBL5410716,KJARUWIFRQEXIR-FQEVSTJZSA-N,False,False,0.862068951
P35462_CHEMBL5439212,GUEHIYRLOQCWLO-NRFANRHFSA-N,False,False,0.830508471
P35462_CHEMBL5399422,BFYNQIVBIQGLJA-QFIPXVFZSA-N,False,False,0.862068951
P35462_CHEMBL5414499,OOMIAFXMQARGDX-QHCPKHFHSA-N,False,False,0.877192974
P35462_CHEMBL5437148,SLCUTXIBPDBQJC-DEOSSOPVSA-N,False,False,0.892857134
P35462_CHEMBL5399933,ISHULLMLYOWDJR-VWLOTQADSA-N,False,False,0.892857134
P35462_CHEMBL5409939,CIQIXAAZIFEHQC-NRFANRHFSA-N,False,False,0.859649122
P35462_CHEMBL5399568,FBROEXNVPDFFCE-IBGZPJMESA-N,False,False,0.859649122
P35462_CHEMBL5425375,CIXHXASWJFMKLE-FQEVSTJZSA-N,False,False,0.857142866
P35462_CHEMBL5399166,WRPZMLXFPDERQS-SFHVURJKSA-N,False,False,0.857142866
P35462_CHEMBL5402269,YRIGEEYYMGNBLH-IBGZPJMESA-N,False,False,0.890909076
P35462_CHEMBL5420387,RMKVCRINIVDQQR-FQEVSTJZSA-N,False,False,0.803278685
P35462_CHEMBL5410387,OKHCGJQUKXTRNR-KRWDZBQOSA-N,False,False,0.854545474
P35462_CHEMBL5395272,JHLIBYXPSIHAKP-SFHVURJKSA-N,False,False,0.821428597
P35462_CHEMBL5438487,MCNXDINEERCWGB-IBGZPJMESA-N,False,False,0.886792481
P35462_CHEMBL5396616,HAUUSSMWQKKSAX-FQEVSTJZSA-N,False,False,0.796610177
P35462_CHEMBL5433001,XIPOFQVPXAIRQK-INIZCTEOSA-N,False,False,0.849056602
P35462_CHEMBL5427065,YOJUDLZOPHLXIK-WDDOOKFPSA-N,False,False,0.459459454
P35462_CHEMBL5424241,JTLPQCZWUVHUDG-MEMLXQNLSA-N,False,False,0.636363626
P35462_CHEMBL5409755,HFXHNRQNXGVDMC-IYARVYRRSA-N,False,False,0.578125
P35462_CHEMBL5421925,FOJAWPAIUACMCV-ZJBHJZIXSA-N,False,False,0.547945201
P35462_CHEMBL5415846,BNSLCCULUHMZBQ-KESTWPANSA-N,False,False,0.821428597
P35462_CHEMBL5404807,DRDNXPOWBJOJRJ-RZFKFIIISA-N,False,False,0.533333361
P35462_CHEMBL5425134,IONAUXJNMRGVRI-UAPYVXQJSA-N,False,False,0.699999988
P35462_CHEMBL5440422,ZSNLCMKFRUHLTG-YLIUREIVSA-N,False,False,0.605633795
P35462_CHEMBL5410159,PTWUCXQTDONCCL-RRPNLBNLSA-N,False,False,0.5
P35462_CHEMBL5409322,NNHUSJMVRFFWKB-UHFFFAOYSA-N,False,False,0.587301612
P35462_CHEMBL5421714,JXEOKFJSXAQOOQ-NDKRRWIDSA-N,False,False,0.671052635
P35462_CHEMBL5436551,HXJZOQIIPSJTIK-LOSJGSFVSA-N,False,False,0.4909091
P35462_CHEMBL5436957,LQSRXUCPMMXTPD-UHFFFAOYSA-N,False,False,0.622950792
P35462_CHEMBL5420316,YMJIJWNRDYCZCK-UHFFFAOYSA-N,False,False,0.555555582
P35462_CHEMBL5426620,QKVOQKSMJIDFBY-UHFFFAOYSA-N,False,False,0.573770463
P35462_CHEMBL5402212,AQLFNWINMCVDSP-QAQDUYKDSA-N,False,False,0.644067824
P35462_CHEMBL5433284,WMQLLTKSISGWHQ-WKILWMFISA-N,False,False,0.818181813
P35462_CHEMBL5399129,XXESQSFCTJSSQN-UHFFFAOYSA-N,False,False,0.492957741
P35462_CHEMBL5421827,FAZGZSIAUUOWKB-UHFFFAOYSA-N,False,False,0.516129017
P35462_CHEMBL5422870,HZBAKQLOTJCSJX-UHFFFAOYSA-N,False,False,0.64864862
P35462_CHEMBL5428803,GKEKKHSDPFDXQN-INIZCTEOSA-N,False,False,0.777777791
P35462_CHEMBL5403204,HEPZPDOHSGVKLD-UHFFFAOYSA-N,False,False,0.652173936
P35462_CHEMBL5439853,MWHOEMHDLWMJAP-UHFFFAOYSA-N,False,False,0.641791046
P35462_CHEMBL5407341,JIURLJSKBKCSMU-UHFFFAOYSA-N,False,False,0.704918027
P35462_CHEMBL5417643,WOVYFSFWXVSASO-IZZNHLLZSA-N,False,False,0.4909091
P35462_CHEMBL5416644,MFRGANBNUOPMSD-UHFFFAOYSA-N,False,False,0.787878811
P35462_CHEMBL5411404,IYJHSZYHBWQPAO-UHFFFAOYSA-N,False,False,0.698412716
P35462_CHEMBL5421272,IEFITNQZMCGBTG-UHFFFAOYSA-N,False,False,0.625
P35462_CHEMBL5433509,PVMKVNICRVBAGQ-UHFFFAOYSA-N,False,False,0.651515126
P35462_CHEMBL5438205,SNZALFBBQUAUPG-UHFFFAOYSA-N,False,False,0.641791046
P35462_CHEMBL5412718,CUZBNCPQNUFDMK-UHFFFAOYSA-N,False,False,0.638888896
P35462_CHEMBL5405333,IWPBBAPLZQJENH-UHFFFAOYSA-N,False,False,0.754098356
P35462_CHEMBL5396317,ZWNMRUMCFKVOHJ-UHFFFAOYSA-N,False,False,0.666666687
P35462_CHEMBL5427937,DBFMZFWPENBAGS-UHFFFAOYSA-N,False,False,0.777777791
P35462_CHEMBL5395187,CDGORPLWQZYBKZ-UHFFFAOYSA-N,False,False,0.777777791
P35462_CHEMBL5405086,NUGWCMSUXVODFI-UHFFFAOYSA-N,False,False,0.791044772
P35462_CHEMBL5425252,RGPTYLNPCNVHNC-UHFFFAOYSA-N,False,False,0.779661
P35462_CHEMBL5415335,OGAXIHIXSFCZCE-UHFFFAOYSA-N,False,False,0.882352948
P35462_CHEMBL5394431,VMQHOVDFWBZTMR-UHFFFAOYSA-N,False,False,0.688524604
P35462_CHEMBL5431474,KLCDWOVKIZMAPZ-UHFFFAOYSA-N,False,False,0.833333313
P35462_CHEMBL5416728,XSRFHBAHNKMQSR-UHFFFAOYSA-N,False,False,0.698412716
P35462_CHEMBL5410179,NJUGOZRVZRFICX-UHFFFAOYSA-N,False,False,0.709677398
P35462_CHEMBL5436809,UYPLISCDIQJPNG-UHFFFAOYSA-N,False,False,0.6875
P35462_CHEMBL5400232,IBNWNWKMISLVQT-UHFFFAOYSA-N,False,False,0.771929801
P35462_CHEMBL5418730,OERZGWUVKSWOKP-RBUKOAKNSA-N,False,False,0.430555552
P35462_CHEMBL5407747,GMCJUANYGWCBDC-UHFFFAOYSA-N,False,False,0.584615409
P35462_CHEMBL5425944,IHGIMVBWBWKDOW-UHFFFAOYSA-N,False,False,0.523076952
P35462_CHEMBL5413807,BHXTZGOVTCBSLC-UHFFFAOYSA-N,False,False,0.478873253
P35462_CHEMBL5429207,FPSXFLZNLAYRGB-UHFFFAOYSA-N,False,False,0.428571433
P35462_CHEMBL5423250,VILSZFKXSYCHGB-UHFFFAOYSA-N,False,False,0.432432443
P35462_CHEMBL5400356,CQDDNQVYYAJBQL-UHFFFAOYSA-N,False,False,0.477611929
P35462_CHEMBL5417351,UMTWXZNVNBBFLC-SHTZXODSSA-N,False,False,0.807692289
P35462_CHEMBL5395965,YDOILAGGRVCPSJ-VJMAFPLCSA-N,False,False,0.656716406
P35462_CHEMBL5398100,ULQCYDXROAATLP-AQYVVDRMSA-N,False,False,0.617647052
P35462_CHEMBL5429048,JGPPAABCUOMAQN-PGWJBFNOSA-N,False,False,0.734375
P35462_CHEMBL5429826,SBWDEIFOMNBGRY-MEMLXQNLSA-N,False,False,0.722222209
P36544_CHEMBL5435510,CJSBSXMNHHTPJN-UHFFFAOYSA-N,False,False,0.685714304
P36544_CHEMBL5428848,TYPPUHKCJFVESM-AQCYYTIQSA-N,False,False,0.758620679
P36544_CHEMBL5428298,JKFBAFFGSCGFCK-RFAHKMTNSA-N,False,False,0.69421488
P36544_CHEMBL5401803,MUSJREHTLVWNQZ-ODIAZMNBSA-N,False,False,0.898989916
P36544_CHEMBL5417751,ITMKQBWNOBXGSW-UHFFFAOYSA-N,False,False,0.558139563
P36544_CHEMBL5409285,RQXSVFDOFOYUDU-UHFFFAOYSA-N,False,False,0.489795923
P36544_CHEMBL5423336,IHQHQNOLXYKVGV-UHFFFAOYSA-N,False,False,0.560975611
P36544_CHEMBL5400651,HPVLVGXFFPQGMO-UHFFFAOYSA-N,False,False,0.553191483
P36544_CHEMBL5415482,PJOMWQDGOKINIH-UHFFFAOYSA-N,False,False,0.522727251
P36544_CHEMBL5435415,AMHHPNFOYDXURO-UHFFFAOYSA-N,False,False,0.685714304
P36544_CHEMBL5433741,QXSDJIUFDXYCFU-UHFFFAOYSA-N,False,False,0.744186044
P36544_CHEMBL5416962,OIYBDMGYZWVIAM-UHFFFAOYSA-N,False,False,0.590909064
P36544_CHEMBL5403618,UQXDPNPETLYQJZ-BQYQJAHWSA-O,False,False,0.725000024
P36544_CHEMBL5428774,MCHMFKXZBZDACT-BQYQJAHWSA-N,False,False,0.75
P36544_CHEMBL5415576,YNFPARFPWZWYJX-BQYQJAHWSA-N,False,False,0.692307711
P36544_CHEMBL5407945,AWGHJHAVKVZJIW-BQYQJAHWSA-O,False,False,0.75
P36544_CHEMBL5395819,IGCCBFHJLBUBDS-CMDGGOBGSA-N,False,False,0.833333313
P36544_CHEMBL5412463,HUAFKPRYCWUTLV-VAWYXSNFSA-N,False,False,0.763157904
P36544_CHEMBL5425014,UZCJCPWNLXXVAV-ZHACJKMWSA-N,False,False,0.725000024
P36544_CHEMBL5406306,NCGUACQUSRMTGP-ZHACJKMWSA-N,False,False,0.674418628
P36544_CHEMBL5418191,DSYBZSDKMVLLBG-ZHACJKMWSA-O,False,False,0.743589759
P36544_CHEMBL5415738,IFOZLLLGURVADT-VAWYXSNFSA-N,False,False,0.780487776
P36544_CHEMBL5416363,XDWBHTKRMNRBQE-SAPNQHFASA-N,False,False,0.690476179
P36544_CHEMBL5396300,DXRVCXJQQGPWLX-SDNWHVSQSA-N,False,False,0.725000024
P36544_CHEMBL5408237,LCQAKRLPHAYECK-QURGRASLSA-N,False,False,0.631578922
P36544_CHEMBL5415788,DKXYJACKNZCEOQ-UHFFFAOYSA-N,False,False,0.64864862
P36544_CHEMBL5436520,XXWAUQHHHXAXMR-UHFFFAOYSA-O,False,False,0.574468076
P36544_CHEMBL5399641,AYZMHHLOQLPLGF-UHFFFAOYSA-N,False,False,0.727272749
P36544_CHEMBL5432840,QYDJROWYOIMXML-UHFFFAOYSA-N,False,False,0.631578922
P36544_CHEMBL5396579,PUOIMHBGMBMFEF-UHFFFAOYSA-O,False,False,0.595744669
P36544_CHEMBL5415255,DVHRRLLRIKJLQH-UHFFFAOYSA-N,False,False,0.64864862
P36544_CHEMBL5440131,JLHTUHPOTUETFI-USYHLRJESA-N,False,False,0.833333313
P36544_CHEMBL5393773,LQWZJPSPEDZVSV-LJQANCHMSA-N,False,False,0.46938777
P37231_CHEMBL5403200,GIJWJFWVAZHKAW-RVPKNCRTSA-N,False,False,0.782608688
P37231_CHEMBL5421425,DFHKWQUOWHFEGC-FKQYMORYSA-N,False,False,0.671428561
P37231_CHEMBL5407583,YXCQDXVICCQMBX-FKQYMORYSA-N,False,False,0.661764681
P37231_CHEMBL5406591,UKLCLLCNEQKBHK-FKQYMORYSA-N,False,False,0.671428561
P37231_CHEMBL5406898,TVBNDGNGIFVZLS-FKQYMORYSA-N,False,False,0.569444418
P37231_CHEMBL5408470,KTDDZSINHGWEKW-LNSITVRQSA-N,False,False,0.712121189
P37231_CHEMBL5397940,XQUITDSAALFRRH-LNSITVRQSA-N,False,False,0.712121189
P37231_CHEMBL5427431,JKWBJAPOWMKHMQ-MBNYWOFBSA-N,False,False,0.864406765
P37231_CHEMBL5439812,QOXYNSJNXXZEKN-HGYYMRRCSA-N,False,False,0.738461554
P37231_CHEMBL5432530,HHNDILLYULJAKN-HGYYMRRCSA-N,False,False,0.583333313
P37231_CHEMBL5431536,ZPTMKBZDOIBAAZ-HGYYMRRCSA-N,False,False,0.738461554
P37231_CHEMBL5429976,OGHIRLUUGKNLID-HGYYMRRCSA-N,False,False,0.626865685
P37231_CHEMBL5395286,LTLXRDGYWDTXHB-TVJKQAJBSA-N,False,False,0.597014904
P37231_CHEMBL5427888,XYRGBYVDYTWOAH-LNSITVRQSA-N,False,False,0.753846169
P37231_CHEMBL5431290,CNUAHKCIKMUMRM-LNSITVRQSA-N,False,False,0.753846169
P37231_CHEMBL5429911,QQQUEJRXQAQRMP-LNSITVRQSA-N,False,False,0.641791046
P41143_CHEMBL5427274,PISGCLBCALWXEO-GRTIKZMISA-N,False,False,0.732558131
P41143_CHEMBL5399596,PISGCLBCALWXEO-DNDTVDQFSA-N,False,False,0.732558131
P41143_CHEMBL5434134,HRSCQZSAFGCNBW-MWTBLRQASA-N,False,False,0.780487776
P41143_CHEMBL5432205,HRSCQZSAFGCNBW-XOYZLOFQSA-N,False,False,0.780487776
P41143_CHEMBL5426012,MBGDNZAHCQVNRR-TYKWCNGQSA-N,False,False,0.578947365
P41143_CHEMBL5404274,IOGDKVPBHYKTLL-TYKWCNGQSA-N,False,False,0.547169805
P41143_CHEMBL5405339,URVRUMVGVFUGLH-PUZFROQSSA-N,False,False,0.568627477
P41143_CHEMBL5415010,KRRSADFNAHKWFQ-QUPDYRNUSA-N,False,False,0.491525412
P41143_CHEMBL5423260,ODTGXINNSNOMFG-PUZFROQSSA-N,False,False,0.491525412
P41143_CHEMBL5405519,GDKHHCJWRKMKSN-XMCDHTSPSA-N,False,False,0.75
P41143_CHEMBL5403273,GDKHHCJWRKMKSN-MINMQMFNSA-N,False,False,0.75
P41143_CHEMBL5432317,JTWCOHHPRUODSS-LRUIECMASA-N,False,False,0.768292665
P41143_CHEMBL5411900,JTWCOHHPRUODSS-SAZRTPPDSA-N,False,False,0.768292665
P41143_CHEMBL5432174,VAXBZBVXSWAUTJ-LRUIECMASA-N,False,False,0.790123463
P41143_CHEMBL5432371,VAXBZBVXSWAUTJ-SAZRTPPDSA-N,False,False,0.790123463
P41143_CHEMBL5416619,KFJKVOKTLGYDFS-LRUIECMASA-N,False,False,0.75
P41143_CHEMBL5425838,KFJKVOKTLGYDFS-SAZRTPPDSA-N,False,False,0.75
P41143_CHEMBL5438077,IIBPHRIWMDABQU-LRUIECMASA-N,False,False,0.761904776
P41143_CHEMBL5427896,IIBPHRIWMDABQU-SAZRTPPDSA-N,False,False,0.761904776
P41143_CHEMBL5426498,FFQBXNNYUUQDFQ-UHFFFAOYSA-N,False,False,0.422222227
P41143_CHEMBL5401204,ZKPINQKFBFBQEI-ZLTFECBESA-O,False,False,0.833333313
P41143_CHEMBL5434911,KJQMRYGMFXBEPB-YVIDWFBLSA-N,False,False,0.771084309
P41143_CHEMBL5401578,NJRCILVLRGVVGK-LKAHNZHJSA-N,False,False,0.768292665
P41143_CHEMBL5398970,IMIXAWYOYMHLCO-NUBYDWQPSA-N,False,False,0.761904776
P41143_CHEMBL5406491,IFTJVUGTEZUHLY-YVIDWFBLSA-N,False,False,0.752941191
P41143_CHEMBL5440937,RJLWCKRXLNONJM-LKAHNZHJSA-N,False,False,0.768292665
P41143_CHEMBL5420457,NJHNBQAXTXFESL-FZYDWYOPSA-N,False,False,0.732558131
P41143_CHEMBL5419838,NYYSRDYBHNZJME-QJHAWUSCSA-N,False,False,0.771084309
P41143_CHEMBL5417637,PBSLISOQXAADEW-DPRJEOALSA-N,False,False,0.790123463
P41143_CHEMBL5431128,YFEYTXLPQBXOSJ-DPRJEOALSA-N,False,False,0.790123463
P41143_CHEMBL5429587,KJQMRYGMFXBEPB-DFHLVPMUSA-N,False,False,0.771084309
P41143_CHEMBL5405800,NJRCILVLRGVVGK-BCTJHDQDSA-N,False,False,0.768292665
P41143_CHEMBL5424642,IMIXAWYOYMHLCO-ZUPLBNAYSA-N,False,False,0.761904776
P41143_CHEMBL5396504,IFTJVUGTEZUHLY-DFHLVPMUSA-N,False,False,0.752941191
P41143_CHEMBL5425108,RJLWCKRXLNONJM-BCTJHDQDSA-N,False,False,0.768292665
P41143_CHEMBL5417814,NJHNBQAXTXFESL-XXNKRNNASA-N,False,False,0.732558131
P41143_CHEMBL5424438,NYYSRDYBHNZJME-IYOBBJEASA-N,False,False,0.771084309
P41143_CHEMBL5426766,PBSLISOQXAADEW-MNPRSRHJSA-N,False,False,0.790123463
P41143_CHEMBL5415668,YFEYTXLPQBXOSJ-MNPRSRHJSA-N,False,False,0.790123463
P41143_CHEMBL5434721,GPGNXVUMXILYHO-LRUIECMASA-N,False,False,0.75
P41143_CHEMBL5423403,GPGNXVUMXILYHO-SAZRTPPDSA-N,False,False,0.75
P41145_CHEMBL5402380,ZCFGCNXJCWOEPF-MTQUEUHBSA-N,False,False,0.688311696
P41145_CHEMBL5412738,VEFKNVILUVRTOC-GRGXKFILSA-N,False,False,0.523076952
P41145_CHEMBL5428706,UTWSLWJUALGONQ-SKKKGAJSSA-N,False,False,0.821917832
P41145_CHEMBL5426627,CCNZUTYGSXLVNS-CXDXLJMYSA-N,False,False,0.6875
P41145_CHEMBL5404274,IOGDKVPBHYKTLL-TYKWCNGQSA-N,False,False,0.547169805
P41145_CHEMBL5405339,URVRUMVGVFUGLH-PUZFROQSSA-N,False,False,0.568627477
P41145_CHEMBL5416582,NJWKUHYGAJDRKS-QUPDYRNUSA-N,False,False,0.586206913
P41145_CHEMBL5415010,KRRSADFNAHKWFQ-QUPDYRNUSA-N,False,False,0.491525412
P41145_CHEMBL5394355,MPJOIXWGAIBSAW-GRGXKFILSA-N,False,False,0.43589744
P41145_CHEMBL5423260,ODTGXINNSNOMFG-PUZFROQSSA-N,False,False,0.491525412
P41145_CHEMBL5403724,MNCLQFXBMWGDDJ-PUZFROQSSA-N,False,False,0.57407409
P41145_CHEMBL5418013,JIXGCILRKVWBTK-OMRVPHBLSA-N,False,False,0.618421078
P41145_CHEMBL5428920,GMTTVVKRBMPEKS-HXUWFJFHSA-N,False,False,0.545454562
P41145_CHEMBL5405248,PPBFKKZGMWEMTF-HXUWFJFHSA-N,False,False,0.5
P41145_CHEMBL5419235,WMQOWAAURKEWQE-GRGXKFILSA-N,False,False,0.485714287
P41145_CHEMBL5433205,NZBBQRXCYMXAEL-UHFFFAOYSA-N,False,False,0.5090909
P41145_CHEMBL5440141,WWGLLMVFGNXMSU-UHFFFAOYSA-N,False,False,0.551724136
P41145_CHEMBL5405049,IWZYSCDXQIAFHW-UHFFFAOYSA-N,False,False,0.516666651
P41145_CHEMBL5439837,GDBZZMFBYBNOPL-UHFFFAOYSA-N,False,False,0.534482777
P41145_CHEMBL5398392,QHNLAAGZCBWJGZ-UHFFFAOYSA-N,False,False,0.491228074
P41145_CHEMBL5419716,ZXYRWUDPUZZKRH-UHFFFAOYSA-N,False,False,0.524590135
P41145_CHEMBL5424523,GEHMLSCACFSKHU-UHFFFAOYSA-N,False,False,0.542372882
P41145_CHEMBL5417743,REYRPIHZPCZPFR-VYRBHSGPSA-N,False,False,0.648148119
P41145_CHEMBL5437720,TUGDQIGXMLHXSL-UHFFFAOYSA-N,False,False,0.525423706
P41145_CHEMBL5403335,UKUSAVVKIPUKGW-UHFFFAOYSA-N,False,False,0.532258093
P41145_CHEMBL5416937,UOABRRDVUWRPIX-UHFFFAOYSA-N,False,False,0.461538464
P41145_CHEMBL5405776,QLPZNJWLUYAAEB-UHFFFAOYSA-N,False,False,0.455696195
P41145_CHEMBL5425679,SYEIDCXSQUSSTJ-UHFFFAOYSA-N,False,False,0.464285702
P41145_CHEMBL5429995,XFEUUMLTAKWOBW-UHFFFAOYSA-N,False,False,0.568965495
P41145_CHEMBL5426289,WDBIGXAHVZDOHO-UHFFFAOYSA-N,False,False,0.559322059
P41145_CHEMBL5397467,KETLJEMYQCTPSI-OJMQJXDZSA-N,False,False,0.666666687
P41145_CHEMBL5401204,ZKPINQKFBFBQEI-ZLTFECBESA-O,False,False,0.833333313
P41145_CHEMBL5419132,NYJFLKFMMFVJNM-LEWJYISDSA-N,False,False,0.811320782
P41145_CHEMBL5409958,HKPIERLZGGUUMI-SCFUHWHPSA-N,False,False,0.661290348
P42330_CHEMBL5403375,BLYWHFTVWVWKCE-QJRLLOQJSA-N,False,False,0.764705896
P42330_CHEMBL5409789,BLYWHFTVWVWKCE-CSWDMDPZSA-N,False,False,0.764705896
P42330_CHEMBL5393766,VUGYZGGKNSTJII-UHFFFAOYSA-N,False,False,0.581395328
P42330_CHEMBL5426283,QZRSHYQTGBBNPO-UHFFFAOYSA-N,False,False,0.800000012
P42330_CHEMBL5406588,AMIBTMAEURWVJS-UHFFFAOYSA-N,False,False,0.5625
P42330_CHEMBL5413682,DVDVAPVZGWMKJO-UHFFFAOYSA-N,False,False,0.540000021
P42330_CHEMBL5404373,YMSZFTNNHNTUJW-UHFFFAOYSA-N,False,False,0.571428597
P42330_CHEMBL5398882,UPDYYFBIIMDWGY-UHFFFAOYSA-N,False,False,0.608695626
P42330_CHEMBL5418560,LTUJUOJTVZTULP-UHFFFAOYSA-N,False,False,0.743589759
P42330_CHEMBL5409918,JHWUWRGGFHIVMY-CMDGGOBGSA-N,False,False,0.727272749
P42330_CHEMBL5411983,VYCVIBNRARTBRH-SNAWJCMRSA-N,False,False,0.754716992
P42330_CHEMBL5395406,QTFXTJXFJCIYHZ-UHFFFAOYSA-N,False,False,0.5625
P42330_CHEMBL5419024,QXZXHHZDXJHHCS-UHFFFAOYSA-N,False,False,0.46938777
P42330_CHEMBL5406928,BYQCGTILJIJILA-UHFFFAOYSA-N,False,False,0.682926834
P42330_CHEMBL5436517,QYDNPMPQJBLJAY-UHFFFAOYSA-N,False,False,0.541666687
P42330_CHEMBL5416628,VELXPGHZTNLGON-UHFFFAOYSA-N,False,False,0.491228074
P42330_CHEMBL5421222,IZMCUINTVDMYCG-UHFFFAOYSA-N,False,False,0.4375
P42330_CHEMBL5422601,AUJBGSNSNJNRCR-UHFFFAOYSA-N,False,False,0.490196079
P42330_CHEMBL5428274,TYDGKSKQDIKJJI-UHFFFAOYSA-N,False,False,0.428571433
P42330_CHEMBL5439918,FRWCPHGQBFRFLJ-UHFFFAOYSA-N,False,False,0.428571433
P42330_CHEMBL5396002,OQRVLNAWCZMVLA-UHFFFAOYSA-N,False,False,0.535714269
P42330_CHEMBL5405863,NGXTUMLWXVZOKC-UHFFFAOYSA-N,False,False,0.659574449
P42330_CHEMBL5431359,CZPYLJAUUIDPCZ-UHFFFAOYSA-N,False,False,0.704545438
P42330_CHEMBL5423363,ZKONSLCKRCWQMW-UHFFFAOYSA-N,False,False,0.403508782
P42330_CHEMBL5427755,HHLVJSOCYJKNGZ-UHFFFAOYSA-N,False,False,0.46808511
P42330_CHEMBL5436664,ZMHPHUBIVZSYHK-UHFFFAOYSA-N,False,False,0.45161289
P42330_CHEMBL5427069,ZNVFKPROJCPGST-UHFFFAOYSA-N,False,False,0.615384638
P42330_CHEMBL5437831,IJAYAXNUUROFJP-UHFFFAOYSA-N,False,False,0.442307681
P42330_CHEMBL5401215,DMEIRBHRWYZVPF-UHFFFAOYSA-N,False,False,0.482758611
P42330_CHEMBL5408142,NUUUDNLKLWERAI-UHFFFAOYSA-N,False,False,0.426470578
P42330_CHEMBL5405175,LKTIRPQROJRUNF-UHFFFAOYSA-N,False,False,0.5
P42330_CHEMBL5412756,VMUPNOJCVURCSS-UHFFFAOYSA-N,False,False,0.423076928
P42330_CHEMBL5401567,ZIORHJGAHSLJSR-MPUSPQBPSA-N,False,False,0.4909091
P42330_CHEMBL5435345,XTTKCGIKODRDGM-TWUYPRELSA-N,False,False,0.459016383
P42330_CHEMBL5411601,XIYQMMKQAFYSHG-JLHYYAGUSA-N,False,False,0.654545426
P42330_CHEMBL5425839,AEDAOXUOTSWOEA-BQYQJAHWSA-N,False,False,0.561403513
P42330_CHEMBL5409615,MDHXMRPOFCKSRA-UHFFFAOYSA-N,False,False,0.5625
P42330_CHEMBL5434084,VPVLWBNRMIBHRV-UHFFFAOYSA-N,False,False,0.704545438
P42330_CHEMBL5426142,FARGFSRFOMSQQY-UHFFFAOYSA-N,False,False,0.674418628
P42330_CHEMBL5397312,VETKCCXTZNZVKE-UHFFFAOYSA-N,False,False,0.529411793
P42330_CHEMBL5419252,QXYYVTWSXQCYHU-UHFFFAOYSA-N,False,False,0.674418628
P42330_CHEMBL5436866,DZJNBDDGJLXPCF-UHFFFAOYSA-N,False,False,0.675000012
P42330_CHEMBL5421383,FQZGRZICRLJBGW-KPKJPENVSA-N,False,False,0.672413766
P42330_CHEMBL5431806,KPOYJBACVNYNKD-UHFFFAOYSA-N,False,False,0.810344815
P42330_CHEMBL5407337,KGXZJOUGHNYQGO-UHFFFAOYSA-N,False,False,0.661290348
P42330_CHEMBL5422118,DAVVODNKYJQZJQ-UHFFFAOYSA-N,False,False,0.800000012
P42330_CHEMBL5412169,HOGUDJPJHFFWJD-UHFFFAOYSA-N,False,False,0.796610177
P42330_CHEMBL5423738,ZCABCFKVVOOFKM-UHFFFAOYSA-N,False,False,0.671875
P42330_CHEMBL5434454,BVOXDXZZJKIBOG-UHFFFAOYSA-N,False,False,0.785714269
P42330_CHEMBL5395625,GMWJOSLAOUWTEZ-UHFFFAOYSA-N,False,False,0.699999988
P42330_CHEMBL5397522,MMXTYSPDHINYGD-UHFFFAOYSA-N,False,False,0.589743614
P42330_CHEMBL5430302,IRHOQRCCGFLTCQ-UHFFFAOYSA-N,False,False,0.638297856
P42330_CHEMBL5401700,AQFCDKFZYQNOMV-UHFFFAOYSA-N,False,False,0.725000024
P42330_CHEMBL5439018,RFOWFZQYLUNARR-UHFFFAOYSA-N,False,False,0.619047642
P42330_CHEMBL5403302,BDBAODVEMMNMJD-UHFFFAOYSA-N,False,False,0.631578922
P42330_CHEMBL5425327,PCSGGTFJZPGLFE-UHFFFAOYSA-N,False,False,0.682926834
P42330_CHEMBL5422070,DUOLCIAVHVAETC-UHFFFAOYSA-N,False,False,0.756097555
P42330_CHEMBL5427727,HUMNXICEZVLTPH-UHFFFAOYSA-N,False,False,0.814814806
P42330_CHEMBL5430200,DFPWEOAOFAQGNU-UHFFFAOYSA-N,False,False,0.655172408
P42330_CHEMBL5399095,ABAAODMMTWRRFV-UHFFFAOYSA-N,False,False,0.684210539
P42330_CHEMBL5438808,OWAWSYFTNBMFOX-AATRIKPKSA-N,False,False,0.589285731
P42330_CHEMBL5432550,DTKSEMLROYEMQS-LFIBNONCSA-N,False,False,0.666666687
P42330_CHEMBL5422271,YZARZFGMYLKGPN-XMHGGMMESA-N,False,False,0.5625
P42330_CHEMBL5402185,UHDJHYKLBYZQHK-IZZDOVSWSA-N,False,False,0.642857134
P42330_CHEMBL5438117,DCJWEOKNYFFSEX-DHZHZOJOSA-N,False,False,0.61016947
P42330_CHEMBL5427049,NMGPIPGNLDKONA-MDWZMJQESA-N,False,False,0.620689631
P42330_CHEMBL5403238,WLVQCHYMOUACFK-IZZDOVSWSA-N,False,False,0.61016947
P42330_CHEMBL5407493,OZENQGIDPXJUAF-FMIVXFBMSA-N,False,False,0.70588237
P42330_CHEMBL5402839,DJRCBYBPZVBXTG-RMKNXTFCSA-N,False,False,0.522388041
P42330_CHEMBL5412889,KOZKMOHLBPQUOB-IZZDOVSWSA-N,False,False,0.642857134
P42330_CHEMBL5437220,NSYLJLQFXCJXGO-IZZDOVSWSA-N,False,False,0.642857134
P42330_CHEMBL5397612,UDLGKRMMTCVPSV-RMKNXTFCSA-N,False,False,0.600000024
P42330_CHEMBL5427873,FPAPXKOXKCRNEG-LFIBNONCSA-N,False,False,0.622641504
P42330_CHEMBL5411768,WNWYUJGUYDBDSB-RMKNXTFCSA-N,False,False,0.580645144
P42330_CHEMBL5408158,OIHPQQOCNSYVCD-RMKNXTFCSA-N,False,False,0.580645144
P42330_CHEMBL5440460,APGBWLDXCFXLNA-JLHYYAGUSA-N,False,False,0.61016947
P42330_CHEMBL5408308,LCBJGOZMBFXQSG-DHZHZOJOSA-N,False,False,0.55384618
P42330_CHEMBL5401206,DSRXUFIIOXECOU-RMKNXTFCSA-N,False,False,0.590163946
P42330_CHEMBL5417484,YAQAZXSNYGXKOJ-MDZDMXLPSA-N,False,False,0.61016947
P42330_CHEMBL5411357,GHLAEROLYBFYMD-VAWYXSNFSA-N,False,False,0.679245293
P42330_CHEMBL5405662,BNSGEXRKFYDPIN-ZHACJKMWSA-N,False,False,0.61016947
P42330_CHEMBL5424035,PQVWCJQYBIRTMI-OUKQBFOZSA-N,False,False,0.649122834
P42330_CHEMBL5410143,HEQLYUVDYGWRAO-LFIBNONCSA-N,False,False,0.600000024
P42330_CHEMBL5436263,KXJXDSDAWLVHRC-NSCUHMNNSA-N,False,False,0.538461566
P42330_CHEMBL5397146,XPOBYVDJPQDERH-CMDGGOBGSA-N,False,False,0.551724136
P42330_CHEMBL5417285,IKIMZJGEAUIWCM-VOTSOKGWSA-N,False,False,0.571428597
P42330_CHEMBL5441078,QXRIACHAFKTTSX-ZHACJKMWSA-N,False,False,0.600000024
P42330_CHEMBL5412832,ZBSUEECUCNUDDA-BUHFOSPRSA-N,False,False,0.642857134
P42330_CHEMBL5403464,VXXJUIPKLURQMX-UHFFFAOYSA-N,False,False,0.793103456
P42330_CHEMBL5439765,FPHVUHWOWQROTL-UHFFFAOYSA-N,False,False,0.645161271
P42330_CHEMBL5427074,OEBGBUHJAIQOPQ-UHFFFAOYSA-N,False,False,0.661016941
P42330_CHEMBL5405458,VHCQDKWAOITQSX-UHFFFAOYSA-N,False,False,0.793103456
P42330_CHEMBL5437111,OUMZLWWILNNBSC-UHFFFAOYSA-N,False,False,0.645161271
P42330_CHEMBL5396688,CWZDZGZZXPRYQN-UHFFFAOYSA-N,False,False,0.661016941
P42330_CHEMBL5415646,VGHFYZHLHHBMGO-UHFFFAOYSA-N,False,False,0.733333349
P42330_CHEMBL5408394,MHPRIIQRZBMZCP-UHFFFAOYSA-N,False,False,0.594202876
P42330_CHEMBL5434555,OHKLFPWLLRWNCK-UHFFFAOYSA-N,False,False,0.619047642
P42330_CHEMBL5398653,GCJYSUDFMJUOKJ-UHFFFAOYSA-N,False,False,0.804878056
P42330_CHEMBL5436838,CRSJECWLMZQYDZ-UHFFFAOYSA-N,False,False,0.666666687
P42336_CHEMBL5406770,KXPHYKKVBFGLGJ-UHFFFAOYSA-N,False,False,0.696629226
P42336_CHEMBL5439362,KPHZMYALYMLQQT-UHFFFAOYSA-N,False,False,0.670212746
P42336_CHEMBL5396795,UWUWMDTZJHVLSC-UHFFFAOYSA-N,False,False,0.692307711
P42336_CHEMBL5410207,DAVVAILUXDUQOI-UHFFFAOYSA-N,False,False,0.44155845
P42336_CHEMBL5409119,QTTKUYIEQUJVAO-UHFFFAOYSA-N,False,False,0.652777791
P42336_CHEMBL5440155,PCEVLNPKSIWFQP-UHFFFAOYSA-N,False,False,0.637681186
P42336_CHEMBL5398799,NQUQXDCRHNUEBT-UHFFFAOYSA-N,False,False,0.679487169
P42336_CHEMBL5431031,GHGGKMGUVBACKF-UHFFFAOYSA-N,False,False,0.712121189
P42336_CHEMBL5421377,CJRMMWPHHBBRHZ-UHFFFAOYSA-N,False,False,0.698412716
P42336_CHEMBL5436787,JXCSRHVITGYTRY-UHFFFAOYSA-N,False,False,0.671428561
P42336_CHEMBL5432847,WKWYSOWNDOKVBG-UHFFFAOYSA-N,False,False,0.671428561
P42336_CHEMBL5408043,BRNCLSYLICSNRO-UHFFFAOYSA-N,False,False,0.691176474
P42336_CHEMBL5419087,UUPJHRCMPMVVSD-UHFFFAOYSA-N,False,False,0.635135114
P42336_CHEMBL5407800,OMYPOHGEKCJRED-UHFFFAOYSA-N,False,False,0.618421078
P42336_CHEMBL5399382,BAACIAIGHDJJPR-UHFFFAOYSA-N,False,False,0.618421078
P42336_CHEMBL5403875,LZWPZQZKYLVGRD-UHFFFAOYSA-N,False,False,0.61038959
P42336_CHEMBL5429468,HVUSTBSGHJLRDY-UHFFFAOYSA-N,False,False,0.691176474
P42336_CHEMBL5428670,LINNWTQBNLSYFA-UHFFFAOYSA-N,False,False,0.691176474
P42336_CHEMBL5441102,COUPTKGLLKMMGC-UHFFFAOYSA-N,False,False,0.671428561
P42336_CHEMBL5408035,SLKHTDAZVSRSNK-UHFFFAOYSA-N,False,False,0.701492548
P42336_CHEMBL5431418,PWNNFZVPGJMZEG-UHFFFAOYSA-N,False,False,0.656716406
P42336_CHEMBL5410806,CYCPQNXULLAVRH-UHFFFAOYSA-N,False,False,0.656716406
P42336_CHEMBL5427579,CFBNFHFRAZDQNM-UHFFFAOYSA-N,False,False,0.647058845
P42336_CHEMBL5417620,POVXOIDMYNXYMG-UHFFFAOYSA-N,False,False,0.602739751
P42336_CHEMBL5419197,HGOVTMLLXZBSHZ-UHFFFAOYSA-N,False,False,0.676923096
P42336_CHEMBL5431690,MGOHQFHVGUHOFE-UHFFFAOYSA-N,False,False,0.625
P42336_CHEMBL5403052,DCZBXVRNZQFZNZ-UHFFFAOYSA-N,False,False,0.609756112
P42336_CHEMBL5417605,OTITYXOIQBKCBW-UHFFFAOYSA-N,False,False,0.609756112
P42336_CHEMBL5406079,WISPIQCSGINVQL-UHFFFAOYSA-N,False,False,0.602409661
P42336_CHEMBL5400165,PNLCGYSJWILHEW-UHFFFAOYSA-N,False,False,0.676923096
P42336_CHEMBL5403409,CIOFIDUZXICWTJ-UHFFFAOYSA-N,False,False,0.676923096
P42336_CHEMBL5396289,MTJHHQDCAVOBON-UHFFFAOYSA-N,False,False,0.675324678
P42336_CHEMBL5414482,QXTMCQNRVDIHMG-UHFFFAOYSA-N,False,False,0.679487169
P42336_CHEMBL5425104,NRVCFBJGIWYRGY-UHFFFAOYSA-N,False,False,0.679487169
P42336_CHEMBL5399051,RNFISLPZOMJWBG-UHFFFAOYSA-N,False,False,0.6875
P42336_CHEMBL5426265,FMBOZAUZAYJAQV-UHFFFAOYSA-N,False,False,0.702970326
P42336_CHEMBL5430177,ZXOIHJSAGGLCHH-AZGLQUJLSA-N,False,False,0.791044772
P42336_CHEMBL5415741,ZXOIHJSAGGLCHH-VOYALFGYSA-N,False,False,0.791044772
P42336_CHEMBL5415865,DESIQPPUUHXPJO-UHFFFAOYSA-N,False,False,0.719101131
P42336_CHEMBL5417402,ATFNIKAGKLDHJX-UHFFFAOYSA-N,False,False,0.711111128
P42336_CHEMBL5428411,RHWJIRJWGJAOBO-UHFFFAOYSA-N,False,False,0.744186044
P42336_CHEMBL5428160,HBFUXVZBDLJWNU-UHFFFAOYSA-N,False,False,0.606060624
P42336_CHEMBL5409142,IUZKAQNNZJRDQC-UHFFFAOYSA-N,False,False,0.728260875
P42336_CHEMBL5401298,XJPCHRXNVLOIRD-UHFFFAOYSA-N,False,False,0.692307711
P42336_CHEMBL5440536,KFKOMHCJUJVMTD-UHFFFAOYSA-N,False,False,0.634408593
P42336_CHEMBL5432324,ZZADACQWOYYCBA-UHFFFAOYSA-N,False,False,0.633333325
P42336_CHEMBL5400439,IHFBYEGMDFYMHF-UHFFFAOYSA-N,False,False,0.797468364
P42336_CHEMBL5413309,CXVKLWXNXKPORJ-UHFFFAOYSA-N,False,False,0.729411781
P42336_CHEMBL5415726,MBDYLGBKRNAOKO-UHFFFAOYSA-N,False,False,0.804878056
P42336_CHEMBL5422635,BEBVXWFAVFYMJC-UHFFFAOYSA-N,False,False,0.807228923
P42336_CHEMBL5431325,XBEIQVKAFNMDDT-UHFFFAOYSA-N,False,False,0.620253146
P42336_CHEMBL5398514,YRZLZHMPGMTLSG-UHFFFAOYSA-N,False,False,0.760416687
P42336_CHEMBL5405706,CPEROUVBIVTPJI-UHFFFAOYSA-N,False,False,0.804347813
P42336_CHEMBL5403717,ZZBQULZCKNNNCR-UHFFFAOYSA-N,False,False,0.855263174
P42336_CHEMBL5421477,KCCLJJGLBNNNGR-UHFFFAOYSA-N,False,False,0.802469134
P42336_CHEMBL5407573,HQGOPQCLPAKKCS-UHFFFAOYSA-N,False,False,0.871794879
P42336_CHEMBL5401801,UDGYEJZAWUHKFO-UHFFFAOYSA-N,False,False,0.862500012
P42336_CHEMBL5405623,VKTBTGMFPPEREB-UHFFFAOYSA-N,False,False,0.826666653
P42336_CHEMBL5402186,DSQJWGAPUJEXSC-UHFFFAOYSA-N,False,False,0.65476191
P42336_CHEMBL5394535,PBNCOYNVYRPOTO-UHFFFAOYSA-N,False,False,0.806451619
P42336_CHEMBL5429174,YXZGKFJORQIGIO-UHFFFAOYSA-N,False,False,0.853932559
P42336_CHEMBL5407812,RHHXHDXJIAYXOL-UHFFFAOYSA-N,False,False,0.541666687
P42336_CHEMBL5417926,XZWMYPDAEREVNO-UHFFFAOYSA-N,False,False,0.54411763
P42336_CHEMBL5425498,MFZAHAAVYSHLCP-QGZVFWFLSA-N,False,False,0.528735638
P42336_CHEMBL5433100,CFJJIRCSCARUHB-LLVKDONJSA-N,False,False,0.818181813
P42336_CHEMBL5396655,HTQVHVPESHFEQI-LLVKDONJSA-N,False,False,0.775862098
P42336_CHEMBL5406219,CFZOICGYBKAMBW-TXEJJXNPSA-N,False,False,0.788461566
P42336_CHEMBL5426885,WHURFUXJWKFHIA-TXEJJXNPSA-N,False,False,0.74545455
P42336_CHEMBL5421875,CFJJIRCSCARUHB-NSHDSACASA-N,False,False,0.818181813
P42336_CHEMBL5396454,HTQVHVPESHFEQI-NSHDSACASA-N,False,False,0.775862098
P42336_CHEMBL5409346,GCIUVXYMBZUSCO-UHFFFAOYSA-N,False,False,0.480519474
P42336_CHEMBL5397877,NGXZMXRHDTWOHB-UHFFFAOYSA-N,False,False,0.462500006
P42336_CHEMBL5425756,KKZZZDIVUDLYJU-UHFFFAOYSA-N,False,False,0.394366205
P42336_CHEMBL5420261,VYEJWLXDAPBYSO-UHFFFAOYSA-N,False,False,0.408450693
P42336_CHEMBL5414369,MKPTVKFXGKJDCG-UHFFFAOYSA-N,False,False,0.448717952
P42336_CHEMBL5413496,GKNDXQBDYPJJPO-UHFFFAOYSA-N,False,False,0.480519474
P42336_CHEMBL5410758,FQOMIPFTWPIEPM-CABCVRRESA-N,False,False,0.646341443
P42336_CHEMBL5435973,SWGUEBZMLPFSQZ-CVEARBPZSA-N,False,False,0.646341443
P42336_CHEMBL5418257,WOUFIQMKUSEQEQ-MSOLQXFVSA-N,False,False,0.638554215
P42336_CHEMBL5410409,NXNXQWYECCZJAD-MOPGFXCFSA-N,False,False,0.616279066
P42336_CHEMBL5400641,KFDTVKMWNVZZEK-MSOLQXFVSA-N,False,False,0.662500024
P42336_CHEMBL5420057,GAHFGWXJKNNMKS-WBVHZDCISA-N,False,False,0.616279066
P42336_CHEMBL5406498,PSXAFSPRXUHHRG-AEFFLSMTSA-N,False,False,0.623529434
P42336_CHEMBL5422044,PFCDMTDGYSMOTA-CVEARBPZSA-N,False,False,0.630952358
P42336_CHEMBL5438456,WOMZLWLZMNGZCN-CABCVRRESA-N,False,False,0.638554215
P42336_CHEMBL5437417,ILIPBBZWUOMRBX-VULFUBBASA-N,False,False,0.619047642
P42336_CHEMBL5432408,RMLRSFUCICBWQO-AFUMVMLFSA-N,False,False,0.590909064
P42336_CHEMBL5424200,YEAWFNUSZVSSLJ-UHFFFAOYSA-N,False,False,0.536231875
P42336_CHEMBL5420950,JJXYMLIIHQKXGP-UHFFFAOYSA-N,False,False,0.470588237
P42336_CHEMBL5425386,OGDKKEHMGDIKNA-UHFFFAOYSA-N,False,False,0.474358976
P42336_CHEMBL5426665,WIQGAIWGOIZJGA-UHFFFAOYSA-N,False,False,0.443037987
P42336_CHEMBL5405376,WJZIHYCFMPODRC-UHFFFAOYSA-N,False,False,0.4375
P42336_CHEMBL5396108,KOXIVEJULZXKBT-UHFFFAOYSA-N,False,False,0.539473712
P42336_CHEMBL5430685,CSQRAFSLQJGENZ-UHFFFAOYSA-N,False,False,0.534246564
P42336_CHEMBL5419036,OJNDDNNHXCTUFX-UHFFFAOYSA-N,False,False,0.75
P42336_CHEMBL5431144,BMYNTGJKUHAFPH-UHFFFAOYSA-N,False,False,0.795918345
P42336_CHEMBL5426327,CMGYOUDTDJWTRW-UHFFFAOYSA-N,False,False,0.75
P42336_CHEMBL5412575,GNFQLTOJJMPMQQ-UHFFFAOYSA-N,False,False,0.654545426
P42336_CHEMBL5430194,VBFJVFAVERSUCK-UHFFFAOYSA-N,False,False,0.745098054
P42336_CHEMBL5400572,UPLTVVPNBXNLLG-UHFFFAOYSA-N,False,False,0.807692289
P42336_CHEMBL5432177,XLHGPALQKMSBLS-UHFFFAOYSA-N,False,False,0.692307711
P42336_CHEMBL5408589,RMCNRISJODHPNN-UHFFFAOYSA-N,False,False,0.775510192
P42336_CHEMBL5438874,LJNBIOJIKHSPDS-UHFFFAOYSA-N,False,False,0.711111128
P42336_CHEMBL5434108,JSPQQWBJDQOFQX-UHFFFAOYSA-N,False,False,0.744186044
P42336_CHEMBL5415298,SJIXENZXPLVOOX-UHFFFAOYSA-N,False,False,0.745098054
P42336_CHEMBL5437258,VRLWAVVAMANIIJ-UHFFFAOYSA-N,False,False,0.74000001
P42336_CHEMBL5413191,ZUFWZRUSCCHRNT-UHFFFAOYSA-N,False,False,0.75
P42336_CHEMBL5435788,BWDBLSGHGKZJCW-UHFFFAOYSA-N,False,False,0.791666687
P42336_CHEMBL5435423,JBULMVJCNFOSIE-UHFFFAOYSA-N,False,False,0.770833313
P42336_CHEMBL5405438,MEIJJFILWGGRDR-UHFFFAOYSA-N,False,False,0.795918345
P42336_CHEMBL5431132,RRAFEDZRPAEKAD-UHFFFAOYSA-N,False,False,0.617021263
P42345_CHEMBL5440718,VYQKXCJFGVZKTQ-OAHLLOKOSA-N,False,False,0.597402573
P42345_CHEMBL5406770,KXPHYKKVBFGLGJ-UHFFFAOYSA-N,False,False,0.696629226
P42345_CHEMBL5439362,KPHZMYALYMLQQT-UHFFFAOYSA-N,False,False,0.670212746
P42345_CHEMBL5396795,UWUWMDTZJHVLSC-UHFFFAOYSA-N,False,False,0.692307711
P42345_CHEMBL5407152,FIPVJSDYLNSMFZ-ROUUACIJSA-N,False,False,0.636363626
P42345_CHEMBL5429700,NTUOKPGFVISUKX-UHFFFAOYSA-N,False,False,0.571428597
P42345_CHEMBL5417722,AFDLQICELPDAMN-UHFFFAOYSA-N,False,False,0.585714281
P42345_CHEMBL5402160,GRMLXTABKIOTKS-OAHLLOKOSA-N,False,False,0.618421078
P42345_CHEMBL5425498,MFZAHAAVYSHLCP-QGZVFWFLSA-N,False,False,0.528735638
P42345_CHEMBL5433100,CFJJIRCSCARUHB-LLVKDONJSA-N,False,False,0.818181813
P42345_CHEMBL5396655,HTQVHVPESHFEQI-LLVKDONJSA-N,False,False,0.775862098
P42345_CHEMBL5406219,CFZOICGYBKAMBW-TXEJJXNPSA-N,False,False,0.788461566
P42345_CHEMBL5426885,WHURFUXJWKFHIA-TXEJJXNPSA-N,False,False,0.74545455
P42345_CHEMBL5421875,CFJJIRCSCARUHB-NSHDSACASA-N,False,False,0.818181813
P42345_CHEMBL5396454,HTQVHVPESHFEQI-NSHDSACASA-N,False,False,0.775862098
P42345_CHEMBL5399022,BYZCGCXGJTYMTH-QLODZENZSA-N,False,False,0.411111116
P42345_CHEMBL5410824,BYZCGCXGJTYMTH-TZPNTHKFSA-N,False,False,0.411111116
P42345_CHEMBL5433283,QRKKQWDDVIUFBU-DEOSSOPVSA-N,False,False,0.375
P42345_CHEMBL5416106,ZSIRAWAQTMHYAU-QLODZENZSA-N,False,False,0.406593412
P42345_CHEMBL5427469,ZSIRAWAQTMHYAU-TZPNTHKFSA-N,False,False,0.406593412
P42345_CHEMBL5437417,ILIPBBZWUOMRBX-VULFUBBASA-N,False,False,0.619047642
P42345_CHEMBL5432408,RMLRSFUCICBWQO-AFUMVMLFSA-N,False,False,0.590909064
P42345_CHEMBL5419036,OJNDDNNHXCTUFX-UHFFFAOYSA-N,False,False,0.75
P42345_CHEMBL5431144,BMYNTGJKUHAFPH-UHFFFAOYSA-N,False,False,0.795918345
P42345_CHEMBL5426327,CMGYOUDTDJWTRW-UHFFFAOYSA-N,False,False,0.75
P42345_CHEMBL5412575,GNFQLTOJJMPMQQ-UHFFFAOYSA-N,False,False,0.654545426
P42345_CHEMBL5430194,VBFJVFAVERSUCK-UHFFFAOYSA-N,False,False,0.745098054
P42345_CHEMBL5400572,UPLTVVPNBXNLLG-UHFFFAOYSA-N,False,False,0.807692289
P42345_CHEMBL5432177,XLHGPALQKMSBLS-UHFFFAOYSA-N,False,False,0.692307711
P42345_CHEMBL5408589,RMCNRISJODHPNN-UHFFFAOYSA-N,False,False,0.775510192
P42345_CHEMBL5438874,LJNBIOJIKHSPDS-UHFFFAOYSA-N,False,False,0.711111128
P42345_CHEMBL5434108,JSPQQWBJDQOFQX-UHFFFAOYSA-N,False,False,0.744186044
P42345_CHEMBL5436508,DTGICXXCKQBYJV-UHFFFAOYSA-N,False,False,0.590909064
P42345_CHEMBL5427223,HAMJYHPSPWWQPX-UHFFFAOYSA-N,False,False,0.590909064
P42345_CHEMBL5415288,WMHGFJMAIKSUNK-UHFFFAOYSA-N,False,False,0.532608688
P42345_CHEMBL5432272,MIXSRICRWPNYQG-UHFFFAOYSA-N,False,False,0.653333306
P42345_CHEMBL5429925,XAWQSSUTYKADRI-UHFFFAOYSA-N,False,False,0.544444442
P42345_CHEMBL5406842,CGZSASWEMXTDDA-UHFFFAOYSA-N,False,False,0.653333306
P42345_CHEMBL5415471,ORSMKBHOQZDCGL-UHFFFAOYSA-N,False,False,0.544444442
P42345_CHEMBL5427732,GMNCAHYMXPFMCZ-UHFFFAOYSA-N,False,False,0.662162185
P42345_CHEMBL5423546,BIFBYEJOLHDPSN-UHFFFAOYSA-N,False,False,0.550561786
P42345_CHEMBL5420541,FGJFLAZFVFKOBE-UHFFFAOYSA-N,False,False,0.662162185
P42345_CHEMBL5404075,FPDHBQATBKHTTQ-UHFFFAOYSA-N,False,False,0.550561786
P42345_CHEMBL5418348,BAIHCABUCZDWNF-UHFFFAOYSA-N,False,False,0.532608688
P42345_CHEMBL5424956,GVQASSPRFDGJEM-UHFFFAOYSA-N,False,False,0.671232879
P42345_CHEMBL5440263,XTEVOJBODQTKBU-UHFFFAOYSA-N,False,False,0.550561786
P42345_CHEMBL5437216,ADDMBJZNTUSTIL-UHFFFAOYSA-N,False,False,0.604938269
P42345_CHEMBL5408143,RYRFFDYBEOCXGT-UHFFFAOYSA-N,False,False,0.538461566
P42345_CHEMBL5424193,SUFRFSVXWPITEO-UHFFFAOYSA-N,False,False,0.550561786
P42345_CHEMBL5415298,SJIXENZXPLVOOX-UHFFFAOYSA-N,False,False,0.745098054
P42345_CHEMBL5437258,VRLWAVVAMANIIJ-UHFFFAOYSA-N,False,False,0.74000001
P42345_CHEMBL5413191,ZUFWZRUSCCHRNT-UHFFFAOYSA-N,False,False,0.75
P42345_CHEMBL5435788,BWDBLSGHGKZJCW-UHFFFAOYSA-N,False,False,0.791666687
P42345_CHEMBL5435423,JBULMVJCNFOSIE-UHFFFAOYSA-N,False,False,0.770833313
P42345_CHEMBL5405438,MEIJJFILWGGRDR-UHFFFAOYSA-N,False,False,0.795918345
P42866_CHEMBL5427274,PISGCLBCALWXEO-GRTIKZMISA-N,False,False,0.732558131
P42866_CHEMBL5399596,PISGCLBCALWXEO-DNDTVDQFSA-N,False,False,0.732558131
P42866_CHEMBL5432205,HRSCQZSAFGCNBW-XOYZLOFQSA-N,False,False,0.780487776
P42866_CHEMBL5405519,GDKHHCJWRKMKSN-XMCDHTSPSA-N,False,False,0.75
P42866_CHEMBL5403273,GDKHHCJWRKMKSN-MINMQMFNSA-N,False,False,0.75
P42866_CHEMBL5432317,JTWCOHHPRUODSS-LRUIECMASA-N,False,False,0.768292665
P42866_CHEMBL5411900,JTWCOHHPRUODSS-SAZRTPPDSA-N,False,False,0.768292665
P42866_CHEMBL5432174,VAXBZBVXSWAUTJ-LRUIECMASA-N,False,False,0.790123463
P42866_CHEMBL5416619,KFJKVOKTLGYDFS-LRUIECMASA-N,False,False,0.75
P42866_CHEMBL5425838,KFJKVOKTLGYDFS-SAZRTPPDSA-N,False,False,0.75
P42866_CHEMBL5438077,IIBPHRIWMDABQU-LRUIECMASA-N,False,False,0.761904776
P42866_CHEMBL5427896,IIBPHRIWMDABQU-SAZRTPPDSA-N,False,False,0.761904776
P42866_CHEMBL5434911,KJQMRYGMFXBEPB-YVIDWFBLSA-N,False,False,0.771084309
P42866_CHEMBL5401578,NJRCILVLRGVVGK-LKAHNZHJSA-N,False,False,0.768292665
P42866_CHEMBL5398970,IMIXAWYOYMHLCO-NUBYDWQPSA-N,False,False,0.761904776
P42866_CHEMBL5406491,IFTJVUGTEZUHLY-YVIDWFBLSA-N,False,False,0.752941191
P42866_CHEMBL5440937,RJLWCKRXLNONJM-LKAHNZHJSA-N,False,False,0.768292665
P42866_CHEMBL5420457,NJHNBQAXTXFESL-FZYDWYOPSA-N,False,False,0.732558131
P42866_CHEMBL5419838,NYYSRDYBHNZJME-QJHAWUSCSA-N,False,False,0.771084309
P42866_CHEMBL5417637,PBSLISOQXAADEW-DPRJEOALSA-N,False,False,0.790123463
P42866_CHEMBL5431128,YFEYTXLPQBXOSJ-DPRJEOALSA-N,False,False,0.790123463
P42866_CHEMBL5429587,KJQMRYGMFXBEPB-DFHLVPMUSA-N,False,False,0.771084309
P42866_CHEMBL5405800,NJRCILVLRGVVGK-BCTJHDQDSA-N,False,False,0.768292665
P42866_CHEMBL5424642,IMIXAWYOYMHLCO-ZUPLBNAYSA-N,False,False,0.761904776
P42866_CHEMBL5396504,IFTJVUGTEZUHLY-DFHLVPMUSA-N,False,False,0.752941191
P42866_CHEMBL5425108,RJLWCKRXLNONJM-BCTJHDQDSA-N,False,False,0.768292665
P42866_CHEMBL5417814,NJHNBQAXTXFESL-XXNKRNNASA-N,False,False,0.732558131
P42866_CHEMBL5424438,NYYSRDYBHNZJME-IYOBBJEASA-N,False,False,0.771084309
P42866_CHEMBL5426766,PBSLISOQXAADEW-MNPRSRHJSA-N,False,False,0.790123463
P42866_CHEMBL5415668,YFEYTXLPQBXOSJ-MNPRSRHJSA-N,False,False,0.790123463
P42866_CHEMBL5434721,GPGNXVUMXILYHO-LRUIECMASA-N,False,False,0.75
P42866_CHEMBL5423403,GPGNXVUMXILYHO-SAZRTPPDSA-N,False,False,0.75
P43166_CHEMBL5433200,JAPWBQCQUOSIEM-OBKDMQGPSA-N,False,False,0.722222209
P43166_CHEMBL5418092,JAPWBQCQUOSIEM-CXQPBAHBSA-N,False,False,0.722222209
P43166_CHEMBL5431609,KWPJXRHMANTYFB-OBKDMQGPSA-N,False,False,0.75999999
P43166_CHEMBL5434405,KWPJXRHMANTYFB-CXQPBAHBSA-N,False,False,0.75999999
P43166_CHEMBL5414353,WPLLGPNHNUOMGV-FOORKGQUSA-N,False,False,0.537313461
P43166_CHEMBL5399412,JYWGGDIASDQSSD-NUPXYHBHSA-N,False,False,0.602941155
P43166_CHEMBL5410769,JYWGGDIASDQSSD-VJIOPBFVSA-N,False,False,0.602941155
P43166_CHEMBL5430974,VSEAUONETIOWGP-RTJMFUJLSA-N,False,False,0.714285731
P43166_CHEMBL5420563,VSEAUONETIOWGP-CAKRBILKSA-N,False,False,0.714285731
P43166_CHEMBL5394374,GKNYVICIQGNERP-OBKDMQGPSA-N,False,False,0.720000029
P43166_CHEMBL5439211,GKNYVICIQGNERP-CXQPBAHBSA-N,False,False,0.720000029
P43166_CHEMBL5420568,CODOYFSQOXGEKI-SFFUCWETSA-N,False,False,0.555555582
P43166_CHEMBL5429492,GEPXKKLRMYWXND-ICUGJSFKSA-N,False,False,0.592592597
P43166_CHEMBL5406311,CODOYFSQOXGEKI-ICUGJSFKSA-N,False,False,0.555555582
P43166_CHEMBL5418946,HUSLICSGYCKUIR-UHFFFAOYSA-N,False,False,0.578125
P43166_CHEMBL5412006,MZWFNJJPXNVDPU-UHFFFAOYSA-N,False,False,0.555555582
P43166_CHEMBL5399183,ATBYVQKRVYGWAP-UHFFFAOYSA-N,False,False,0.608695626
P43166_CHEMBL5437429,KKUXJTUFYBZINZ-UHFFFAOYSA-N,False,False,0.581081092
P43166_CHEMBL5418551,HJFUVWHFUJMBIL-UHFFFAOYSA-N,False,False,0.588235319
P43166_CHEMBL5417736,UPDJXCSVBXSCHE-UHFFFAOYSA-N,False,False,0.591549277
P43166_CHEMBL5431631,ZIXVQKPLYKBLNK-UHFFFAOYSA-N,False,False,0.75
P43166_CHEMBL5411887,HECNGWNECSETNF-UHFFFAOYSA-N,False,False,0.681818187
P43166_CHEMBL5408930,DHKPFAGTOODDJW-UHFFFAOYSA-N,False,False,0.611940324
P43166_CHEMBL5406683,RRBKWQJBCXMXIW-UHFFFAOYSA-N,False,False,0.614285707
P43166_CHEMBL5414681,HKKMRTDTKPIQDA-UHFFFAOYSA-N,False,False,0.567164183
P43166_CHEMBL5405122,OFDSMHBYMLGSEU-UHFFFAOYSA-N,False,False,0.541666687
P43166_CHEMBL5402391,OUKDOMCENIUHQE-UHFFFAOYSA-N,False,False,0.57407409
P43166_CHEMBL5438178,ZZJLEHFHCWNROI-UHFFFAOYSA-N,False,False,0.519480526
P43166_CHEMBL5438727,XQWQFSXGSTZKRX-UHFFFAOYSA-N,False,False,0.50666666
P43166_CHEMBL5433495,JTCGIYYQCMFLBU-UHFFFAOYSA-N,False,False,0.621212125
P43166_CHEMBL5440256,GHICSFRZQKAEBQ-UHFFFAOYSA-N,False,False,0.521126747
P43166_CHEMBL5433631,PWFKWUVNXOXPQY-UHFFFAOYSA-N,False,False,0.5
P43166_CHEMBL5406460,VPDVUJWSQKEZJT-UHFFFAOYSA-N,False,False,0.590163946
P43166_CHEMBL5402861,LKDHHNQNIRYCTL-GFCCVEGCSA-N,False,False,0.590909064
P43166_CHEMBL5422807,LKDHHNQNIRYCTL-LBPRGKRZSA-N,False,False,0.590909064
P43166_CHEMBL5416544,YUQHZNAHKJBTSY-UHFFFAOYSA-N,False,False,0.560606062
P43166_CHEMBL5413914,PPZRTQDMVQKJEM-UHFFFAOYSA-N,False,False,0.546875
P43166_CHEMBL5435567,VCSCKMALZSJPEU-UHFFFAOYSA-N,False,False,0.507246375
P43166_CHEMBL5423723,NIYGRTUCJXAUEL-VGYBTVITSA-N,False,False,0.542372882
P43166_CHEMBL5418256,KWDVVKUGWLQPKD-ILYVXUQDSA-N,False,False,0.589285731
P43166_CHEMBL5408414,KWDVVKUGWLQPKD-RDHIYWLCSA-N,False,False,0.589285731
P43166_CHEMBL5439333,JUMVFSWBOHODCZ-UHFFFAOYSA-N,False,False,0.590909064
P43166_CHEMBL5435748,QVKUNAKTFMAUJW-UHFFFAOYSA-N,False,False,0.54411763
P43166_CHEMBL5422747,WTQFRNPZZFQLLL-UHFFFAOYSA-N,False,False,0.521126747
P43166_CHEMBL5398061,LHXRFFVHOQKVOC-GFCCVEGCSA-N,False,False,0.515625
P43166_CHEMBL5422153,XFOOXOCSAXINFV-LLVKDONJSA-N,False,False,0.525423706
P43166_CHEMBL5395857,FIFHTBRNDHDQRL-SNVBAGLBSA-N,False,False,0.507246375
P43166_CHEMBL5397659,YSCAFGPFKLJWHV-GFCCVEGCSA-N,False,False,0.625
P43166_CHEMBL5419752,DOPLSTZDQOBCEK-CYBMUJFWSA-N,False,False,0.716666639
P43166_CHEMBL5404038,YDHNVOCAWONJTO-LLVKDONJSA-N,False,False,0.72307694
P43166_CHEMBL5439318,OZLZJWIFJUNZOL-LLVKDONJSA-N,False,False,0.558823526
P43166_CHEMBL5405279,MAAQNYHAYSKSLH-CYBMUJFWSA-N,False,False,0.694915235
P43166_CHEMBL5437142,QXQVZTZWBBZTHB-QGZVFWFLSA-N,False,False,0.541666687
P43166_CHEMBL5420020,HGLYTFYXKZEQKR-GFCCVEGCSA-N,False,False,0.537313461
P43166_CHEMBL5432770,GDZQLCCHUMZPNP-CYBMUJFWSA-N,False,False,0.535211265
P43166_CHEMBL5395679,OFLLPDPQISYRJB-LLVKDONJSA-N,False,False,0.645161271
P43166_CHEMBL5424727,JCECPTHRURCVHN-LLVKDONJSA-N,False,False,0.612903237
P43166_CHEMBL5425125,CWLHKJWOLFDCHM-QGZVFWFLSA-N,False,False,0.385542154
P43166_CHEMBL5412351,ZLHNFAACGAYJNG-CYBMUJFWSA-N,False,False,0.55384618
P43166_CHEMBL5424664,RURNFMSWOBQBQV-CYBMUJFWSA-N,False,False,0.54838711
P43166_CHEMBL5420931,KLQZWEYDBHOBOL-LLVKDONJSA-N,False,False,0.485294104
P43166_CHEMBL5417084,XFOOXOCSAXINFV-NSHDSACASA-N,False,False,0.525423706
P43166_CHEMBL5430482,FIFHTBRNDHDQRL-JTQLQIEISA-N,False,False,0.507246375
P43166_CHEMBL5414077,YSCAFGPFKLJWHV-LBPRGKRZSA-N,False,False,0.625
P43166_CHEMBL5402143,DOPLSTZDQOBCEK-ZDUSSCGKSA-N,False,False,0.716666639
P43166_CHEMBL5426216,YDHNVOCAWONJTO-NSHDSACASA-N,False,False,0.72307694
P43166_CHEMBL5413021,OZLZJWIFJUNZOL-NSHDSACASA-N,False,False,0.558823526
P43166_CHEMBL5402145,MAAQNYHAYSKSLH-ZDUSSCGKSA-N,False,False,0.694915235
P43166_CHEMBL5438010,QXQVZTZWBBZTHB-KRWDZBQOSA-N,False,False,0.541666687
P43166_CHEMBL5421531,HGLYTFYXKZEQKR-LBPRGKRZSA-N,False,False,0.537313461
P43166_CHEMBL5411936,GDZQLCCHUMZPNP-ZDUSSCGKSA-N,False,False,0.535211265
P43166_CHEMBL5419447,OFLLPDPQISYRJB-NSHDSACASA-N,False,False,0.645161271
P43166_CHEMBL5396393,JCECPTHRURCVHN-NSHDSACASA-N,False,False,0.612903237
P43166_CHEMBL5409658,CWLHKJWOLFDCHM-KRWDZBQOSA-N,False,False,0.385542154
P43166_CHEMBL5413693,ZLHNFAACGAYJNG-ZDUSSCGKSA-N,False,False,0.55384618
P43166_CHEMBL5429073,RURNFMSWOBQBQV-ZDUSSCGKSA-N,False,False,0.54838711
P43166_CHEMBL5401434,KLQZWEYDBHOBOL-NSHDSACASA-N,False,False,0.485294104
P43166_CHEMBL5422706,MMXXEFWUHKQSJH-CYBMUJFWSA-N,False,False,0.775862098
P43166_CHEMBL5425202,TZQMARCGMVCRDN-GFCCVEGCSA-N,False,False,0.5
P43166_CHEMBL5433765,AVVYBGKZHMLYNV-CYBMUJFWSA-N,False,False,0.649122834
P43166_CHEMBL5420539,MMXXEFWUHKQSJH-ZDUSSCGKSA-N,False,False,0.775862098
P43166_CHEMBL5395423,TZQMARCGMVCRDN-LBPRGKRZSA-N,False,False,0.5
P43166_CHEMBL5405733,VZPXSEYTSFPPBI-UHFFFAOYSA-N,False,False,0.736842096
P43166_CHEMBL5403355,LAKUGUCGXZVQEE-UHFFFAOYSA-N,False,False,0.603174627
P43166_CHEMBL5407842,TWNBFLYFNRTBNB-CYBMUJFWSA-N,False,False,0.625
P43166_CHEMBL5396530,QGZPJORAZASRSN-CYBMUJFWSA-N,False,False,0.576271176
P43166_CHEMBL5397521,TWNBFLYFNRTBNB-ZDUSSCGKSA-N,False,False,0.625
P43166_CHEMBL5439370,UZICFNNDQYSEFG-SFFUCWETSA-N,False,False,0.666666687
P43166_CHEMBL5415949,UZICFNNDQYSEFG-ICUGJSFKSA-N,False,False,0.666666687
P43166_CHEMBL5433722,XXGMOMHNKQPBKI-ZIQFBCGOSA-N,False,False,0.690476179
P43166_CHEMBL5416307,NIQIGNHEHFIPGG-IIRVCBMXSA-N,False,False,0.644444466
P43166_CHEMBL5402383,VNWKPHNIXMNPGQ-ZIQFBCGOSA-N,False,False,0.608695626
P43166_CHEMBL5397739,VNWKPHNIXMNPGQ-IIRVCBMXSA-N,False,False,0.608695626
P43166_CHEMBL5440906,HNXQPQLHQMZIIO-CYBMUJFWSA-N,False,False,0.671875
P43166_CHEMBL5440763,FNCNVIQPHOCAGW-GFCCVEGCSA-N,False,False,0.492063493
P43166_CHEMBL5436282,GOWQSNLJQVTEQN-CYBMUJFWSA-N,False,False,0.616666675
P43166_CHEMBL5411702,HNXQPQLHQMZIIO-ZDUSSCGKSA-N,False,False,0.671875
P43166_CHEMBL5414836,FNCNVIQPHOCAGW-LBPRGKRZSA-N,False,False,0.492063493
P43166_CHEMBL5418786,FTUXEEBDSSIQPA-UHFFFAOYSA-N,False,False,0.59375
P43166_CHEMBL5412077,QAYXVHFOFPNFQV-UHFFFAOYSA-N,False,False,0.581818163
P43166_CHEMBL5433578,MYQLYLVPBOSXDN-UHFFFAOYSA-N,False,False,0.537037015
P43166_CHEMBL5399204,YDUJMIZEUWJICH-CYBMUJFWSA-N,False,False,0.602941155
P43166_CHEMBL5433154,KCHMTPHYMJFNEW-GFCCVEGCSA-N,False,False,0.514705896
P43166_CHEMBL5409881,UCSMZVJPTHKUHN-CYBMUJFWSA-N,False,False,0.555555582
P43166_CHEMBL5403938,YDUJMIZEUWJICH-ZDUSSCGKSA-N,False,False,0.602941155
P43166_CHEMBL5421790,KCHMTPHYMJFNEW-LBPRGKRZSA-N,False,False,0.514705896
P43166_CHEMBL5433629,COOFUVUXKTVIPJ-UHFFFAOYSA-N,False,False,0.546875
P43166_CHEMBL5425764,XRDWYFNRQIGXJP-UHFFFAOYSA-N,False,False,0.507936537
P43166_CHEMBL5420500,NWNQVFPSDTXSJU-UHFFFAOYSA-N,False,False,0.483333319
P43166_CHEMBL5422467,LIYTWZDPIGJWAT-UHFFFAOYSA-N,False,False,0.627451003
P43166_CHEMBL5402892,WHCLZRQHEBAUHJ-UHFFFAOYSA-N,False,False,0.688524604
P43166_CHEMBL5421078,PBFLVGJFFQOHPJ-UHFFFAOYSA-N,False,False,0.520833313
P43166_CHEMBL5435151,IDBAGAFMJQAVCF-UHFFFAOYSA-N,False,False,0.5
P43166_CHEMBL5404239,QIWCFKBYVRVGLH-UHFFFAOYSA-N,False,False,0.551724136
P43166_CHEMBL5440220,KNZBJGVIIFMHFD-UHFFFAOYSA-N,False,False,0.571428597
P43166_CHEMBL5400662,PVFIKRUIKGHNIS-UHFFFAOYSA-N,False,False,0.5
P43166_CHEMBL5436091,YCPYKMUPRIKDKJ-UHFFFAOYSA-N,False,False,0.53191489
P43166_CHEMBL5415766,STRKIRKKIBQSAK-UHFFFAOYSA-N,False,False,0.534883738
P43166_CHEMBL5431518,CKFBETOZPBRHSF-UHFFFAOYSA-N,False,False,0.545454562
P43490_CHEMBL5396898,OJMPHPDVYHBNJG-UHFFFAOYSA-N,False,False,0.805555582
P43490_CHEMBL5438473,BSVHAHLLYZTCMX-NRFANRHFSA-N,False,False,0.65476191
P43490_CHEMBL5396943,ULJQYAQDSOFCIJ-OFXOIJPASA-N,False,False,0.628787875
P43490_CHEMBL5401852,UVIVLGHOUAQSRA-MFUWQLKVSA-N,False,False,0.628787875
P43490_CHEMBL5401142,XKZPOOWZQHZRSR-GZLRDZNMSA-N,False,False,0.589552224
P43490_CHEMBL5402956,FWVYIAMLXGSLBA-ACVSEINWSA-N,False,False,0.628787875
P43490_CHEMBL5408297,KWJABVUBCJFJCX-SMICPIEHSA-N,False,False,0.589552224
P43490_CHEMBL5428751,GKTBNRIAPSRNLT-INIVRFOBSA-N,False,False,0.589552224
P43490_CHEMBL5394965,QUQLWEYDHCPEGN-QYMKNGPYSA-N,False,False,0.628787875
P43490_CHEMBL5398077,OGFPEFARZYBOEV-ZRADWQCJSA-N,False,False,0.589552224
P43490_CHEMBL5394343,WHNLXQIXFMEJMK-FXNAQQOJSA-N,False,False,0.589552224
P43490_CHEMBL5404254,UYNXDFCNCZJSMH-ARKLOZAXSA-N,False,False,0.586466193
P43490_CHEMBL5408614,FLZLBIJRCAAIIQ-MUTBYWARSA-N,False,False,0.574626863
P43490_CHEMBL5423357,FZHPTHJRGGLHBL-QUOGVQPDSA-N,False,False,0.684615374
P43490_CHEMBL5405525,HKOMBGDHYJAELG-XMJUXVDFSA-N,False,False,0.699999988
P43490_CHEMBL5425579,MDJQPVDBUJDBNX-QYMKNGPYSA-N,False,False,0.699999988
P43490_CHEMBL5418877,NVLIYOBRPUSFFX-ACVSEINWSA-N,False,False,0.699999988
P43490_CHEMBL5405720,XRLBKHJZDZFNAM-OFXOIJPASA-N,False,False,0.699999988
P43490_CHEMBL5412973,WGKKCFYLKUUWSZ-YUNFSWSQSA-N,False,False,0.636363626
P43490_CHEMBL5406636,PPXNGQMBEYFGAO-ZLVPICEKSA-N,False,False,0.636363626
P43490_CHEMBL5403078,HHLYGKNZIUCQMF-YPVOJFEDSA-N,False,False,0.636363626
P43490_CHEMBL5431029,ZOJKJHCLSCQUOK-TZYAYNJLSA-N,False,False,0.636363626
P43490_CHEMBL5408654,IOAUOUBJRZKDGR-YBQSWKSMSA-N,False,False,0.622377634
P43490_CHEMBL5414864,OFDVMTIVOGMTRU-OZYAUYAHSA-N,False,False,0.628787875
P43490_CHEMBL5421145,ATRLGQHJHYSZGQ-UHFFFAOYSA-N,False,False,0.602564096
P43490_CHEMBL5428441,NZJYMBVXZNKBSD-UHFFFAOYSA-N,False,False,0.649999976
P43490_CHEMBL5416318,FFGGFADZFKQZOD-UHFFFAOYSA-N,False,False,0.463157892
P43490_CHEMBL5435058,HPRYVFGEVIDJTN-IZZDOVSWSA-N,False,False,0.552631557
P43490_CHEMBL5416477,RHPQHDLAWWBABV-MDZDMXLPSA-N,False,False,0.535714269
P43490_CHEMBL5401891,HMARPOKRBUHXRU-UHFFFAOYSA-N,False,False,0.550000012
P43490_CHEMBL5419623,DJFDWKLQGDBMEZ-UHFFFAOYSA-N,False,False,0.56410259
P43490_CHEMBL5425412,CDZYDVHBZZIWIT-UHFFFAOYSA-N,False,False,0.653333306
P43490_CHEMBL5440085,LZIYLKDWSGVRDT-UHFFFAOYSA-N,False,False,0.632911384
P43490_CHEMBL5434036,OQAIFEYGULWZQU-UHFFFAOYSA-N,False,False,0.662162185
P43490_CHEMBL5400956,NBCVSFYNGMEBAH-UHFFFAOYSA-N,False,False,0.662162185
P43490_CHEMBL5429647,KGYDMAMASJIELP-UHFFFAOYSA-N,False,False,0.611111104
P43490_CHEMBL5396894,KLEPYEKBBLKJGO-UHFFFAOYSA-N,False,False,0.464285702
P43490_CHEMBL5430220,AHISTVNZVIHZLD-UHFFFAOYSA-N,False,False,0.619718313
P45983_CHEMBL5403621,ZJLHTQLLPXVPRG-UHFFFAOYSA-N,False,False,0.581818163
P45983_CHEMBL5437287,YAECSSFXDKQDSO-UHFFFAOYSA-N,False,False,0.551724136
P45983_CHEMBL5433461,JTISUAXTISGKAH-UHFFFAOYSA-N,False,False,0.543859661
P45983_CHEMBL5428484,QZEVFZFBHZYROH-UHFFFAOYSA-N,False,False,0.615384638
P45983_CHEMBL5434662,CPYKJTQBRNBHLC-UHFFFAOYSA-N,False,False,0.525423706
P45983_CHEMBL5410870,XVLOHVMJKCXYOS-UHFFFAOYSA-N,False,False,0.592592597
P45983_CHEMBL5395579,HVIYLTQUILLFKZ-UHFFFAOYSA-N,False,False,0.708333313
P45983_CHEMBL5411353,QJILYKCOXRTFTF-UHFFFAOYSA-N,False,False,0.648148119
P45983_CHEMBL5418224,DMKOLOUSHBEOCW-UHFFFAOYSA-N,False,False,0.545454562
P45983_CHEMBL5411160,QWBLRTCRXZETHI-MUMRKEEXSA-N,False,False,0.67469877
P45983_CHEMBL5429577,QWBLRTCRXZETHI-GGYWPGCISA-N,False,False,0.67469877
P45983_CHEMBL5401511,SGYOIXNBCYRZBZ-WUBHUQEYSA-N,False,False,0.69135803
P45983_CHEMBL5436023,SGYOIXNBCYRZBZ-BBMPLOMVSA-N,False,False,0.69135803
P45983_CHEMBL5415503,RONKBVWJPIOCJX-WJOKGBTCSA-N,False,False,0.482456148
P45983_CHEMBL5410247,PMKGMHMKOAVCLM-OQLLNIDSSA-N,False,False,0.897435904
P45983_CHEMBL5408675,KDAMBQMCWSCLEM-ZVAWYAOSSA-N,False,False,0.699999988
P45983_CHEMBL5424946,VSVFDMDYNXAZHL-XMMISQBUSA-N,False,False,0.717948735
P45983_CHEMBL5423620,VSVFDMDYNXAZHL-CGAIIQECSA-N,False,False,0.717948735
P45983_CHEMBL5396069,NZRMTBRDYBLEFO-UHFFFAOYSA-N,False,False,0.617647052
P45983_CHEMBL5408918,OETUTKPEMSQCPX-UHFFFAOYSA-N,False,False,0.714285731
P45983_CHEMBL5411375,MJANGTUIFKVXII-UHFFFAOYSA-N,False,False,0.469696969
P45983_CHEMBL5405404,FKBQOEJUXLTCGJ-FQEVSTJZSA-N,False,False,0.556818187
P45983_CHEMBL5394033,MIFPZJRPCSILQA-HSZRJFAPSA-N,False,False,0.74666667
P45983_CHEMBL5398642,MKHLHLAXBRMALM-ZYMOGRSISA-N,False,False,0.743589759
P45983_CHEMBL5432138,CCYSLCYNUZNWEM-ZHACJKMWSA-N,False,False,0.529411793
P45983_CHEMBL5430912,PLVJKHRAOBBOKV-QFIPXVFZSA-N,False,False,0.77922076
P45983_CHEMBL5410090,JAUYTWRAVONHPV-UHFFFAOYSA-N,False,False,0.527272701
P45983_CHEMBL5437898,BEDUACGTRWXVSQ-UHFFFAOYSA-N,False,False,0.519999981
P45983_CHEMBL5439708,LSOFLHQCDMMLMZ-UHFFFAOYSA-N,False,False,0.478873253
P45983_CHEMBL5424933,LGTPWTYCLIUZDG-UHFFFAOYSA-N,False,False,0.789473712
P45983_CHEMBL5423218,GHGXSDVJGRMPNW-UHFFFAOYSA-N,False,False,0.699999988
P45983_CHEMBL5437251,UPCWGTJPYHDONE-UHFFFAOYSA-N,False,False,0.509433985
P45983_CHEMBL5435391,RSZGRUMBBTYYRX-UHFFFAOYSA-N,False,False,0.5
P45983_CHEMBL5433156,XKIKDFIXLTWCTJ-UHFFFAOYSA-N,False,False,0.581818163
P45983_CHEMBL5403784,VRKFYQLAODZAOS-UHFFFAOYSA-N,False,False,0.448717952
P45983_CHEMBL5425117,XMVNHIKDSPHXHN-UHFFFAOYSA-N,False,False,0.465517253
P45983_CHEMBL5434519,OAUJODNVYVGTTQ-UHFFFAOYSA-N,False,False,0.466666669
P45983_CHEMBL5434537,XDYWYBAEEPSNKN-UHFFFAOYSA-N,False,False,0.456790119
P45983_CHEMBL5397012,CCMUJIWAGVVGIC-UHFFFAOYSA-N,False,False,0.506024122
P45983_CHEMBL5405579,NTJFLAXLULPZGW-UHFFFAOYSA-N,False,False,0.516666651
P45983_CHEMBL5432287,JKFNMNMCQLLOFP-UHFFFAOYSA-N,False,False,0.507042229
P45983_CHEMBL5427329,DRGFAWLVGCPPFJ-UHFFFAOYSA-N,False,False,0.46875
P45983_CHEMBL5437584,RQXOBEACGPLPRY-UHFFFAOYSA-N,False,False,0.50746268
P45983_CHEMBL5408361,CNSIUPYEQHVGRR-UHFFFAOYSA-N,False,False,0.454545468
P45983_CHEMBL5438169,IFXXKSVBTLDWFT-UHFFFAOYSA-N,False,False,0.507692337
P45983_CHEMBL5428091,SKIFOJYEVRCUQM-UHFFFAOYSA-N,False,False,0.555555582
P45983_CHEMBL5423687,WMSBSYSDWXPOPA-UHFFFAOYSA-N,False,False,0.558823526
P45983_CHEMBL5441132,KOQCWERCYVNNMZ-UHFFFAOYSA-N,False,False,0.439999998
P45983_CHEMBL5432496,JAAQEHMAOLJNIX-UHFFFAOYSA-N,False,False,0.5
P45983_CHEMBL5415366,YXDDCQAOJIJVSR-UHFFFAOYSA-N,False,False,0.538461566
P45983_CHEMBL5437979,KTTWSSMXJLFPRO-UHFFFAOYSA-N,False,False,0.465517253
P45983_CHEMBL5441124,SMQPNHQJKKSXPI-UHFFFAOYSA-N,False,False,0.484848499
P45983_CHEMBL5413463,FNIGCDUNZTWIER-UHFFFAOYSA-N,False,False,0.566037714
P45983_CHEMBL5428502,XLNVWSCPZSVIAA-UHFFFAOYSA-N,False,False,0.5
P45983_CHEMBL5413820,KQJLZRGTGDJVEX-UHFFFAOYSA-N,False,False,0.566037714
P45983_CHEMBL5432722,KBBWQAVHMLMHLD-UHFFFAOYSA-N,False,False,0.5
P45983_CHEMBL5433711,IOGSYIHQPWVGBW-UHFFFAOYSA-N,False,False,0.455882341
P45983_CHEMBL5434414,FLQZFIPSOPQSBJ-UHFFFAOYSA-N,False,False,0.467532456
P45983_CHEMBL5411091,YOVBTRPZOBDNKQ-UHFFFAOYSA-N,False,False,0.5
P45983_CHEMBL5425539,YHVJCKVTHDFYBX-UHFFFAOYSA-N,False,False,0.5
P45983_CHEMBL5432224,CMCTUXOATJSCMW-UHFFFAOYSA-N,False,False,0.467532456
P45983_CHEMBL5398897,IBTCZBCHZHAGDF-UHFFFAOYSA-N,False,False,0.5
P45983_CHEMBL5409834,PXZCTWSWOQQVIZ-UHFFFAOYSA-N,False,False,0.534246564
P45983_CHEMBL5436859,ZJZIIHLMUAHIIA-UHFFFAOYSA-N,False,False,0.534246564
P45983_CHEMBL5403866,PKFJQMMDRBHBBY-UHFFFAOYSA-N,False,False,0.459459454
P45983_CHEMBL5439622,TYXRUUASBLANFA-UHFFFAOYSA-N,False,False,0.492753625
P45983_CHEMBL5402580,MZCCPKGFXCDFHS-UHFFFAOYSA-N,False,False,0.513888896
P45983_CHEMBL5436065,OHTSQSOQYWMGMU-UHFFFAOYSA-N,False,False,0.485294104
P49759_CHEMBL5410811,QCZUWXJFWWURGI-WQRHYEAKSA-N,False,False,0.680851042
P49759_CHEMBL5403328,FTZBKRUJACNIDE-MFOYZWKCSA-N,False,False,0.711111128
P49759_CHEMBL5416086,MIRUXNAUNULTKO-UHFFFAOYSA-N,False,False,0.5
P49759_CHEMBL5417336,MFDSVHJZYCCZPF-UHFFFAOYSA-N,False,False,0.5
P49759_CHEMBL5401513,YNOLBOVITXYRCW-UHFFFAOYSA-N,False,False,0.485294104
P49759_CHEMBL5401218,YPFKCHMWLAKOGP-UHFFFAOYSA-N,False,False,0.515625
P49759_CHEMBL5395267,HUYFQJWMCOBPQL-UHFFFAOYSA-N,False,False,0.561403513
P49759_CHEMBL5414801,PBDZKKHARXQKND-RGEXLXHISA-N,False,False,0.894736826
P49759_CHEMBL5429707,KCTCLVINURCCIL-UUKWBXHYSA-N,False,False,0.625
P49759_CHEMBL5428562,KCTCLVINURCCIL-PJCWUCBCSA-N,False,False,0.625
P49759_CHEMBL5401556,GUXARCGBVPDGMI-UVYNJXETSA-N,False,False,0.701492548
P49759_CHEMBL5432405,CHQYAWLKOUOTQO-BKNIFWKGSA-N,False,False,0.686567187
P49759_CHEMBL5417699,QWHFOOHDGGEJAI-KHAFMBKQSA-N,False,False,0.460526317
P49759_CHEMBL5429691,DPIAIAIQEINUNP-KDVQLTRESA-N,False,False,0.686567187
P49759_CHEMBL5432194,XDVWHWQSQJFRPP-MEFZMRIGSA-N,False,False,0.41772151
P49759_CHEMBL5415554,CUXJJQQRHNRQEY-GESOSKEOSA-N,False,False,0.628571451
P49759_CHEMBL5395833,JNTIINGGIOJIMW-CCAPLTMGSA-N,False,False,0.575757563
P49759_CHEMBL5415238,BAUOZGQJLRLMNO-FEEIMYBTSA-N,False,False,0.619718313
P49759_CHEMBL5428750,PBVAHEBIEXXNNA-CRMJKIRDSA-N,False,False,0.622950792
P49759_CHEMBL5406864,JGJABYQWCCWLPP-QVTJDRNWSA-N,False,False,0.706896544
P49759_CHEMBL5421052,IXTKPNOXAVTBCW-GESOSKEOSA-N,False,False,0.74242425
P49759_CHEMBL5429359,PPZINUUIYSVIGC-AISSWFOISA-N,False,False,0.467532456
P49759_CHEMBL5406490,DDJAQBRJAZWAAX-AISSWFOISA-N,False,False,0.513513505
P49759_CHEMBL5426876,JKUDSDIXIGYMFG-ATDKOCKZSA-N,False,False,0.765625
P49759_CHEMBL5396081,IJFKKIMDRSZOOW-LRCIEKKDSA-N,False,False,0.754098356
P49759_CHEMBL5429086,CIEDQRFRRJHOSA-FIMUYXNPSA-N,False,False,0.775862098
P49759_CHEMBL5411649,DVPXOOJKYAVKSZ-UHFFFAOYSA-N,False,False,0.571428597
P49759_CHEMBL5432630,DEFDUBOFWGUALT-UHFFFAOYSA-N,False,False,0.508474588
P49759_CHEMBL5413622,DCJGWITYNVWXGI-UHFFFAOYSA-N,False,False,0.600000024
P49759_CHEMBL5423818,JMCSSDLJENEFRD-UHFFFAOYSA-N,False,False,0.55737704
P49759_CHEMBL5416942,FSEAAXKTTYQGAY-AQTBWJFISA-N,False,False,0.866666675
P49759_CHEMBL5420179,RQAUCAOUDRNSEC-UHFFFAOYSA-N,False,False,0.638297856
P49759_CHEMBL5426802,VXUYNGXZVVNYDI-UHFFFAOYSA-N,False,False,0.686274529
P49759_CHEMBL5414189,DBIOIMWAFNOIFZ-UHFFFAOYSA-N,False,False,0.600000024
P49759_CHEMBL5421447,VZRFROWVAIWCIB-UHFFFAOYSA-N,False,False,0.588235319
P49759_CHEMBL5439262,PWPMJYPNBXTVJF-UHFFFAOYSA-N,False,False,0.566037714
P49759_CHEMBL5420003,DNAKAECMKPNHBW-UHFFFAOYSA-N,False,False,0.600000024
P49759_CHEMBL5411288,VMPMXVDJEPGLDP-UHFFFAOYSA-N,False,False,0.612244904
P49759_CHEMBL5402166,KKIQOEOELHJGQJ-UHFFFAOYSA-N,False,False,0.600000024
P49759_CHEMBL5424488,JEIKSQPRRWEWBN-UHFFFAOYSA-N,False,False,0.693877578
P49759_CHEMBL5417563,CEKFDDXVBDQCDW-UHFFFAOYSA-N,False,False,0.627451003
P49759_CHEMBL5411227,YMEQWPWIQHLWLZ-UHFFFAOYSA-N,False,False,0.578947365
P49759_CHEMBL5435820,ANULIKRGEVJJFZ-UHFFFAOYSA-N,False,False,0.592592597
P49759_CHEMBL5402730,XZQUCIDBOLJFHA-UHFFFAOYSA-N,False,False,0.600000024
P49759_CHEMBL5400814,DLCVHNNZHDQKLA-UHFFFAOYSA-N,False,False,0.627451003
P49759_CHEMBL5437281,OOCHYMUKQFBGJE-UHFFFAOYSA-N,False,False,0.698113203
P49759_CHEMBL5434309,HEDHKYYJKBCGIL-UHFFFAOYSA-N,False,False,0.679245293
P49759_CHEMBL5421375,RXNYBAJICOMSMB-UHFFFAOYSA-N,False,False,0.592592597
P49759_CHEMBL5399401,CNAIIFOZNNOUFU-UHFFFAOYSA-N,False,False,0.666666687
P49759_CHEMBL5411169,WJNBDYORHKGXLZ-UHFFFAOYSA-N,False,False,0.680851042
P49759_CHEMBL5417631,FEVGWDHBNRPKDD-UHFFFAOYSA-N,False,False,0.537313461
P49759_CHEMBL5418822,MEFDXBDDAUDFPV-UHFFFAOYSA-N,False,False,0.689655185
P49759_CHEMBL5439632,WBRWZLZEWWHLAK-UHFFFAOYSA-N,False,False,0.45714286
P49759_CHEMBL5395734,LYGJWKDBGBTLQX-UHFFFAOYSA-N,False,False,0.5
P49759_CHEMBL5416327,JUMGVWWVYFEXQP-UHFFFAOYSA-N,False,False,0.550000012
P49759_CHEMBL5424114,OFCGNVFTPGMPRK-UHFFFAOYSA-N,False,False,0.508474588
P49759_CHEMBL5435495,FVIUKIZPDJZQKD-LARPSKPRSA-N,False,False,0.762711883
P49759_CHEMBL5396725,IXRCZLGBPPMVSP-UHFFFAOYSA-N,False,False,0.522388041
P49759_CHEMBL5414359,VWCSZVWZRTZNCH-UHFFFAOYSA-N,False,False,0.507936537
P49759_CHEMBL5434183,HVEXJKQESNIDLM-KRWDZBQOSA-N,False,False,0.516129017
P49759_CHEMBL5416758,RJTQBPCQZQSZFF-HNNXBMFYSA-N,False,False,0.5
P49759_CHEMBL5425043,LFAHWMOZPVCJAY-HNNXBMFYSA-N,False,False,0.515151501
P49759_CHEMBL5426335,WPPYPSPZKNAEEZ-UHFFFAOYSA-N,False,False,0.587301612
P49759_CHEMBL5440916,HVEXZFLZXSUWCB-UHFFFAOYSA-N,False,False,0.469696969
P49759_CHEMBL5397989,GIUDIYZVSXHPDJ-UHFFFAOYSA-N,False,False,0.484375
P49759_CHEMBL5429415,GLUXLWAESKAZRK-UHFFFAOYSA-N,False,False,0.508196712
P49759_CHEMBL5410464,LHDIGZOUPVIOQB-UHFFFAOYSA-N,False,False,0.517857134
P49759_CHEMBL5426304,CNBFWEWIGARBIQ-UHFFFAOYSA-N,False,False,0.37931034
P49759_CHEMBL5425642,QLTKRDRXFYPZBY-HCGXMYGOSA-N,False,False,0.431034476
P49759_CHEMBL5416749,AOAMCMGMDKVPBS-HCGXMYGOSA-N,False,False,0.446428567
P49759_CHEMBL5401689,ZAYITZJGTHRHCT-UHFFFAOYSA-N,False,False,0.568627477
P49759_CHEMBL5438084,NGQUSEWPGMDWGE-UHFFFAOYSA-N,False,False,0.578947365
P49759_CHEMBL5436022,SJXZXKOJVKYIJT-UHFFFAOYSA-N,False,False,0.519230783
P49759_CHEMBL5402600,NKRFEKCLNDSTNO-UHFFFAOYSA-N,False,False,0.600000024
P49759_CHEMBL5412760,XNWRZAZVQKFHKW-UHFFFAOYSA-N,False,False,0.464285702
P49759_CHEMBL5440179,PQTQLUTZZMZVNJ-UHFFFAOYSA-N,False,False,0.523076952
P49759_CHEMBL5404932,GIPVSAMXEJJSQJ-UHFFFAOYSA-N,False,False,0.557142854
P49759_CHEMBL5412339,NUFOIERLQIZTQS-UHFFFAOYSA-N,False,False,0.666666687
P49759_CHEMBL5411492,UWHWTQBHEYLRRJ-UHFFFAOYSA-N,False,False,0.618181825
P49759_CHEMBL5411512,IWQPRLUPWBDRRC-UHFFFAOYSA-N,False,False,0.532258093
P49759_CHEMBL5418042,UGSYHPNOTPGEAF-OCKHKDLRSA-N,False,False,0.616666675
P49759_CHEMBL5404416,YEZMGVBTPDYRPO-WSVATBPTSA-N,False,False,0.644067824
P49759_CHEMBL5405572,YJKPCYDSZXIODK-WSVATBPTSA-N,False,False,0.606557369
P49759_CHEMBL5394613,UMYSGMXAOXMMGG-NVMNQCDNSA-N,False,False,0.644067824
P49759_CHEMBL5420724,KBMQGIPVJGXLOU-SOFYXZRVSA-N,False,False,0.673076928
P49759_CHEMBL5437222,RWUAJNWQCLQAAA-DHDCSXOGSA-N,False,False,0.644067824
P49759_CHEMBL5422413,ZJVGZWWTWGRGFK-DHDCSXOGSA-N,False,False,0.590163946
P49759_CHEMBL5419006,DVZORWAPBGBTCT-PTNGSMBKSA-N,False,False,0.655172408
P49759_CHEMBL5395680,LRPOHOOPSDHHPW-JYRVWZFOSA-N,False,False,0.823529422
P49759_CHEMBL5408457,XXIXFZAUCITSCM-YBEGLDIGSA-N,False,False,0.644067824
P49759_CHEMBL5413427,COYCDCAUDJBGOV-YBEGLDIGSA-N,False,False,0.590163946
P49759_CHEMBL5425748,VOMDKRFMVUYOOQ-VBKFSLOCSA-N,False,False,0.655172408
P49759_CHEMBL5410991,ZUADZDBGZDSSAB-ZROIWOOFSA-N,False,False,0.823529422
P49759_CHEMBL5428651,JFDRONLMXPRQPP-MEODAHEFSA-N,False,False,0.682539701
P49759_CHEMBL5422936,YMIDGKZVYFXIBW-URQBRDCWSA-N,False,False,0.818181813
P49759_CHEMBL5416971,FIDDWMHSPNSOHL-UHFFFAOYSA-N,False,False,0.566666663
P49759_CHEMBL5415866,UZJKOTRQSWFPDC-UHFFFAOYSA-N,False,False,0.532258093
P49841_CHEMBL5419581,VEYJYPNBUVNGGI-UHFFFAOYSA-N,False,False,0.644736826
P49841_CHEMBL5411160,QWBLRTCRXZETHI-MUMRKEEXSA-N,False,False,0.67469877
P49841_CHEMBL5429577,QWBLRTCRXZETHI-GGYWPGCISA-N,False,False,0.67469877
P49841_CHEMBL5401511,SGYOIXNBCYRZBZ-WUBHUQEYSA-N,False,False,0.69135803
P49841_CHEMBL5436023,SGYOIXNBCYRZBZ-BBMPLOMVSA-N,False,False,0.69135803
P49841_CHEMBL5414801,PBDZKKHARXQKND-RGEXLXHISA-N,False,False,0.894736826
P49841_CHEMBL5429707,KCTCLVINURCCIL-UUKWBXHYSA-N,False,False,0.625
P49841_CHEMBL5424946,VSVFDMDYNXAZHL-XMMISQBUSA-N,False,False,0.717948735
P49841_CHEMBL5423620,VSVFDMDYNXAZHL-CGAIIQECSA-N,False,False,0.717948735
P49841_CHEMBL5438428,OPOCKJBBMGQUAA-UHFFFAOYSA-N,False,False,0.631578922
P49841_CHEMBL5396081,IJFKKIMDRSZOOW-LRCIEKKDSA-N,False,False,0.754098356
P49841_CHEMBL5429086,CIEDQRFRRJHOSA-FIMUYXNPSA-N,False,False,0.775862098
P49841_CHEMBL5394559,GXQDHULPUFSIDS-UHFFFAOYSA-N,False,False,0.438356161
P49841_CHEMBL5438491,AVDMAYXMCZTGNZ-NTCAYCPXSA-N,False,False,0.402173907
P49841_CHEMBL5422975,MYXFQLNUJULDRL-UHFFFAOYSA-N,False,False,0.611111104
P49841_CHEMBL5409743,HMRJBELTUBNQLW-UHFFFAOYSA-N,False,False,0.561643839
P49841_CHEMBL5424793,ZTSKCBNHQFCIHV-UHFFFAOYSA-N,False,False,0.617647052
P49841_CHEMBL5417641,HWPWKJVXCZOBMS-UHFFFAOYSA-N,False,False,0.588235319
P49841_CHEMBL5407410,HQDPAMBWRBFJAV-FMIVXFBMSA-N,False,False,0.560000002
P49841_CHEMBL5394929,IRABNNPWLSQOKT-UHFFFAOYSA-N,False,False,0.487179488
P49841_CHEMBL5421040,JYCKVPPIJXNXPA-SFQUDFHCSA-N,False,False,0.555555582
P49841_CHEMBL5409378,LNCVWFKBGBCJSQ-UHFFFAOYSA-N,False,False,0.600000024
P49841_CHEMBL5399975,TZLUWQFTZJNMCJ-FMIVXFBMSA-N,False,False,0.550561786
P49841_CHEMBL5434153,MCPHBOUMLYQLJG-FMIVXFBMSA-N,False,False,0.452631593
P49841_CHEMBL5419215,AHMHBKWGYQUWPN-UHFFFAOYSA-N,False,False,0.556818187
P49841_CHEMBL5402499,NHVQLTXPHMNQFG-UHFFFAOYSA-N,False,False,0.46875
P49841_CHEMBL5410665,NZEHNMOBNRQUTM-UHFFFAOYSA-N,False,False,0.483146071
P49841_CHEMBL5416942,FSEAAXKTTYQGAY-AQTBWJFISA-N,False,False,0.866666675
P49841_CHEMBL5415003,XHQFQDRZSQPHFR-UHFFFAOYSA-N,False,False,0.644736826
P49841_CHEMBL5423339,RTGIXMKCDNJZBK-UHFFFAOYSA-N,False,False,0.639999986
P49841_CHEMBL5425787,OYKWYRXQWVBQQH-UHFFFAOYSA-N,False,False,0.644736826
P49841_CHEMBL5440008,IQWMYJBSGSTGDX-UHFFFAOYSA-N,False,False,0.628205121
P49841_CHEMBL5432523,BSCOYFBDJNEPLA-UHFFFAOYSA-N,False,False,0.636363626
P49841_CHEMBL5397959,DKVCPRHFJGTGJH-UHFFFAOYSA-N,False,False,0.708333313
P49841_CHEMBL5401424,YCAXWRPRPNOKEX-UHFFFAOYSA-N,False,False,0.810344815
P49841_CHEMBL5431187,FKYWDWYPVHPBJU-UHFFFAOYSA-N,False,False,0.693333328
P49841_CHEMBL5440396,QPNKFGJUFZTKLJ-UHFFFAOYSA-N,False,False,0.680000007
P49841_CHEMBL5426515,NOUFXHPCDFRAAM-UHFFFAOYSA-N,False,False,0.671052635
P49841_CHEMBL5416124,QXIGHSDDZCXCHH-UHFFFAOYSA-N,False,False,0.675324678
P49841_CHEMBL5422902,UCOFOQHPXWTILH-UHFFFAOYSA-N,False,False,0.726027369
P49841_CHEMBL5413978,DBWBYCUDFZKBMV-UHFFFAOYSA-N,False,False,0.693333328
P49841_CHEMBL5402529,JPCKBBBQMDVNHJ-UHFFFAOYSA-N,False,False,0.702702701
P49841_CHEMBL5403557,XLUDZYWMVYQLKO-UHFFFAOYSA-N,False,False,0.658227861
P49841_CHEMBL5434053,BEUTVDUFNXQBQW-UHFFFAOYSA-N,False,False,0.666666687
P49841_CHEMBL5396759,GIUZWNWLXWXYTH-UHFFFAOYSA-N,False,False,0.666666687
P49841_CHEMBL5404640,FKTLOCWPOUPTFL-UHFFFAOYSA-N,False,False,0.636363626
P49841_CHEMBL5411871,IWJULGRGRPPYET-UHFFFAOYSA-N,False,False,0.775862098
P49841_CHEMBL5435495,FVIUKIZPDJZQKD-LARPSKPRSA-N,False,False,0.762711883
P49841_CHEMBL5403701,FRKYLDWDRUXOJS-UHFFFAOYSA-N,False,False,0.662162185
P49841_CHEMBL5403288,FJLUYTVEVSZLJP-UHFFFAOYSA-N,False,False,0.414285719
P49841_CHEMBL5430060,OPRMTHPWLRWOPL-UHFFFAOYSA-N,False,False,0.341463417
P49841_CHEMBL5432029,RILOFFQNUDZMEB-UHFFFAOYSA-N,False,False,0.337349385
P49841_CHEMBL5436997,YHBWHSCISDHNCC-UHFFFAOYSA-N,False,False,0.321839094
P49841_CHEMBL5417435,ZGBAGWYVESAQAG-UHFFFAOYSA-N,False,False,0.368421048
P49841_CHEMBL5432284,LMPLILRWPQMYES-UHFFFAOYSA-N,False,False,0.358974367
P49841_CHEMBL5402797,NFYDBBVZKANMEX-UHFFFAOYSA-N,False,False,0.384615391
P49841_CHEMBL5405344,UGPDJSYAEGUOSO-UHFFFAOYSA-N,False,False,0.375
P49841_CHEMBL5410239,PIAOPVOJTUSVEB-UHFFFAOYSA-N,False,False,0.375
P49841_CHEMBL5404765,BXKBUWYXXKDGHW-UHFFFAOYSA-N,False,False,0.365853667
P49841_CHEMBL5434965,CYGJLKBTKVKZQE-UHFFFAOYSA-N,False,False,0.394736856
P49841_CHEMBL5429675,IYCVFSSCAPZAJP-UHFFFAOYSA-N,False,False,0.358024687
P49841_CHEMBL5402554,JRUFBZGMCKTNQR-UHFFFAOYSA-N,False,False,0.368421048
P49841_CHEMBL5415481,IYCVFSSCAPZAJP-ZDUSSCGKSA-N,False,False,0.358024687
P49841_CHEMBL5429353,IVRPJAFVWXJRAV-UHFFFAOYSA-N,False,False,0.781818211
P49841_CHEMBL5412373,UPRBGBAQCBAQAE-UHFFFAOYSA-N,False,False,0.671232879
P49841_CHEMBL5399860,DNKMKNKLWSHSJH-UHFFFAOYSA-N,False,False,0.699999988
P49841_CHEMBL5418046,QHBVULBXUWAWHN-UHFFFAOYSA-N,False,False,0.671232879
P49841_CHEMBL5406211,YTMITAIAXNUMQA-UHFFFAOYSA-N,False,False,0.699999988
P49841_CHEMBL5439681,CNEFTZVVRHUDCJ-UHFFFAOYSA-N,False,False,0.854545474
P49841_CHEMBL5413227,REFSPRNYQRIANF-UHFFFAOYSA-N,False,False,0.653333306
P49841_CHEMBL5395317,BCCZMMRTMFKVTL-UHFFFAOYSA-N,False,False,0.644736826
P49841_CHEMBL5424881,BOGHCYTWOTXDMI-UHFFFAOYSA-N,False,False,0.65625
P49841_CHEMBL5396368,ZPWNVOOFLPYYIO-UHFFFAOYSA-N,False,False,0.651515126
P49841_CHEMBL5436993,QVWUCSHHYKWIRU-UHFFFAOYSA-N,False,False,0.677419364
P49841_CHEMBL5395945,JSWBYFGGCZBLFT-UHFFFAOYSA-N,False,False,0.65625
P49841_CHEMBL5432131,CEJMOSLQGZHACR-UHFFFAOYSA-N,False,False,0.617647052
P49841_CHEMBL5410629,SXUKDEXJMNPIOD-UHFFFAOYSA-N,False,False,0.718309879
P49841_CHEMBL5432557,SURRMLUEHMRCOD-UHFFFAOYSA-N,False,False,0.718309879
P49841_CHEMBL5409837,HRWXGFNDIVHNCQ-UHFFFAOYSA-N,False,False,0.818181813
P49841_CHEMBL5414095,DDJSPNPQPSXXBH-UHFFFAOYSA-N,False,False,0.532258093
P49841_CHEMBL5412619,QLPWFQPHRAFDGC-UHFFFAOYSA-N,False,False,0.523809552
P49841_CHEMBL5396725,IXRCZLGBPPMVSP-UHFFFAOYSA-N,False,False,0.522388041
P49841_CHEMBL5414359,VWCSZVWZRTZNCH-UHFFFAOYSA-N,False,False,0.507936537
P49841_CHEMBL5434183,HVEXJKQESNIDLM-KRWDZBQOSA-N,False,False,0.516129017
P49841_CHEMBL5416758,RJTQBPCQZQSZFF-HNNXBMFYSA-N,False,False,0.5
P49841_CHEMBL5425043,LFAHWMOZPVCJAY-HNNXBMFYSA-N,False,False,0.515151501
P49841_CHEMBL5398642,MKHLHLAXBRMALM-ZYMOGRSISA-N,False,False,0.743589759
P49841_CHEMBL5409415,PKEPHTDOSDZCGK-UHFFFAOYSA-N,False,False,0.661016941
P49841_CHEMBL5408273,CRZCIXFWQLGAKM-UHFFFAOYSA-N,False,False,0.620689631
P49841_CHEMBL5434002,HNEHMLOMNXWVTI-UHFFFAOYSA-N,False,False,0.688524604
P49841_CHEMBL5434004,GUWCQTJKSPNEGT-UHFFFAOYSA-N,False,False,0.450549453
P49841_CHEMBL5405586,YCKGCJRCRCKMLO-UHFFFAOYSA-N,False,False,0.65625
P49841_CHEMBL5408371,ZWBUNHVWDPCICN-UHFFFAOYSA-N,False,False,0.651515126
P49841_CHEMBL5417729,NFJMSWKTWAEGHF-UHFFFAOYSA-N,False,False,0.671232879
P49841_CHEMBL5402699,PQPLSRXKNYIIPW-UHFFFAOYSA-N,False,False,0.623376608
P49841_CHEMBL5398463,YDDJQCMRZYBBBI-UHFFFAOYSA-N,False,False,0.657534242
P49841_CHEMBL5436334,JTSSETZHOUFALL-UHFFFAOYSA-N,False,False,0.65625
P49841_CHEMBL5439156,VMSSVDPDTGWQMT-UHFFFAOYSA-N,False,False,0.600000024
P49841_CHEMBL5437713,OJKUBSIIKJVKQP-UHFFFAOYSA-N,False,False,0.651515126
P49841_CHEMBL5396027,XUTHADVZPRSDDR-UHFFFAOYSA-N,False,False,0.793103456
P49841_CHEMBL5426638,BKQOPAYJYQUXTG-UHFFFAOYSA-N,False,False,0.671232879
P49841_CHEMBL5421548,KEHOXFWYRBEKDH-UHFFFAOYSA-N,False,False,0.636363626
P49841_CHEMBL5440304,JGBYIKGGORZOAB-UHFFFAOYSA-N,False,False,0.653333306
P49841_CHEMBL5409643,FZPGNYIWXSWCMY-UHFFFAOYSA-N,False,False,0.771929801
P49841_CHEMBL5425548,VLFIBMVZVMWICP-UHFFFAOYSA-N,False,False,0.793103456
P49841_CHEMBL5425419,ZOIHUPOFQMLIJD-UHFFFAOYSA-N,False,False,0.789473712
P49841_CHEMBL5403368,OKWTZAAKFJIMME-UHFFFAOYSA-N,False,False,0.762711883
P49841_CHEMBL5405572,YJKPCYDSZXIODK-WSVATBPTSA-N,False,False,0.606557369
P49841_CHEMBL5395680,LRPOHOOPSDHHPW-JYRVWZFOSA-N,False,False,0.823529422
P49841_CHEMBL5413427,COYCDCAUDJBGOV-YBEGLDIGSA-N,False,False,0.590163946
P49841_CHEMBL5428651,JFDRONLMXPRQPP-MEODAHEFSA-N,False,False,0.682539701
P49841_CHEMBL5422936,YMIDGKZVYFXIBW-URQBRDCWSA-N,False,False,0.818181813
P49841_CHEMBL5410800,DDLZLOKCJHBUHD-IOJOKMQUSA-N,False,True,1.0
P50406_CHEMBL5417937,NNOPKBMNGNFLCX-KRWDZBQOSA-N,False,False,0.588235319
P50406_CHEMBL5433300,GRFMCSXAMLDOGD-UHFFFAOYSA-N,False,False,0.702127635
P50406_CHEMBL5405562,BOFZGXVAUNZPJZ-UHFFFAOYSA-N,False,False,0.782608688
P50406_CHEMBL5406900,FBLBVXAMGPEBFJ-UHFFFAOYSA-N,False,False,0.693877578
P50406_CHEMBL5397704,ZDBURNHVADOXDL-UHFFFAOYSA-N,False,False,0.622641504
P50406_CHEMBL5405414,RTGXDOSLVFPCIV-UHFFFAOYSA-N,False,False,0.549019635
P50406_CHEMBL5419441,GRHTUMAXWWLASB-UHFFFAOYSA-N,False,False,0.589285731
P50406_CHEMBL5416678,ZBYKFBQKHUJCFU-UHFFFAOYSA-N,False,False,0.551724136
P50406_CHEMBL5433857,FGXOOSXRVJDRCY-UHFFFAOYSA-N,False,False,0.723404229
P50406_CHEMBL5400892,LOHIKYYTCQMZSF-UHFFFAOYSA-N,False,False,0.523809552
P50406_CHEMBL5410706,YZNGYGWNHBTIFR-UHFFFAOYSA-N,False,False,0.59375
P50406_CHEMBL5420304,CBLVXOBQEWFSSM-UHFFFAOYSA-N,False,False,0.693877578
P50406_CHEMBL5434373,ZJCSCXRIYYGOBN-UHFFFAOYSA-N,False,False,0.666666687
P50406_CHEMBL5440858,RQHPYIDHOWOGEC-UHFFFAOYSA-N,False,False,0.75
P50406_CHEMBL5427590,OIOBSHOAEROYPO-UHFFFAOYSA-N,False,False,0.779661
P50406_CHEMBL5397703,YCUMWMXTSWGYRO-UHFFFAOYSA-N,False,False,0.414285719
P50406_CHEMBL5394412,MKFJLUSGVVOJET-UHFFFAOYSA-N,False,False,0.603773594
P50406_CHEMBL5398629,OWFWEUQZULXUCW-UHFFFAOYSA-N,False,False,0.485294104
P50406_CHEMBL5410304,OVBJOQPUPMRJGX-UHFFFAOYSA-N,False,False,0.419354826
P50406_CHEMBL5395448,TUWBVBQIIXHWNA-UHFFFAOYSA-N,False,False,0.5090909
P50406_CHEMBL5422803,KCOHZYNPHMOSFJ-UHFFFAOYSA-N,False,False,0.479999989
P50406_CHEMBL5397729,HXRUUANPFIGLOT-UHFFFAOYSA-N,False,False,0.492307693
P50406_CHEMBL5435404,BSASZKDHQFRXLR-UHFFFAOYSA-N,False,False,0.508771956
P50406_CHEMBL5403068,KIKHIGARNMCPTG-UHFFFAOYSA-N,False,False,0.471698105
P50406_CHEMBL5396600,QLYORHWJCBLQOX-UHFFFAOYSA-N,False,False,0.421052635
P50406_CHEMBL5398978,ARHNWRIQMDLAOA-UHFFFAOYSA-N,False,False,0.660377383
P50406_CHEMBL5436003,AZEGGJUBCUBYAM-UHFFFAOYSA-N,False,False,0.660377383
P50406_CHEMBL5423649,RZRJTAUTZFDJOA-UHFFFAOYSA-N,False,False,0.604651153
P50406_CHEMBL5395867,HPVLKKJXKKJFTC-UHFFFAOYSA-N,False,False,0.653061211
P50406_CHEMBL5406837,LMXPHPCSIWBOGX-UHFFFAOYSA-N,False,False,0.744680822
P50406_CHEMBL5397523,WAEJJMMPQBTBEI-UHFFFAOYSA-N,False,False,0.727272749
P50406_CHEMBL5419792,KJGMDCJJDSGAFT-UHFFFAOYSA-N,False,False,0.706896544
P50406_CHEMBL5433407,BJZZEGGXTMYADP-UHFFFAOYSA-N,False,False,0.420289844
P50406_CHEMBL5405092,PUWOLOURFHFHRS-UHFFFAOYSA-N,False,False,0.40625
P50406_CHEMBL5417779,WYLTVWXKORHETG-UHFFFAOYSA-N,False,False,0.537037015
P50406_CHEMBL5397033,SHMYSMSWOPTUHS-UHFFFAOYSA-N,False,False,0.5
P50406_CHEMBL5422674,QZRDGGMIPIKLIE-UHFFFAOYSA-N,False,False,0.576923072
P50406_CHEMBL5415563,GZLWGMDSONEBLY-KRWDZBQOSA-N,False,False,0.753846169
P50406_CHEMBL5407925,QUWYIGWBADKYRQ-UHFFFAOYSA-N,False,False,0.541666687
P50406_CHEMBL5402096,YRMQTCWGULGUII-UHFFFAOYSA-N,False,False,0.627451003
P50406_CHEMBL5395527,HTGNJOVLKFXJMB-UHFFFAOYSA-N,False,False,0.584615409
P50406_CHEMBL5396512,AYHSBNUFIZGPJD-UHFFFAOYSA-N,False,False,0.653061211
P50406_CHEMBL5424650,KDDPERWRGVMJEX-UHFFFAOYSA-N,False,False,0.571428597
P50406_CHEMBL5423810,ZCEDSYKEYAFVIW-UHFFFAOYSA-N,False,False,0.603174627
P50406_CHEMBL5415650,IVCSHWFSYCZAMJ-UHFFFAOYSA-N,False,False,0.616666675
P50406_CHEMBL5431708,GOPPEEFOIVLHHP-UHFFFAOYSA-N,False,False,0.737704933
P50406_CHEMBL5414093,BFVLTRAXCOXPBL-UHFFFAOYSA-N,False,False,0.789473712
P50406_CHEMBL5434761,ORGJCUTUMMIIAL-UHFFFAOYSA-N,False,False,0.818181813
P50406_CHEMBL5399687,MYNPQAIGUBPRQQ-QZTJIDSGSA-N,False,False,0.639344275
P50406_CHEMBL5399540,NXDBTKGKORHERR-SFHVURJKSA-N,False,False,0.701492548
P50406_CHEMBL5436231,UUVINNKXRPETHH-QGZVFWFLSA-N,False,False,0.727272749
P50406_CHEMBL5408055,NXDBTKGKORHERR-GOSISDBHSA-N,False,False,0.701492548
P50406_CHEMBL5404165,UUVINNKXRPETHH-KRWDZBQOSA-N,False,False,0.727272749
P50406_CHEMBL5395788,GQLVMDRTZOGRRK-QGZVFWFLSA-N,False,False,0.741935492
P50406_CHEMBL5398537,GQLVMDRTZOGRRK-KRWDZBQOSA-N,False,False,0.741935492
P50406_CHEMBL5408318,DSBMTJIJVKNESF-KRWDZBQOSA-N,False,False,0.588235319
P50406_CHEMBL5430776,WJJYMDFQEKISLH-UHFFFAOYSA-N,False,False,0.43589744
P50406_CHEMBL5398411,IEJQCSFUXJFZIU-UHFFFAOYSA-N,False,False,0.587301612
P50406_CHEMBL5438160,NWIFOEMQIRMYKH-UHFFFAOYSA-N,False,False,0.647887349
P50406_CHEMBL5438068,LJYSJLUVOPGRRV-UHFFFAOYSA-N,False,False,0.64864862
P50406_CHEMBL5421970,MULNZDVAOLMDBU-UHFFFAOYSA-N,False,False,0.64864862
P50406_CHEMBL5407451,JQUNRJZCGYDXQX-UHFFFAOYSA-N,False,False,0.632352948
P50406_CHEMBL5413373,ICPUDPNRJQFJOP-UHFFFAOYSA-N,False,False,0.661971807
P50406_CHEMBL5412404,QSNIQHPHPMGKAJ-UHFFFAOYSA-N,False,False,0.682539701
P50406_CHEMBL5431767,LSBABUVCFLENLH-UHFFFAOYSA-N,False,False,0.546875
P50406_CHEMBL5434678,PQZFEPDHCMVIJS-KRWDZBQOSA-N,False,False,0.737704933
P50406_CHEMBL5420301,MGDSGDJRXSZXDL-UHFFFAOYSA-N,False,False,0.508474588
P50406_CHEMBL5415139,CBVPVAWCIBSFID-UHFFFAOYSA-N,False,False,0.74000001
P50406_CHEMBL5407728,FDLCVWCKLMRVBI-UHFFFAOYSA-N,False,False,0.74000001
P50406_CHEMBL5425363,UDTYMFKBYMEKAL-UHFFFAOYSA-N,False,False,0.686274529
P50406_CHEMBL5412771,WHJLPNXDKITNPZ-UHFFFAOYSA-N,False,False,0.634920657
P50406_CHEMBL5420285,BPVLMVSQCRBENY-UHFFFAOYSA-N,False,False,0.692307711
P50406_CHEMBL5399533,YBQGTOFDYUCHHL-UHFFFAOYSA-N,False,False,0.636363626
P50406_CHEMBL5408240,XDFOCUGLUGPTBP-UHFFFAOYSA-N,False,False,0.666666687
P50406_CHEMBL5404597,OOIGPNAPNDXHFQ-UHFFFAOYSA-N,False,False,0.640625
P50406_CHEMBL5409958,HKPIERLZGGUUMI-SCFUHWHPSA-N,False,False,0.661290348
P50406_CHEMBL5432246,DDILVVLACWVJEG-KRWDZBQOSA-N,False,False,0.627118647
P51449_CHEMBL5394152,KJRDQMCJKNIXBR-UHFFFAOYSA-N,False,False,0.514705896
P51449_CHEMBL5429640,NBVBTUHHHMDUNP-UHFFFAOYSA-N,False,False,0.546875
P51449_CHEMBL5395911,YLYKYDYPFQHPEM-UHFFFAOYSA-N,False,False,0.5
P51449_CHEMBL5396613,AJKVNRDXZGVGNS-UHFFFAOYSA-N,False,False,0.473684222
P51449_CHEMBL5396729,FZFQBOHECUQVFQ-UHFFFAOYSA-N,False,False,0.509433985
P51449_CHEMBL5432429,ZZUWVBQAVLOGDG-UHFFFAOYSA-N,False,False,0.523809552
P51449_CHEMBL5414614,LNWHIOPUTSCFRU-UHFFFAOYSA-N,False,False,0.688524604
P51449_CHEMBL5417941,WBXWREKHWGXWAV-UHFFFAOYSA-N,False,False,0.711864412
P51449_CHEMBL5440036,ZEKDFFFPEMKESY-UHFFFAOYSA-N,False,False,0.677419364
P51449_CHEMBL5396035,ZIBJEMGFFPBNJV-UHFFFAOYSA-N,False,False,0.486111104
P51449_CHEMBL5402404,NGJROFRXYJKLDM-UHFFFAOYSA-N,False,False,0.530303001
P51449_CHEMBL5437263,PEXDJIDVENUCPW-UHFFFAOYSA-N,False,False,0.516129017
P51449_CHEMBL5398187,GAZNJBSCIYEMIV-UHFFFAOYSA-N,False,False,0.545454562
P51449_CHEMBL5431798,DIGRPTIMZMHXKX-UHFFFAOYSA-N,False,False,0.508771956
P51449_CHEMBL5404381,AFFNVOKXWIBGRZ-UHFFFAOYSA-N,False,False,0.537037015
P51449_CHEMBL5439257,MJAVBAVMXCVZJG-UHFFFAOYSA-N,False,False,0.416666657
P51449_CHEMBL5420402,MEYJHYROVIWPOC-GASCZTMLSA-N,False,False,0.428571433
P51449_CHEMBL5434892,MEYJHYROVIWPOC-SHTZXODSSA-N,False,False,0.428571433
P51449_CHEMBL5397746,VAFVDIZYCUHAJW-UHFFFAOYSA-N,False,False,0.5
P51449_CHEMBL5440007,QYZKBZAQQXWWOX-UHFFFAOYSA-N,False,False,0.474576265
P51449_CHEMBL5440564,UEORMWGFDPRTHB-UHFFFAOYSA-N,False,False,0.474576265
P51449_CHEMBL5398120,FIRAXUOLPCZDIC-UHFFFAOYSA-N,False,False,0.45161289
P51449_CHEMBL5433753,WVOSXMCHFYVJLX-UHFFFAOYSA-N,False,False,0.472222209
P51449_CHEMBL5395586,VPYJPMIFWSCXQC-UHFFFAOYSA-N,False,False,0.492957741
P51449_CHEMBL5424578,GNWCQWUZFFCCOX-UHFFFAOYSA-N,False,False,0.5
P51449_CHEMBL5401786,RSHUGNZBEMKNNB-UHFFFAOYSA-N,False,False,0.537037015
P51449_CHEMBL5439216,GWJKSWBVBFYKAJ-UHFFFAOYSA-N,False,False,0.49253732
P51449_CHEMBL5430083,VCIQCARTIYVZIQ-UHFFFAOYSA-N,False,False,0.466666669
P51449_CHEMBL5434677,MKZULCLIVIAPAB-UHFFFAOYSA-N,False,False,0.5
P51449_CHEMBL5406131,SFURDDZWFHOSNG-UHFFFAOYSA-N,False,False,0.49253732
P51449_CHEMBL5432030,GYAVGPZVDLMKFT-UHFFFAOYSA-N,False,False,0.527272701
P51449_CHEMBL5426893,QCJQHCSQTDUEGM-UHFFFAOYSA-N,False,False,0.5
P51449_CHEMBL5424743,JWGPHGQFEKHZLA-UHFFFAOYSA-N,False,False,0.507246375
P51449_CHEMBL5420369,OCWLVYOLBJNQRN-UHFFFAOYSA-N,False,False,0.54411763
P51449_CHEMBL5419000,NKIKVMCFMWIVIW-UHFFFAOYSA-N,False,False,0.539682567
P51449_CHEMBL5428273,RBJSXKHIOCRVEH-UHFFFAOYSA-N,False,False,0.527272701
P51449_CHEMBL5421964,IFUHTSUKXXGMAZ-UHFFFAOYSA-N,False,False,0.49253732
P51449_CHEMBL5395381,LTVCUENOAJYTSE-UHFFFAOYSA-N,False,False,0.527272701
P51449_CHEMBL5403029,APKCUSSEBJZUEU-UHFFFAOYSA-N,False,False,0.527272701
P51449_CHEMBL5405523,MCBVFNHHHJINGT-UHFFFAOYSA-N,False,False,0.527272701
P51449_CHEMBL5416908,VUSFYUFKBIHJCE-UHFFFAOYSA-N,False,False,0.462686568
P51449_CHEMBL5406682,POMUMCBVHZGURY-UHFFFAOYSA-N,False,False,0.529411793
P51449_CHEMBL5394376,SIJKEENEIVXXCO-UHFFFAOYSA-N,False,False,0.532258093
P51449_CHEMBL5419865,FLRFSUMZNLDDBP-UHFFFAOYSA-N,False,False,0.462962955
P51449_CHEMBL5403683,SXWBDQQZISLIOI-UHFFFAOYSA-N,False,False,0.458333343
P51449_CHEMBL5421876,DALDBNLISCFZNL-UHFFFAOYSA-N,False,False,0.485294104
P51449_CHEMBL5403342,MMLSVCZRWKOLHZ-SHTZXODSSA-N,False,False,0.714285731
P51449_CHEMBL5440342,WSCWXAYNZHXLFM-UHFFFAOYSA-N,False,False,0.547169805
P51449_CHEMBL5424483,PDTLGWAVJZTVSZ-UHFFFAOYSA-N,False,False,0.465517253
P51449_CHEMBL5439764,SDZUWHZGWJBDLG-UHFFFAOYSA-N,False,False,0.5
P51449_CHEMBL5410860,YTKBEDGJSYNYSX-UHFFFAOYSA-N,False,False,0.566666663
P51449_CHEMBL5414926,UOZNGFIZCMPHFX-UHFFFAOYSA-N,False,False,0.571428597
P51449_CHEMBL5406497,CFLJGWNTPGTSJZ-UHFFFAOYSA-N,False,False,0.529411793
P51449_CHEMBL5433456,YZUJRYRVSDEOMN-UHFFFAOYSA-N,False,False,0.644444466
P51449_CHEMBL5403597,POBPESVMLCLASZ-UHFFFAOYSA-N,False,False,0.55737704
P51449_CHEMBL5440870,NWBOWTVTAZBQEQ-UHFFFAOYSA-N,False,False,0.54838711
P51449_CHEMBL5427851,JQPJNOIJPVBZAP-UHFFFAOYSA-N,False,False,0.53125
P51449_CHEMBL5401704,NQIPELJBGDVXGP-UHFFFAOYSA-N,False,False,0.666666687
P51449_CHEMBL5422805,YEKAERLTMFUEGS-UHFFFAOYSA-N,False,False,0.604166687
P52333_CHEMBL5420469,KKAJAZGYTYTJBP-FAYPWJRKSA-N,False,False,0.593023241
P52333_CHEMBL5426399,WHYXPBZMYSJIOI-NNLPGIIWSA-N,False,False,0.586206913
P52333_CHEMBL5427093,TYOBMRZKUGBKOY-QGZVFWFLSA-N,False,False,0.595505595
P52333_CHEMBL5439377,CKDXGAQHXBXSIL-HSZRJFAPSA-N,False,False,0.658227861
P52333_CHEMBL5431720,MHSZPIROSFOAPI-GOSISDBHSA-N,False,False,0.59793812
P52333_CHEMBL5394800,UGACDFOQPBQDRF-HXUWFJFHSA-N,False,False,0.617021263
P52333_CHEMBL5440136,JNNWHJKTXGGXQH-QGZVFWFLSA-N,False,False,0.679012358
P52333_CHEMBL5435684,YGNFIFMHMKRCDL-QGZVFWFLSA-N,False,False,0.600000024
P52333_CHEMBL5417273,AURNDDULFPVVJP-QGZVFWFLSA-N,False,False,0.658227861
P52333_CHEMBL5415543,XLTSMXXGRIGBEL-LJQANCHMSA-N,False,False,0.613636374
P52333_CHEMBL5412767,XSQQJCUZTJQSQL-OAQYLSRUSA-N,False,False,0.559139788
P52333_CHEMBL5436699,GWABVRRQBUVKEL-QGZVFWFLSA-N,False,False,0.662790716
P52333_CHEMBL5413492,PIVQZVYKYDQLDH-QGZVFWFLSA-N,False,False,0.670731723
P52333_CHEMBL5428711,RCFXDPWJSHXBSM-CQSZACIVSA-N,False,False,0.586206913
P52333_CHEMBL5402002,CBUSJXVAUAXGKQ-QGZVFWFLSA-N,False,False,0.645161271
P52333_CHEMBL5415887,LHHACVJHUJVMLD-LJQANCHMSA-N,False,False,0.625
P52333_CHEMBL5411595,WECBCIAAFCZAPM-LJQANCHMSA-N,False,False,0.566666663
P52333_CHEMBL5396054,ABNIYONJQKWVCA-QGZVFWFLSA-N,False,False,0.649350643
P52333_CHEMBL5403745,GBLLGOJWPPULFE-OAHLLOKOSA-N,False,False,0.604651153
P52333_CHEMBL5440675,QIBZMEASUHNXNR-QGZVFWFLSA-N,False,False,0.68235296
P52333_CHEMBL5403374,UKGDKPYMCBWLNI-OAHLLOKOSA-N,False,False,0.632911384
P52333_CHEMBL5427871,CPUQISNJIYLNNE-CQSZACIVSA-N,False,False,0.593023241
P52333_CHEMBL5396925,XDFWBDRLXAWZJR-CQSZACIVSA-N,False,False,0.586206913
P52333_CHEMBL5404479,SRCZEDAPLBWSCL-OAHLLOKOSA-N,False,False,0.593406618
P52333_CHEMBL5412059,UZVJLXNNUMIRPY-LJQANCHMSA-N,False,False,0.521739125
P52333_CHEMBL5428573,FQRMAJBDQCYHAK-UHFFFAOYSA-N,False,False,0.699999988
P52333_CHEMBL5424439,HIHLCOANWGGTMC-UHFFFAOYSA-N,False,False,0.633333325
P52333_CHEMBL5417474,ALHCHCZKMLGTHT-UHFFFAOYSA-N,False,False,0.632352948
P52333_CHEMBL5395839,SEYRFWCGCDMTOA-UHFFFAOYSA-N,False,False,0.641791046
P52333_CHEMBL5403897,MJGQOHCTNGEHDC-UHFFFAOYSA-N,False,False,0.651515126
P52333_CHEMBL5420083,FQIYFTOVASBCBB-UHFFFAOYSA-N,False,False,0.545454562
P52333_CHEMBL5420971,MJRANCWIWRLEJM-UHFFFAOYSA-N,False,False,0.671875
P52333_CHEMBL5424098,ZMYPJUHAZZSTQN-UHFFFAOYSA-N,False,False,0.591549277
P52333_CHEMBL5423387,DPNRBPUOHMVAFV-RBUKOAKNSA-N,False,False,0.743243217
P52333_CHEMBL5430795,OBHALOYFTPPVQM-GDBMZVCRSA-N,False,False,0.828571439
P52333_CHEMBL5405043,ZUDFOFBHPJHVPB-GDBMZVCRSA-N,False,False,0.828571439
P52333_CHEMBL5410919,NKGFJEYTXFUJSB-UKRRQHHQSA-N,False,False,0.708333313
P52333_CHEMBL5435417,AOICGPVTFRAGAX-UKRRQHHQSA-N,False,False,0.771428585
P52333_CHEMBL5439582,YGOMDEPURZKKQR-ZWKOTPCHSA-N,False,False,0.838235319
P52333_CHEMBL5427932,XUEXROABNBPOBJ-UKRRQHHQSA-N,False,False,0.875
P52333_CHEMBL5405140,HALQCRHZEQWMBI-RHSMWYFYSA-N,False,False,0.859375
P52333_CHEMBL5404261,VMVPBIZAVRWGHU-RBUKOAKNSA-N,False,False,0.830985904
P52333_CHEMBL5441087,WQKOPPHLBQIUAG-RBUKOAKNSA-N,False,False,0.797297299
P52333_CHEMBL5440017,AFODACVBVYKBHF-HUUCEWRRSA-N,False,False,0.756756783
P52333_CHEMBL5434116,YETBCWGHKWNNTP-ZWKOTPCHSA-N,False,True,1.0
P52333_CHEMBL5396523,WQMGTKKBJJFOGQ-RHSMWYFYSA-N,False,False,0.828571439
P52333_CHEMBL5423894,FDCOYKWAEQLXBI-GDBMZVCRSA-N,False,False,0.791044772
P52333_CHEMBL5409953,VALKBDVUFHAEMQ-UHFFFAOYSA-N,False,False,0.678571403
P52333_CHEMBL5422886,RJHREQOUJMQXBL-UHFFFAOYSA-N,False,False,0.552238822
P52333_CHEMBL5412967,QLSJFVSWCVEOMO-HNNXBMFYSA-N,False,False,0.507042229
P52333_CHEMBL5407329,MYTVQTWPMPXBGM-UHFFFAOYSA-N,False,False,0.580645144
P52333_CHEMBL5407260,JXLWZLUHIKGJID-MRXNPFEDSA-N,False,False,0.479999989
P52333_CHEMBL5396554,JXLWZLUHIKGJID-INIZCTEOSA-N,False,False,0.479999989
P52333_CHEMBL5415586,GXLRNOIQEDNDKT-UHFFFAOYSA-N,False,False,0.740740716
P52333_CHEMBL5409666,VEOVUUQKOGPBHF-UHFFFAOYSA-N,False,False,0.666666687
P52333_CHEMBL5433426,YAHPRSMXTYPCCD-UHFFFAOYSA-N,False,False,0.564516127
P52333_CHEMBL5433159,SOANRDVICQZXMO-UHFFFAOYSA-N,False,False,0.463414639
P52333_CHEMBL5408994,BGXJJFPQOWNIAF-UHFFFAOYSA-N,False,False,0.616438329
P52333_CHEMBL5419978,QQXYCADNNJNFHZ-UHFFFAOYSA-N,False,False,0.616438329
P52333_CHEMBL5435482,SECLDOGRGZCTSE-UHFFFAOYSA-N,False,False,0.633802831
P52333_CHEMBL5440510,TXELAYINOQAWIB-UHFFFAOYSA-N,False,False,0.636363626
P52333_CHEMBL5438892,VYUZMRQDNWEZOD-UHFFFAOYSA-N,False,False,0.636363626
P52333_CHEMBL5412619,QLPWFQPHRAFDGC-UHFFFAOYSA-N,False,False,0.523809552
P52333_CHEMBL5437261,WRNMFQOZYLNHJP-UHFFFAOYSA-N,False,False,0.555555582
P52333_CHEMBL5406535,NPVSBDPEJFTWSM-UHFFFAOYSA-N,False,False,0.739130437
P52333_CHEMBL5431257,XPTPMWBIGLQDFM-UHFFFAOYSA-N,False,False,0.716981113
P52333_CHEMBL5440264,FQOJBQCMVKERQX-UHFFFAOYSA-N,False,False,0.513513505
P52333_CHEMBL5420928,SKSCGXZQWKQMTE-UHFFFAOYSA-N,False,False,0.600000024
P52333_CHEMBL5413489,XILQGGMJGFCSKZ-UHFFFAOYSA-N,False,False,0.635135114
P52333_CHEMBL5422793,GRNVQRLQIUHOOP-FZRRDAJLSA-N,False,False,0.622950792
P53350_CHEMBL5431802,DDZFZFNURJLLIU-UHFFFAOYSA-N,False,False,0.885714293
P53350_CHEMBL5432090,MVZJZJSBEQPYBY-UHFFFAOYSA-N,False,False,0.92920351
P53350_CHEMBL5427326,HMDHQASFVBNFMP-UHFFFAOYSA-N,False,False,0.803278685
P53350_CHEMBL5405576,DYGBQKAGVQUDLN-UHFFFAOYSA-N,False,False,0.765625
P53350_CHEMBL5414912,PGTFEOIGONAMRM-UHFFFAOYSA-N,False,False,0.909909904
P53350_CHEMBL5403903,IILBQLFZZMUWAA-UHFFFAOYSA-N,False,False,0.909909904
P53350_CHEMBL5440440,PVTVHNBVKKESBO-UHFFFAOYSA-N,False,False,0.9009009
P53350_CHEMBL5406356,MRIHJRDMWTWBBJ-UHFFFAOYSA-N,False,False,0.883928597
P53350_CHEMBL5440332,HLXZWTDLTOPFFS-UHFFFAOYSA-N,False,False,0.904347837
P53350_CHEMBL5403604,YLVGLAFEPVMTMZ-UHFFFAOYSA-N,False,False,0.904347837
P53350_CHEMBL5420142,FTRMYQQVSZDVEY-UHFFFAOYSA-N,False,False,0.904347837
P53350_CHEMBL5434663,NPOKVSCCTXUXCZ-UHFFFAOYSA-N,False,False,0.904347837
P53350_CHEMBL5393910,PSCPGTAHFDVFPX-UHFFFAOYSA-N,False,False,0.960396051
P53350_CHEMBL5403446,UEBLZSXSCDJPDA-JOCHJYFZSA-N,False,False,0.616279066
P53350_CHEMBL5410968,INSOERIUGCDMID-HXUWFJFHSA-N,False,False,0.637499988
P53350_CHEMBL5412127,BECCYBZVBSCVDH-JOCHJYFZSA-N,False,False,0.662337661
P53350_CHEMBL5421238,DQDVRWIYUXKYQR-HSZRJFAPSA-N,False,False,0.692307711
P53350_CHEMBL5434467,ZANSQRVTKCXEOP-JOCHJYFZSA-N,False,False,0.611764729
P53350_CHEMBL5418320,BGPJKNPJQSLQTE-XMMPIXPASA-N,False,False,0.597701132
P53350_CHEMBL5408013,BLOOVKYIUMFKLC-HSZRJFAPSA-N,False,False,0.597701132
P53350_CHEMBL5402704,MIRVHAMRCDOLJQ-PIFIWZBESA-N,False,False,0.577777803
P53350_CHEMBL5408583,NLLBMFZASOCLIF-JOCHJYFZSA-N,False,False,0.619047642
P53350_CHEMBL5395241,RGLDTELFIMHCAY-HSZRJFAPSA-N,False,False,0.6179775
P53350_CHEMBL5402431,LQPBRMWKFJKVSW-JTHBVZDNSA-N,False,False,0.584269643
P53350_CHEMBL5402922,MQTVRTKADRPRCF-XMMPIXPASA-N,False,False,0.584269643
P53350_CHEMBL5405036,AGPXNBSUAVZEBN-RUZDIDTESA-N,False,False,0.485148519
P53350_CHEMBL5422245,VBYSCQVUJACHHJ-AREMUKBSSA-N,False,False,0.480392158
P53350_CHEMBL5426693,MCDYUDVJKXYKNA-RUZDIDTESA-N,False,False,0.560000002
P53350_CHEMBL5430428,FHOHNZUUIVYNKQ-XMMPIXPASA-N,False,False,0.495412856
P53350_CHEMBL5437467,NHKAFPBCWTVDHF-RUZDIDTESA-N,False,False,0.577777803
P53350_CHEMBL5415794,HYBJJIWZOKSTHG-HSZRJFAPSA-N,False,False,0.630952358
P53350_CHEMBL5410310,GYZIZQNRYSAHLB-HHHXNRCGSA-N,False,False,0.597701132
P53350_CHEMBL5422930,NXQOLMGRMCDKAS-XMMPIXPASA-N,False,False,0.604651153
P53350_CHEMBL5417441,DFHYGDMTHXOWJZ-XMMPIXPASA-N,False,False,0.590909064
P53350_CHEMBL5417454,QDYSUCFDCGSSEQ-HSZRJFAPSA-N,False,False,0.577777803
P53350_CHEMBL5428017,WDAZXJBJHQKRNA-JOCHJYFZSA-N,False,False,0.590909064
P53350_CHEMBL5440739,VEUMTIQGKUVYJM-JOCHJYFZSA-N,False,False,0.590909064
P53350_CHEMBL5412529,UBHSIXJDGMNJFU-JXALWOEJSA-N,False,False,0.577777803
P53350_CHEMBL5409700,COKMLSIYYSUCIR-JOCHJYFZSA-N,False,False,0.619047642
P53350_CHEMBL5428087,FRIZQAUPYMDOBS-HSZRJFAPSA-N,False,False,0.604651153
P53350_CHEMBL5403358,HHZMJLZHVLBSKE-JOCHJYFZSA-N,False,False,0.626506031
P53350_CHEMBL5426964,YCNMRNSZEJLPCH-HSZRJFAPSA-N,False,False,0.625
P53350_CHEMBL5427957,FBULVHVJQISAMG-JTHBVZDNSA-N,False,False,0.590909064
P53350_CHEMBL5438409,PIFGWPSMJFVPFI-XMMPIXPASA-N,False,False,0.590909064
P53350_CHEMBL5403473,YXXGXTGIMJQZFA-RUZDIDTESA-N,False,False,0.591397822
P53350_CHEMBL5406467,YPKNIQOOBNDEBF-AREMUKBSSA-N,False,False,0.485148519
P53350_CHEMBL5437723,HYADALKUILXFKH-XMMPIXPASA-N,False,False,0.5
P53350_CHEMBL5419367,RUHXXMHOKIHJKY-HSZRJFAPSA-N,False,False,0.638554215
P53350_CHEMBL5394764,GVQYCXUWKTZCKO-XMMPIXPASA-N,False,False,0.597701132
P53350_CHEMBL5401381,QKXLHLCDBNXSBT-HSZRJFAPSA-N,False,False,0.584269643
P53350_CHEMBL5418129,BQOVFHDJHUGBES-JOCHJYFZSA-N,False,False,0.597701132
P53350_CHEMBL5417495,JSZIMXVEMYQOJI-HSZRJFAPSA-N,False,False,0.597826064
P53350_CHEMBL5421723,NHRDZMBJEDCSLY-JOCHJYFZSA-N,False,False,0.550561786
P53350_CHEMBL5408776,ACASXOCRQAMKNU-HSZRJFAPSA-N,False,False,0.49494949
P53350_CHEMBL5415796,GGVHAVDTMKMLJT-XMMPIXPASA-N,False,False,0.49000001
P53350_CHEMBL5400502,HJVLRYLCWZPLEP-XMMPIXPASA-N,False,False,0.553191483
P53350_CHEMBL5409453,KZQUEDZXRXCNKM-JOCHJYFZSA-N,False,False,0.509433985
P53350_CHEMBL5395480,BEILSCWVGFIDJL-JOCHJYFZSA-N,False,False,0.609195411
P53350_CHEMBL5398977,SVUXDKXAQKMLIM-JOCHJYFZSA-N,False,False,0.597701132
P53350_CHEMBL5429440,LBAXGISUFHVKPW-JXALWOEJSA-N,False,False,0.584269643
P53350_CHEMBL5422122,OSBPICGFSLCYPI-OAQYLSRUSA-N,False,False,0.632183909
P53350_CHEMBL5416208,FPKFEJQELSGORT-HSZRJFAPSA-N,False,False,0.651162803
P53350_CHEMBL5438707,VIWFGOHUMHLUTJ-LJQANCHMSA-N,False,False,0.638554215
P53350_CHEMBL5439937,DEGJXEBDPRUGAW-JOCHJYFZSA-N,False,False,0.620689631
P53350_CHEMBL5404388,YBDPCQOHDIWBHK-OAQYLSRUSA-N,False,False,0.606741548
P53350_CHEMBL5401755,RGGAMSLOYJZUBD-JOCHJYFZSA-N,False,False,0.620689631
P53350_CHEMBL5434561,ABPDFJOBKRDVFF-OAQYLSRUSA-N,False,False,0.6506024
P53350_CHEMBL5395023,RYSXBYPXSXGPSK-JOCHJYFZSA-N,False,False,0.642857134
P53350_CHEMBL5402308,NVXUTLJJGPPKOI-JOCHJYFZSA-N,False,False,0.600000024
P53350_CHEMBL5433401,PDXZYNCBHFJSRH-RBBKRZOGSA-N,False,False,0.600000024
P53350_CHEMBL5412655,VDXLYKVAONWVIG-JOCHJYFZSA-N,False,False,0.67469877
P53350_CHEMBL5438696,KLLIUCXKASRYDQ-AREMUKBSSA-N,False,False,0.627906978
P53350_CHEMBL5400707,NRGJJWAGEVENNQ-HSZRJFAPSA-N,False,False,0.635294139
P53350_CHEMBL5416239,ODLCOFODIJFOOZ-RUZDIDTESA-N,False,False,0.613636374
P53350_CHEMBL5394854,SAQASCKESUSWCM-HSZRJFAPSA-N,False,False,0.613636374
P53350_CHEMBL5429110,GKIDKQUOZUBMNT-OAQYLSRUSA-N,False,False,0.620689631
P53350_CHEMBL5426743,JCALTRUJZUJVNM-OAQYLSRUSA-N,False,False,0.627906978
P53350_CHEMBL5435649,KWQBQLFHHAOBPA-SELNLUPBSA-N,False,False,0.595505595
P53350_CHEMBL5430202,YAHKLZWRTFAXGN-HXUWFJFHSA-N,False,False,0.642857134
P53350_CHEMBL5419732,PTTXNZJXZIHFHY-OAQYLSRUSA-N,False,False,0.65476191
P53350_CHEMBL5437785,QXNQNDZURHUASP-JOCHJYFZSA-N,False,False,0.662650585
P53350_CHEMBL5421113,NXDKPIQNQHYTBJ-HSZRJFAPSA-N,False,False,0.678571403
P53350_CHEMBL5396078,SMGYMGPXTAUBHS-OAQYLSRUSA-N,False,False,0.635294139
P53350_CHEMBL5423798,QGLYEWQFIDVIRT-LJQANCHMSA-N,False,False,0.6506024
P53350_CHEMBL5426933,AVLIEIWCEPEJNY-JOCHJYFZSA-N,False,False,0.620689631
P53350_CHEMBL5423881,OQLSZBLXFINUFG-JOCHJYFZSA-N,False,False,0.632183909
P53350_CHEMBL5435085,XSTRJMHOLBBWNN-JOCHJYFZSA-N,False,False,0.600000024
P53350_CHEMBL5433215,JKLDGJMBOMYKLA-RBBKRZOGSA-N,False,False,0.611111104
P53350_CHEMBL5405803,XGCKMZYZRHDEBU-JOCHJYFZSA-N,False,False,0.67469877
P53350_CHEMBL5440471,PXIVJKRPGLBHPH-HSZRJFAPSA-N,False,False,0.635294139
P53350_CHEMBL5415945,ZAWVYSMIKFNSAS-HSZRJFAPSA-N,False,False,0.625
P53350_CHEMBL5426079,SFYYLBLKRNQYSN-OAQYLSRUSA-N,False,False,0.631578922
P53350_CHEMBL5398211,HUJFVKRNWZXTGC-SELNLUPBSA-N,False,False,0.606741548
P53350_CHEMBL5399905,FHNKQPBVTRYIOB-HSZRJFAPSA-N,False,False,0.689655185
P53350_CHEMBL5413543,IBHXQUPAKHOLCH-JOCHJYFZSA-N,False,False,0.682926834
P53350_CHEMBL5437669,DWDZLNLDCMCRMS-HSZRJFAPSA-N,False,False,0.641025662
P53779_CHEMBL5406652,PDYKBILIDFANAY-PEZBUJJGSA-N,False,False,0.603174627
P53779_CHEMBL5399045,YAWLAARHXPCHIG-ZZEZOPTASA-N,False,False,0.554054081
P53779_CHEMBL5440695,CTDJLPCGMPZAIH-VZCXRCSSSA-N,False,False,0.539473712
P53779_CHEMBL5411160,QWBLRTCRXZETHI-MUMRKEEXSA-N,False,False,0.67469877
P53779_CHEMBL5438506,WEGMIRDEVYCIQA-QRWMCTBCSA-N,False,False,0.716049373
P53779_CHEMBL5429577,QWBLRTCRXZETHI-GGYWPGCISA-N,False,False,0.67469877
P53779_CHEMBL5402048,WEGMIRDEVYCIQA-ZVAWYAOSSA-N,False,False,0.716049373
P53779_CHEMBL5399618,NJDOTNDYLDZVQF-MUMRKEEXSA-N,False,False,0.526881695
P53779_CHEMBL5426262,AEWBSJTXVXLCAY-QRWMCTBCSA-N,False,False,0.54838711
P53779_CHEMBL5436272,NJDOTNDYLDZVQF-GGYWPGCISA-N,False,False,0.526881695
P53779_CHEMBL5398830,AEWBSJTXVXLCAY-ZVAWYAOSSA-N,False,False,0.54838711
P53779_CHEMBL5414227,NRHCAWSLJCINNX-FOIFJWKZSA-N,False,False,0.521276593
P53779_CHEMBL5401605,JWMSFDMVSCIHAH-BPGUCPLFSA-N,False,False,0.559139788
P53779_CHEMBL5431146,NRHCAWSLJCINNX-KEKNWZKVSA-N,False,False,0.521276593
P53779_CHEMBL5428039,JWMSFDMVSCIHAH-LBAQZLPGSA-N,False,False,0.559139788
P53779_CHEMBL5431060,WENOAQSVDGOFKK-GFOWMXPYSA-N,False,False,0.538461566
P53779_CHEMBL5416188,RKBAKKFIGMZCDD-MUMRKEEXSA-N,False,False,0.560439587
P53779_CHEMBL5413870,WENOAQSVDGOFKK-ANYOKISRSA-N,False,False,0.538461566
P53779_CHEMBL5439571,RKBAKKFIGMZCDD-GGYWPGCISA-N,False,False,0.560439587
P53779_CHEMBL5401511,SGYOIXNBCYRZBZ-WUBHUQEYSA-N,False,False,0.69135803
P53779_CHEMBL5405705,VHSDKELMOZIECC-XMMISQBUSA-N,False,False,0.626506031
P53779_CHEMBL5436023,SGYOIXNBCYRZBZ-BBMPLOMVSA-N,False,False,0.69135803
P53779_CHEMBL5403970,VHSDKELMOZIECC-CGAIIQECSA-N,False,False,0.626506031
P53779_CHEMBL5415503,RONKBVWJPIOCJX-WJOKGBTCSA-N,False,False,0.482456148
P53779_CHEMBL5422182,OFFCXFOCWNSHBO-VLGSPTGOSA-N,False,False,0.550724626
P53779_CHEMBL5422757,WIFPAZVPCCTHDD-ZPHPHTNESA-N,False,False,0.535211265
P53779_CHEMBL5419547,OLNKDQHOYPRFIN-PEZBUJJGSA-N,False,False,0.629032254
P53779_CHEMBL5432203,UKWLGNHJPRCBDE-ZZEZOPTASA-N,False,False,0.520547926
P53779_CHEMBL5407304,NSIWBUXAHFTGLV-UHFFFAOYSA-N,False,False,0.61403507
P53779_CHEMBL5424892,KDAMBQMCWSCLEM-QRWMCTBCSA-N,False,False,0.699999988
P53779_CHEMBL5436510,AWIMCQNUPFHNLK-ZYMOGRSISA-N,False,False,0.743589759
P53779_CHEMBL5408675,KDAMBQMCWSCLEM-ZVAWYAOSSA-N,False,False,0.699999988
P53779_CHEMBL5412347,AWIMCQNUPFHNLK-DJNXLDHESA-N,False,False,0.743589759
P53779_CHEMBL5423272,DLUZWUITPRGWCU-QRWMCTBCSA-N,False,False,0.544444442
P53779_CHEMBL5425684,JMTMKDYFYPOURD-ZYMOGRSISA-N,False,False,0.566666663
P53779_CHEMBL5433276,DLUZWUITPRGWCU-ZVAWYAOSSA-N,False,False,0.544444442
P53779_CHEMBL5415588,JMTMKDYFYPOURD-DJNXLDHESA-N,False,False,0.566666663
P53779_CHEMBL5423313,ZHQZAFCOCGENSL-QRWMCTBCSA-N,False,False,0.586206913
P53779_CHEMBL5406704,ZHQZAFCOCGENSL-ZVAWYAOSSA-N,False,False,0.586206913
P53779_CHEMBL5424946,VSVFDMDYNXAZHL-XMMISQBUSA-N,False,False,0.717948735
P53779_CHEMBL5423620,VSVFDMDYNXAZHL-CGAIIQECSA-N,False,False,0.717948735
P53779_CHEMBL5404265,FVZSQWNXOQJHRD-UHFFFAOYSA-N,False,False,0.566666663
P53779_CHEMBL5408918,OETUTKPEMSQCPX-UHFFFAOYSA-N,False,False,0.714285731
P53779_CHEMBL5423835,GCJVGFJBPVRHGF-PFONDFGASA-N,False,False,0.740740716
P53779_CHEMBL5405861,SSORSZACHCNXSJ-LLVKDONJSA-N,False,False,0.50666666
P53779_CHEMBL5409831,BAHBVVGCFLNSRU-CYBMUJFWSA-N,False,False,0.376470596
P53779_CHEMBL5425080,DILISPNYIVRDBP-OAHLLOKOSA-N,False,False,0.514285743
P53779_CHEMBL5411375,MJANGTUIFKVXII-UHFFFAOYSA-N,False,False,0.469696969
P53779_CHEMBL5410441,SXNXSYJPLDULBA-UHFFFAOYSA-N,False,False,0.445945948
P53779_CHEMBL5426038,ZBYLQSZLVTVKFT-SQFISAMPSA-N,False,False,0.689655185
P53779_CHEMBL5398682,PBPXAHDTNPOCTO-UHFFFAOYSA-N,False,False,0.452054799
P53779_CHEMBL5416681,AMJPALGZWXBOKQ-KRWDZBQOSA-N,False,False,0.563218415
P53779_CHEMBL5405404,FKBQOEJUXLTCGJ-FQEVSTJZSA-N,False,False,0.556818187
P53779_CHEMBL5394033,MIFPZJRPCSILQA-HSZRJFAPSA-N,False,False,0.74666667
P53779_CHEMBL5429268,TXIPVVLKTCCGPA-FQEVSTJZSA-N,False,False,0.61728394
P53779_CHEMBL5396830,CCXKVTIVNJHHRW-KPQWGBOZSA-N,False,False,0.494505495
P53779_CHEMBL5439223,MJIKEHGGMHYXFN-PELRDEGISA-N,False,False,0.494505495
P53779_CHEMBL5398642,MKHLHLAXBRMALM-ZYMOGRSISA-N,False,False,0.743589759
P53779_CHEMBL5420339,RBPCHHCRWJKFEW-OEMAIJDKSA-N,False,False,0.810810804
P53779_CHEMBL5423677,RBPCHHCRWJKFEW-LYKKTTPLSA-N,False,False,0.810810804
P53779_CHEMBL5403762,XKYYEKJWALXUHB-ZYMOGRSISA-N,False,False,0.566666663
P53779_CHEMBL5397833,SXQDTTHBQYQAML-OEMAIJDKSA-N,False,False,0.616279066
P53779_CHEMBL5425334,XKYYEKJWALXUHB-DJNXLDHESA-N,False,False,0.566666663
P53779_CHEMBL5410846,SXQDTTHBQYQAML-LYKKTTPLSA-N,False,False,0.616279066
P53779_CHEMBL5419594,RAZYKDWHVGAGCG-GFOWMXPYSA-N,False,False,0.566666663
P53779_CHEMBL5418507,SENNPTARPYDLDL-MUMRKEEXSA-N,False,False,0.616279066
P53779_CHEMBL5435809,RAZYKDWHVGAGCG-ANYOKISRSA-N,False,False,0.566666663
P53779_CHEMBL5424108,SENNPTARPYDLDL-GGYWPGCISA-N,False,False,0.616279066
P53779_CHEMBL5427166,NUZKAZXBJGHDQU-QRWMCTBCSA-N,False,False,0.579545438
P53779_CHEMBL5422901,HTKZVRGBBRJGKS-ZYMOGRSISA-N,False,False,0.630952358
P53779_CHEMBL5401592,NUZKAZXBJGHDQU-ZVAWYAOSSA-N,False,False,0.579545438
P53779_CHEMBL5407257,HTKZVRGBBRJGKS-DJNXLDHESA-N,False,False,0.630952358
P53779_CHEMBL5430858,ZPUSWRDJKBKBRX-OZAIVSQSSA-N,False,False,0.736842096
P53779_CHEMBL5395372,LIJMACARAIRPNI-FOIFJWKZSA-N,False,False,0.666666687
P53779_CHEMBL5399794,ZPUSWRDJKBKBRX-WCSIJFPASA-N,False,False,0.736842096
P53779_CHEMBL5436937,LIJMACARAIRPNI-KEKNWZKVSA-N,False,False,0.666666687
P53779_CHEMBL5408056,IGZDNHCOKONAHO-SFHVURJKSA-N,False,False,0.658536613
P53779_CHEMBL5430912,PLVJKHRAOBBOKV-QFIPXVFZSA-N,False,False,0.77922076
P53779_CHEMBL5401113,SLSRJBMKFQMNIZ-VZCXRCSSSA-N,False,False,0.513513505
P53779_CHEMBL5429870,HAQKOCWOSGWGQX-ZZEZOPTASA-N,False,False,0.527777791
P53779_CHEMBL5440479,MADDYGYPZCGUCY-VZCXRCSSSA-N,False,False,0.520547926
P53779_CHEMBL5410090,JAUYTWRAVONHPV-UHFFFAOYSA-N,False,False,0.527272701
P53779_CHEMBL5437898,BEDUACGTRWXVSQ-UHFFFAOYSA-N,False,False,0.519999981
P53779_CHEMBL5410780,MJGBRGSHGLPVGC-UHFFFAOYSA-N,False,False,0.521739125
P53779_CHEMBL5439708,LSOFLHQCDMMLMZ-UHFFFAOYSA-N,False,False,0.478873253
P53779_CHEMBL5424933,LGTPWTYCLIUZDG-UHFFFAOYSA-N,False,False,0.789473712
P53779_CHEMBL5423218,GHGXSDVJGRMPNW-UHFFFAOYSA-N,False,False,0.699999988
P53779_CHEMBL5437251,UPCWGTJPYHDONE-UHFFFAOYSA-N,False,False,0.509433985
P53779_CHEMBL5435391,RSZGRUMBBTYYRX-UHFFFAOYSA-N,False,False,0.5
P53779_CHEMBL5397816,WCQUWTXTZOPQFM-UHFFFAOYSA-N,False,False,0.539682567
P53779_CHEMBL5433156,XKIKDFIXLTWCTJ-UHFFFAOYSA-N,False,False,0.581818163
P53779_CHEMBL5403784,VRKFYQLAODZAOS-UHFFFAOYSA-N,False,False,0.448717952
P53779_CHEMBL5425117,XMVNHIKDSPHXHN-UHFFFAOYSA-N,False,False,0.465517253
P53779_CHEMBL5434519,OAUJODNVYVGTTQ-UHFFFAOYSA-N,False,False,0.466666669
P53779_CHEMBL5419083,KLKPEJVMWOZNHE-UHFFFAOYSA-N,False,False,0.466666669
P53779_CHEMBL5434537,XDYWYBAEEPSNKN-UHFFFAOYSA-N,False,False,0.456790119
P53779_CHEMBL5397012,CCMUJIWAGVVGIC-UHFFFAOYSA-N,False,False,0.506024122
P53779_CHEMBL5405579,NTJFLAXLULPZGW-UHFFFAOYSA-N,False,False,0.516666651
P53779_CHEMBL5432287,JKFNMNMCQLLOFP-UHFFFAOYSA-N,False,False,0.507042229
P53779_CHEMBL5427329,DRGFAWLVGCPPFJ-UHFFFAOYSA-N,False,False,0.46875
P53779_CHEMBL5405264,ZMWPFJSKCJXGAB-UHFFFAOYSA-N,False,False,0.535714269
P53779_CHEMBL5437584,RQXOBEACGPLPRY-UHFFFAOYSA-N,False,False,0.50746268
P53779_CHEMBL5408361,CNSIUPYEQHVGRR-UHFFFAOYSA-N,False,False,0.454545468
P53779_CHEMBL5439566,YOTHJPUIPYRPFD-UHFFFAOYSA-N,False,False,0.550724626
P53779_CHEMBL5438169,IFXXKSVBTLDWFT-UHFFFAOYSA-N,False,False,0.507692337
P53779_CHEMBL5403120,RJIMEPJVFAMBOJ-UHFFFAOYSA-N,False,False,0.528571427
P53779_CHEMBL5428091,SKIFOJYEVRCUQM-UHFFFAOYSA-N,False,False,0.555555582
P53779_CHEMBL5423687,WMSBSYSDWXPOPA-UHFFFAOYSA-N,False,False,0.558823526
P53779_CHEMBL5441132,KOQCWERCYVNNMZ-UHFFFAOYSA-N,False,False,0.439999998
P53779_CHEMBL5432496,JAAQEHMAOLJNIX-UHFFFAOYSA-N,False,False,0.5
P53779_CHEMBL5415366,YXDDCQAOJIJVSR-UHFFFAOYSA-N,False,False,0.538461566
P53779_CHEMBL5431122,GQQCWIUXTFMAMB-UHFFFAOYSA-N,False,False,0.492753625
P53779_CHEMBL5437979,KTTWSSMXJLFPRO-UHFFFAOYSA-N,False,False,0.465517253
P53779_CHEMBL5441124,SMQPNHQJKKSXPI-UHFFFAOYSA-N,False,False,0.484848499
P53779_CHEMBL5431131,YLDWFCDDMIXETM-UHFFFAOYSA-N,False,False,0.484848499
P53779_CHEMBL5436019,VSTFNYDDIQDCQW-UHFFFAOYSA-N,False,False,0.61403507
P53779_CHEMBL5413463,FNIGCDUNZTWIER-UHFFFAOYSA-N,False,False,0.566037714
P53779_CHEMBL5428502,XLNVWSCPZSVIAA-UHFFFAOYSA-N,False,False,0.5
P53779_CHEMBL5413820,KQJLZRGTGDJVEX-UHFFFAOYSA-N,False,False,0.566037714
P53779_CHEMBL5432722,KBBWQAVHMLMHLD-UHFFFAOYSA-N,False,False,0.5
P53779_CHEMBL5433711,IOGSYIHQPWVGBW-UHFFFAOYSA-N,False,False,0.455882341
P53779_CHEMBL5434414,FLQZFIPSOPQSBJ-UHFFFAOYSA-N,False,False,0.467532456
P53779_CHEMBL5411091,YOVBTRPZOBDNKQ-UHFFFAOYSA-N,False,False,0.5
P53779_CHEMBL5425539,YHVJCKVTHDFYBX-UHFFFAOYSA-N,False,False,0.5
P53779_CHEMBL5432224,CMCTUXOATJSCMW-UHFFFAOYSA-N,False,False,0.467532456
P53779_CHEMBL5398897,IBTCZBCHZHAGDF-UHFFFAOYSA-N,False,False,0.5
P53779_CHEMBL5393904,ZECOHPFWGOCWLO-UHFFFAOYSA-N,False,False,0.557142854
P53779_CHEMBL5409834,PXZCTWSWOQQVIZ-UHFFFAOYSA-N,False,False,0.534246564
P53779_CHEMBL5436859,ZJZIIHLMUAHIIA-UHFFFAOYSA-N,False,False,0.534246564
P53779_CHEMBL5403866,PKFJQMMDRBHBBY-UHFFFAOYSA-N,False,False,0.459459454
P53779_CHEMBL5407894,ZBJILMPGEWOIDA-UHFFFAOYSA-N,False,False,0.515625
P53779_CHEMBL5439622,TYXRUUASBLANFA-UHFFFAOYSA-N,False,False,0.492753625
P53779_CHEMBL5402580,MZCCPKGFXCDFHS-UHFFFAOYSA-N,False,False,0.513888896
P53779_CHEMBL5414065,GKMWUZZXHNTHJN-UHFFFAOYSA-N,False,False,0.515151501
P53779_CHEMBL5436065,OHTSQSOQYWMGMU-UHFFFAOYSA-N,False,False,0.485294104
P53779_CHEMBL5440610,PEAPUMUJMZNUAV-UHFFFAOYSA-N,False,False,0.529411793
P53779_CHEMBL5439929,HJJSEANNATVFNW-UHFFFAOYSA-N,False,False,0.333333343
P53779_CHEMBL5419312,GPLWGFPWJPSOBO-KAMYIIQDSA-N,False,False,0.703703701
P53779_CHEMBL5426371,QVOSGHYQVHVFNH-OWBHPGMISA-N,False,False,0.784313738
P53779_CHEMBL5423129,HLAAXETVYJLJDI-OWBHPGMISA-N,False,False,0.627118647
P53779_CHEMBL5404244,LAGVCSVOTSETDO-OWBHPGMISA-N,False,False,0.729166687
P53779_CHEMBL5426261,GYCGVQRHVFYVEK-YPKPFQOOSA-N,False,False,0.779999971
P53779_CHEMBL5402716,WIRYPTJCDMKAIN-OWBHPGMISA-N,False,False,0.672727287
P53779_CHEMBL5416936,RILZQDMICBCVCA-OWBHPGMISA-N,False,False,0.843137264
P53779_CHEMBL5406765,JGZUWKWACANJOH-OWBHPGMISA-N,False,False,0.690909088
P53779_CHEMBL5429978,BDHPKQZHHUVMNC-VLGSPTGOSA-N,False,False,0.560606062
P53779_CHEMBL5395599,PUIUPDZARFUUHO-OWBHPGMISA-N,False,False,0.634920657
P53779_CHEMBL5426713,BGVLHDSLWIGMBY-OWBHPGMISA-N,False,False,0.843137264
P53779_CHEMBL5421436,POWJOCBYAWOKND-OWBHPGMISA-N,False,False,0.773584902
P53779_CHEMBL5410221,CRUAHXHFDXQJTM-OWBHPGMISA-N,False,False,0.735849082
P53779_CHEMBL5416863,LZUQNBVAKVGMIG-YPKPFQOOSA-N,False,False,0.811320782
P53779_CHEMBL5408939,AIFUDKGTKISRNV-YPKPFQOOSA-N,False,False,0.800000012
P53779_CHEMBL5420689,JAWKETQLYUVQEK-YPKPFQOOSA-N,False,False,0.784313738
P53779_CHEMBL5407582,SMQDMUJQSUPOLB-YPKPFQOOSA-N,False,False,0.714285731
P53779_CHEMBL5405724,CWCAAHDFSQUHPZ-YPKPFQOOSA-N,False,False,0.808510661
P53779_CHEMBL5410150,UVNDJWNGZFNHKD-YPKPFQOOSA-N,False,False,0.703703701
P53779_CHEMBL5439177,RMOYNGSHDNLYOR-YPKPFQOOSA-N,False,False,0.800000012
P53779_CHEMBL5430890,DUHHHOBMKXPPPP-YPKPFQOOSA-N,False,False,0.714285731
P53779_CHEMBL5410493,BXSCAZNZCUPHEP-YPKPFQOOSA-N,False,False,0.788461566
Q00987_CHEMBL5430787,AUGFYXYOVBERIH-UHFFFAOYSA-N,False,False,0.430769235
Q00987_CHEMBL5415331,XVIHVXMWBXWGEA-DFBULROASA-N,False,False,0.95348835
Q00987_CHEMBL5439046,ALZYGOCWUAGMMY-BRNADKDGSA-N,False,False,0.977611959
Q00987_CHEMBL5400500,IHPSXZQBUYPFCW-UHFFFAOYSA-N,False,False,0.431818187
Q00987_CHEMBL5425065,ZAPBZKBLKRCOOA-NOXCEVAXSA-N,False,False,0.5
Q00987_CHEMBL5395151,ZAPBZKBLKRCOOA-NGHPCPEPSA-N,False,False,0.5
Q00987_CHEMBL5410760,ZAPBZKBLKRCOOA-DZWHKMBNSA-N,False,False,0.5
Q00987_CHEMBL5405147,IEDYKXIAONMXIM-JNHBBQSGSA-N,False,False,0.579999983
Q00987_CHEMBL5403772,LPLSXPSLBPAZCA-JNHBBQSGSA-N,False,False,0.519230783
Q00987_CHEMBL5413376,ZRDNPEUOPQHDIO-QGHWIGIDSA-N,False,False,0.591836751
Q00987_CHEMBL5405110,STMWXPZBSNCMIH-QGHWIGIDSA-N,False,False,0.529411793
Q00987_CHEMBL5437839,NCOGAYWUUOMMOT-UHFFFAOYSA-N,False,False,0.424657524
Q00987_CHEMBL5400878,HNLQWZJAYNTRCP-MKYOLNSUSA-N,False,False,0.479999989
Q00987_CHEMBL5406959,YKZLJNUAIUUUBR-IANDGLOUSA-N,False,False,0.466019422
Q00987_CHEMBL5436528,VFWPTBLHVAKSDF-HNZCNSHZSA-N,False,False,0.519999981
Q00987_CHEMBL5438520,DDFMERDYHWVZDV-HNZCNSHZSA-N,False,False,0.604166687
Q00987_CHEMBL5431530,QSZIZWHABNDXOK-MKYOLNSUSA-N,False,False,0.490196079
Q00987_CHEMBL5395046,CAASPMRVZUIUHV-HNZCNSHZSA-N,False,False,0.540000021
Q00987_CHEMBL5398827,RHJDRQANIQSVFG-IANDGLOUSA-N,False,False,0.466019422
Q00987_CHEMBL5394717,UYGIJFXVKWOFNK-MKYOLNSUSA-N,False,False,0.515151501
Q00987_CHEMBL5403609,ZYPVPNMCWQOTCC-MKYOLNSUSA-N,False,False,0.504950523
Q00987_CHEMBL5423147,RHJXGCAFKFZCLB-HNZCNSHZSA-N,False,False,0.495412856
Q00987_CHEMBL5408617,AJQDQXYTMUFRRF-NBJHOTSESA-N,False,False,0.490196079
Q00987_CHEMBL5430850,WZJUTDURUQJHRV-PQQNNWGCSA-N,False,False,0.848101258
Q00987_CHEMBL5434688,SZQXENQHQCOWJE-NKDIEPNFSA-N,False,False,0.489051104
Q00987_CHEMBL5426939,AOHYGLVYDHZUJK-UHFFFAOYSA-N,False,False,0.458823532
Q00987_CHEMBL5440363,ZPQMJWAPZQDKRB-ULWUHOHFSA-N,False,False,0.67032969
Q00987_CHEMBL5413250,QTYBOOSILQXQQT-OUKQBFOZSA-N,False,False,0.42592594
Q00987_CHEMBL5407048,JQISSLWFXJWBAV-UHFFFAOYSA-N,False,False,0.412698418
Q00987_CHEMBL5439641,MJXDQMPONCTWAM-UHFFFAOYSA-N,False,False,0.381578952
Q00987_CHEMBL5395339,LJIIXLYZLDHBJU-UHFFFAOYSA-N,False,False,0.400000006
Q00987_CHEMBL5400761,FOJBUJQMVNWIIV-UHFFFAOYSA-N,False,False,0.423728824
Q00987_CHEMBL5396791,WWRMHOUDRPTEIJ-UHFFFAOYSA-N,False,False,0.476190478
Q00987_CHEMBL5405392,FAIRLZFXBHHFDY-QZIGDIDDSA-N,False,False,0.611111104
Q00987_CHEMBL5423725,RTFYBTTUWIIJAS-QZIGDIDDSA-N,False,False,0.589473665
Q00987_CHEMBL5433398,JNQWGJBQEUVYPV-PJGOFDOSSA-N,False,False,0.591397822
Q00987_CHEMBL5414460,IFWDFAOQSYOSFH-LJQIRTBHSA-N,False,False,0.662921369
Q00987_CHEMBL5404903,CTRJCMDYSUHZCI-QZIGDIDDSA-N,False,False,0.619565189
Q00987_CHEMBL5424005,LVUBVNZTMIPTKB-LJQIRTBHSA-N,False,False,0.685393274
Q00987_CHEMBL5405535,QFJZCGUFJQNVTK-QZIGDIDDSA-N,False,False,0.593406618
Q00987_CHEMBL5411415,RNJLHNATDYXUDR-QZIGDIDDSA-N,False,False,0.753086448
Q00987_CHEMBL5425619,GDEDLUGXYVYGGS-QZIGDIDDSA-N,False,False,0.759036124
Q00987_CHEMBL5403414,GVPGYQYFZIEHJU-LJQIRTBHSA-N,False,False,0.839506149
Q00987_CHEMBL5438048,AAGXKXMEGGPOIV-QZIGDIDDSA-N,False,False,0.837499976
Q00987_CHEMBL5402026,JAUCTTOPFSFTQT-QZIGDIDDSA-N,False,False,0.810126603
Q00987_CHEMBL5430636,LXCKHDAPYQUUAL-QZIGDIDDSA-N,False,False,0.790123463
Q00987_CHEMBL5417541,QPQCSMOYZYMLEP-QZIGDIDDSA-N,False,False,0.767441869
Q00987_CHEMBL5400925,IGTGOKWCKVJTMF-PJGOFDOSSA-N,False,False,0.785714269
Q00987_CHEMBL5394822,KQHNSALOIYLNQI-QZIGDIDDSA-N,False,False,0.814814806
Q00987_CHEMBL5415765,VLWYISNAQGGZPS-LJQIRTBHSA-N,False,False,0.898734152
Q00987_CHEMBL5413325,QYBTYRKQNXDCKQ-QZIGDIDDSA-N,False,False,0.795180738
Q00987_CHEMBL5413534,CWBBWGAANNANLJ-LJQIRTBHSA-N,False,False,0.910256386
Q00987_CHEMBL5397420,KJKPPWDQIYGDKU-QZIGDIDDSA-N,False,False,0.897435904
Q00987_CHEMBL5396529,JWOPLFZFIUDEON-QZIGDIDDSA-N,False,False,0.860759497
Q00987_CHEMBL5402394,XWQWSVNMTNZUMN-ULWUHOHFSA-N,False,False,0.617021263
Q00987_CHEMBL5421232,ITYKWNHAABEFLF-ULWUHOHFSA-N,False,False,0.551020384
Q00987_CHEMBL5422314,JSMFAUCTJUJUJF-UHFFFAOYSA-N,False,False,0.470588237
Q00987_CHEMBL5433819,FKULEFQVZKNARA-UHFFFAOYSA-N,False,False,0.476923078
Q00987_CHEMBL5411406,KYXMMLMMTYHZKI-UHFFFAOYSA-N,False,False,0.435483873
Q00987_CHEMBL5441014,HXVNIXFBVHOTNH-PJGOFDOSSA-N,False,False,0.591397822
Q00987_CHEMBL5421177,NBYBNLXKIUYRBI-PJGOFDOSSA-N,False,False,0.785714269
Q00987_CHEMBL5426013,RAOVTRXMAZMBQP-UHFFFAOYSA-N,False,False,0.410714298
Q00987_CHEMBL5419081,AMMMTSXRCODCEK-UHFFFAOYSA-N,False,False,0.407407403
Q00987_CHEMBL5416506,XAYFFDDNHGRLDB-UHFFFAOYSA-N,False,False,0.462962955
Q00987_CHEMBL5417713,MJTVUWRKXUZRDZ-UHFFFAOYSA-N,False,False,0.462686568
Q00987_CHEMBL5418384,ABRURZQTWWTXMD-VAWYXSNFSA-N,False,False,0.387096763
Q00987_CHEMBL5394884,JKVMZIXWFMBWRS-UHFFFAOYSA-N,False,False,0.433333337
Q00987_CHEMBL5409375,VBRBJRJBWGGVFR-UHFFFAOYSA-N,False,False,0.419354826
Q00987_CHEMBL5428948,LBAAHYGGTRZFDU-UHFFFAOYSA-N,False,False,0.419354826
Q00987_CHEMBL5416654,DILNOVPXGAIPHO-UHFFFAOYSA-N,False,False,0.442307681
Q00987_CHEMBL5408349,CGIZFTJOQNQBBZ-UHFFFAOYSA-N,False,False,0.536585391
Q00987_CHEMBL5420765,MPXQUHPCLOQQGL-UHFFFAOYSA-N,False,False,0.448979586
Q00987_CHEMBL5393753,XXZXWMQQSSBUTG-UHFFFAOYSA-N,False,False,0.390625
Q00987_CHEMBL5425009,APXOJYGEUZDSKY-UHFFFAOYSA-N,False,False,0.436363637
Q00987_CHEMBL5437348,RBCYSMSVSKTDOG-UHFFFAOYSA-N,False,False,0.46808511
Q00987_CHEMBL5430323,PVCSUBILCKPSQX-UHFFFAOYSA-N,False,False,0.450980395
Q00987_CHEMBL5437425,NZTSHSCBILISGQ-UHFFFAOYSA-N,False,False,0.444444448
Q00987_CHEMBL5401649,MHUITGUNRHOVRJ-UHFFFAOYSA-N,False,False,0.508474588
Q00987_CHEMBL5410291,PSJDJNURNAXWOC-UHFFFAOYSA-N,False,False,0.490566045
Q00987_CHEMBL5430014,OMGGVWVXEXANPF-UHFFFAOYSA-N,False,False,0.423076928
Q00987_CHEMBL5439015,OWTPQEHBAHLBFZ-UHFFFAOYSA-N,False,False,0.428571433
Q00987_CHEMBL5439731,XGEKTCWUGQWVPD-UHFFFAOYSA-N,False,False,0.448979586
Q00987_CHEMBL5403978,LLIGNHXSLVRATC-UHFFFAOYSA-N,False,False,0.434782594
Q00987_CHEMBL5422264,GKQGCLSMOMMBFX-UHFFFAOYSA-N,False,False,0.536585391
Q00987_CHEMBL5403465,HWORCFMDMYIFMQ-UHFFFAOYSA-N,False,False,0.534883738
Q00987_CHEMBL5394970,FLTTWXGWQNBOSI-UHFFFAOYSA-N,False,False,0.51111114
Q00987_CHEMBL5408490,JYGQBLYXXQZCPS-UHFFFAOYSA-N,False,False,0.51111114
Q00987_CHEMBL5422030,PYTNJIWVMBTQAM-UHFFFAOYSA-N,False,False,0.5
Q00987_CHEMBL5403300,FDYVLEPJDMTFOY-UHFFFAOYSA-N,False,False,0.521739125
Q00987_CHEMBL5416279,SJRHOPWJTDHZBU-UHFFFAOYSA-N,False,False,0.448979586
Q00987_CHEMBL5413374,MBEDERALNDFTCL-UHFFFAOYSA-N,False,False,0.392857134
Q00987_CHEMBL5434849,SQJDSHDGMQOLCA-UHFFFAOYSA-N,False,False,0.694444418
Q00987_CHEMBL5422731,ZHYYRUGADOQDEY-UHFFFAOYSA-N,False,False,0.410958916
Q00987_CHEMBL5420518,PKRNJZVCZMYDOU-UHFFFAOYSA-N,False,False,0.710526288
Q02127_CHEMBL5411122,CIKSKQBHVAARGH-SSZFMOIBSA-N,False,False,0.758620679
Q02127_CHEMBL5430092,NJQXRUMPRFCZTL-SAIXKJTDSA-N,False,False,0.70588237
Q02127_CHEMBL5424393,YXTOTLJCIOXCOW-SAIXKJTDSA-N,False,False,0.707692325
Q02127_CHEMBL5394812,SPBSRPPOCSFVMW-SAIXKJTDSA-N,False,False,0.724637687
Q02127_CHEMBL5424051,UGMYUYAMOAOMHD-SAIXKJTDSA-N,False,False,0.727272749
Q02127_CHEMBL5426182,RKFQDGRICBSGOO-CMHHUMAZSA-N,False,False,0.746031761
Q02127_CHEMBL5416733,UHTXVAIGPDADKE-HKLRHMNMSA-N,False,False,0.774193525
Q02127_CHEMBL5399005,TYLFIBIYQXRKEE-QMMMGPOBSA-N,False,False,0.75
Q02127_CHEMBL5398316,JGDCZRXYVXBBMP-UHFFFAOYSA-N,False,False,0.540540516
Q02127_CHEMBL5408286,WKDRWIXDNLVOON-UHFFFAOYSA-N,False,False,0.75
Q02127_CHEMBL5408707,POZYEQBMAJGPCE-UHFFFAOYSA-N,False,False,0.807692289
Q02127_CHEMBL5421173,JHMOLSMWYHOGDM-WBOGTDJTSA-N,False,False,0.662162185
Q02127_CHEMBL5439442,VLIIVKZZMYJRGH-VIFPVBQESA-N,False,False,0.691176474
Q02127_CHEMBL5401192,AUIXWOBXCJAVMA-VKAVYKQESA-N,False,False,0.737704933
Q02127_CHEMBL5404114,WGHTUIDFSGMFSP-NSHDSACASA-N,False,False,0.671428561
Q02127_CHEMBL5426062,DVTQNORYODPUEY-PXYINDEMSA-N,False,False,0.626666665
Q02127_CHEMBL5399532,VGYUDEVTOVZHBC-JTQLQIEISA-N,False,False,0.671428561
Q02127_CHEMBL5394449,VLJAAWPTYZNPTG-UHFFFAOYSA-N,False,False,0.75
Q02127_CHEMBL5428012,FLCPURSBXUIASE-VIFPVBQESA-N,False,False,0.552941203
Q02127_CHEMBL5398296,WLJDTWPTLGCCLX-JTQLQIEISA-N,False,False,0.571428597
Q02127_CHEMBL5404750,RFNVBWUONVRXJD-UHFFFAOYSA-N,False,False,0.796296299
Q02127_CHEMBL5431965,FWROMNZPDNHNMW-UHFFFAOYSA-N,False,False,0.672727287
Q02127_CHEMBL5427377,AHBGXURTWNBVHO-UHFFFAOYSA-N,False,False,0.660714269
Q02127_CHEMBL5396928,UTXVPOMYSHAJFD-IEMQHYRPSA-N,False,False,0.70588237
Q02127_CHEMBL5423878,LDXNHCFYIXSOSZ-VIFPVBQESA-N,False,False,0.681159437
Q02127_CHEMBL5415127,UVEVOABXVBVLMP-UHFFFAOYSA-N,False,False,0.673076928
Q02127_CHEMBL5432354,DVZMDIYCVQQNSC-UHFFFAOYSA-N,False,False,0.648148119
Q02127_CHEMBL5412179,JKMDEPZHKMYLDE-UHFFFAOYSA-N,False,False,0.639999986
Q02127_CHEMBL5423324,UIFXSYAGZGBJTM-UHFFFAOYSA-N,False,False,0.583333313
Q02127_CHEMBL5427310,VVUYHLGTULYOHI-UHFFFAOYSA-N,False,False,0.551724136
Q02127_CHEMBL5419515,JGZXLXOPEXKNLS-UHFFFAOYSA-N,False,False,0.771428585
Q03111_CHEMBL5427429,LLEWKANOAINOMG-UHFFFAOYSA-N,False,False,0.659574449
Q03111_CHEMBL5403490,YTWGAXWLMUJKAA-UHFFFAOYSA-N,False,False,0.79411763
Q03111_CHEMBL5395585,BYQNNRGEPFEKOU-KRWDZBQOSA-N,False,False,0.675324678
Q03111_CHEMBL5397340,RDGNAEQRUQACNC-KRWDZBQOSA-N,False,False,0.805555582
Q03111_CHEMBL5439514,URDWEWAPLOEYQL-OAQYLSRUSA-N,False,False,0.647058845
Q03111_CHEMBL5429534,ACXBMPHDZJWALT-HNNXBMFYSA-N,False,False,0.698630154
Q03111_CHEMBL5404010,WBBCEYPDVXIOOB-HNNXBMFYSA-N,False,False,0.826086938
Q03111_CHEMBL5429859,MVXWTSCLROIDAP-UHFFFAOYSA-N,False,False,0.703703701
Q03111_CHEMBL5394853,LYTQYTKHHTVEKZ-UHFFFAOYSA-N,False,False,0.421052635
Q03111_CHEMBL5437942,UBWMPTTXZMCJME-LJQANCHMSA-N,False,False,0.586666644
Q03111_CHEMBL5395927,UBWMPTTXZMCJME-IBGZPJMESA-N,False,False,0.586666644
Q03111_CHEMBL5396023,ITKPWNWJBRQYRV-INIZCTEOSA-N,False,False,0.465909094
Q03111_CHEMBL5435284,ROSVZLGLNMZMRZ-HNNXBMFYSA-N,False,False,0.732394338
Q03111_CHEMBL5430048,RNXNTDNVVQGZAU-HNNXBMFYSA-N,False,False,0.417582422
Q03111_CHEMBL5434666,UVXPELYXGCPQHU-NSHDSACASA-N,False,False,0.443037987
Q03111_CHEMBL5411970,OXHNNUAFGVXSPG-AWEZNQCLSA-N,False,False,0.9375
Q03111_CHEMBL5416453,ZREOKCDUEMEKEP-YMHBYQSDSA-N,False,False,0.594594598
Q03111_CHEMBL5437279,XLGJIPFUTKHAMW-INIZCTEOSA-N,False,False,0.712328792
Q03111_CHEMBL5423179,LRYCOHFYFLJVHC-HNNXBMFYSA-N,False,False,0.604938269
Q03111_CHEMBL5434752,MDNWEANUQNODJL-INIZCTEOSA-N,False,False,0.736111104
Q03111_CHEMBL5410133,BGHVQFSXTROGRY-HNNXBMFYSA-N,False,False,0.625
Q03111_CHEMBL5440223,JMWFQHADDDVYES-LBPRGKRZSA-N,False,False,0.613333344
Q03111_CHEMBL5430847,SHPIWYJOIYNRMW-INIZCTEOSA-N,False,False,0.662500024
Q03111_CHEMBL5414763,HNZQFOCDERGWNU-BUTCXJIVSA-N,False,False,0.68235296
Q03111_CHEMBL5403698,RLPRCIFXQRKNHB-YABMJKKOSA-N,False,False,0.637362659
Q03111_CHEMBL5428707,GXCHSQNEJRWCLM-IBGZPJMESA-N,False,False,0.698795199
Q03111_CHEMBL5427068,ADSFNXGUFKCPJS-FQEVSTJZSA-N,False,False,0.753246725
Q03111_CHEMBL5421344,UNABVKXZAICMSN-KRWDZBQOSA-N,False,False,0.675324678
Q03111_CHEMBL5420860,FOQVRZKNTQZGFC-KRWDZBQOSA-N,False,False,0.702702701
Q03111_CHEMBL5416650,MUXYVBPLPXBOPG-AWEZNQCLSA-N,False,False,0.732394338
Q03111_CHEMBL5419393,QJUIYHVYSLNJBC-KRWDZBQOSA-N,False,False,0.689189196
Q03111_CHEMBL5411777,JPYLGGZXGLMMIU-HNNXBMFYSA-N,False,False,0.684210539
Q03111_CHEMBL5417838,KMRDNXGARDLOAQ-SFHVURJKSA-N,False,False,0.611764729
Q03111_CHEMBL5395504,GDOHUGMONNKLJC-AWEZNQCLSA-N,False,False,0.477272719
Q03111_CHEMBL5406254,PLDQWOLBCFLKFJ-SFHVURJKSA-N,False,False,0.654321015
Q03111_CHEMBL5438461,CQXMCDDXHVRJJX-NRFANRHFSA-N,False,False,0.716049373
Q03111_CHEMBL5422917,QKNMBANSUOLDTB-ZDUSSCGKSA-N,False,False,0.653333306
Q03111_CHEMBL5404615,RPCKODIYDHOATD-ZDUSSCGKSA-N,False,False,0.689189196
Q03111_CHEMBL5428403,QXESJCDZQHCITR-UHFFFAOYSA-N,False,False,0.551282048
Q03111_CHEMBL5396726,JSIDDQGURWMLQM-UHFFFAOYSA-N,False,False,0.5
Q03111_CHEMBL5420102,OAWIMKODTIVUSB-HZPDHXFCSA-N,False,False,0.613333344
Q03111_CHEMBL5413088,BSVUJIXJCUDSMY-UHFFFAOYSA-N,False,False,0.681818187
Q03111_CHEMBL5422965,YVMJJGSNNOSRKP-UHFFFAOYSA-N,False,False,0.727272749
Q03111_CHEMBL5421606,NQEWZQIZAUEGOY-UHFFFAOYSA-N,False,False,0.615384638
Q03111_CHEMBL5398308,BIONDVPAKZWGMO-UHFFFAOYSA-N,False,False,0.822222233
Q03111_CHEMBL5427853,FETGUASGMKVVMA-UHFFFAOYSA-N,False,False,0.659574449
Q03111_CHEMBL5394670,NLZPISDVDMJGHJ-UHFFFAOYSA-N,False,False,0.543859661
Q03111_CHEMBL5416530,XOYSMUVWUHOKAM-UHFFFAOYSA-N,False,False,0.772727251
Q03181_CHEMBL5399608,HPFGWBZKRNOLEC-SZVRAQGESA-N,False,False,0.605263174
Q03181_CHEMBL5421425,DFHKWQUOWHFEGC-FKQYMORYSA-N,False,False,0.671428561
Q03181_CHEMBL5407583,YXCQDXVICCQMBX-FKQYMORYSA-N,False,False,0.661764681
Q03181_CHEMBL5406591,UKLCLLCNEQKBHK-FKQYMORYSA-N,False,False,0.671428561
Q03181_CHEMBL5406898,TVBNDGNGIFVZLS-FKQYMORYSA-N,False,False,0.569444418
Q03181_CHEMBL5408470,KTDDZSINHGWEKW-LNSITVRQSA-N,False,False,0.712121189
Q03181_CHEMBL5404338,RNPQPLSTVXUPEH-LNSITVRQSA-N,False,False,0.703125
Q03181_CHEMBL5397940,XQUITDSAALFRRH-LNSITVRQSA-N,False,False,0.712121189
Q03181_CHEMBL5427431,JKWBJAPOWMKHMQ-MBNYWOFBSA-N,False,False,0.864406765
Q03181_CHEMBL5414029,XXJXONNJLOJUCO-HGYYMRRCSA-N,False,False,0.579710126
Q03181_CHEMBL5439812,QOXYNSJNXXZEKN-HGYYMRRCSA-N,False,False,0.738461554
Q03181_CHEMBL5432530,HHNDILLYULJAKN-HGYYMRRCSA-N,False,False,0.583333313
Q03181_CHEMBL5435944,CIXDSQCCRDLZLF-HGYYMRRCSA-N,False,False,0.730158746
Q03181_CHEMBL5431536,ZPTMKBZDOIBAAZ-HGYYMRRCSA-N,False,False,0.738461554
Q03181_CHEMBL5429976,OGHIRLUUGKNLID-HGYYMRRCSA-N,False,False,0.626865685
Q03181_CHEMBL5427888,XYRGBYVDYTWOAH-LNSITVRQSA-N,False,False,0.753846169
Q03181_CHEMBL5406301,DFYGPYAOHYNYGG-LNSITVRQSA-N,False,False,0.746031761
Q03181_CHEMBL5431290,CNUAHKCIKMUMRM-LNSITVRQSA-N,False,False,0.753846169
Q03181_CHEMBL5429911,QQQUEJRXQAQRMP-LNSITVRQSA-N,False,False,0.641791046
Q06124_CHEMBL5409502,AZOJRGUHVBTZIR-UHFFFAOYSA-N,False,False,0.5
Q06124_CHEMBL5436458,HISMEBLGFATKPW-UHFFFAOYSA-N,False,False,0.600000024
Q06124_CHEMBL5427793,YFIZTRFLFSSZSE-UHFFFAOYSA-N,False,False,0.564516127
Q06124_CHEMBL5429374,MSXAHVNEHAXQHP-UHFFFAOYSA-N,False,False,0.55737704
Q06124_CHEMBL5426696,JNNODVFSEPFIIH-UHFFFAOYSA-N,False,False,0.53125
Q06124_CHEMBL5427689,UKXZHAVSPXLWEX-UHFFFAOYSA-N,False,False,0.707317054
Q06124_CHEMBL5396927,VEVYCASVWQZAKS-UHFFFAOYSA-N,False,False,0.688888907
Q06124_CHEMBL5430697,RNFXSRZAAHHCDB-UHFFFAOYSA-N,False,False,0.674418628
Q06124_CHEMBL5432361,AKPZTRZWGWGJOK-UHFFFAOYSA-N,False,False,0.674418628
Q06124_CHEMBL5425562,QARIHYFKTQTHPK-UHFFFAOYSA-N,False,False,0.733333349
Q06124_CHEMBL5417898,YWELYGMPWOOKFG-UHFFFAOYSA-N,False,False,0.622641504
Q06124_CHEMBL5430876,GUKQKTMSPPNECU-UHFFFAOYSA-N,False,False,0.576923072
Q06124_CHEMBL5410478,XEZOOFUXDCMJRE-UHFFFAOYSA-N,False,False,0.642857134
Q06124_CHEMBL5434597,RYENWVNLAWKOLV-UHFFFAOYSA-N,False,False,0.682926834
Q06124_CHEMBL5401484,SEJFCVSQKQFEKG-UHFFFAOYSA-N,False,False,0.725490212
Q06124_CHEMBL5405120,YJDXBHXLZDKVTL-UHFFFAOYSA-N,False,False,0.569230795
Q06124_CHEMBL5431213,GOVWDEBWSXVTAK-UHFFFAOYSA-N,False,False,0.594594598
Q06124_CHEMBL5397714,NJRSHKPASBWFJM-UHFFFAOYSA-N,False,False,0.616666675
Q06124_CHEMBL5423012,KMWOVIIWRWSYKF-UHFFFAOYSA-N,False,False,0.59677422
Q06124_CHEMBL5417082,YMHSAOHAYFOMTQ-UHFFFAOYSA-N,False,False,0.606557369
Q06124_CHEMBL5426862,DZEGRZDNOFDNJD-QCKZDCLWSA-N,False,False,0.362637371
Q06124_CHEMBL5396396,XMZPXMVZGBTLNV-UHFFFAOYSA-N,False,False,0.555555582
Q06124_CHEMBL5415136,NQAGOAIJOBWMHV-UHFFFAOYSA-N,False,False,0.593220353
Q06124_CHEMBL5431659,LPDNJTPBTFMGDN-UHFFFAOYSA-N,False,False,0.573770463
Q06124_CHEMBL5426966,QQYMDUZZHLDAFQ-UHFFFAOYSA-N,False,False,0.525423706
Q06124_CHEMBL5396867,ABPWLYBLTVJNFY-UHFFFAOYSA-N,False,False,0.569444418
Q06124_CHEMBL5416146,BWYIKHBAINSAIT-UHFFFAOYSA-N,False,False,0.59375
Q06124_CHEMBL5421651,QILUOHHIIJJVFS-UHFFFAOYSA-N,False,False,0.593220353
Q06124_CHEMBL5424940,MDOXXPXTFXBBRQ-UHFFFAOYSA-N,False,False,0.625
Q06124_CHEMBL5416270,XDVUNRBMIJYISK-UHFFFAOYSA-N,False,False,0.660377383
Q06124_CHEMBL5408024,AZXSRIPURQKDGN-UHFFFAOYSA-N,False,False,0.625
Q06124_CHEMBL5433260,UDOJNIBTZGJPGO-UHFFFAOYSA-N,False,False,0.61403507
Q06124_CHEMBL5402661,GUMIDUAJPDZETP-UHFFFAOYSA-N,False,False,0.637931049
Q06124_CHEMBL5435971,WVEVUJIQFIDSSV-UHFFFAOYSA-N,False,False,0.636363626
Q06124_CHEMBL5430657,HWCOWMDTAFVVQE-UHFFFAOYSA-N,False,False,0.627118647
Q06124_CHEMBL5400948,XNDQQEUHJUBKDM-UHFFFAOYSA-N,False,False,0.61403507
Q06124_CHEMBL5424837,UOTATAAQOIWXBF-UHFFFAOYSA-N,False,False,0.636363626
Q06124_CHEMBL5410896,LNNUUVZMTLKYJU-UHFFFAOYSA-N,False,False,0.660377383
Q06124_CHEMBL5422106,JZHTYFBUSOTCSK-UHFFFAOYSA-N,False,False,0.744680822
Q06124_CHEMBL5434296,MWGFZZJNHCYAMQ-UHFFFAOYSA-N,False,False,0.729166687
Q06124_CHEMBL5412197,RGCGBFIARQENML-JOCHJYFZSA-N,True,True,0.625
Q06124_CHEMBL5416159,HZNWRFAFSDEIMQ-ORMTXKICSA-N,False,False,0.445945948
Q06187_CHEMBL5431246,FIIYNSBIZFRYAD-UHFFFAOYSA-N,False,False,0.445783138
Q06187_CHEMBL5421073,IPMGKCLJUMFBCC-UHFFFAOYSA-N,False,False,0.457831323
Q06187_CHEMBL5405186,UJXHTURMFIAMLW-UHFFFAOYSA-N,False,False,0.454545468
Q06187_CHEMBL5398916,ADXIWLIMPHFZRD-UHFFFAOYSA-N,False,False,0.452380955
Q06187_CHEMBL5418333,UYXXORQDDMDNGW-UHFFFAOYSA-N,False,False,0.436781615
Q06187_CHEMBL5427890,CGYMFKJUZWWJOJ-UHFFFAOYSA-N,False,False,0.556962013
Q06187_CHEMBL5399884,UERIZDGFMGFRRE-UHFFFAOYSA-N,False,False,0.459770113
Q06187_CHEMBL5414595,VJCQCKYSCSKYPB-UHFFFAOYSA-N,False,False,0.505494535
Q06187_CHEMBL5400359,OXRQQRAHIFOCCX-UHFFFAOYSA-N,False,False,0.526315808
Q06187_CHEMBL5425932,PJRMBRVJLVANRZ-UHFFFAOYSA-N,False,False,0.445783138
Q06187_CHEMBL5424119,JZNSQQDTUQSLIZ-UHFFFAOYSA-N,False,False,0.494117647
Q06187_CHEMBL5436135,PBLAQZCFKVBUKV-UHFFFAOYSA-N,False,False,0.45348838
Q06187_CHEMBL5424490,WDOAJXYTCPWXSU-UHFFFAOYSA-N,False,False,0.471910119
Q06187_CHEMBL5423586,NRZMDIRJLVVAIQ-UHFFFAOYSA-N,False,False,0.462365597
Q06187_CHEMBL5396734,JZMCJVQLDHFGMX-UHFFFAOYSA-N,False,False,0.481927723
Q06187_CHEMBL5403299,KMDJOCGBOYTSBE-UHFFFAOYSA-N,False,False,0.466666669
Q06187_CHEMBL5432647,SUCZLCNYCFHWCW-UHFFFAOYSA-N,False,False,0.465116292
Q06187_CHEMBL5419265,MIIQXWNUBFVDJM-UHFFFAOYSA-N,False,False,0.471910119
Q06187_CHEMBL5432321,HFDYADQPZQHNLB-UHFFFAOYSA-N,False,False,0.457831323
Q06187_CHEMBL5429118,HGHMXHPZCFHFFX-UHFFFAOYSA-N,False,False,0.447058827
Q06187_CHEMBL5399333,FQWKMMHXMMVVPF-UHFFFAOYSA-N,False,False,0.406593412
Q06187_CHEMBL5439205,VETMEYSAPWTDFF-UHFFFAOYSA-N,False,False,0.493975908
Q06187_CHEMBL5421117,GLSKAIYMKDRQBQ-UHFFFAOYSA-N,False,False,0.540540516
Q06187_CHEMBL5427653,JFYMGHNXWFAALW-UHFFFAOYSA-N,False,False,0.505882382
Q06187_CHEMBL5406313,AGVAQCYXOFSNBF-UHFFFAOYSA-N,False,False,0.460674167
Q06187_CHEMBL5420469,KKAJAZGYTYTJBP-FAYPWJRKSA-N,False,False,0.593023241
Q06187_CHEMBL5426399,WHYXPBZMYSJIOI-NNLPGIIWSA-N,False,False,0.586206913
Q06187_CHEMBL5429719,FVUNOSKAGIKUEE-QGZVFWFLSA-N,False,False,0.588235319
Q06187_CHEMBL5427093,TYOBMRZKUGBKOY-QGZVFWFLSA-N,False,False,0.595505595
Q06187_CHEMBL5439377,CKDXGAQHXBXSIL-HSZRJFAPSA-N,False,False,0.658227861
Q06187_CHEMBL5431720,MHSZPIROSFOAPI-GOSISDBHSA-N,False,False,0.59793812
Q06187_CHEMBL5394800,UGACDFOQPBQDRF-HXUWFJFHSA-N,False,False,0.617021263
Q06187_CHEMBL5440136,JNNWHJKTXGGXQH-QGZVFWFLSA-N,False,False,0.679012358
Q06187_CHEMBL5435684,YGNFIFMHMKRCDL-QGZVFWFLSA-N,False,False,0.600000024
Q06187_CHEMBL5417273,AURNDDULFPVVJP-QGZVFWFLSA-N,False,False,0.658227861
Q06187_CHEMBL5415543,XLTSMXXGRIGBEL-LJQANCHMSA-N,False,False,0.613636374
Q06187_CHEMBL5412767,XSQQJCUZTJQSQL-OAQYLSRUSA-N,False,False,0.559139788
Q06187_CHEMBL5436699,GWABVRRQBUVKEL-QGZVFWFLSA-N,False,False,0.662790716
Q06187_CHEMBL5413492,PIVQZVYKYDQLDH-QGZVFWFLSA-N,False,False,0.670731723
Q06187_CHEMBL5428711,RCFXDPWJSHXBSM-CQSZACIVSA-N,False,False,0.586206913
Q06187_CHEMBL5402002,CBUSJXVAUAXGKQ-QGZVFWFLSA-N,False,False,0.645161271
Q06187_CHEMBL5415887,LHHACVJHUJVMLD-LJQANCHMSA-N,False,False,0.625
Q06187_CHEMBL5411595,WECBCIAAFCZAPM-LJQANCHMSA-N,False,False,0.566666663
Q06187_CHEMBL5396054,ABNIYONJQKWVCA-QGZVFWFLSA-N,False,False,0.649350643
Q06187_CHEMBL5403745,GBLLGOJWPPULFE-OAHLLOKOSA-N,False,False,0.604651153
Q06187_CHEMBL5440675,QIBZMEASUHNXNR-QGZVFWFLSA-N,False,False,0.68235296
Q06187_CHEMBL5403374,UKGDKPYMCBWLNI-OAHLLOKOSA-N,False,False,0.632911384
Q06187_CHEMBL5427871,CPUQISNJIYLNNE-CQSZACIVSA-N,False,False,0.593023241
Q06187_CHEMBL5396925,XDFWBDRLXAWZJR-CQSZACIVSA-N,False,False,0.586206913
Q06187_CHEMBL5404479,SRCZEDAPLBWSCL-OAHLLOKOSA-N,False,False,0.593406618
Q06187_CHEMBL5412059,UZVJLXNNUMIRPY-LJQANCHMSA-N,False,False,0.521739125
Q06187_CHEMBL5409885,CMFVTAHMZDUCJB-SFHVURJKSA-N,False,False,0.493975908
Q06187_CHEMBL5437618,GCQYTABWXHEZFL-UHFFFAOYSA-N,False,False,0.481927723
Q06187_CHEMBL5440116,HTTAFUMOTSVYPH-UHFFFAOYSA-N,False,False,0.607142866
Q06187_CHEMBL5408188,HTEPYTCFINNBOD-UHFFFAOYSA-N,False,False,0.447058827
Q06187_CHEMBL5428869,WRIUYTRRZXXXFN-GOSISDBHSA-N,False,False,0.604651153
Q06187_CHEMBL5404802,PVYPDHWLPDKVGD-QGZVFWFLSA-N,False,False,0.649350643
Q06187_CHEMBL5422506,STLDJCSZWLWVMZ-RMKNXTFCSA-N,False,False,0.522727251
Q06187_CHEMBL5439043,YSAVYEUOHUUEIK-CTYIDZIISA-N,False,False,0.462686568
Q06187_CHEMBL5437508,HYZMVIWTOQSXRR-YLKGYVPLSA-N,False,False,0.627906978
Q06187_CHEMBL5403472,TZJCAGSJIMIXFS-HJYWNDIWSA-N,False,False,0.647540987
Q06187_CHEMBL5432494,PYNRTYJUAIYHTF-GZPFUUSSSA-N,False,True,1.0
Q06187_CHEMBL5409412,CQWQFVNFRPNLID-DRGWLBTESA-N,False,False,0.850746274
Q06187_CHEMBL5421817,KJMWFWCUEXVVSF-UHFFFAOYSA-N,False,False,0.790322602
Q06187_CHEMBL5423384,DYOUYPOJLPRXSV-UHFFFAOYSA-N,False,False,0.816666663
Q06187_CHEMBL5438302,QJRGXOJMPQOLLN-NNVROAHOSA-N,False,False,0.642105281
Q06187_CHEMBL5411895,DBVKEPBNONKTOI-QGZVFWFLSA-N,False,False,0.560975611
Q06187_CHEMBL5399172,OLWSSSFXEAEADE-QPJJXVBHSA-N,False,False,0.543478251
Q06187_CHEMBL5420562,FORQWDJKTBHMGW-UHFFFAOYSA-N,False,False,0.451219499
Q12809_CHEMBL5417318,NQCDLMAVINKETD-PZJWPPBQSA-N,False,False,0.442307681
Q12809_CHEMBL5415543,XLTSMXXGRIGBEL-LJQANCHMSA-N,False,False,0.613636374
Q12809_CHEMBL5403519,AWVHNOKPYUNXOY-UHFFFAOYSA-N,False,False,0.311926603
Q12809_CHEMBL5421645,YWXCRRUERVFVAY-UHFFFAOYSA-N,False,False,0.688524604
Q12809_CHEMBL5403690,LHDKPFSHXFFALR-HDICACEKSA-N,False,False,0.594936728
Q12809_CHEMBL5413826,CEYSPTOVUHBTPP-UHFFFAOYSA-N,False,False,0.805970132
Q12809_CHEMBL5441414,TVKAXNHJIVHZSG-LJQANCHMSA-N,False,False,0.376623362
Q12809_CHEMBL5441415,TVKAXNHJIVHZSG-IBGZPJMESA-N,False,False,0.376623362
Q12809_CHEMBL5402908,KGPHGVIXRRIDDR-MJTLHZCXSA-N,False,False,0.826086938
Q12809_CHEMBL5430371,MBFYMVPUAOLJNA-UHFFFAOYSA-N,False,False,0.567567587
Q12809_CHEMBL5433689,HHUWJNCRQMQYHO-MRXNPFEDSA-N,False,False,0.445652187
Q12809_CHEMBL5439307,LXSLZGZZNFWBMA-IBGZPJMESA-N,False,False,0.489361703
Q12809_CHEMBL5417342,DDPPXVBBVJBZOG-IBGZPJMESA-N,False,False,0.430379748
Q12809_CHEMBL5427289,RECNBFDDEDLPMO-SFHVURJKSA-N,False,False,0.459459454
Q12809_CHEMBL5430110,GHQQVSCOBBANBJ-IBGZPJMESA-N,False,False,0.425000012
Q12809_CHEMBL5425931,SXQIYABERPGIKO-SFHVURJKSA-N,False,False,0.46808511
Q12809_CHEMBL5396337,AYJVXLJTWDNTPB-UHFFFAOYSA-N,False,False,0.5625
Q12809_CHEMBL5402348,CUEUDTMFVWEQEL-UHFFFAOYSA-N,False,False,0.5
Q12809_CHEMBL5397585,QSSAFMJRJQJFKL-UHFFFAOYSA-N,False,False,0.341463417
Q12809_CHEMBL5432083,SNJSQXSLYBJJFA-UHFFFAOYSA-N,False,False,0.380434781
Q12809_CHEMBL5439506,NKTHHBUWZQBUIU-UHFFFAOYSA-N,False,False,0.390243888
Q12809_CHEMBL5439842,SMHIDGFZIFNQKM-LPHOPBHVSA-N,False,False,0.388235301
Q12809_CHEMBL5435884,PCGMVFCGMXYGCD-UHFFFAOYSA-N,False,False,0.54411763
Q12809_CHEMBL5439514,URDWEWAPLOEYQL-OAQYLSRUSA-N,False,False,0.647058845
Q12809_CHEMBL5434894,ATMDGTNULGWLGV-LPHOPBHVSA-N,False,False,0.421052635
Q12809_CHEMBL5429949,DIEAVXCJWPAWEY-UHFFFAOYSA-N,False,False,0.516129017
Q12809_CHEMBL5437318,HXCZOBRFYFWWRD-UHFFFAOYSA-N,False,False,0.428571433
Q12809_CHEMBL5416588,BYCMTNHARGNHEY-AQKFKSFVSA-N,False,False,0.707865179
Q12809_CHEMBL5435085,XSTRJMHOLBBWNN-JOCHJYFZSA-N,False,False,0.600000024
Q12809_CHEMBL5433025,NTHVKLPCWOSMAK-UHFFFAOYSA-N,False,False,0.857142866
Q12809_CHEMBL5405483,QBILJYRRIBSQDY-UHFFFAOYSA-N,False,False,0.439024389
Q12809_CHEMBL5404028,KEWCBOPKRHBSPW-QQKFYDJZSA-N,False,False,0.814285696
Q12809_CHEMBL5418451,KZJQNYTUDOSWTD-BLKJFUMZSA-N,False,False,0.821917832
Q12809_CHEMBL5410897,NJHKIOFUCCHDCY-UHFFFAOYSA-N,False,False,0.699999988
Q12809_CHEMBL5398558,LHDAQCXAFSYLBX-UHFFFAOYSA-N,False,False,0.634615362
Q12809_CHEMBL5436003,AZEGGJUBCUBYAM-UHFFFAOYSA-N,False,False,0.660377383
Q12809_CHEMBL5399557,UTFZYZHNIWJQEY-DOTOQJQBSA-N,False,False,0.423728824
Q12809_CHEMBL5413078,LIXNAVSUTHFWMF-UHFFFAOYSA-N,False,False,0.857142866
Q12809_CHEMBL5426169,YXOIRFKEJPJYGP-AVRDEDQJSA-N,False,False,0.352272719
Q12809_CHEMBL5404509,SSCGERKHENZEDU-UHFFFAOYSA-N,False,False,0.636363626
Q12809_CHEMBL5427278,MAQVPHXDRFQEOB-UHFFFAOYSA-N,False,False,0.884615362
Q12809_CHEMBL5398152,QNQXCVVLHUSXOW-UHFFFAOYSA-N,False,False,0.773809552
Q12809_CHEMBL5395542,FMMMXDSGQZLEJD-UHFFFAOYSA-N,False,False,0.693181813
Q12809_CHEMBL5409192,YGPMVMMFWAZDOJ-UHFFFAOYSA-N,False,False,0.645161271
Q12809_CHEMBL5434324,VWZVEJMYVCEEJM-UHFFFAOYSA-N,False,False,0.717647076
Q12809_CHEMBL5422863,SIKFRZMFRXETFE-UHFFFAOYSA-N,False,False,0.655555546
Q12809_CHEMBL5419489,OIQVILSAEGHGSQ-UHFFFAOYSA-N,False,False,0.762499988
Q12809_CHEMBL5435819,HFGUPJNHEPCEHX-UHFFFAOYSA-N,False,False,0.805970132
Q12809_CHEMBL5432266,GDRJSPPVRGELGB-SHACYNPGSA-N,False,False,0.789473712
Q12809_CHEMBL5437236,GWYNXNIYWXAMRO-YPMHNXCESA-N,False,False,0.447916657
Q12809_CHEMBL5411999,ADBIDSWNOQWYKU-OCCSQVGLSA-N,False,False,0.479999989
Q12809_CHEMBL5420585,FBIYSNIGHDHREO-UHFFFAOYSA-N,False,False,0.805970132
Q12809_CHEMBL5432553,MCOFPSLIHQZOPC-UHFFFAOYSA-N,False,False,0.848101258
Q12809_CHEMBL5416399,BBLASKBGGDQHQF-UHFFFAOYSA-N,False,False,0.546391726
Q12809_CHEMBL5419365,JBJOXDPVMGPNDI-UHFFFAOYSA-N,False,False,0.848101258
Q12809_CHEMBL5395781,MKQUHBZRXFFTEF-RUDMXATFSA-N,False,False,0.70588237
Q12809_CHEMBL5416581,LDCYRYGDVBLWLI-SFHVURJKSA-N,False,False,0.492753625
Q12809_CHEMBL5428752,RCLQISQKEHCDJQ-CCCGKPSOSA-N,False,False,0.608108103
Q12809_CHEMBL5441103,PQWWHNZAZANFOZ-UHFFFAOYSA-N,False,False,0.728571415
Q12809_CHEMBL5395597,VINPUJZJRCEBET-UHFFFAOYSA-N,False,False,0.728571415
Q12809_CHEMBL5420593,MCMNYTOHUPZLOA-UHFFFAOYSA-N,False,False,0.708333313
Q12809_CHEMBL5417501,MCUJWFPIOPLDLN-CABCVRRESA-N,False,False,0.653333306
Q12809_CHEMBL5402120,RSJIYODUVAGVDD-KOMQPUFPSA-N,False,False,0.652173936
Q12809_CHEMBL5440764,XKOQOQAGXBMZIC-ZWHDFXHCSA-N,False,False,0.814285696
Q12809_CHEMBL5399120,BXJIDYPPJRIREO-QPJJXVBHSA-N,False,False,0.699999988
Q12809_CHEMBL5428394,VLNOQZIBJQWTSW-WAIKUNEKSA-N,False,False,0.563218415
Q12809_CHEMBL5396961,ZUOYPKKUCQORTM-QYNLNAJJSA-N,False,False,0.780821919
Q12809_CHEMBL5396547,VFSUSQOZPXKSKH-VIICAESSSA-N,False,False,0.842857122
Q12809_CHEMBL5400861,DSFGUGLUUOKYMW-LMHHSUHVSA-N,False,False,0.844155848
Q12809_CHEMBL5426862,DZEGRZDNOFDNJD-QCKZDCLWSA-N,False,False,0.362637371
Q12809_CHEMBL5400148,KQIZTPARBCYBLV-IJVBLNSKSA-N,False,False,0.821917832
Q12809_CHEMBL5418000,UPRQTHSWVHWOAW-QYKVARSSSA-N,False,False,0.845070422
Q12809_CHEMBL5394618,LYGDFJARPBUTKW-UHFFFAOYSA-N,False,False,0.565217376
Q12809_CHEMBL5414037,DLKGHRGWPWHEFT-UHFFFAOYSA-N,False,False,0.625
Q12809_CHEMBL5432371,VAXBZBVXSWAUTJ-SAZRTPPDSA-N,False,False,0.790123463
Q12809_CHEMBL5405380,ALUSEVUMIUNYMS-UALOAUQUSA-N,False,False,0.923076928
Q12809_CHEMBL5399676,UFKPGWMKQUSRPU-UHFFFAOYSA-N,False,False,0.486111104
Q12809_CHEMBL5435831,JFQNXIWROXUYGB-UHFFFAOYSA-N,False,False,0.590163946
Q12809_CHEMBL5434251,YYTUEFVZPMFTGQ-UHFFFAOYSA-N,False,False,0.559523821
Q12809_CHEMBL5439283,NCSXOPNBZDQPAC-UHFFFAOYSA-N,False,False,0.774193525
Q12809_CHEMBL5403087,FOWFRNKFAURWIW-INIZCTEOSA-N,False,False,0.418918908
Q12809_CHEMBL5427454,OBAKHRPSDRUWQU-UHFFFAOYSA-N,False,False,0.464788735
Q12809_CHEMBL5420899,IQNUJGAJYQZMTE-UHFFFAOYSA-N,False,False,0.634920657
Q12809_CHEMBL5432565,GYFVLCNBSPHIJU-UWJYYQICSA-N,False,False,0.436781615
Q12809_CHEMBL5434339,PZANSMJLRWEKCF-UHFFFAOYSA-N,False,False,0.347368419
Q12809_CHEMBL5416490,YVIQQOLXXOYFIS-UHFFFAOYSA-N,False,False,0.326732665
Q12809_CHEMBL5411721,UHQRSCYXQFMZIP-UHFFFAOYSA-N,False,False,0.330097079
Q12809_CHEMBL5403722,OSLGUUGNWXTALK-UHFFFAOYSA-N,False,False,0.313043475
Q12809_CHEMBL5410717,HIVJCKFWQOCILO-MRXNPFEDSA-N,False,False,0.330097079
Q12809_CHEMBL5425739,VECWYUYACRLPAR-UHFFFAOYSA-N,False,False,0.330097079
Q12809_CHEMBL5424297,VEIRVHDVALFYDP-CABCVRRESA-N,False,False,0.661971807
Q12809_CHEMBL5412433,MSQXMBXEWALYGG-UHFFFAOYSA-N,False,False,0.716666639
Q12809_CHEMBL5401453,YROYKZOEGVJULT-UHFFFAOYSA-N,False,False,0.672413766
Q12809_CHEMBL5428129,UAXHBMCGPSLIOG-VKPQGXNBSA-N,False,False,0.810126603
Q12809_CHEMBL5441391,YUIKWGNWDHJBJA-IBGZPJMESA-N,False,False,0.333333343
Q12809_CHEMBL5436114,OMBONHCINJFKLA-UHFFFAOYSA-N,False,False,0.589743614
Q12809_CHEMBL5410878,SWLSIHUNDRIVJY-UHFFFAOYSA-N,False,False,0.550000012
Q12809_CHEMBL5434807,SSCWJAQTYPFKPY-UHFFFAOYSA-N,False,False,0.592105269
Q12809_CHEMBL5403581,GRRWQTGWNXUVBX-UHFFFAOYSA-N,False,False,0.571428597
Q12809_CHEMBL5429029,WOWIZYNRFMJTNA-UHFFFAOYSA-N,False,False,0.576923072
Q12809_CHEMBL5437311,KURULBHGVNUVDX-UHFFFAOYSA-N,False,False,0.491525412
Q12809_CHEMBL5419543,CUWWHLOAEJYJHX-UHFFFAOYSA-N,False,False,0.650793672
Q12809_CHEMBL5424670,NEOUIASYWBDWHR-UHFFFAOYSA-N,False,False,0.666666687
Q12809_CHEMBL5396638,QUWBKKVYIMWSRP-UHFFFAOYSA-N,False,False,0.606557369
Q12809_CHEMBL5412404,QSNIQHPHPMGKAJ-UHFFFAOYSA-N,False,False,0.682539701
Q12809_CHEMBL5422051,ADOQKQOXWZUCTJ-UHFFFAOYSA-N,False,False,0.666666687
Q12809_CHEMBL5399556,PMITYQZBIURPCT-ZVNQEMBASA-N,False,False,0.39784947
Q12809_CHEMBL5406899,AIIYCKLWWHXLGP-DRUBCJJOSA-N,False,False,0.528735638
Q12809_CHEMBL5406703,CYOCDZKVBNLURV-OAQYLSRUSA-N,False,False,0.576470613
Q12809_CHEMBL5429179,WUHYEPOOBYMPLG-JOCHJYFZSA-N,False,False,0.59523809
Q12809_CHEMBL5432538,LRTUALWIQZOTGB-JOCHJYFZSA-N,False,False,0.395348847
Q12809_CHEMBL5416465,SSJLVEWXIPHBTF-UHFFFAOYSA-N,False,False,0.417910457
Q12809_CHEMBL5414588,KCYPLTHEFYHLMS-ZZXKWVIFSA-N,False,False,0.790697694
Q12809_CHEMBL5406913,DTQMLVQZKCAJRF-HWKANZROSA-N,False,False,0.571428597
Q12809_CHEMBL5424378,YYCIWYLEVGCTIA-QHHAFSJGSA-N,False,False,0.479999989
Q12809_CHEMBL5414982,FBTTWOYBDUMUEX-UHFFFAOYSA-N,False,False,0.586206913
Q12809_CHEMBL5433897,UITZTMSTIIFBGM-UHFFFAOYSA-N,False,False,0.53061223
Q12809_CHEMBL5399932,VVCQFMGZKSIXSW-IBGZPJMESA-N,False,False,0.429824561
Q12809_CHEMBL5401016,PVJUNURYXXENSZ-GOSISDBHSA-N,False,False,0.797101438
Q13546_CHEMBL5440251,JQVNHCWNYOLYAZ-INIZCTEOSA-N,False,False,0.779411793
Q13546_CHEMBL5432235,DZCUDMXUMSHGPQ-UHFFFAOYSA-N,False,False,0.590909064
Q13546_CHEMBL5408026,CXPXHYGLEQXCDV-UHFFFAOYSA-N,False,False,0.609756112
Q13546_CHEMBL5419480,YAABIXDGIVBKKE-UHFFFAOYSA-N,False,False,0.848101258
Q13546_CHEMBL5404174,YFIZDROZMKOKCL-UHFFFAOYSA-N,False,False,0.577777803
Q13546_CHEMBL5422041,CTZNEQATKQIVGX-UHFFFAOYSA-N,False,False,0.590909064
Q13546_CHEMBL5430224,BYKKDOFHQVFGOO-UHFFFAOYSA-N,False,False,0.432098776
Q13546_CHEMBL5427031,KPKNEOSTSJELRJ-UHFFFAOYSA-N,False,False,0.430232555
Q13546_CHEMBL5399892,WRNIRDGSTKNUDF-UHFFFAOYSA-N,False,False,0.827160478
Q13546_CHEMBL5395362,LFUDPRBFEVKXOS-UHFFFAOYSA-N,False,False,0.565217376
Q13546_CHEMBL5412064,VLYRQMNIIWHHHV-UHFFFAOYSA-N,False,False,0.590909064
Q13546_CHEMBL5438972,RTNFXCNKQBLAEP-UHFFFAOYSA-N,False,False,0.395061731
Q13546_CHEMBL5415575,PWSXGLQZYNEALE-FQEVSTJZSA-N,False,False,0.50666666
Q13546_CHEMBL5408672,ISWVAYJENPPXEM-FQEVSTJZSA-N,False,False,0.50666666
Q13546_CHEMBL5411381,MAKVWLUIBUPEFN-IBGZPJMESA-N,False,False,0.527777791
Q13546_CHEMBL5426073,OWRZWTYYHCTHDB-FQEVSTJZSA-N,False,False,0.567164183
Q13546_CHEMBL5394940,VSYKGMYYXYQWES-FQEVSTJZSA-N,False,False,0.535211265
Q13546_CHEMBL5423528,IVRKUSQMVSXSKK-IBGZPJMESA-N,False,False,0.736111104
Q13546_CHEMBL5398941,NUBDYESGDBLFRP-QHCPKHFHSA-N,False,False,0.736111104
Q13546_CHEMBL5433218,LYWWSHXDKOOQPV-QFIPXVFZSA-N,False,False,0.697368443
Q13546_CHEMBL5432442,LXFZPWNEHTULGS-QHCPKHFHSA-N,False,False,0.716216207
Q13546_CHEMBL5403329,GFSZOVSFQAAPIO-QFIPXVFZSA-N,False,False,0.679487169
Q13546_CHEMBL5403662,UJHFMPAONJFMQU-QHCPKHFHSA-N,False,False,0.706666648
Q13546_CHEMBL5434132,SIVNLTXMCUHDMY-UHFFFAOYSA-N,False,False,0.673469365
Q13546_CHEMBL5396051,LNXMZLTYLBJBTA-UHFFFAOYSA-N,False,False,0.634146333
Q13546_CHEMBL5419190,MLZWZQHWWHOBFQ-QHCPKHFHSA-N,False,False,0.706666648
Q13546_CHEMBL5419556,STNQRFZDXIJRCR-QHCPKHFHSA-N,False,False,0.688311696
Q13546_CHEMBL5432711,GJTFYAFRAZOZIH-UHFFFAOYSA-N,False,False,0.619047642
Q13546_CHEMBL5394372,RCXBVBBGZIUKHD-IBGZPJMESA-N,False,False,0.414634138
Q13546_CHEMBL5405225,ZPRDLHOQPCUVJN-KRWDZBQOSA-N,False,False,0.428571433
Q13546_CHEMBL5422508,JDXLOKNEJMLLMR-KRWDZBQOSA-N,False,False,0.402439028
Q13546_CHEMBL5418785,CGAMTKZBGMRVRK-SFHVURJKSA-N,False,False,0.425000012
Q13546_CHEMBL5433899,GKZHIXAZQPKKJK-NRFANRHFSA-N,False,False,0.560606062
Q13546_CHEMBL5431192,OSQCKQNYDMETRD-KRWDZBQOSA-N,False,False,0.5
Q13546_CHEMBL5416808,NTFIEJJCRKMGAG-UHFFFAOYSA-N,False,False,0.666666687
Q13546_CHEMBL5415623,KREXQADTBVQYEH-INIZCTEOSA-N,False,False,0.492753625
Q13546_CHEMBL5409296,SOKQHPUSUFDYIN-CXUHLZMHSA-N,False,False,0.649999976
Q13546_CHEMBL5429657,MCJDALYDSQZDDE-CAOOACKPSA-N,False,False,0.589743614
Q13546_CHEMBL5418766,BGMNLGVPOKUTNB-UHFFFAOYSA-N,False,False,0.848101258
Q13546_CHEMBL5429816,VQSAHQVJRRJXAP-UHFFFAOYSA-N,False,False,0.723684192
Q13546_CHEMBL5421764,YUMFFFVALDBPKP-UHFFFAOYSA-N,False,False,0.577777803
Q13546_CHEMBL5409414,OPVUJCFSNFINJR-UHFFFAOYSA-N,False,False,0.577777803
Q13546_CHEMBL5434486,QSPJTJHVINPPBF-UHFFFAOYSA-N,False,False,0.565217376
Q13546_CHEMBL5404074,AYGNUXBLEPKELF-UHFFFAOYSA-N,False,False,0.611111104
Q13546_CHEMBL5407948,UUUOFJGJLOSWFW-UHFFFAOYSA-N,False,False,0.666666687
Q13546_CHEMBL5418930,FQUUFGSCGLMGJB-UHFFFAOYSA-N,False,False,0.666666687
Q13546_CHEMBL5423912,LJHYFLSUSRRRNM-UHFFFAOYSA-N,False,False,0.666666687
Q13546_CHEMBL5439801,PJUOISILPVTGGD-UHFFFAOYSA-N,False,False,0.967741907
Q13546_CHEMBL5427681,TWBWMHXSHNKAOB-UHFFFAOYSA-N,False,False,0.756756783
Q13546_CHEMBL5426570,VWCWTIDFOROMDR-UHFFFAOYSA-N,False,False,0.641025662
Q13546_CHEMBL5424677,NNUHXRHOEBFVQR-UHFFFAOYSA-N,False,False,0.510638297
Q13546_CHEMBL5436651,QRGKXQIKAUCLMG-UHFFFAOYSA-N,False,False,0.558139563
Q13547_CHEMBL5395245,JBLNWKAMPSRHLK-UHFFFAOYSA-N,False,False,0.539682567
Q13547_CHEMBL5432435,MUOCLZTUKOZHKJ-UHFFFAOYSA-N,False,False,0.584905684
Q13547_CHEMBL5398608,XZRBBUWLDBIHNB-UHFFFAOYSA-N,False,False,0.568965495
Q13547_CHEMBL5401232,AHBCGPIPEAXBHL-UHFFFAOYSA-N,False,False,0.515151501
Q13547_CHEMBL5397465,WKCLLRPFCAPVDU-UHFFFAOYSA-N,False,False,0.54838711
Q13547_CHEMBL5420438,NSWNOFFOSSTHOH-UHFFFAOYSA-N,False,False,0.523076952
Q13547_CHEMBL5438309,HOOYZXBJNALUAR-UHFFFAOYSA-N,False,False,0.523809552
Q13547_CHEMBL5429127,PVCBHRYFZHGKKN-UHFFFAOYSA-N,False,False,0.542168677
Q13547_CHEMBL5394932,FKAXDNQJXJCQEI-UHFFFAOYSA-N,False,False,0.685185194
Q13547_CHEMBL5400896,JGIUFXLFKQTSTL-ZHACJKMWSA-N,False,False,0.698113203
Q13547_CHEMBL5396691,KSYBGBJFUPVDFJ-CCEZHUSRSA-N,False,False,0.596491218
Q13547_CHEMBL5425559,DJUWADUNXSFHSV-UHFFFAOYSA-N,False,False,0.666666687
Q13547_CHEMBL5399910,NNRSLYWHUKPYNM-UHFFFAOYSA-N,False,False,0.792452812
Q13547_CHEMBL5430562,CVCWEUZKQOCJNU-UHFFFAOYSA-N,False,False,0.596153855
Q13547_CHEMBL5428620,VBCMLYWXLCNRMV-UHFFFAOYSA-N,False,False,0.578947365
Q13547_CHEMBL5408688,PGHNCIMZMFKLQY-ZHACJKMWSA-N,False,False,0.784313738
Q13547_CHEMBL5412379,BMEPAMHXMUVZJW-CCEZHUSRSA-N,False,False,0.590163946
Q13547_CHEMBL5418060,CVBCVVCMLWNQKF-UHFFFAOYSA-N,False,False,0.673913062
Q13547_CHEMBL5433683,YURJZODGZORJTC-UHFFFAOYSA-N,False,False,0.796296299
Q13547_CHEMBL5428577,VVRMCFABALKPCP-UHFFFAOYSA-N,False,False,0.43589744
Q13547_CHEMBL5426703,BYQLOPDFWVASHS-UHFFFAOYSA-N,False,False,0.556962013
Q13547_CHEMBL5429376,YOUJBEUMZUGRMN-UHFFFAOYSA-N,False,False,0.600000024
Q13547_CHEMBL5431099,NEIDBNGOZCZLEZ-UHFFFAOYSA-N,False,False,0.530120492
Q13547_CHEMBL5407807,JGDVZNURLHGURN-UHFFFAOYSA-N,False,False,0.651162803
Q13547_CHEMBL5431370,MEPQUFNCBJPEGP-UHFFFAOYSA-N,False,False,0.523076952
Q13547_CHEMBL5423446,CXKLZHJWCRWNCM-MKZKMFSTSA-N,False,False,0.83544302
Q13547_CHEMBL5430899,BUZSQHRFHYUXBA-UHFFFAOYSA-N,False,False,0.59677422
Q13547_CHEMBL5427815,SLRDNKTWMOLICE-UHFFFAOYSA-N,False,False,0.550000012
Q13547_CHEMBL5400985,DNMNTICKJDQRTK-OAHLLOKOSA-N,False,False,0.538461566
Q13547_CHEMBL5435640,FTFRRNJGOVWLPJ-HXUWFJFHSA-N,False,False,0.5
Q13547_CHEMBL5413269,AYXFWPSPCQNMLC-LKLZPQJISA-N,False,False,0.846153855
Q13547_CHEMBL5418707,DNMNTICKJDQRTK-HNNXBMFYSA-N,False,False,0.538461566
Q13547_CHEMBL5406417,FTFRRNJGOVWLPJ-FQEVSTJZSA-N,False,False,0.5
Q13547_CHEMBL5424996,TUTIQZQZJOBECN-VOTSOKGWSA-N,False,False,0.61016947
Q13547_CHEMBL5439517,AULFNEAZEPCQGB-VMPITWQZSA-N,False,False,0.492753625
Q13547_CHEMBL5411407,DEDORAKXXAZOPO-UHFFFAOYSA-N,False,False,0.54838711
Q13547_CHEMBL5407078,WTSKFMPYBFXQOR-UHFFFAOYSA-N,False,False,0.584905684
Q13547_CHEMBL5428984,UMOBEFRNENEUFT-UHFFFAOYSA-N,False,False,0.568965495
Q13547_CHEMBL5417666,UEWXAGAFIKCFCJ-UHFFFAOYSA-N,False,False,0.515151501
Q13547_CHEMBL5427739,SCUBCNUVUMVMKO-UHFFFAOYSA-N,False,False,0.532258093
Q13547_CHEMBL5437164,PVKMPODTVXGHOZ-XCSIPZCGSA-N,False,False,0.5
Q13547_CHEMBL5427776,MOURCTSAWBAUNR-XCSIPZCGSA-N,False,False,0.537037015
Q13547_CHEMBL5409329,CBWXEJVKFOMOMO-UHFFFAOYSA-N,False,False,0.632653058
Q13547_CHEMBL5440015,SCENVWOPYPGNEC-UHFFFAOYSA-N,False,False,0.568965495
Q13547_CHEMBL5416731,BGRYBJIQYBKCOQ-UHFFFAOYSA-N,False,False,0.666666687
Q13547_CHEMBL5433467,PEXZTPMOHOQYCZ-UHFFFAOYSA-N,False,False,0.600000024
Q13547_CHEMBL5409260,LHAJARVQVFJSLU-UHFFFAOYSA-N,False,False,0.578947365
Q13547_CHEMBL5417826,MMYNUUFRKFXUSF-UHFFFAOYSA-N,False,False,0.555555582
Q13547_CHEMBL5438582,ZZTZUBMCGAASNR-UHFFFAOYSA-N,False,False,0.568965495
Q13547_CHEMBL5407061,YIWBHBGLZOKJNN-UHFFFAOYSA-N,False,False,0.559322059
Q13547_CHEMBL5414999,UAUIWYZLZKAAHT-UHFFFAOYSA-N,False,False,0.559322059
Q13547_CHEMBL5434760,HQBHOAXUYZEMGV-UHFFFAOYSA-N,False,False,0.538461566
Q13547_CHEMBL5437604,PGRROERLKGRQKE-UHFFFAOYSA-N,False,False,0.603448272
Q13547_CHEMBL5398384,GWHQYMFFJQUJHI-VYKMNNOZSA-N,False,False,0.555555582
Q13547_CHEMBL5405937,YLGJWKGSZVBOQT-PFGYVFLGSA-N,False,False,0.560975611
Q13547_CHEMBL5418684,ZBORFGCCVMZRQH-VYKMNNOZSA-N,False,False,0.508474588
Q13547_CHEMBL5427242,UUTBHOGFLLZVCJ-VYKMNNOZSA-N,False,False,0.55737704
Q13547_CHEMBL5397433,QXRLGMWYTMNWST-BYYHNAKLSA-N,False,False,0.659090936
Q13547_CHEMBL5420639,FWUZFAXTXPIOTO-UHFFFAOYSA-N,False,False,0.686274529
Q13547_CHEMBL5420610,JTHCKXXFWSWWKK-UHFFFAOYSA-N,False,False,0.56410259
Q13547_CHEMBL5420194,ZCKOUVRBFUQRTE-SDNWHVSQSA-N,False,False,0.489130437
Q13547_CHEMBL5438992,CJPAZSSWODHMEJ-UHFFFAOYSA-N,False,False,0.505617976
Q13547_CHEMBL5422534,BHJOJVLBZYUYGS-UHFFFAOYSA-N,False,False,0.56410259
Q13547_CHEMBL5405258,RPTKJTVPMGPUGF-UHFFFAOYSA-N,False,False,0.56410259
Q13547_CHEMBL5404735,ISGPICKPRZKQFO-UHFFFAOYSA-N,False,False,0.589743614
Q13547_CHEMBL5434398,WHTBXJPZTSEOCA-JXMROGBWSA-N,False,False,0.61038959
Q13547_CHEMBL5426859,XHNLIEWKEYJERV-UHFFFAOYSA-N,False,False,0.635135114
Q13547_CHEMBL5419690,FLLMOAHCFCJLEW-JLHYYAGUSA-N,False,False,0.48780489
Q13547_CHEMBL5405779,OABQDWQBXSGEDG-UHFFFAOYSA-N,False,False,0.588235319
Q13547_CHEMBL5399656,BFUXWMZIYXYZST-UHFFFAOYSA-N,False,False,0.588235319
Q13547_CHEMBL5439079,WSSAIVFLHIROCW-UHFFFAOYSA-N,False,False,0.606060624
Q13547_CHEMBL5437683,YDGCPLJSOWXJQC-BQYQJAHWSA-N,False,False,0.698412716
Q13547_CHEMBL5425203,DRKZKGNONHNGTB-UHFFFAOYSA-N,False,False,0.676056325
Q13547_CHEMBL5423994,WCCIPIPPRWMNTJ-UHFFFAOYSA-N,False,False,0.647887349
Q13547_CHEMBL5436930,PLVJFQLTLNVOKN-VOTSOKGWSA-N,False,False,0.589041114
Q13547_CHEMBL5417556,MBHZZBWXSVRFTL-UHFFFAOYSA-N,False,False,0.485294104
Q13547_CHEMBL5401785,IEXOHYNPHZZHSZ-UHFFFAOYSA-N,False,False,0.471428573
Q13547_CHEMBL5440587,MTCJRGATSJCGED-UHFFFAOYSA-N,False,False,0.485714287
Q13547_CHEMBL5409565,QQJQVZANYFVJOH-QHCPKHFHSA-N,False,False,0.405063301
Q13547_CHEMBL5423769,MLOBRTZNHHPMQH-UHFFFAOYSA-N,False,False,0.507692337
Q13547_CHEMBL5434546,LZDVZSHIAKMDMZ-UHFFFAOYSA-N,False,False,0.566666663
Q13547_CHEMBL5429228,SQTJAKDTFBMTKJ-UHFFFAOYSA-N,False,False,0.527272701
Q13547_CHEMBL5420359,VJDGPTRYCVXDQS-UHFFFAOYSA-N,False,False,0.55384618
Q13547_CHEMBL5404035,MTKCAARMMNTGTB-UHFFFAOYSA-N,False,False,0.701754391
Q13547_CHEMBL5435026,CTPPCSXPANIXLH-UHFFFAOYSA-N,False,False,0.527272701
Q13547_CHEMBL5424227,YGLNFSNFANRIFJ-UHFFFAOYSA-N,False,False,0.584905684
Q13547_CHEMBL5432401,IWBDRRINLWOVOP-UHFFFAOYSA-N,False,False,0.507246375
Q13547_CHEMBL5407947,OELIVNXEBZGJGO-UHFFFAOYSA-N,False,False,0.566037714
Q13547_CHEMBL5416658,NRHCJWPPUOYVTE-UHFFFAOYSA-N,False,False,0.55737704
Q13547_CHEMBL5399973,HYRWJRCFBBCWRD-UHFFFAOYSA-N,False,False,0.625
Q13547_CHEMBL5426471,JPEIDBWFJKMZDK-UHFFFAOYSA-N,False,False,0.654545426
Q13547_CHEMBL5395429,FOEOGDDWIWAHOU-UHFFFAOYSA-N,False,False,0.672727287
Q13547_CHEMBL5431600,OHROLPNQMXRXGC-UHFFFAOYSA-N,False,False,0.696428597
Q13547_CHEMBL5418936,KGNGEBHBPOOKOZ-UHFFFAOYSA-N,False,False,0.672727287
Q13547_CHEMBL5395752,IHCYCUFHJCZBJP-UHFFFAOYSA-N,False,False,0.696428597
Q13547_CHEMBL5409321,GANSLSBKCCYMIF-UHFFFAOYSA-N,False,False,0.672727287
Q13547_CHEMBL5410667,RKFQLKMCQAUMBQ-UHFFFAOYSA-N,False,False,0.696428597
Q13547_CHEMBL5406671,QXZZDGKAEIAULG-UHFFFAOYSA-N,False,False,0.680000007
Q13547_CHEMBL5409269,RAMGUXIHYDQDFX-UHFFFAOYSA-N,False,False,0.584905684
Q13547_CHEMBL5423614,VLMYSSHSAAFQOM-UHFFFAOYSA-N,False,False,0.606557369
Q13547_CHEMBL5400284,WUONIMKQOGQBCY-SIWUJPBOSA-N,False,False,0.818181813
Q13547_CHEMBL5418632,UPLZIRHIVXNQEI-RYSIYLRZSA-N,False,False,0.625
Q13547_CHEMBL5428905,ZHEUSEZPXXZXEX-MDTIVVSESA-N,False,False,0.685185194
Q13547_CHEMBL5394496,HIMJLDRKJRPJBF-UUQOLVESSA-N,False,False,0.564516127
Q13547_CHEMBL5422313,QPPILBUZQLHSJK-FOCLMDBBSA-N,False,False,0.793103456
Q13547_CHEMBL5401058,VFAMDOICOLGFJT-WCWDXBQESA-N,False,False,0.842105269
Q13547_CHEMBL5418488,CJYWAZPLLBPPJQ-OCEACIFDSA-N,False,False,0.620000005
Q13547_CHEMBL5431673,RVUSPCANNSXLPJ-UHFFFAOYSA-N,False,False,0.535211265
Q13547_CHEMBL5407261,KVOJBPKUDVZXKM-NYHFZMIOSA-N,False,False,0.694915235
Q13547_CHEMBL5415779,BPXVOPWADLXFAL-RUDMXATFSA-N,False,False,0.464788735
Q13547_CHEMBL5403063,IQQCNXIMCSZZCY-UHFFFAOYSA-N,False,False,0.458333343
Q13547_CHEMBL5417222,NVKABCISIRNZDQ-UHFFFAOYSA-N,False,False,0.535211265
Q13547_CHEMBL5422539,XULYKAVVLAQSHG-RUDMXATFSA-N,False,False,0.50666666
Q13547_CHEMBL5417311,UMZNDXHSSBJFBR-UHFFFAOYSA-N,False,False,0.513888896
Q13547_CHEMBL5409479,YUQDNCUSPMHZPU-UHFFFAOYSA-N,False,False,0.49253732
Q13547_CHEMBL5426373,VHCUCAALIWDSQV-UHFFFAOYSA-N,False,False,0.485294104
Q13547_CHEMBL5433222,VAKSFLLKWXWXNG-UHFFFAOYSA-N,False,False,0.5
Q13547_CHEMBL5414940,VPTOISCZIPKICJ-UHFFFAOYSA-N,False,False,0.5
Q13547_CHEMBL5403641,TUJYCBJVVRQGSW-UHFFFAOYSA-N,False,False,0.472972959
Q13547_CHEMBL5401051,DZZGLYFZSNCVTP-RMKNXTFCSA-N,False,False,0.569230795
Q13547_CHEMBL5407011,QQSAYNBSBOASON-UHFFFAOYSA-N,False,False,0.606557369
Q13547_CHEMBL5423299,ITXUXKXTVDKBBO-ZDUSSCGKSA-N,False,False,0.453125
Q13547_CHEMBL5420243,AUMGARRNERWLFZ-FQEVSTJZSA-N,False,False,0.428571433
Q13547_CHEMBL5413391,JQYDVLYDSVIYPK-DEOSSOPVSA-N,False,False,0.413333327
Q13547_CHEMBL5435868,XNVBNLXGGKCGPC-BULTVDLSSA-N,False,False,0.434210539
Q13547_CHEMBL5404696,LZZPANZAMUBPRM-UHFFFAOYSA-N,False,False,0.449275374
Q13547_CHEMBL5440138,CGUQPMQRNKIUTR-UHFFFAOYSA-N,False,False,0.555555582
Q13547_CHEMBL5436704,PQDHGOUWCDEQQL-UHFFFAOYSA-N,False,False,0.650793672
Q13547_CHEMBL5422333,SLZXMFIZCYCHGG-UHFFFAOYSA-N,False,False,0.716666639
Q13547_CHEMBL5440733,JVVULRNUGBJVRX-UHFFFAOYSA-N,False,False,0.650793672
Q13547_CHEMBL5431676,IYNMNOJVZMPVFR-UHFFFAOYSA-N,False,False,0.716666639
Q13547_CHEMBL5416888,FJEREIYRYVFVOT-UHFFFAOYSA-N,False,False,0.581818163
Q13547_CHEMBL5395571,AYDMCDGZQXWLJX-UHFFFAOYSA-N,False,False,0.550000012
Q13547_CHEMBL5421759,IWDOETADEGIOAS-UHFFFAOYSA-N,False,False,0.49253732
Q13547_CHEMBL5409400,DRDKZFDFLAFTRX-UHFFFAOYSA-N,False,False,0.532258093
Q13547_CHEMBL5420493,UXFFSOKSQAVGQD-UHFFFAOYSA-N,False,False,0.642857134
Q13547_CHEMBL5397759,YNIILDXWEAAYTM-UHFFFAOYSA-N,False,False,0.550000012
Q13547_CHEMBL5434626,KNQUAPDLFVCQQV-UHFFFAOYSA-N,False,False,0.639344275
Q13547_CHEMBL5413000,UQAUKCBFWYIVMU-UHFFFAOYSA-N,False,False,0.706896544
Q13547_CHEMBL5395739,CHAABZXWCNJZLF-SFHVURJKSA-N,False,False,0.447368413
Q13547_CHEMBL5440875,WGEQYYHQBHIVKV-LJQANCHMSA-N,False,False,0.515151501
Q13547_CHEMBL5419239,CGGSSGAQPIHPOK-UHFFFAOYSA-N,False,False,0.5
Q13547_CHEMBL5424768,UAEQCSXHYDCDJO-UHFFFAOYSA-N,False,False,0.800000012
Q13547_CHEMBL5422428,VNEPDHLFWWAISE-UHFFFAOYSA-N,False,False,0.779661
Q13547_CHEMBL5410652,FZTMVYQHIOEHIG-UHFFFAOYSA-N,False,False,0.728260875
Q13547_CHEMBL5440192,IKCHZDNFNSMGAW-UHFFFAOYSA-N,False,False,0.683168292
Q13547_CHEMBL5407634,UBMHPTAZKYQZMF-UHFFFAOYSA-N,False,False,0.704081655
Q13547_CHEMBL5426948,CWFYNKHVKIJDDS-UHFFFAOYSA-N,False,False,0.704081655
Q13547_CHEMBL5400623,PDYFOAWXTIQBJS-UHFFFAOYSA-N,False,False,0.860759497
Q13547_CHEMBL5399635,AVFRFERRHSJPDJ-UHFFFAOYSA-N,False,False,0.564516127
Q13547_CHEMBL5406759,AAAKGTUHALVVRF-UHFFFAOYSA-N,False,False,0.578947365
Q13547_CHEMBL5413744,KCMYMJYVLUDHRM-UHFFFAOYSA-N,False,False,0.5
Q13547_CHEMBL5428176,GWHOESHWTHCMLP-UHFFFAOYSA-N,False,False,0.553571403
Q13547_CHEMBL5440196,LRJQZDPAGCKASQ-UHFFFAOYSA-N,False,False,0.636363626
Q13547_CHEMBL5428924,XAZFECXJTZEKQY-UHFFFAOYSA-N,False,False,0.607843161
Q13547_CHEMBL5424063,YSPSYEXGYSDGGD-UHFFFAOYSA-N,False,False,0.538461566
Q13547_CHEMBL5440160,MRYMTBGEMJLVPK-UHFFFAOYSA-N,False,False,0.5090909
Q13547_CHEMBL5432519,SJVXQHLHSHMJCL-UHFFFAOYSA-N,False,False,0.517857134
Q13547_CHEMBL5406583,DXDGOANNQHWKCJ-UHFFFAOYSA-N,False,False,0.517857134
Q13547_CHEMBL5417760,AHNNFTAEMSULEU-UHFFFAOYSA-N,False,False,0.534482777
Q13547_CHEMBL5413316,RBVBJTJVVRISMW-UHFFFAOYSA-N,False,False,0.576923072
Q13547_CHEMBL5440032,PSYQFKVOPBGHPQ-UHFFFAOYSA-N,False,False,0.636363626
Q13547_CHEMBL5431560,FTEZTMKDKRFIQY-UHFFFAOYSA-N,False,False,0.659574449
Q13547_CHEMBL5420876,LIMOBTKKLINORJ-QHCPKHFHSA-N,False,False,0.75
Q13547_CHEMBL5414870,FSFIRPVUAKTSBJ-VLSFKVKESA-N,False,False,0.561643839
Q13547_CHEMBL5415246,MVPYASWRPWFANF-QFIPXVFZSA-N,False,False,0.597402573
Q13547_CHEMBL5407734,MVZQIAHZRFVNHM-QHCPKHFHSA-N,False,False,0.608695626
Q13547_CHEMBL5395816,NDFSNVFVPNHHLM-UHFFFAOYSA-N,False,False,0.523809552
Q13547_CHEMBL5440176,BOGAVACQQTXEQJ-UHFFFAOYSA-N,False,False,0.523809552
Q13547_CHEMBL5412747,YVQZYMNMURBHGT-UHFFFAOYSA-N,False,False,0.539682567
Q13547_CHEMBL5435909,JXUJLNQFBWVQOO-UHFFFAOYSA-N,False,False,0.540983617
Q13547_CHEMBL5398464,VYGGHIWUVSMRFX-UHFFFAOYSA-N,False,False,0.566265047
Q13547_CHEMBL5420057,GAHFGWXJKNNMKS-WBVHZDCISA-N,False,False,0.616279066
Q13547_CHEMBL5404427,SGZYQEHMEGKVMD-AATRIKPKSA-N,False,False,0.735849082
Q13547_CHEMBL5404095,NVDNTDXEEMYBNR-UHFFFAOYSA-N,False,False,0.595744669
Q13547_CHEMBL5429056,BQPZKWQDCVCBBC-UHFFFAOYSA-N,False,False,0.600000024
Q13547_CHEMBL5419475,CBJQUDMIVACPSG-QFIPXVFZSA-N,False,False,0.597402573
Q13547_CHEMBL5396505,LKAMTKNMOBTRGF-NWMLYGLHSA-N,False,False,0.559523821
Q13547_CHEMBL5399948,HUQPVHRSSBINPU-QFIPXVFZSA-N,False,False,0.592105269
Q13547_CHEMBL5409169,UHHOLWVUDKEUNX-QFIPXVFZSA-N,False,False,0.727272749
Q13547_CHEMBL5431839,CSYBTCHWZOWTNC-XAYULXIRSA-N,False,False,0.592592597
Q13547_CHEMBL5429693,CLBOACJWFOVVDX-NRFANRHFSA-N,False,False,0.689189196
Q13547_CHEMBL5409137,INIQMRSHVDNLQJ-QFIPXVFZSA-N,False,False,0.615384638
Q13547_CHEMBL5437481,ZVOYSHXLFJIUOC-QFIPXVFZSA-N,False,False,0.833333313
Q13547_CHEMBL5410073,SKTBGPXTJPTFJR-IGVGMEOHSA-N,False,False,0.623188376
Q13547_CHEMBL5433570,APFBRKWRVAGAHZ-NRFANRHFSA-N,False,False,0.661538482
Q13547_CHEMBL5395810,IZXWFMLZEVIDQU-QFIPXVFZSA-N,False,False,0.676923096
Q13547_CHEMBL5409678,LVZIBPOTOMIFCD-QFIPXVFZSA-N,False,False,0.626506031
Q13547_CHEMBL5420601,LXJKRSGXXQKVRV-XAYULXIRSA-N,False,False,0.655172408
Q13547_CHEMBL5412510,MUMLRNZRMHNDNB-NRFANRHFSA-N,False,False,0.763157904
Q13547_CHEMBL5399017,XQAGCFFUQCPFPC-QFIPXVFZSA-N,False,False,0.638554215
Q13547_CHEMBL5434942,BAUYYQQEDTXRHD-UHFFFAOYSA-N,False,False,0.631578922
Q13547_CHEMBL5417682,WWWXAUVVTLETIP-UHFFFAOYSA-N,False,False,0.560000002
Q13547_CHEMBL5415256,UGEBLNDPXMMWOH-UHFFFAOYSA-N,False,False,0.833333313
Q13547_CHEMBL5410602,VMIFYJGFSHVYHC-UHFFFAOYSA-N,False,False,0.75
Q13547_CHEMBL5411914,YKRBAGNCPWIGQG-UHFFFAOYSA-N,False,False,0.613333344
Q13547_CHEMBL5400421,BNXCWWNDNKACGS-UHFFFAOYSA-N,False,False,0.587301612
Q13547_CHEMBL5431498,COAWJUWYLXBVQV-CCEZHUSRSA-N,False,False,0.636363626
Q13547_CHEMBL5420814,XMJOWVWAMFAJEG-ISLYRVAYSA-N,False,False,0.75
Q13547_CHEMBL5414244,ISUGSSCHUUDEPF-BUHFOSPRSA-N,False,False,0.507692337
Q13547_CHEMBL5409409,LIUOOORWOOGXTR-CCEZHUSRSA-N,False,False,0.75
Q13547_CHEMBL5396543,CRRGGSUAGUNPRJ-OUKQBFOZSA-N,False,False,0.542372882
Q13547_CHEMBL5412725,UXXOYONVZZWOBK-UHFFFAOYSA-N,False,False,0.629629612
Q13547_CHEMBL5396565,GVTIGWXSHVFXMV-UHFFFAOYSA-N,False,False,0.53125
Q13547_CHEMBL5411315,JGJZNWDPKNHILY-UHFFFAOYSA-N,False,False,0.50746268
Q13547_CHEMBL5401053,LYONFPDOAKGUJT-UHFFFAOYSA-N,False,False,0.571428597
Q13547_CHEMBL5414564,DHLZPGOWBOVKFJ-UHFFFAOYSA-N,False,False,0.571428597
Q13547_CHEMBL5402175,MPLIEMAEOVAVDT-UHFFFAOYSA-N,False,False,0.600000024
Q13547_CHEMBL5420307,WTQXCKOFMBRVKG-UHFFFAOYSA-N,False,False,0.578947365
Q13547_CHEMBL5437072,CDEAQXMRSITEHB-UHFFFAOYSA-N,False,False,0.54285717
Q13547_CHEMBL5396288,VFINFUFQYCHWAJ-UHFFFAOYSA-N,False,False,0.600000024
Q13547_CHEMBL5415351,JBKQYCIKKDHHAH-UHFFFAOYSA-N,False,False,0.600000024
Q13547_CHEMBL5418509,YMXDGRDDZMPLGQ-UHFFFAOYSA-N,False,False,0.608695626
Q13547_CHEMBL5428663,FKIUJBYZKBKRCY-UHFFFAOYSA-N,False,False,0.555555582
Q13547_CHEMBL5433525,YUPQRQODNQWBFF-UHFFFAOYSA-N,False,False,0.580645144
Q13547_CHEMBL5398443,FGCXXGHHKHZDPG-UHFFFAOYSA-N,False,False,0.578947365
Q13547_CHEMBL5397101,LEPQFOWWRYZSFI-UHFFFAOYSA-N,False,False,0.588235319
Q13547_CHEMBL5439406,BQTACPFYCJMRBO-UHFFFAOYSA-N,False,False,0.568965495
Q13547_CHEMBL5394186,FJCKUPDEWJIVCF-UHFFFAOYSA-N,False,False,0.637931049
Q13547_CHEMBL5425472,OFBDGAQBNICAOH-UHFFFAOYSA-N,False,False,0.565217376
Q13547_CHEMBL5423472,JWXPMSACJNNGDK-UHFFFAOYSA-N,False,False,0.714285731
Q13547_CHEMBL5394727,SVSURLNAOVBECG-UHFFFAOYSA-N,False,False,0.584615409
Q13547_CHEMBL5430331,PNVDDSYVPTVEAJ-UHFFFAOYSA-N,False,False,0.584615409
Q13547_CHEMBL5402423,LTDABMIXAMXJRA-UHFFFAOYSA-N,False,False,0.763636351
Q13547_CHEMBL5419172,WVYZFZMOXZBPBV-UHFFFAOYSA-N,False,False,0.603773594
Q13547_CHEMBL5424360,OZOFTINWBPTHFB-UHFFFAOYSA-N,False,False,0.622641504
Q13547_CHEMBL5417416,FIZZRHWTXQEMKY-NDEPHWFRSA-N,False,False,0.616438329
Q13547_CHEMBL5407707,WIDVUXLEGJUVON-UHFFFAOYSA-N,False,False,0.603448272
Q13547_CHEMBL5425253,HFEVWIWKJBVMMX-PMERELPUSA-N,False,False,0.720588207
Q13547_CHEMBL5431412,NSBUFYDETVPHMH-PMERELPUSA-N,False,False,0.720588207
Q13547_CHEMBL5407714,KDRIZHPKMBHRLR-DEOSSOPVSA-N,False,False,0.706896544
Q13547_CHEMBL5402136,BFPZEWKLYKONOE-HKBQPEDESA-N,False,False,0.652173936
Q13547_CHEMBL5402915,LDJULNUAVAMRQL-PMERELPUSA-N,False,False,0.580645144
Q13547_CHEMBL5404793,MYUMSTXWLOXCNA-HKBQPEDESA-N,False,False,0.720588207
Q13547_CHEMBL5403777,FWWZNWCRXJQHCP-HKBQPEDESA-N,False,False,0.75
Q13547_CHEMBL5433049,QGJOQSWDMMVMFK-SSEXGKCCSA-N,False,False,0.769230783
Q13547_CHEMBL5408299,FWWZNWCRXJQHCP-WJOKGBTCSA-N,False,False,0.75
Q13547_CHEMBL5433987,BSKOFRYMWZXGSF-UHFFFAOYSA-N,False,False,0.836363614
Q13547_CHEMBL5410437,CVJLMRJTALEROF-UHFFFAOYSA-N,False,False,0.685185194
Q13547_CHEMBL5398814,OPRZNPTUNATDOE-LJAQVGFWSA-N,False,False,0.628571451
Q13547_CHEMBL5432672,XLCHTMCQRFWKDY-UHFFFAOYSA-N,False,False,0.584905684
Q13547_CHEMBL5404374,FZWSSGAIBAOWFS-UHFFFAOYSA-N,False,False,0.573529422
Q13547_CHEMBL5409055,CTDRKXRPTTXEJF-UHFFFAOYSA-N,False,False,0.596153855
Q13547_CHEMBL5398994,AICULAZKVUQWMN-UHFFFAOYSA-N,False,False,0.603773594
Q13547_CHEMBL5437925,YLEHYKBGICBNST-UHFFFAOYSA-N,False,False,0.54285717
Q13547_CHEMBL5430751,OJFAACXBCHKCGE-UHFFFAOYSA-N,False,False,0.533333361
Q13547_CHEMBL5408074,ZRSQTAOULPTOLO-UHFFFAOYSA-N,False,False,0.55384618
Q13547_CHEMBL5406975,AEXYOZIVCLCUNA-UHFFFAOYSA-N,False,False,0.53125
Q13547_CHEMBL5397692,BKJNSUGFKQBLHA-UHFFFAOYSA-N,False,False,0.523809552
Q13547_CHEMBL5409731,RMJLRSRWJYESIB-UHFFFAOYSA-N,False,False,0.629629612
Q13547_CHEMBL5409287,YKKBYLCTBCMNCU-UHFFFAOYSA-N,False,False,0.550000012
Q13547_CHEMBL5397225,CQUADSRFFMYFCL-UHFFFAOYSA-N,False,False,0.589285731
Q13547_CHEMBL5438996,VBCILLRYTNWRME-UHFFFAOYSA-N,False,False,0.589285731
Q13547_CHEMBL5414698,WHGKFPAAQHSOBY-UHFFFAOYSA-N,False,False,0.615384638
Q13547_CHEMBL5438446,SKXYFGUIZANCOI-UHFFFAOYSA-N,False,False,0.542372882
Q13547_CHEMBL5395637,HLNAWHGNPQAJEZ-UHFFFAOYSA-N,False,False,0.583333313
Q13547_CHEMBL5429446,JHHYDBMDOANLJV-UHFFFAOYSA-N,False,False,0.745098054
Q13547_CHEMBL5419832,VKABFVCWLNMLRQ-UHFFFAOYSA-N,False,False,0.779999971
Q13547_CHEMBL5414925,PRUSOIAYYLOJFN-UHFFFAOYSA-N,False,False,0.588235319
Q13547_CHEMBL5393893,QTZFGINQJZVBCI-UHFFFAOYSA-N,False,False,0.632653058
Q13547_CHEMBL5396074,CTMNRDXWOFPHCH-UHFFFAOYSA-N,False,False,0.596153855
Q13547_CHEMBL5426015,XKRGKWILEXQHMD-UHFFFAOYSA-N,False,False,0.588235319
Q13547_CHEMBL5439859,XZQVBMFLMCWRKC-UHFFFAOYSA-N,False,False,0.620000005
Q13547_CHEMBL5414308,BSVXBDQGJJPPLZ-UHFFFAOYSA-N,False,False,0.620000005
Q13547_CHEMBL5412296,UWPDZEXXXPPOPC-UHFFFAOYSA-N,False,False,0.538461566
Q13547_CHEMBL5414898,OCKCKDNCRASFDK-UHFFFAOYSA-N,False,False,0.603773594
Q13547_CHEMBL5394047,CBAJXTVUCJMMRE-UHFFFAOYSA-N,False,False,0.55737704
Q13547_CHEMBL5399990,OBVOKTHKAHOXAF-UHFFFAOYSA-N,False,False,0.615384638
Q13547_CHEMBL5400387,JLEWAEJZACTUQH-UHFFFAOYSA-N,False,False,0.517857134
Q13547_CHEMBL5415734,IZWKLYQKKXPMFL-UHFFFAOYSA-N,False,False,0.603773594
Q13547_CHEMBL5408897,LRLCYVBJNAPPOT-UHFFFAOYSA-N,False,False,0.566037714
Q13547_CHEMBL5414384,BDVWNDNVGKVFGG-UHFFFAOYSA-N,False,False,0.542372882
Q13547_CHEMBL5418711,FUJQAHBCFDCWLI-ZHACJKMWSA-N,False,False,0.714285731
Q13547_CHEMBL5415232,NRYKLRJVRBXJSZ-UHFFFAOYSA-N,False,False,0.795454562
Q13547_CHEMBL5431448,XPPMCZXWLSVIKG-UHFFFAOYSA-N,False,False,0.576271176
Q13547_CHEMBL5406785,TXVUKBGRTQGQFC-UHFFFAOYSA-N,False,False,0.566037714
Q13547_CHEMBL5423629,SANFIDZQPFQQAK-UHFFFAOYSA-N,False,False,0.615384638
Q13547_CHEMBL5401106,PRWNDWJOZUOTNQ-MDZDMXLPSA-N,False,False,0.672727287
Q13547_CHEMBL5429873,TUTLONWPIGDEGH-CMDGGOBGSA-N,False,False,0.686274529
Q13547_CHEMBL5409830,XUMWRXNKNWOGSW-UHFFFAOYSA-N,False,False,0.647058845
Q13547_CHEMBL5436596,VJSUSJAIUOGNLQ-UHFFFAOYSA-N,False,False,0.627118647
Q13547_CHEMBL5420058,BRLWIHBTAHJPEB-UHFFFAOYSA-N,False,False,0.639999986
Q13547_CHEMBL5414971,YSVLGQXWFADGQY-IHTBNCIRSA-N,False,False,0.550000012
Q13547_CHEMBL5432574,ZNPYRXUPOTYKKV-IXLFXIALSA-N,False,False,0.607843161
Q13547_CHEMBL5436873,TWNGRTQKVQJZOW-XMURTRJZSA-N,False,False,0.569230795
Q13547_CHEMBL5434895,RDHSLZUUTQWAGA-UHFFFAOYSA-N,False,False,0.571428597
Q13547_CHEMBL5424823,KTLIMLRKGNTACF-UHFFFAOYSA-N,False,False,0.627118647
Q13547_CHEMBL5408565,CPJURHDGOWYMTO-UHFFFAOYSA-N,False,False,0.696428597
Q13547_CHEMBL5402344,CHPIFUUQOAZPMR-UHFFFAOYSA-N,False,False,0.641509414
Q13547_CHEMBL5423136,OYYRRTVDCDBRLF-UHFFFAOYSA-N,False,False,0.679245293
Q13547_CHEMBL5414056,PPHDDGXHLVJUMN-UHFFFAOYSA-N,False,False,0.607142866
Q13547_CHEMBL5438694,RBRJZIMEHHQSQY-UHFFFAOYSA-N,False,False,0.679245293
Q13547_CHEMBL5394600,KCKGAEGEXUENNS-UHFFFAOYSA-N,False,False,0.532258093
Q13547_CHEMBL5410777,XMCYUTQVBKAXJN-UHFFFAOYSA-N,False,False,0.515151501
Q13547_CHEMBL5420954,CMXJXYCBGMRJAV-UHFFFAOYSA-N,False,False,0.532258093
Q13547_CHEMBL5410523,UFBBFWXXLQXJOC-UHFFFAOYSA-N,False,False,0.559322059
Q13547_CHEMBL5416448,YWUJXZMRSZVDMK-UHFFFAOYSA-N,False,False,0.639999986
Q13547_CHEMBL5432886,LOICNVZENYUFMJ-UHFFFAOYSA-N,False,False,0.622222245
Q13547_CHEMBL5418695,APDXLCYNKSUFPU-UHFFFAOYSA-N,False,False,0.537037015
Q13547_CHEMBL5410992,FQGLSHIZYYTQFM-UHFFFAOYSA-N,False,False,0.559322059
Q13547_CHEMBL5432846,HELYZRIECDGSTO-UHFFFAOYSA-N,False,False,0.600000024
Q13547_CHEMBL5415711,VEEVWFOQBJGAQF-UHFFFAOYSA-N,False,False,0.597014904
Q13547_CHEMBL5423139,CWUMYDYQSNEPDL-UHFFFAOYSA-N,False,False,0.737704933
Q13547_CHEMBL5401815,BEDWKBWRNPJVER-UHFFFAOYSA-N,False,False,0.5
Q13547_CHEMBL5418570,GCIADIGUAGFZMT-UHFFFAOYSA-N,False,False,0.507692337
Q13547_CHEMBL5440638,QRSFERRIHNOBEC-UHFFFAOYSA-N,False,False,0.590163946
Q13547_CHEMBL5412933,BVRUEDKNFFSVFU-UHFFFAOYSA-N,False,False,0.523809552
Q13547_CHEMBL5403601,MSOAUNDBJPEZPU-UHFFFAOYSA-N,False,False,0.639999986
Q13547_CHEMBL5410880,KAPGFTRLFQCRDV-UHFFFAOYSA-N,False,False,0.737704933
Q13547_CHEMBL5402253,MEUGCPLPAYIBOF-UHFFFAOYSA-N,False,False,0.627451003
Q13547_CHEMBL5430119,YYYSPQNJJKOVAT-UHFFFAOYSA-N,False,False,0.609375
Q13547_CHEMBL5419248,GFSXBBLNVBOYPT-UHFFFAOYSA-N,False,False,0.75
Q13547_CHEMBL5435751,JJDJQVFWYUOSHD-UHFFFAOYSA-N,False,False,0.471428573
Q13547_CHEMBL5425972,XDEHHKQXLFEWIM-UHFFFAOYSA-N,False,False,0.619047642
Q13547_CHEMBL5398428,SYEFHOJYIISJPS-UHFFFAOYSA-N,False,False,0.615384638
Q13547_CHEMBL5408111,FINJKWBVDVDIEV-UHFFFAOYSA-N,False,False,0.565217376
Q13547_CHEMBL5437991,PYQMGVXDFBHWSS-UHFFFAOYSA-N,False,False,0.762711883
Q13547_CHEMBL5435590,HKNCTCCBMFSNHN-UHFFFAOYSA-N,False,False,0.666666687
Q13547_CHEMBL5411915,VWEAFAKKMJQHIM-UHFFFAOYSA-N,False,False,0.661290348
Q13547_CHEMBL5427151,YRQDOHHBEDNHPD-UHFFFAOYSA-N,False,False,0.421875
Q13547_CHEMBL5421202,AVWLUSCXULPDKP-UHFFFAOYSA-N,False,False,0.469696969
Q13547_CHEMBL5438599,MMUQBONRIUBLCJ-UHFFFAOYSA-N,False,False,0.491525412
Q13547_CHEMBL5426896,USXBFTGGZAUGDB-UHFFFAOYSA-N,False,False,0.733333349
Q13547_CHEMBL5399941,JGJNFFIWMLTLRX-DMHOEKEMSA-N,False,False,0.492063493
Q13547_CHEMBL5436104,XBNPUOXMQUEWOS-DMHOEKEMSA-N,False,False,0.485294104
Q13547_CHEMBL5423557,PIGNSYDOCOOONY-JXMROGBWSA-N,False,False,0.707317054
Q13547_CHEMBL5436001,MBVSIFKILARVFB-UHFFFAOYSA-N,False,False,0.673469365
Q13547_CHEMBL5426091,KJIPHHREWQVMGN-UHFFFAOYSA-N,False,False,0.5625
Q13547_CHEMBL5431660,SYXAXMIVPHTIMR-UHFFFAOYSA-N,False,False,0.532258093
Q13547_CHEMBL5439488,LLWDTYGBWANFGR-UHFFFAOYSA-N,False,False,0.535714269
Q13547_CHEMBL5407953,UPLGZSBFZVNPLL-UHFFFAOYSA-N,False,False,0.477611929
Q13547_CHEMBL5433627,NYLVODBIQNLOCF-UHFFFAOYSA-N,False,False,0.644067824
Q13547_CHEMBL5416264,YQHUBFALFNTCIB-UHFFFAOYSA-N,False,False,0.622641504
Q13547_CHEMBL5406191,SCCJOEOENYEKKI-UHFFFAOYSA-N,False,False,0.486486495
Q13547_CHEMBL5433364,DUVLXIGHBVSHMD-UHFFFAOYSA-N,False,False,0.571428597
Q13547_CHEMBL5403602,NCQIXHZAOSUMFR-UHFFFAOYSA-N,False,False,0.571428597
Q13547_CHEMBL5429412,FIRDMYGUQVUYTP-UHFFFAOYSA-N,False,False,0.600000024
Q13547_CHEMBL5412547,BIFRNKHUZHRQGI-UHFFFAOYSA-N,False,False,0.629629612
Q13547_CHEMBL5436035,FUUBXMQAHOAIOG-UHFFFAOYSA-N,False,False,0.616666675
Q13547_CHEMBL5403862,JUJSCLVYZFJTFY-UHFFFAOYSA-N,False,False,0.5
Q13547_CHEMBL5419295,KARDQFYIDVGLOW-UHFFFAOYSA-N,False,False,0.622641504
Q13547_CHEMBL5424948,AMCNDLUFXPCOOE-UHFFFAOYSA-N,False,False,0.615384638
Q13547_CHEMBL5418093,LWSHJIDSLYHZGH-UHFFFAOYSA-N,False,False,0.615384638
Q13547_CHEMBL5401496,MZYCHAQCSKIGFQ-UHFFFAOYSA-N,False,False,0.615384638
Q13547_CHEMBL5401406,SRTXLGDSNNESNV-UHFFFAOYSA-N,False,False,0.568181813
Q13547_CHEMBL5423646,CKRFDUMLDBACPG-UHFFFAOYSA-N,False,False,0.5
Q13547_CHEMBL5437381,FBJSIVYYFMWHLD-UHFFFAOYSA-N,False,False,0.618181825
Q13547_CHEMBL5428795,SUZJSBABBMOGMV-UHFFFAOYSA-N,False,False,0.744680822
Q13547_CHEMBL5413612,UCSKFUJDLHJCSZ-UHFFFAOYSA-N,False,False,0.53061223
Q13547_CHEMBL5394143,SPSPZCDXOISELV-UHFFFAOYSA-N,False,False,0.550000012
Q13547_CHEMBL5404245,MDQVOCYXLZNNTB-UHFFFAOYSA-N,False,False,0.61016947
Q13547_CHEMBL5401169,ASDSYHJRYUYNCP-UHFFFAOYSA-N,False,False,0.622950792
Q13547_CHEMBL5403206,WRSZUFDFPAVOIV-UHFFFAOYSA-N,False,False,0.61016947
Q13547_CHEMBL5430740,AWLCTQDMWMZSKS-UGQIIZBGSA-N,False,False,0.529411793
Q13547_CHEMBL5424224,OGOUVFOKYOKPNY-XMURTRJZSA-N,False,False,0.586206913
Q13547_CHEMBL5411948,LFAILFCZRLHSBV-UHFFFAOYSA-N,False,False,0.660377383
Q13547_CHEMBL5403974,INQLKJPLRJINGT-QFIPXVFZSA-N,False,False,0.400000006
Q13547_CHEMBL5415687,QKOREFCBYAJEKR-UHFFFAOYSA-N,False,False,0.813953459
Q13627_CHEMBL5410811,QCZUWXJFWWURGI-WQRHYEAKSA-N,False,False,0.680851042
Q13627_CHEMBL5403328,FTZBKRUJACNIDE-MFOYZWKCSA-N,False,False,0.711111128
Q13627_CHEMBL5416086,MIRUXNAUNULTKO-UHFFFAOYSA-N,False,False,0.5
Q13627_CHEMBL5417336,MFDSVHJZYCCZPF-UHFFFAOYSA-N,False,False,0.5
Q13627_CHEMBL5401513,YNOLBOVITXYRCW-UHFFFAOYSA-N,False,False,0.485294104
Q13627_CHEMBL5401218,YPFKCHMWLAKOGP-UHFFFAOYSA-N,False,False,0.515625
Q13627_CHEMBL5395267,HUYFQJWMCOBPQL-UHFFFAOYSA-N,False,False,0.561403513
Q13627_CHEMBL5414801,PBDZKKHARXQKND-RGEXLXHISA-N,False,False,0.894736826
Q13627_CHEMBL5429707,KCTCLVINURCCIL-UUKWBXHYSA-N,False,False,0.625
Q13627_CHEMBL5428562,KCTCLVINURCCIL-PJCWUCBCSA-N,False,False,0.625
Q13627_CHEMBL5401556,GUXARCGBVPDGMI-UVYNJXETSA-N,False,False,0.701492548
Q13627_CHEMBL5432405,CHQYAWLKOUOTQO-BKNIFWKGSA-N,False,False,0.686567187
Q13627_CHEMBL5404093,HYHBXFRSVBXAGH-OTUTYVNSSA-N,False,False,0.50666666
Q13627_CHEMBL5401354,GHVMFJFQOFUHRW-DISPHTKASA-N,False,False,0.423076928
Q13627_CHEMBL5426463,KYDKYDIBYWCBDN-CJMVGXJBSA-N,False,False,0.637681186
Q13627_CHEMBL5417699,QWHFOOHDGGEJAI-KHAFMBKQSA-N,False,False,0.460526317
Q13627_CHEMBL5429691,DPIAIAIQEINUNP-KDVQLTRESA-N,False,False,0.686567187
Q13627_CHEMBL5432194,XDVWHWQSQJFRPP-MEFZMRIGSA-N,False,False,0.41772151
Q13627_CHEMBL5415554,CUXJJQQRHNRQEY-GESOSKEOSA-N,False,False,0.628571451
Q13627_CHEMBL5395833,JNTIINGGIOJIMW-CCAPLTMGSA-N,False,False,0.575757563
Q13627_CHEMBL5415238,BAUOZGQJLRLMNO-FEEIMYBTSA-N,False,False,0.619718313
Q13627_CHEMBL5428750,PBVAHEBIEXXNNA-CRMJKIRDSA-N,False,False,0.622950792
Q13627_CHEMBL5406864,JGJABYQWCCWLPP-QVTJDRNWSA-N,False,False,0.706896544
Q13627_CHEMBL5435933,BHUDPCQAMNRYCM-FEEIMYBTSA-N,False,False,0.454545468
Q13627_CHEMBL5421052,IXTKPNOXAVTBCW-GESOSKEOSA-N,False,False,0.74242425
Q13627_CHEMBL5429359,PPZINUUIYSVIGC-AISSWFOISA-N,False,False,0.467532456
Q13627_CHEMBL5406490,DDJAQBRJAZWAAX-AISSWFOISA-N,False,False,0.513513505
Q13627_CHEMBL5426876,JKUDSDIXIGYMFG-ATDKOCKZSA-N,False,False,0.765625
Q13627_CHEMBL5413380,LTXUUTWWWRMQRN-OTUTYVNSSA-N,False,False,0.513513505
Q13627_CHEMBL5396081,IJFKKIMDRSZOOW-LRCIEKKDSA-N,False,False,0.754098356
Q13627_CHEMBL5429086,CIEDQRFRRJHOSA-FIMUYXNPSA-N,False,False,0.775862098
Q13627_CHEMBL5411649,DVPXOOJKYAVKSZ-UHFFFAOYSA-N,False,False,0.571428597
Q13627_CHEMBL5432630,DEFDUBOFWGUALT-UHFFFAOYSA-N,False,False,0.508474588
Q13627_CHEMBL5413622,DCJGWITYNVWXGI-UHFFFAOYSA-N,False,False,0.600000024
Q13627_CHEMBL5423818,JMCSSDLJENEFRD-UHFFFAOYSA-N,False,False,0.55737704
Q13627_CHEMBL5416942,FSEAAXKTTYQGAY-AQTBWJFISA-N,False,False,0.866666675
Q13627_CHEMBL5424488,JEIKSQPRRWEWBN-UHFFFAOYSA-N,False,False,0.693877578
Q13627_CHEMBL5417631,FEVGWDHBNRPKDD-UHFFFAOYSA-N,False,False,0.537313461
Q13627_CHEMBL5418822,MEFDXBDDAUDFPV-UHFFFAOYSA-N,False,False,0.689655185
Q13627_CHEMBL5439632,WBRWZLZEWWHLAK-UHFFFAOYSA-N,False,False,0.45714286
Q13627_CHEMBL5395734,LYGJWKDBGBTLQX-UHFFFAOYSA-N,False,False,0.5
Q13627_CHEMBL5416327,JUMGVWWVYFEXQP-UHFFFAOYSA-N,False,False,0.550000012
Q13627_CHEMBL5424114,OFCGNVFTPGMPRK-UHFFFAOYSA-N,False,False,0.508474588
Q13627_CHEMBL5435495,FVIUKIZPDJZQKD-LARPSKPRSA-N,False,False,0.762711883
Q13627_CHEMBL5426335,WPPYPSPZKNAEEZ-UHFFFAOYSA-N,False,False,0.587301612
Q13627_CHEMBL5440916,HVEXZFLZXSUWCB-UHFFFAOYSA-N,False,False,0.469696969
Q13627_CHEMBL5397989,GIUDIYZVSXHPDJ-UHFFFAOYSA-N,False,False,0.484375
Q13627_CHEMBL5410464,LHDIGZOUPVIOQB-UHFFFAOYSA-N,False,False,0.517857134
Q13627_CHEMBL5426304,CNBFWEWIGARBIQ-UHFFFAOYSA-N,False,False,0.37931034
Q13627_CHEMBL5425642,QLTKRDRXFYPZBY-HCGXMYGOSA-N,False,False,0.431034476
Q13627_CHEMBL5416749,AOAMCMGMDKVPBS-HCGXMYGOSA-N,False,False,0.446428567
Q13627_CHEMBL5401689,ZAYITZJGTHRHCT-UHFFFAOYSA-N,False,False,0.568627477
Q13627_CHEMBL5436022,SJXZXKOJVKYIJT-UHFFFAOYSA-N,False,False,0.519230783
Q13627_CHEMBL5402600,NKRFEKCLNDSTNO-UHFFFAOYSA-N,False,False,0.600000024
Q13627_CHEMBL5412760,XNWRZAZVQKFHKW-UHFFFAOYSA-N,False,False,0.464285702
Q13627_CHEMBL5440179,PQTQLUTZZMZVNJ-UHFFFAOYSA-N,False,False,0.523076952
Q13627_CHEMBL5404932,GIPVSAMXEJJSQJ-UHFFFAOYSA-N,False,False,0.557142854
Q13627_CHEMBL5412339,NUFOIERLQIZTQS-UHFFFAOYSA-N,False,False,0.666666687
Q13627_CHEMBL5411492,UWHWTQBHEYLRRJ-UHFFFAOYSA-N,False,False,0.618181825
Q13627_CHEMBL5411512,IWQPRLUPWBDRRC-UHFFFAOYSA-N,False,False,0.532258093
Q13627_CHEMBL5418042,UGSYHPNOTPGEAF-OCKHKDLRSA-N,False,False,0.616666675
Q13627_CHEMBL5404416,YEZMGVBTPDYRPO-WSVATBPTSA-N,False,False,0.644067824
Q13627_CHEMBL5405572,YJKPCYDSZXIODK-WSVATBPTSA-N,False,False,0.606557369
Q13627_CHEMBL5394613,UMYSGMXAOXMMGG-NVMNQCDNSA-N,False,False,0.644067824
Q13627_CHEMBL5420724,KBMQGIPVJGXLOU-SOFYXZRVSA-N,False,False,0.673076928
Q13627_CHEMBL5437222,RWUAJNWQCLQAAA-DHDCSXOGSA-N,False,False,0.644067824
Q13627_CHEMBL5422413,ZJVGZWWTWGRGFK-DHDCSXOGSA-N,False,False,0.590163946
Q13627_CHEMBL5419006,DVZORWAPBGBTCT-PTNGSMBKSA-N,False,False,0.655172408
Q13627_CHEMBL5395680,LRPOHOOPSDHHPW-JYRVWZFOSA-N,False,False,0.823529422
Q13627_CHEMBL5435718,CWWGZUUBJBDHOB-ZROIWOOFSA-N,False,False,0.849056602
Q13627_CHEMBL5408457,XXIXFZAUCITSCM-YBEGLDIGSA-N,False,False,0.644067824
Q13627_CHEMBL5413427,COYCDCAUDJBGOV-YBEGLDIGSA-N,False,False,0.590163946
Q13627_CHEMBL5425748,VOMDKRFMVUYOOQ-VBKFSLOCSA-N,False,False,0.655172408
Q13627_CHEMBL5410991,ZUADZDBGZDSSAB-ZROIWOOFSA-N,False,False,0.823529422
Q13627_CHEMBL5408540,CXRDTOPRYXCMRJ-GDNBJRDFSA-N,False,False,0.849056602
Q13627_CHEMBL5428651,JFDRONLMXPRQPP-MEODAHEFSA-N,False,False,0.682539701
Q13627_CHEMBL5422936,YMIDGKZVYFXIBW-URQBRDCWSA-N,False,False,0.818181813
Q13627_CHEMBL5437737,VFLPOFHPMNYCOH-JMIUGGIZSA-N,False,False,0.753623188
Q13627_CHEMBL5416971,FIDDWMHSPNSOHL-UHFFFAOYSA-N,False,False,0.566666663
Q13627_CHEMBL5415866,UZJKOTRQSWFPDC-UHFFFAOYSA-N,False,False,0.532258093
Q15910_CHEMBL5427886,ATNINSVTLMPKQL-SOFGYWHQSA-N,False,False,0.722222209
Q15910_CHEMBL5407503,PRRUUMMLEYJSCB-UHFFFAOYSA-N,False,False,0.732394338
Q15910_CHEMBL5395024,USSVDCQAJSLNIJ-UHFFFAOYSA-N,False,False,0.722222209
Q15910_CHEMBL5406530,XGQXZHCWHUSJLB-UHFFFAOYSA-N,False,False,0.742857158
Q15910_CHEMBL5404097,MNGKZNSVOWJVBF-UHFFFAOYSA-N,False,False,0.849315047
Q15910_CHEMBL5408277,YAYRUYSECAPMPO-UHFFFAOYSA-N,False,False,0.805194795
Q15910_CHEMBL5402038,ORNCIGFIQZVUML-UHFFFAOYSA-N,False,False,0.737500012
Q15910_CHEMBL5429668,QHNYQQRFJJNTBQ-UHFFFAOYSA-N,False,False,0.813333333
Q15910_CHEMBL5408839,KWTBZTBBKHCTGP-UHFFFAOYSA-N,False,False,0.732394338
Q15910_CHEMBL5433886,XYLRXNRIDPXAJR-UHFFFAOYSA-N,False,False,0.707317054
Q15910_CHEMBL5429234,LCFOSCGKTCYDCX-UHFFFAOYSA-N,False,False,0.712328792
Q15910_CHEMBL5436336,ASGXYUDBIGGQRE-UHFFFAOYSA-N,False,False,0.722222209
Q15910_CHEMBL5417925,LNGVPEQCZSJUDN-UHFFFAOYSA-N,False,False,0.753623188
Q15910_CHEMBL5396769,JQYULZQTLZQQKA-UHFFFAOYSA-N,False,False,0.764705896
Q15910_CHEMBL5417070,IXTNIXLWUNWRPS-UHFFFAOYSA-N,False,False,0.631578922
Q15910_CHEMBL5394741,CBUIUIHLPMZTRR-UHFFFAOYSA-N,False,False,0.764705896
Q15910_CHEMBL5413031,RGDLBJLVOAQVAE-UHFFFAOYSA-N,False,False,0.699999988
Q15910_CHEMBL5393990,YZRKQABQSVHMDL-UHFFFAOYSA-N,False,False,0.469999999
Q15910_CHEMBL5408520,HXTUCBQDEKFSDX-UHFFFAOYSA-N,False,False,0.441176474
Q15910_CHEMBL5436593,FZGHRFDQOUZSHP-UHFFFAOYSA-N,False,False,0.482758611
Q15910_CHEMBL5426154,AVERTXLMDDOWMV-UHFFFAOYSA-N,False,False,0.432692319
Q15910_CHEMBL5400888,IYAKTAPOPDPDBG-UHFFFAOYSA-N,False,False,0.67032969
Q15910_CHEMBL5416575,VWYKIQKFADMDSL-UHFFFAOYSA-N,False,False,0.617021263
Q15910_CHEMBL5418132,JDHLVLVHORLDII-UHFFFAOYSA-N,False,False,0.693181813
Q15910_CHEMBL5408322,DGZBFPQRAGEDNV-UHFFFAOYSA-N,False,False,0.637362659
Q15910_CHEMBL5421282,ILOVEZKDAAUEIT-UHFFFAOYSA-N,False,False,0.693181813
Q15910_CHEMBL5429552,HIJMJWTZLFTDQQ-UHFFFAOYSA-N,False,False,0.673913062
Q15910_CHEMBL5412340,ROPIWMDJLYOLTQ-UHFFFAOYSA-N,False,False,0.709302306
Q15910_CHEMBL5395240,HFGQPOCPRWCSRT-UHFFFAOYSA-N,False,False,0.637362659
Q15910_CHEMBL5412589,OMNQWSMEPLWRLA-UHFFFAOYSA-N,False,False,0.625
Q15910_CHEMBL5401078,NPWOIUDGTUZKAY-UHFFFAOYSA-N,False,False,0.651685417
Q15910_CHEMBL5417862,XRXJRWKGRZFLNB-UHFFFAOYSA-N,False,False,0.698795199
Q15910_CHEMBL5403771,BUFOAWFNJNUSEL-CMDGGOBGSA-N,False,False,0.684210539
Q15910_CHEMBL5394852,YITSHWYHCQPJBU-VOTSOKGWSA-N,False,False,0.662790716
Q15910_CHEMBL5416625,AMIZIMXAABJORR-NRFANRHFSA-N,False,False,0.68235296
Q15910_CHEMBL5406071,KBLFJYYDDWJDKG-UHFFFAOYSA-N,False,False,0.650793672
Q15910_CHEMBL5402033,HBPKMDWXWAMBQA-UHFFFAOYSA-N,False,False,0.427083343
Q15910_CHEMBL5395872,ZMNRYWUWLJMKBM-UHFFFAOYSA-N,False,False,0.46938777
Q15910_CHEMBL5404212,PHLIRARDJREAHU-UHFFFAOYSA-N,False,False,0.41747573
Q15910_CHEMBL5439531,DHXDHFAHLNSDDF-UHFFFAOYSA-N,False,False,0.419047624
Q15910_CHEMBL5422341,WQLCPLUAZAIHKP-UHFFFAOYSA-N,False,False,0.5
Q15910_CHEMBL5418334,VDLPRZYGLJYESF-UHFFFAOYSA-N,False,False,0.476923078
Q15910_CHEMBL5427802,BFHYHNDKUBRSSW-UHFFFAOYSA-N,False,False,0.597222209
Q15910_CHEMBL5418544,NFECTNKYOSHSKZ-DHUJRADRSA-N,False,False,0.598484874
Q16769_CHEMBL5419581,VEYJYPNBUVNGGI-UHFFFAOYSA-N,False,False,0.644736826
Q16769_CHEMBL5415003,XHQFQDRZSQPHFR-UHFFFAOYSA-N,False,False,0.644736826
Q16769_CHEMBL5423339,RTGIXMKCDNJZBK-UHFFFAOYSA-N,False,False,0.639999986
Q16769_CHEMBL5425787,OYKWYRXQWVBQQH-UHFFFAOYSA-N,False,False,0.644736826
Q16769_CHEMBL5440008,IQWMYJBSGSTGDX-UHFFFAOYSA-N,False,False,0.628205121
Q16769_CHEMBL5432523,BSCOYFBDJNEPLA-UHFFFAOYSA-N,False,False,0.636363626
Q16769_CHEMBL5397959,DKVCPRHFJGTGJH-UHFFFAOYSA-N,False,False,0.708333313
Q16769_CHEMBL5401424,YCAXWRPRPNOKEX-UHFFFAOYSA-N,False,False,0.810344815
Q16769_CHEMBL5431187,FKYWDWYPVHPBJU-UHFFFAOYSA-N,False,False,0.693333328
Q16769_CHEMBL5440396,QPNKFGJUFZTKLJ-UHFFFAOYSA-N,False,False,0.680000007
Q16769_CHEMBL5426515,NOUFXHPCDFRAAM-UHFFFAOYSA-N,False,False,0.671052635
Q16769_CHEMBL5416124,QXIGHSDDZCXCHH-UHFFFAOYSA-N,False,False,0.675324678
Q16769_CHEMBL5422902,UCOFOQHPXWTILH-UHFFFAOYSA-N,False,False,0.726027369
Q16769_CHEMBL5413978,DBWBYCUDFZKBMV-UHFFFAOYSA-N,False,False,0.693333328
Q16769_CHEMBL5402529,JPCKBBBQMDVNHJ-UHFFFAOYSA-N,False,False,0.702702701
Q16769_CHEMBL5403557,XLUDZYWMVYQLKO-UHFFFAOYSA-N,False,False,0.658227861
Q16769_CHEMBL5434053,BEUTVDUFNXQBQW-UHFFFAOYSA-N,False,False,0.666666687
Q16769_CHEMBL5396759,GIUZWNWLXWXYTH-UHFFFAOYSA-N,False,False,0.666666687
Q16769_CHEMBL5404640,FKTLOCWPOUPTFL-UHFFFAOYSA-N,False,False,0.636363626
Q16769_CHEMBL5411871,IWJULGRGRPPYET-UHFFFAOYSA-N,False,False,0.775862098
Q16769_CHEMBL5403701,FRKYLDWDRUXOJS-UHFFFAOYSA-N,False,False,0.662162185
Q16769_CHEMBL5412373,UPRBGBAQCBAQAE-UHFFFAOYSA-N,False,False,0.671232879
Q16769_CHEMBL5399860,DNKMKNKLWSHSJH-UHFFFAOYSA-N,False,False,0.699999988
Q16769_CHEMBL5418046,QHBVULBXUWAWHN-UHFFFAOYSA-N,False,False,0.671232879
Q16769_CHEMBL5406211,YTMITAIAXNUMQA-UHFFFAOYSA-N,False,False,0.699999988
Q16769_CHEMBL5439681,CNEFTZVVRHUDCJ-UHFFFAOYSA-N,False,False,0.854545474
Q16769_CHEMBL5413227,REFSPRNYQRIANF-UHFFFAOYSA-N,False,False,0.653333306
Q16769_CHEMBL5395317,BCCZMMRTMFKVTL-UHFFFAOYSA-N,False,False,0.644736826
Q16769_CHEMBL5424881,BOGHCYTWOTXDMI-UHFFFAOYSA-N,False,False,0.65625
Q16769_CHEMBL5396368,ZPWNVOOFLPYYIO-UHFFFAOYSA-N,False,False,0.651515126
Q16769_CHEMBL5436993,QVWUCSHHYKWIRU-UHFFFAOYSA-N,False,False,0.677419364
Q16769_CHEMBL5395945,JSWBYFGGCZBLFT-UHFFFAOYSA-N,False,False,0.65625
Q16769_CHEMBL5432131,CEJMOSLQGZHACR-UHFFFAOYSA-N,False,False,0.617647052
Q16769_CHEMBL5410629,SXUKDEXJMNPIOD-UHFFFAOYSA-N,False,False,0.718309879
Q16769_CHEMBL5432557,SURRMLUEHMRCOD-UHFFFAOYSA-N,False,False,0.718309879
Q16769_CHEMBL5409837,HRWXGFNDIVHNCQ-UHFFFAOYSA-N,False,False,0.818181813
Q16769_CHEMBL5405586,YCKGCJRCRCKMLO-UHFFFAOYSA-N,False,False,0.65625
Q16769_CHEMBL5408371,ZWBUNHVWDPCICN-UHFFFAOYSA-N,False,False,0.651515126
Q16769_CHEMBL5417729,NFJMSWKTWAEGHF-UHFFFAOYSA-N,False,False,0.671232879
Q16769_CHEMBL5402699,PQPLSRXKNYIIPW-UHFFFAOYSA-N,False,False,0.623376608
Q16769_CHEMBL5398463,YDDJQCMRZYBBBI-UHFFFAOYSA-N,False,False,0.657534242
Q16769_CHEMBL5436334,JTSSETZHOUFALL-UHFFFAOYSA-N,False,False,0.65625
Q16769_CHEMBL5439156,VMSSVDPDTGWQMT-UHFFFAOYSA-N,False,False,0.600000024
Q16769_CHEMBL5437713,OJKUBSIIKJVKQP-UHFFFAOYSA-N,False,False,0.651515126
Q16769_CHEMBL5396027,XUTHADVZPRSDDR-UHFFFAOYSA-N,False,False,0.793103456
Q16769_CHEMBL5426638,BKQOPAYJYQUXTG-UHFFFAOYSA-N,False,False,0.671232879
Q16769_CHEMBL5421548,KEHOXFWYRBEKDH-UHFFFAOYSA-N,False,False,0.636363626
Q16769_CHEMBL5440304,JGBYIKGGORZOAB-UHFFFAOYSA-N,False,False,0.653333306
Q16769_CHEMBL5409643,FZPGNYIWXSWCMY-UHFFFAOYSA-N,False,False,0.771929801
Q16769_CHEMBL5425548,VLFIBMVZVMWICP-UHFFFAOYSA-N,False,False,0.793103456
Q16769_CHEMBL5425419,ZOIHUPOFQMLIJD-UHFFFAOYSA-N,False,False,0.789473712
Q16769_CHEMBL5403368,OKWTZAAKFJIMME-UHFFFAOYSA-N,False,False,0.762711883
Q16790_CHEMBL5418946,HUSLICSGYCKUIR-UHFFFAOYSA-N,False,False,0.578125
Q16790_CHEMBL5395028,VVWPYIUMZAKJOT-UHFFFAOYSA-N,False,False,0.745098054
Q16790_CHEMBL5408660,LQUQJUOOLFKOSO-LTGZKZEYSA-N,False,False,0.829787254
Q16790_CHEMBL5394136,HVPOBFJNXNIEGT-LTGZKZEYSA-N,False,False,0.636363626
Q16790_CHEMBL5428616,JCHMBMKFELRULG-CAPFRKAQSA-N,False,False,0.951219499
Q16790_CHEMBL5411236,ZPRNRHVZUXUSQS-CAPFRKAQSA-N,False,False,0.714285731
Q16790_CHEMBL5434644,LSNLEQVVAXRTBM-HMMYKYKNSA-N,False,False,0.886363626
Q16790_CHEMBL5418325,IXVUWFHZNCLEHV-HMMYKYKNSA-N,False,False,0.673076928
Q16790_CHEMBL5418448,LZLTUDYFBGBMDX-RCCKNPSSSA-N,False,False,0.673076928
Q16790_CHEMBL5396521,ODBQOFQAPQVSGM-RCCKNPSSSA-N,False,False,0.525423706
Q16790_CHEMBL5406454,DZGDAJDXLWCVEJ-XDJHFCHBSA-N,False,False,0.883720934
Q16790_CHEMBL5415157,OULFJNUSHKTYOH-XDJHFCHBSA-N,False,False,0.680000007
Q16790_CHEMBL5430687,YKWOJEJSDIYNCK-HMMYKYKNSA-N,False,False,0.727272749
Q16790_CHEMBL5402415,OFIZPJSKLVIVNG-HMMYKYKNSA-N,False,False,0.580645144
Q16790_CHEMBL5403443,FBWCDZDPENGCFS-UHFFFAOYSA-N,False,False,0.583333313
Q16790_CHEMBL5423785,IDRXDTIJYBJAEM-UHFFFAOYSA-N,False,False,0.525423706
Q16790_CHEMBL5420806,ORWFINKCFKZTRU-UHFFFAOYSA-N,False,False,0.547169805
Q16790_CHEMBL5408282,VUWPGZCTNKFYMH-UHFFFAOYSA-N,False,False,0.547169805
Q16790_CHEMBL5403015,YFCOFTLHQOGHBV-UHFFFAOYSA-N,False,False,0.690909088
Q16790_CHEMBL5418584,QJMAMZFVLABRRZ-UHFFFAOYSA-N,False,False,0.690909088
Q16790_CHEMBL5430954,KBDQNTITVPILJO-UHFFFAOYSA-N,False,False,0.800000012
Q16790_CHEMBL5398870,ODHQVOWCJNWGJT-UHFFFAOYSA-N,False,False,0.612903237
Q16790_CHEMBL5408801,VZBGQHSBAIOAIQ-UHFFFAOYSA-N,False,False,0.769230783
Q16790_CHEMBL5427771,OWZOOAOLQAMEPG-UHFFFAOYSA-N,False,False,0.59375
Q16790_CHEMBL5412006,MZWFNJJPXNVDPU-UHFFFAOYSA-N,False,False,0.555555582
Q16790_CHEMBL5408039,DKGRULUNCHTQJI-UHFFFAOYSA-N,False,False,0.532258093
Q16790_CHEMBL5417623,LMQGNHWQIXYVJD-UHFFFAOYSA-N,False,False,0.586206913
Q16790_CHEMBL5419120,QXNAMODSZDFGKT-UHFFFAOYSA-N,False,False,0.730769217
Q16790_CHEMBL5419562,JFYQHSPNAYLJRN-UHFFFAOYSA-N,False,False,0.666666687
Q16790_CHEMBL5409839,UPAKNGUBVJPMDA-UHFFFAOYSA-N,False,False,0.586956501
Q16790_CHEMBL5406763,RIFVVUUGERXWIY-UHFFFAOYSA-N,False,False,0.600000024
Q16790_CHEMBL5398527,DCMRGNSARQJDLM-UHFFFAOYSA-N,False,False,0.702127635
Q16790_CHEMBL5398482,MXTYBSMRNGDIQI-UHFFFAOYSA-N,False,False,0.702127635
Q16790_CHEMBL5404478,JSSFSRDUSRBMJE-UHFFFAOYSA-N,False,False,0.722222209
Q16790_CHEMBL5430744,SUJNLCAPXPDFJD-UHFFFAOYSA-N,False,False,0.702127635
Q16790_CHEMBL5404207,AGOBQBPWEZAJGQ-UHFFFAOYSA-N,False,False,0.5625
Q16790_CHEMBL5432122,GTGGSCVIIRKEOU-UHFFFAOYSA-N,False,False,0.61403507
Q16790_CHEMBL5400096,HKMCSSRPTZLJPV-UHFFFAOYSA-N,False,False,0.634615362
Q16790_CHEMBL5427772,WYYLXPSCNTUSRW-UHFFFAOYSA-N,False,False,0.555555582
Q16790_CHEMBL5439825,IRNFDGGRPSGOTE-UHFFFAOYSA-N,False,False,0.625
Q16790_CHEMBL5424006,VMNKBYZDOJQBIH-SSDVNMTOSA-N,False,False,0.603448272
Q16790_CHEMBL5419432,XVCWHNLYGWNYPC-GNKBHMEESA-N,False,False,0.470588237
Q16790_CHEMBL5409853,ONUFUYUXMONZFL-UHFFFAOYSA-N,False,False,0.639344275
Q16790_CHEMBL5418792,MUEKEOWSPQVTOG-BVAGGSTKSA-N,False,False,0.420289844
Q16790_CHEMBL5436128,CZZVNDSYRYZFJU-UHFFFAOYSA-N,False,False,0.744680822
Q16790_CHEMBL5411012,HQGWSNNXBRZSPC-UHFFFAOYSA-N,False,False,0.725490212
Q16790_CHEMBL5427767,ZLQFARKGJOSLEV-UHFFFAOYSA-N,False,False,0.734693885
Q16790_CHEMBL5412673,CLFJSQILDVYGBK-UHFFFAOYSA-N,False,False,0.61403507
Q16790_CHEMBL5413719,HYIVABKUWHLVSF-UHFFFAOYSA-N,False,False,0.540983617
Q16790_CHEMBL5434757,HKRULHFXTVOAJA-UHFFFAOYSA-N,False,False,0.769230783
Q16790_CHEMBL5398809,ZZSFKGAHDNYOBK-UHFFFAOYSA-N,False,False,0.525423706
Q16790_CHEMBL5423264,IXHUCPVVPYRMGG-UHFFFAOYSA-N,False,False,0.754716992
Q16790_CHEMBL5431226,XQIIKHHHBXHMHY-UHFFFAOYSA-N,False,False,0.631578922
Q16790_CHEMBL5400438,NAZNNIPXYUKZQQ-UHFFFAOYSA-N,False,False,0.732142866
Q16790_CHEMBL5422561,UWPJANIOFXYDOC-UHFFFAOYSA-N,False,False,0.45161289
Q16790_CHEMBL5422492,RZVCBSGZKOFRJK-UFFVCSGVSA-N,False,False,0.625
Q16790_CHEMBL5438275,PXXJMRSTMBBDNC-UHFFFAOYSA-N,False,False,0.649122834
Q16790_CHEMBL5411466,DFIXSMFGGXZVOF-UHFFFAOYSA-N,False,False,0.769230783
Q16790_CHEMBL5419182,GNCVTHLRVNSSBF-LSQMVHIFSA-N,False,False,0.524999976
Q16790_CHEMBL5428815,CLGHEGZXCNFRHB-UHFFFAOYSA-N,False,False,0.816326559
Q16790_CHEMBL5435073,QSRRCGURRYTUIW-UHFFFAOYSA-N,False,False,0.770491779
Q16790_CHEMBL5438823,DLIQSOMUXNBLBX-UHFFFAOYSA-N,False,False,0.550724626
Q16790_CHEMBL5406041,ONKCUILMOYKXKT-UHFFFAOYSA-N,False,False,0.576271176
Q16790_CHEMBL5402391,OUKDOMCENIUHQE-UHFFFAOYSA-N,False,False,0.57407409
Q16790_CHEMBL5439068,CGYVNNMDBLVCOV-UHFFFAOYSA-N,False,False,0.672727287
Q16790_CHEMBL5406460,VPDVUJWSQKEZJT-UHFFFAOYSA-N,False,False,0.590163946
Q16790_CHEMBL5401486,SIPKBYBNIVYTBX-UHFFFAOYSA-N,False,False,0.625
Q16790_CHEMBL5424643,CPEPQCMLINGXPE-UHFFFAOYSA-N,False,False,0.637931049
Q16790_CHEMBL5438359,IFIOCBLERUAAFO-UHFFFAOYSA-N,False,False,0.694915235
Q16790_CHEMBL5395842,GZCWHTFSDRFJHZ-UHFFFAOYSA-N,False,False,0.557142854
Q16790_CHEMBL5402861,LKDHHNQNIRYCTL-GFCCVEGCSA-N,False,False,0.590909064
Q16790_CHEMBL5422807,LKDHHNQNIRYCTL-LBPRGKRZSA-N,False,False,0.590909064
Q16790_CHEMBL5415701,NDGXTYNWIXJHRU-UHFFFAOYSA-N,False,False,0.536585391
Q16790_CHEMBL5417652,FGOXCLFZEUIMFJ-UHFFFAOYSA-N,False,False,0.519999981
Q16790_CHEMBL5430843,ALORJYJIQPGGSQ-UHFFFAOYSA-N,False,False,0.448275864
Q16790_CHEMBL5415971,WQWZCRCWXXGKCN-UHFFFAOYSA-N,False,False,0.482142866
Q16790_CHEMBL5434579,SONHRDHLRXQTMC-UHFFFAOYSA-N,False,False,0.442307681
Q16790_CHEMBL5427495,WUVPYPNAYVLIAX-UHFFFAOYSA-N,False,False,0.44262296
Q16790_CHEMBL5396279,OPDJFQOEEMDFDH-UHFFFAOYSA-N,False,False,0.42592594
Q16790_CHEMBL5427064,BBWCYBPTZKUWMS-UHFFFAOYSA-N,False,False,0.491228074
Q16790_CHEMBL5434717,BTSHTWLKOSYTEV-UHFFFAOYSA-N,False,False,0.576923072
Q16790_CHEMBL5405313,FTGKUQUALRCYNZ-UHFFFAOYSA-N,False,False,0.563636363
Q16790_CHEMBL5428119,VGUFUQKJRYXNDM-UHFFFAOYSA-N,False,False,0.634615362
Q16790_CHEMBL5399497,HCIXIBGWGBUVHF-UHFFFAOYSA-N,False,False,0.775862098
Q16790_CHEMBL5406828,VXHZATHSABFUEI-UHFFFAOYSA-N,False,False,0.611111104
Q16790_CHEMBL5421787,PRDQLKPGJGJZPK-UHFFFAOYSA-N,False,False,0.612903237
Q16790_CHEMBL5410832,CYOSAPAEFXZWBM-UHFFFAOYSA-N,False,False,0.596153855
Q16790_CHEMBL5396229,RRPPKCKSMVOBSW-VGQGPFSMSA-N,False,False,0.576271176
Q16790_CHEMBL5400915,IQLAYXHLNAZBOA-UHFFFAOYSA-N,False,False,0.745098054
Q16790_CHEMBL5409485,DXYSXKJWZKQHHF-UHFFFAOYSA-N,False,False,0.580645144
Q16790_CHEMBL5411876,JQGPGULICCQCSV-UHFFFAOYSA-N,False,False,0.519999981
Q16790_CHEMBL5430806,ONUOJBHQVRBQCT-UHFFFAOYSA-N,False,False,0.521739125
Q16790_CHEMBL5427215,BQLJBTHPQRDMLR-UHFFFAOYSA-N,False,False,0.53061223
Q16790_CHEMBL5418987,MGBZVKFQSSXFAS-UHFFFAOYSA-N,False,False,0.53191489
Q16790_CHEMBL5417966,FVYMUXRPHIGZCP-UHFFFAOYSA-N,False,False,0.547619045
Q16790_CHEMBL5427397,GFXJQNJZNMMUAZ-UHFFFAOYSA-N,False,False,0.529411793
Q16790_CHEMBL5393899,XNGWLNOBGSCVTK-BQFCYCMXSA-N,False,False,0.592105269
Q16790_CHEMBL5416640,JJCGGKPYCQHVLA-UHFFFAOYSA-N,False,False,0.694444418
Q16790_CHEMBL5399753,ODSHIRVEOVEADT-UHFFFAOYSA-N,False,False,0.808510661
Q16790_CHEMBL5432003,NSVJHAIFKLYTIG-UHFFFAOYSA-N,False,False,0.673913062
Q16790_CHEMBL5399026,RUQKNNVCYAVVBB-UHFFFAOYSA-N,False,False,0.699999988
Q16790_CHEMBL5413773,LPOJLKJAYFPPCR-UHFFFAOYSA-N,False,False,0.653846145
Q16790_CHEMBL5416330,JRNLVIFRGFRMNF-UHFFFAOYSA-N,False,False,0.629629612
Q16790_CHEMBL5429247,XIJWHCUWSWDAQZ-UHFFFAOYSA-N,False,False,0.808510661
Q16790_CHEMBL5438146,UTJPQLJYANJIHJ-UHFFFAOYSA-N,False,False,0.75
Q16790_CHEMBL5400590,PFGCNCYJCMGGGZ-UHFFFAOYSA-N,False,False,0.686274529
Q16790_CHEMBL5423705,BKAUZZPCYMWECJ-UHFFFAOYSA-N,False,False,0.734693885
Q16790_CHEMBL5420340,LHWNFQORZAPTFK-UHFFFAOYSA-N,False,False,0.735849082
Q16790_CHEMBL5422630,NIBXWPVTUDWSAY-FIXSFTCYSA-N,False,False,0.545454562
Q16790_CHEMBL5412024,PPWNWLVDXHWRML-ONTIZHBOSA-N,False,False,0.43877551
Q16790_CHEMBL5424738,PYUKJNGCYVMNAJ-ZOBUZTSGSA-N,False,False,0.622950792
Q16790_CHEMBL5423986,UXXVSKZULVAJOF-JYJNAYRXSA-N,False,False,0.53125
Q16790_CHEMBL5423626,BFCLBKQIMYAQPY-BJLQDIEVSA-N,False,False,0.576470613
Q16790_CHEMBL5407099,NSNMVCGWTYPYMX-FUDKSRODSA-N,False,False,0.525423706
Q16790_CHEMBL5439232,VLUZPBWAZBJQLD-KKUMJFAQSA-N,False,False,0.53125
Q16790_CHEMBL5412326,MQQINZDUKHAUGJ-LNLFQRSKSA-N,False,False,0.625
Q16790_CHEMBL5404854,ADISGBQVYFRLKB-ONTIZHBOSA-N,False,False,0.508196712
Q16790_CHEMBL5434475,BLPFRQZLLDKZGB-LNLFQRSKSA-N,False,False,0.554054081
Q16790_CHEMBL5398061,LHXRFFVHOQKVOC-GFCCVEGCSA-N,False,False,0.515625
Q16790_CHEMBL5422153,XFOOXOCSAXINFV-LLVKDONJSA-N,False,False,0.525423706
Q16790_CHEMBL5395857,FIFHTBRNDHDQRL-SNVBAGLBSA-N,False,False,0.507246375
Q16790_CHEMBL5397659,YSCAFGPFKLJWHV-GFCCVEGCSA-N,False,False,0.625
Q16790_CHEMBL5419752,DOPLSTZDQOBCEK-CYBMUJFWSA-N,False,False,0.716666639
Q16790_CHEMBL5404038,YDHNVOCAWONJTO-LLVKDONJSA-N,False,False,0.72307694
Q16790_CHEMBL5439318,OZLZJWIFJUNZOL-LLVKDONJSA-N,False,False,0.558823526
Q16790_CHEMBL5405279,MAAQNYHAYSKSLH-CYBMUJFWSA-N,False,False,0.694915235
Q16790_CHEMBL5437142,QXQVZTZWBBZTHB-QGZVFWFLSA-N,False,False,0.541666687
Q16790_CHEMBL5420020,HGLYTFYXKZEQKR-GFCCVEGCSA-N,False,False,0.537313461
Q16790_CHEMBL5432770,GDZQLCCHUMZPNP-CYBMUJFWSA-N,False,False,0.535211265
Q16790_CHEMBL5395679,OFLLPDPQISYRJB-LLVKDONJSA-N,False,False,0.645161271
Q16790_CHEMBL5424727,JCECPTHRURCVHN-LLVKDONJSA-N,False,False,0.612903237
Q16790_CHEMBL5425125,CWLHKJWOLFDCHM-QGZVFWFLSA-N,False,False,0.385542154
Q16790_CHEMBL5412351,ZLHNFAACGAYJNG-CYBMUJFWSA-N,False,False,0.55384618
Q16790_CHEMBL5424664,RURNFMSWOBQBQV-CYBMUJFWSA-N,False,False,0.54838711
Q16790_CHEMBL5420931,KLQZWEYDBHOBOL-LLVKDONJSA-N,False,False,0.485294104
Q16790_CHEMBL5417084,XFOOXOCSAXINFV-NSHDSACASA-N,False,False,0.525423706
Q16790_CHEMBL5430482,FIFHTBRNDHDQRL-JTQLQIEISA-N,False,False,0.507246375
Q16790_CHEMBL5414077,YSCAFGPFKLJWHV-LBPRGKRZSA-N,False,False,0.625
Q16790_CHEMBL5402143,DOPLSTZDQOBCEK-ZDUSSCGKSA-N,False,False,0.716666639
Q16790_CHEMBL5426216,YDHNVOCAWONJTO-NSHDSACASA-N,False,False,0.72307694
Q16790_CHEMBL5413021,OZLZJWIFJUNZOL-NSHDSACASA-N,False,False,0.558823526
Q16790_CHEMBL5402145,MAAQNYHAYSKSLH-ZDUSSCGKSA-N,False,False,0.694915235
Q16790_CHEMBL5438010,QXQVZTZWBBZTHB-KRWDZBQOSA-N,False,False,0.541666687
Q16790_CHEMBL5421531,HGLYTFYXKZEQKR-LBPRGKRZSA-N,False,False,0.537313461
Q16790_CHEMBL5411936,GDZQLCCHUMZPNP-ZDUSSCGKSA-N,False,False,0.535211265
Q16790_CHEMBL5419447,OFLLPDPQISYRJB-NSHDSACASA-N,False,False,0.645161271
Q16790_CHEMBL5396393,JCECPTHRURCVHN-NSHDSACASA-N,False,False,0.612903237
Q16790_CHEMBL5409658,CWLHKJWOLFDCHM-KRWDZBQOSA-N,False,False,0.385542154
Q16790_CHEMBL5413693,ZLHNFAACGAYJNG-ZDUSSCGKSA-N,False,False,0.55384618
Q16790_CHEMBL5429073,RURNFMSWOBQBQV-ZDUSSCGKSA-N,False,False,0.54838711
Q16790_CHEMBL5401434,KLQZWEYDBHOBOL-NSHDSACASA-N,False,False,0.485294104
Q16790_CHEMBL5402497,CPGFSNUZSQCPLL-YDHLFZDLSA-N,False,False,0.566666663
Q16790_CHEMBL5412870,XWMJNVUDKLLXAI-YDHLFZDLSA-N,False,False,0.732142866
Q16790_CHEMBL5432551,BFCSAMMEIRZRTL-UHFFFAOYSA-N,False,False,0.791666687
Q16790_CHEMBL5419500,VPTBDVGIPAWKIQ-UHFFFAOYSA-N,False,False,0.696428597
Q16790_CHEMBL5420864,SWUUKXHSXJMHGU-UHFFFAOYSA-N,False,False,0.821428597
Q16790_CHEMBL5432940,NSLQDVBMSOJHFH-UHFFFAOYSA-N,False,False,0.676923096
Q16790_CHEMBL5402055,GYAIZZVMWJYEMD-UHFFFAOYSA-N,False,False,0.771929801
Q16790_CHEMBL5419817,VSSITLOFHBZIIL-UHFFFAOYSA-N,False,False,0.75999999
Q16790_CHEMBL5422706,MMXXEFWUHKQSJH-CYBMUJFWSA-N,False,False,0.775862098
Q16790_CHEMBL5425202,TZQMARCGMVCRDN-GFCCVEGCSA-N,False,False,0.5
Q16790_CHEMBL5433765,AVVYBGKZHMLYNV-CYBMUJFWSA-N,False,False,0.649122834
Q16790_CHEMBL5420539,MMXXEFWUHKQSJH-ZDUSSCGKSA-N,False,False,0.775862098
Q16790_CHEMBL5395423,TZQMARCGMVCRDN-LBPRGKRZSA-N,False,False,0.5
Q16790_CHEMBL5407842,TWNBFLYFNRTBNB-CYBMUJFWSA-N,False,False,0.625
Q16790_CHEMBL5396530,QGZPJORAZASRSN-CYBMUJFWSA-N,False,False,0.576271176
Q16790_CHEMBL5397521,TWNBFLYFNRTBNB-ZDUSSCGKSA-N,False,False,0.625
Q16790_CHEMBL5395274,CFRQBHZOCGBWDS-RMKNXTFCSA-N,False,False,0.534482777
Q16790_CHEMBL5407876,SHDJQHSRHVCNIF-UHFFFAOYSA-N,False,False,0.698113203
Q16790_CHEMBL5430374,CAMAPKNMNKLJGK-UHFFFAOYSA-N,False,False,0.791666687
Q16790_CHEMBL5403578,SXULHRZVOJNSLM-UHFFFAOYSA-N,False,False,0.779999971
Q16790_CHEMBL5439016,QEPZQARHHYAPAJ-UHFFFAOYSA-N,False,False,0.672727287
Q16790_CHEMBL5430474,PVFMDVQUGFYVGS-UHFFFAOYSA-N,False,False,0.787234068
Q16790_CHEMBL5439521,JTIQRJKTATWBIT-UHFFFAOYSA-N,False,False,0.629629612
Q16790_CHEMBL5399974,HLEVRSLETWDQBY-UHFFFAOYSA-N,False,False,0.644067824
Q16790_CHEMBL5420429,RLTJTXDLOQHGDZ-UHFFFAOYSA-N,False,False,0.627118647
Q16790_CHEMBL5414672,JOOBCMGRFVLNKS-UHFFFAOYSA-N,False,False,0.567164183
Q16790_CHEMBL5413921,ILDXUIQIYSEQCT-UHFFFAOYSA-N,False,False,0.619718313
Q16790_CHEMBL5423604,HCPNTNXPZHNLDK-UHFFFAOYSA-N,False,False,0.59375
Q16790_CHEMBL5436862,GZHFJUUKPRLBLE-UHFFFAOYSA-N,False,False,0.606557369
Q16790_CHEMBL5422102,FSVADAMYVYABPG-UHFFFAOYSA-N,False,False,0.555555582
Q16790_CHEMBL5406077,VATWNGLKRPPFRJ-YDHLFZDLSA-N,False,False,0.629032254
Q16790_CHEMBL5440906,HNXQPQLHQMZIIO-CYBMUJFWSA-N,False,False,0.671875
Q16790_CHEMBL5440763,FNCNVIQPHOCAGW-GFCCVEGCSA-N,False,False,0.492063493
Q16790_CHEMBL5436282,GOWQSNLJQVTEQN-CYBMUJFWSA-N,False,False,0.616666675
Q16790_CHEMBL5411702,HNXQPQLHQMZIIO-ZDUSSCGKSA-N,False,False,0.671875
Q16790_CHEMBL5414836,FNCNVIQPHOCAGW-LBPRGKRZSA-N,False,False,0.492063493
Q16790_CHEMBL5399204,YDUJMIZEUWJICH-CYBMUJFWSA-N,False,False,0.602941155
Q16790_CHEMBL5433154,KCHMTPHYMJFNEW-GFCCVEGCSA-N,False,False,0.514705896
Q16790_CHEMBL5409881,UCSMZVJPTHKUHN-CYBMUJFWSA-N,False,False,0.555555582
Q16790_CHEMBL5403938,YDUJMIZEUWJICH-ZDUSSCGKSA-N,False,False,0.602941155
Q16790_CHEMBL5421790,KCHMTPHYMJFNEW-LBPRGKRZSA-N,False,False,0.514705896
Q16790_CHEMBL5432812,PGROUBRFXAGLCW-ZKWXMUAHSA-N,False,False,0.607142866
Q16790_CHEMBL5408885,ZRXNNNLXDZLQEL-AWQFTUOYSA-N,False,False,0.789473712
Q16790_CHEMBL5403077,NHXJYIFPYTZJPY-AWQFTUOYSA-N,False,False,0.65625
Q16790_CHEMBL5420858,ONFHWJUGRMUDHQ-ZVBGSRNCSA-N,False,False,0.590163946
Q16790_CHEMBL5396677,QOFOEVNYGMELQV-AWQFTUOYSA-N,False,False,0.600000024
Q16790_CHEMBL5413403,QGPDQLORMJTCKM-QGMBQPNBSA-N,False,False,0.615384638
Q16790_CHEMBL5422467,LIYTWZDPIGJWAT-UHFFFAOYSA-N,False,False,0.627451003
Q16790_CHEMBL5417595,NGCNTSFHNCDCDJ-FIXSFTCYSA-N,False,False,0.516666651
Q16790_CHEMBL5402892,WHCLZRQHEBAUHJ-UHFFFAOYSA-N,False,False,0.688524604
Q16790_CHEMBL5421078,PBFLVGJFFQOHPJ-UHFFFAOYSA-N,False,False,0.520833313
Q16790_CHEMBL5435151,IDBAGAFMJQAVCF-UHFFFAOYSA-N,False,False,0.5
Q16790_CHEMBL5404239,QIWCFKBYVRVGLH-UHFFFAOYSA-N,False,False,0.551724136
Q16790_CHEMBL5440220,KNZBJGVIIFMHFD-UHFFFAOYSA-N,False,False,0.571428597
Q16790_CHEMBL5400662,PVFIKRUIKGHNIS-UHFFFAOYSA-N,False,False,0.5
Q16790_CHEMBL5436091,YCPYKMUPRIKDKJ-UHFFFAOYSA-N,False,False,0.53191489
Q16790_CHEMBL5415766,STRKIRKKIBQSAK-UHFFFAOYSA-N,False,False,0.534883738
Q16790_CHEMBL5431518,CKFBETOZPBRHSF-UHFFFAOYSA-N,False,False,0.545454562
Q72547_CHEMBL5437102,FZPAVYFWIIJDHQ-UHFFFAOYSA-N,False,False,0.647887349
Q72547_CHEMBL5403361,CNHCKKJIZCQNBW-UHFFFAOYSA-N,False,False,0.65625
Q72547_CHEMBL5430724,OLOURPLSEPGORM-SNAWJCMRSA-N,False,False,0.876543224
Q72547_CHEMBL5436123,DESPDVYNYBKEBK-AATRIKPKSA-N,False,False,0.831325293
Q72547_CHEMBL5414170,XNJKYQRXKSPKOH-SNAWJCMRSA-N,False,False,0.835294127
Q72547_CHEMBL5421863,MYOXMJLGVXLZDS-UHFFFAOYSA-N,False,False,0.704545438
Q72547_CHEMBL5434567,JAISEOHHAKOLIS-UHFFFAOYSA-N,False,False,0.623188376
Q72547_CHEMBL5408036,KAXUGCPZAAWMRO-UHFFFAOYSA-N,False,False,0.582089543
Q72547_CHEMBL5432589,ATQKAKJOWCTGSU-UHFFFAOYSA-N,False,False,0.671641767
Q72547_CHEMBL5421732,HMYVDIONXIUCOP-UHFFFAOYSA-N,False,False,0.626373649
Q72547_CHEMBL5421328,LPYYIQQQZDXABS-UHFFFAOYSA-N,False,False,0.583333313
Q72547_CHEMBL5425978,YTIVTUOPMNUJHI-UHFFFAOYSA-N,False,False,0.491803288
Q72547_CHEMBL5411806,GOCZBWKIZDMCQP-UHFFFAOYSA-N,False,False,0.516666651
Q72547_CHEMBL5410504,ADZDNKUEONWNKO-UHFFFAOYSA-N,False,False,0.609375
Q72547_CHEMBL5412355,ROIBJOHEFFPIQL-UHFFFAOYSA-N,False,False,0.623376608
Q72547_CHEMBL5414542,UKTIJPXYOJEEDH-UHFFFAOYSA-N,False,False,0.626865685
Q72547_CHEMBL5434973,CZKWZKYFVSJRBK-UHFFFAOYSA-N,False,False,0.584415555
Q72547_CHEMBL5413052,NLYYTXXQCPWDMM-UHFFFAOYSA-N,False,False,0.694444418
Q72547_CHEMBL5423721,DKPADRACEDAILH-UHFFFAOYSA-N,False,False,0.666666687
Q72547_CHEMBL5433252,RJCNSYRZVSYYEU-UHFFFAOYSA-N,False,False,0.622950792
Q72547_CHEMBL5409892,CYHHGDKGEJGIJR-UHFFFAOYSA-N,False,False,0.617647052
Q72547_CHEMBL5437826,XLVYJZFEDCCNBE-ABYGYWHVSA-N,False,False,0.708333313
Q72547_CHEMBL5422714,WQGZICOUKUKAST-WNCULLNHSA-N,False,False,0.67469877
Q72547_CHEMBL5395311,AHRLMVZLPWBZEY-WIOPSUGQSA-N,False,False,0.682926834
Q72547_CHEMBL5434585,JFUXPGQWZJKTFP-RRPNLBNLSA-N,False,False,0.828571439
Q72547_CHEMBL5402197,AHHDYIQPAPRLRB-JYFHCDHNSA-N,False,False,0.686747015
Q72547_CHEMBL5433859,NJGODGYTGRRUOZ-WUFINQPMSA-N,False,False,0.756756783
Q72547_CHEMBL5417744,IONDRMOVYBKPCI-WUFINQPMSA-N,False,False,0.756756783
Q72547_CHEMBL5403961,OTGNGSIROXDJSD-UHFFFAOYSA-N,False,False,0.600000024
Q72547_CHEMBL5412702,SQWXVAJVAUCOOC-UHFFFAOYSA-N,False,False,0.661016941
Q72547_CHEMBL5399229,SQKBIAKDDRPKPM-UHFFFAOYSA-N,False,False,0.61016947
Q72547_CHEMBL5408567,UXWNPWSLYCGFLB-UHFFFAOYSA-N,False,False,0.54651165
Q72547_CHEMBL5429169,UJRGZLKJVHXIES-UHFFFAOYSA-N,False,False,0.516483545
Q72547_CHEMBL5410024,UNBFKOZREYHFJT-UHFFFAOYSA-N,False,False,0.528089881
Q72547_CHEMBL5431470,GBLUEUAWJCWQHN-UHFFFAOYSA-N,False,False,0.545454562
Q72547_CHEMBL5400728,UEFNRWYAGSAXHG-UHFFFAOYSA-N,False,False,0.54651165
Q72547_CHEMBL5423082,VCYMBAOSKVNHRC-UHFFFAOYSA-N,False,False,0.545454562
Q72547_CHEMBL5437686,ZEEWFZPPEAQBOM-UHFFFAOYSA-N,False,False,0.527472556
Q72547_CHEMBL5409403,OZSLGAJYCZUZFL-UHFFFAOYSA-N,False,False,0.544444442
Q72547_CHEMBL5429742,ZQCKQULVDJDBFK-UHFFFAOYSA-N,False,False,0.545454562
Q72547_CHEMBL5418006,OPZWZNVMQHZSHU-UHFFFAOYSA-N,False,False,0.545454562
Q72547_CHEMBL5394722,QBQFDDMSXWPHPX-UHFFFAOYSA-N,False,False,0.551724136
Q72547_CHEMBL5438340,BMEDBUNSTDIRIM-UHFFFAOYSA-N,False,False,0.566265047
Q72547_CHEMBL5395031,IUAVPHLGFSTORV-UHFFFAOYSA-N,False,False,0.590909064
Q72547_CHEMBL5399049,DOTODTRNERHLJU-UHFFFAOYSA-N,False,False,0.647887349
Q72547_CHEMBL5432145,HXMKXBUAZPLIPM-UHFFFAOYSA-N,False,False,0.608108103
Q72547_CHEMBL5402427,GTAYUVRYROBWJD-UHFFFAOYSA-N,False,False,0.608108103
Q72547_CHEMBL5440501,JVLMCYPIMZKNGJ-UHFFFAOYSA-N,False,False,0.600000024
Q72547_CHEMBL5400007,YYPDNKQTPCNWNL-UHFFFAOYSA-N,False,False,0.653333306
Q72547_CHEMBL5414641,GTZDOTLWZJHGEJ-UHFFFAOYSA-N,False,False,0.571428597
Q72547_CHEMBL5404246,IVPMNILNVCYTQO-UHFFFAOYSA-N,False,False,0.588235319
Q72547_CHEMBL5432180,QNMAWVASMPVFIB-UHFFFAOYSA-N,False,False,0.640625
Q72547_CHEMBL5437697,FTEAHBFHACKLFH-UHFFFAOYSA-N,False,False,0.630769253
Q72547_CHEMBL5420999,JXJQKZPTBFMRMK-UHFFFAOYSA-N,False,False,0.616666675
Q72547_CHEMBL5422435,AZVHKEQXUVVTAP-ONEGZZNKSA-N,False,False,0.688888907
Q72547_CHEMBL5418212,YZVUKHONWGMHLA-ONEGZZNKSA-N,False,False,0.6813187
Q72547_CHEMBL5423259,FJCMSSNSWPNZOD-SNAWJCMRSA-N,False,False,0.677777767
Q72547_CHEMBL5395688,SQGLQEOOUCUBAX-SNAWJCMRSA-N,False,False,0.670454562
Q72547_CHEMBL5427806,OIAWHLJUFCPGDI-ONEGZZNKSA-N,False,False,0.677777767
Q72547_CHEMBL5423899,LOMPQILDOBKNIH-ONEGZZNKSA-N,False,False,0.674157321
Q72547_CHEMBL5412214,FPGDZSKGXGIHAU-ONEGZZNKSA-N,False,False,0.890243888
Q72547_CHEMBL5437547,WQCIVVCUOOHKPB-ONEGZZNKSA-N,False,False,0.899999976
Q72547_CHEMBL5433313,MKYOLNKDLLVYTR-ONEGZZNKSA-N,False,False,0.876543224
Q72547_CHEMBL5406818,GDIXKQKLDMXXQH-ONEGZZNKSA-N,False,False,0.816091955
Q72547_CHEMBL5394413,KRKYFTPWSZKJKI-SNAWJCMRSA-N,False,False,0.858823538
Q72547_CHEMBL5416739,KIOAVFORMXRGTD-SNAWJCMRSA-N,False,False,0.847058833
Q72547_CHEMBL5425657,MIQCIUVVFATQGL-SNAWJCMRSA-N,False,False,0.847058833
Q72547_CHEMBL5414892,UJRDHWAWBWVSME-AATRIKPKSA-N,False,False,0.813953459
Q72547_CHEMBL5420480,VDBHAUJAPDEEPP-AATRIKPKSA-N,False,False,0.811764717
Q72547_CHEMBL5436275,GPNXHPLWFYMQAX-AATRIKPKSA-N,False,False,0.802325606
Q72547_CHEMBL5428608,QGPNYICYKMMCCY-SNAWJCMRSA-N,False,False,0.876543224
Q72547_CHEMBL5414233,ZMLWFLQJLDBZRU-SNAWJCMRSA-N,False,False,0.887499988
Q72547_CHEMBL5419074,YOTUWAKCOHQXBL-SNAWJCMRSA-N,False,False,0.862500012
Q72547_CHEMBL5420519,UBEDCPBQOAZGGJ-SNAWJCMRSA-N,False,False,0.802325606
Q72547_CHEMBL5428814,DPPCWRAHHPQFFQ-AATRIKPKSA-N,False,False,0.84523809
Q72547_CHEMBL5421253,UBHDLYPGABJWGL-AATRIKPKSA-N,False,False,0.823529422
Q72547_CHEMBL5414371,SQQQTHXTRPWXQA-AATRIKPKSA-N,False,False,0.84523809
Q72547_CHEMBL5424986,NKZGREVSMBFPDR-VOTSOKGWSA-N,False,False,0.800000012
Q72547_CHEMBL5414187,JIUHSPAALPDRSJ-VOTSOKGWSA-N,False,False,0.800000012
Q72547_CHEMBL5411923,CIINPVSKEZIMIH-VOTSOKGWSA-N,False,False,0.800000012
Q72547_CHEMBL5405899,VAYPPIDGBVFPGV-ONEGZZNKSA-N,False,False,0.878048778
Q72547_CHEMBL5413532,ZSRNQQRGIHDBPS-ONEGZZNKSA-N,False,False,0.887499988
Q72547_CHEMBL5419852,DGTVRRHYXPSPEC-ONEGZZNKSA-N,False,False,0.865853667
Q72547_CHEMBL5410815,VMMOJYWNWVQBMQ-ONEGZZNKSA-N,False,False,0.804597676
Q72547_CHEMBL5422872,IJHPCPJVNVJMJN-SNAWJCMRSA-N,False,False,0.847058833
Q72547_CHEMBL5407066,VYPAJEXKRIIIQT-SNAWJCMRSA-N,False,False,0.835294127
Q72547_CHEMBL5440777,UQWVMFAZSVPPKU-SNAWJCMRSA-N,False,False,0.847058833
Q72547_CHEMBL5409981,AWLLTZBWKFVSNN-AATRIKPKSA-N,False,False,0.802325606
Q72547_CHEMBL5402386,HFBBQCFOBJCCPC-AATRIKPKSA-N,False,False,0.800000012
Q72547_CHEMBL5406045,FOWIRGFTCOSOFA-AATRIKPKSA-N,False,False,0.811764717
Q72547_CHEMBL5394292,WGCNFQSJXMFVKO-UHFFFAOYSA-N,False,False,0.569767416
Q72547_CHEMBL5398028,PACZSCBIQDAZRS-UHFFFAOYSA-N,False,False,0.682926834
Q72547_CHEMBL5405694,QBNYWDOBJBVTCE-UHFFFAOYSA-N,False,False,0.800000012
Q72547_CHEMBL5427373,TWXROGHUXHGKIY-UHFFFAOYSA-N,False,False,0.786666691
Q72547_CHEMBL5438875,KIZDKFLDEDUAQU-UHFFFAOYSA-N,False,False,0.759493649
Q72547_CHEMBL5398376,VUKULQYMRSGARZ-UHFFFAOYSA-N,False,False,0.746478856
Q72547_CHEMBL5436397,INCIMVQKHGYUKU-UHFFFAOYSA-N,False,False,0.662500024
Q72547_CHEMBL5440503,VXQZSRNBYWNPNH-UHFFFAOYSA-N,False,False,0.679487169
Q72547_CHEMBL5417309,MOFCYMVJTYLMDI-UHFFFAOYSA-N,False,False,0.679487169
Q72547_CHEMBL5422808,GWWKJRCODSBLFP-UHFFFAOYSA-N,False,False,0.608108103
Q72547_CHEMBL5398615,ZPITYXDUNCLQSR-UHFFFAOYSA-N,False,False,0.600000024
Q72547_CHEMBL5404869,FLCFJWNITSMHFP-UHFFFAOYSA-N,False,False,0.589999974
Q72547_CHEMBL5407600,HEUXSAOOJUSGKE-UHFFFAOYSA-N,False,False,0.592105269
Q72547_CHEMBL5438525,BDTMDJNLKCRIFQ-UHFFFAOYSA-N,False,False,0.600000024
Q72547_CHEMBL5434689,CKCFWZVDTMOSLY-UHFFFAOYSA-N,False,False,0.600000024
Q72547_CHEMBL5409172,GKGQJELTMRMZGP-UHFFFAOYSA-N,False,False,0.569620252
Q72547_CHEMBL5425807,XMBQWAKQQBXLQW-UHFFFAOYSA-N,False,False,0.720930219
Q72547_CHEMBL5409149,VXFYCEVRARLMGA-UHFFFAOYSA-N,False,False,0.633802831
Q72547_CHEMBL5413794,VPWUJZQDQGWTBI-UHFFFAOYSA-N,False,False,0.633333325
Q72547_CHEMBL5419737,KJUMEKVRSILLBP-UHFFFAOYSA-N,False,False,0.720930219
Q72547_CHEMBL5402296,KASQPZVGVMNEEA-UHFFFAOYSA-N,False,False,0.600000024
Q72547_CHEMBL5418677,JJHVGFRATLGQNX-UHFFFAOYSA-N,False,False,0.625
Q72547_CHEMBL5437574,NCFAMOZOVOCFKX-UHFFFAOYSA-N,False,False,0.677419364
Q72547_CHEMBL5425655,XZSOJHGNUJICLJ-UHFFFAOYSA-N,False,False,0.600000024
Q72547_CHEMBL5423202,ZEPOVJFHCMCOET-UHFFFAOYSA-N,False,False,0.626865685
Q72547_CHEMBL5424824,HAZDLVVWMDFKQZ-UHFFFAOYSA-N,False,False,0.591549277
Q72547_CHEMBL5419445,JESVDBUPSIRPFE-UHFFFAOYSA-N,False,False,0.626865685
Q72547_CHEMBL5411228,RNZPGKYXCBDFKC-UHFFFAOYSA-N,False,False,0.575342476
Q72547_CHEMBL5414646,UNTDYNNFKKUZQP-UHFFFAOYSA-N,False,False,0.600000024
Q72547_CHEMBL5433492,DFKJPKVKXCBFFK-UHFFFAOYSA-N,False,False,0.567567587
Q72547_CHEMBL5427832,PYHDFQLTHCWXED-UHFFFAOYSA-N,False,False,0.641791046
Q72547_CHEMBL5436945,JKRUGAQPOLFZBE-UHFFFAOYSA-N,False,False,0.670886099
Q72547_CHEMBL5401976,FSZLQGYCIRLENG-UHFFFAOYSA-N,False,False,0.735294104
Q72547_CHEMBL5410294,SLCKDTSQLSUQKQ-UHFFFAOYSA-N,False,False,0.670886099
Q72547_CHEMBL5411966,WNZLTHXUQPCKNT-UHFFFAOYSA-N,False,False,0.666666687
Q72547_CHEMBL5424039,ASQDMWKVZNHGDO-UHFFFAOYSA-N,False,False,0.666666687
Q72547_CHEMBL5435797,NRQMKBIJKLVKGQ-UHFFFAOYSA-N,False,False,0.685714304
Q72547_CHEMBL5425407,FDWLYFTZZDSWIL-UHFFFAOYSA-N,False,False,0.728813589
Q72547_CHEMBL5418664,UDKAOFYLRGSUIW-UHFFFAOYSA-N,False,False,0.75
Q72547_CHEMBL5406223,DPIXXUFMCVLGQC-UHFFFAOYSA-N,False,False,0.534090936
Q72547_CHEMBL5412399,DPOLHNUBRINGRU-UHFFFAOYSA-N,False,False,0.646153867
Q72547_CHEMBL5434617,WCEGBBHKNLKVOF-UHFFFAOYSA-N,False,False,0.590163946
Q72547_CHEMBL5394882,AUYLCUAXRRFSFA-UHFFFAOYSA-N,False,False,0.616666675
Q72547_CHEMBL5440098,WCWXDBPPNZOHLT-UHFFFAOYSA-N,False,False,0.722222209
Q72547_CHEMBL5426992,HONMPSGNFXHQKJ-UHFFFAOYSA-N,False,False,0.631578922
Q72547_CHEMBL5432569,BORBLFDZGYGUCP-UHFFFAOYSA-N,False,False,0.551724136
Q72547_CHEMBL5417655,IBTBOLCMAAFURS-UHFFFAOYSA-N,False,False,0.558139563
Q72547_CHEMBL5402928,ZIRDYUYFWISCJW-UHFFFAOYSA-N,False,False,0.660714269
Q72547_CHEMBL5401719,RPLOMVOOCPGPQY-ZZIIXHQDSA-N,False,False,0.492063493
Q72547_CHEMBL5418820,AGJZSLAADUBYPN-UHFFFAOYSA-N,False,False,0.538461566
Q72547_CHEMBL5436724,BQCCLCJNBYCZIY-UHFFFAOYSA-N,False,False,0.600000024
Q72547_CHEMBL5399525,TWAWZVTXFGWRFO-UHFFFAOYSA-N,False,False,0.606557369
Q72547_CHEMBL5438481,HWRGZENFGWHLQM-UHFFFAOYSA-N,False,False,0.606557369
Q72547_CHEMBL5440205,IPQVTOJGNYVQEO-VBQSJKFFSA-N,False,True,1.0
Q72547_CHEMBL5432899,BZESRABSEVJWGB-UHFFFAOYSA-N,False,False,0.725490212
Q72547_CHEMBL5415230,WHXZUNCEUZTRLW-UHFFFAOYSA-N,False,False,0.603448272
Q72547_CHEMBL5421746,RPDZPMDUMKHQHH-UHFFFAOYSA-N,False,False,0.61403507
Q72547_CHEMBL5403318,LXILVSZTPDNLOU-UHFFFAOYSA-N,False,False,0.649122834
Q72547_CHEMBL5433357,RTUDITPRZZDYSP-UHFFFAOYSA-N,False,False,0.564516127
Q72547_CHEMBL5402037,YNLBMPFRFVOROU-UHFFFAOYSA-N,False,False,0.649122834
Q72547_CHEMBL5397134,ZIOSGTMVWHDBIE-UHFFFAOYSA-N,False,False,0.690909088
Q72547_CHEMBL5405381,VNVGENMSHNGBCF-UHFFFAOYSA-N,False,False,0.690909088
Q72547_CHEMBL5404887,XDASOZBKGQRIKV-UHFFFAOYSA-N,False,False,0.564516127
Q72547_CHEMBL5408091,DFUOHTFWIODCDB-UHFFFAOYSA-N,False,False,0.564516127
Q72547_CHEMBL5429586,ZUGNMFWFUZQIPV-UHFFFAOYSA-N,False,False,0.655172408
Q72547_CHEMBL5419176,MVYMIYIKXNPSIY-UHFFFAOYSA-N,False,False,0.655172408
Q72547_CHEMBL5434133,GXVITZFOOBYEQT-UHFFFAOYSA-N,False,False,0.573770463
Q72547_CHEMBL5413955,AYJGRJLSOIXHAN-UHFFFAOYSA-N,False,False,0.655172408
Q72547_CHEMBL5409916,BUDFBOPXKLGCPO-UHFFFAOYSA-N,False,False,0.573770463
Q72547_CHEMBL5402178,HUEWYPIJBGOVLR-UHFFFAOYSA-N,False,False,0.603448272
Q72547_CHEMBL5421562,QBCLHCCQDAROBT-UHFFFAOYSA-N,False,False,0.603448272
Q72547_CHEMBL5400179,OLMSXAFTTXRQBC-UHFFFAOYSA-N,False,False,0.603448272
Q72547_CHEMBL5435646,PKIYEBXEYFYQNM-UHFFFAOYSA-N,False,False,0.593220353
Q72547_CHEMBL5427921,ITZCERUGPCEPOO-UHFFFAOYSA-N,False,False,0.690909088
Q92630_CHEMBL5405426,FYGZNSJHNJXPCU-UHFFFAOYSA-N,False,False,0.732394338
Q92630_CHEMBL5422366,APUCDYGQESMCLF-UHFFFAOYSA-N,False,False,0.666666687
Q92630_CHEMBL5404150,AVSXQQHHPIMTTN-UHFFFAOYSA-N,False,False,0.876923084
Q92630_CHEMBL5402534,KCELNDUEEGORMO-UHFFFAOYSA-N,False,False,0.771428585
Q92630_CHEMBL5408179,ARVOYFSJPHDRFK-UHFFFAOYSA-N,False,False,0.708333313
Q92630_CHEMBL5395194,GAUZWGYSMSBRNQ-UHFFFAOYSA-N,False,False,0.675324678
Q92630_CHEMBL5414801,PBDZKKHARXQKND-RGEXLXHISA-N,False,False,0.894736826
Q92630_CHEMBL5429707,KCTCLVINURCCIL-UUKWBXHYSA-N,False,False,0.625
Q92630_CHEMBL5428562,KCTCLVINURCCIL-PJCWUCBCSA-N,False,False,0.625
Q92630_CHEMBL5432405,CHQYAWLKOUOTQO-BKNIFWKGSA-N,False,False,0.686567187
Q92630_CHEMBL5429359,PPZINUUIYSVIGC-AISSWFOISA-N,False,False,0.467532456
Q92630_CHEMBL5396081,IJFKKIMDRSZOOW-LRCIEKKDSA-N,False,False,0.754098356
Q92630_CHEMBL5429086,CIEDQRFRRJHOSA-FIMUYXNPSA-N,False,False,0.775862098
Q92630_CHEMBL5416942,FSEAAXKTTYQGAY-AQTBWJFISA-N,False,False,0.866666675
Q92630_CHEMBL5421679,XUSNZJSROCCAHX-UHFFFAOYSA-N,False,False,0.882352948
Q92630_CHEMBL5435495,FVIUKIZPDJZQKD-LARPSKPRSA-N,False,False,0.762711883
Q92630_CHEMBL5420049,AQYWGOBAZMIZKY-UHFFFAOYSA-N,False,False,0.712328792
Q92630_CHEMBL5426556,CPFCFLLHZMLZMN-UHFFFAOYSA-N,False,False,0.876923084
Q92630_CHEMBL5407520,AIMOXHJWCAPVJA-UHFFFAOYSA-N,False,False,0.875
Q92630_CHEMBL5422059,KQPSQPDNBDJIIQ-UHFFFAOYSA-N,False,False,0.729729712
Q92630_CHEMBL5408710,YUGZUNFSIFXZSF-UHFFFAOYSA-N,False,False,0.774647892
Q92630_CHEMBL5429972,SBBHBMORZSPZIU-UHFFFAOYSA-N,False,False,0.779411793
Q92630_CHEMBL5422765,BEENQEYBRIAPID-UHFFFAOYSA-N,False,False,0.692307711
Q92630_CHEMBL5411017,PEAYUFUHMWVVOJ-UHFFFAOYSA-N,False,False,0.880596995
Q92630_CHEMBL5402420,GLXOBAUWZZUWAU-UHFFFAOYSA-N,False,False,0.876923084
Q92630_CHEMBL5404416,YEZMGVBTPDYRPO-WSVATBPTSA-N,False,False,0.644067824
Q92630_CHEMBL5405572,YJKPCYDSZXIODK-WSVATBPTSA-N,False,False,0.606557369
Q92630_CHEMBL5394613,UMYSGMXAOXMMGG-NVMNQCDNSA-N,False,False,0.644067824
Q92630_CHEMBL5420724,KBMQGIPVJGXLOU-SOFYXZRVSA-N,False,False,0.673076928
Q92630_CHEMBL5437222,RWUAJNWQCLQAAA-DHDCSXOGSA-N,False,False,0.644067824
Q92630_CHEMBL5422413,ZJVGZWWTWGRGFK-DHDCSXOGSA-N,False,False,0.590163946
Q92630_CHEMBL5419006,DVZORWAPBGBTCT-PTNGSMBKSA-N,False,False,0.655172408
Q92630_CHEMBL5395680,LRPOHOOPSDHHPW-JYRVWZFOSA-N,False,False,0.823529422
Q92630_CHEMBL5408457,XXIXFZAUCITSCM-YBEGLDIGSA-N,False,False,0.644067824
Q92630_CHEMBL5413427,COYCDCAUDJBGOV-YBEGLDIGSA-N,False,False,0.590163946
Q92630_CHEMBL5410991,ZUADZDBGZDSSAB-ZROIWOOFSA-N,False,False,0.823529422
Q92630_CHEMBL5428651,JFDRONLMXPRQPP-MEODAHEFSA-N,False,False,0.682539701
Q92630_CHEMBL5422936,YMIDGKZVYFXIBW-URQBRDCWSA-N,False,False,0.818181813
Q92769_CHEMBL5395245,JBLNWKAMPSRHLK-UHFFFAOYSA-N,False,False,0.539682567
Q92769_CHEMBL5401232,AHBCGPIPEAXBHL-UHFFFAOYSA-N,False,False,0.515151501
Q92769_CHEMBL5397465,WKCLLRPFCAPVDU-UHFFFAOYSA-N,False,False,0.54838711
Q92769_CHEMBL5420438,NSWNOFFOSSTHOH-UHFFFAOYSA-N,False,False,0.523076952
Q92769_CHEMBL5407807,JGDVZNURLHGURN-UHFFFAOYSA-N,False,False,0.651162803
Q92769_CHEMBL5413269,AYXFWPSPCQNMLC-LKLZPQJISA-N,False,False,0.846153855
Q92769_CHEMBL5439517,AULFNEAZEPCQGB-VMPITWQZSA-N,False,False,0.492753625
Q92769_CHEMBL5416731,BGRYBJIQYBKCOQ-UHFFFAOYSA-N,False,False,0.666666687
Q92769_CHEMBL5422534,BHJOJVLBZYUYGS-UHFFFAOYSA-N,False,False,0.56410259
Q92769_CHEMBL5405779,OABQDWQBXSGEDG-UHFFFAOYSA-N,False,False,0.588235319
Q92769_CHEMBL5437683,YDGCPLJSOWXJQC-BQYQJAHWSA-N,False,False,0.698412716
Q92769_CHEMBL5425203,DRKZKGNONHNGTB-UHFFFAOYSA-N,False,False,0.676056325
Q92769_CHEMBL5423994,WCCIPIPPRWMNTJ-UHFFFAOYSA-N,False,False,0.647887349
Q92769_CHEMBL5436930,PLVJFQLTLNVOKN-VOTSOKGWSA-N,False,False,0.589041114
Q92769_CHEMBL5434546,LZDVZSHIAKMDMZ-UHFFFAOYSA-N,False,False,0.566666663
Q92769_CHEMBL5413000,UQAUKCBFWYIVMU-UHFFFAOYSA-N,False,False,0.706896544
Q92769_CHEMBL5410652,FZTMVYQHIOEHIG-UHFFFAOYSA-N,False,False,0.728260875
Q92769_CHEMBL5440192,IKCHZDNFNSMGAW-UHFFFAOYSA-N,False,False,0.683168292
Q92769_CHEMBL5411914,YKRBAGNCPWIGQG-UHFFFAOYSA-N,False,False,0.613333344
Q92769_CHEMBL5400421,BNXCWWNDNKACGS-UHFFFAOYSA-N,False,False,0.587301612
Q92769_CHEMBL5412725,UXXOYONVZZWOBK-UHFFFAOYSA-N,False,False,0.629629612
Q92769_CHEMBL5415050,KPNQAHGGSNTMFH-UHFFFAOYSA-N,False,False,0.54838711
Q92769_CHEMBL5396565,GVTIGWXSHVFXMV-UHFFFAOYSA-N,False,False,0.53125
Q92769_CHEMBL5411315,JGJZNWDPKNHILY-UHFFFAOYSA-N,False,False,0.50746268
Q92769_CHEMBL5417416,FIZZRHWTXQEMKY-NDEPHWFRSA-N,False,False,0.616438329
Q92769_CHEMBL5425253,HFEVWIWKJBVMMX-PMERELPUSA-N,False,False,0.720588207
Q92769_CHEMBL5431412,NSBUFYDETVPHMH-PMERELPUSA-N,False,False,0.720588207
Q92769_CHEMBL5407714,KDRIZHPKMBHRLR-DEOSSOPVSA-N,False,False,0.706896544
Q92769_CHEMBL5404793,MYUMSTXWLOXCNA-HKBQPEDESA-N,False,False,0.720588207
Q92769_CHEMBL5403777,FWWZNWCRXJQHCP-HKBQPEDESA-N,False,False,0.75
Q92769_CHEMBL5433049,QGJOQSWDMMVMFK-SSEXGKCCSA-N,False,False,0.769230783
Q92769_CHEMBL5408299,FWWZNWCRXJQHCP-WJOKGBTCSA-N,False,False,0.75
Q92769_CHEMBL5415232,NRYKLRJVRBXJSZ-UHFFFAOYSA-N,False,False,0.795454562
Q92769_CHEMBL5414971,YSVLGQXWFADGQY-IHTBNCIRSA-N,False,False,0.550000012
Q92769_CHEMBL5432574,ZNPYRXUPOTYKKV-IXLFXIALSA-N,False,False,0.607843161
Q92769_CHEMBL5436873,TWNGRTQKVQJZOW-XMURTRJZSA-N,False,False,0.569230795
Q92769_CHEMBL5434895,RDHSLZUUTQWAGA-UHFFFAOYSA-N,False,False,0.571428597
Q92769_CHEMBL5416448,YWUJXZMRSZVDMK-UHFFFAOYSA-N,False,False,0.639999986
Q92769_CHEMBL5436104,XBNPUOXMQUEWOS-DMHOEKEMSA-N,False,False,0.485294104
Q92769_CHEMBL5430740,AWLCTQDMWMZSKS-UGQIIZBGSA-N,False,False,0.529411793
Q92769_CHEMBL5424224,OGOUVFOKYOKPNY-XMURTRJZSA-N,False,False,0.586206913
Q92918_CHEMBL5394698,CWGUPMGDGLCAJG-UHFFFAOYSA-N,False,False,0.485294104
Q92918_CHEMBL5405626,KXNZHHSQNDBDPV-UHFFFAOYSA-N,False,False,0.400000006
Q92918_CHEMBL5400089,RJZGDZFNBNZFED-UHFFFAOYSA-N,False,False,0.436781615
Q92918_CHEMBL5395026,PFAZGANZUKVRQN-UHFFFAOYSA-N,False,False,0.523076952
Q92918_CHEMBL5420572,PLBONBOPXHPXQL-UHFFFAOYSA-N,False,False,0.50746268
Q92918_CHEMBL5436785,IBLQMFHHKDISPR-GOSISDBHSA-N,False,False,0.646341443
Q92918_CHEMBL5420367,ANBGYPQYNYZOCK-OAQYLSRUSA-N,False,False,0.797468364
Q92918_CHEMBL5421713,NAHVFXDVONAQHM-LJQANCHMSA-N,False,False,0.654321015
Q92918_CHEMBL5438517,BCPQQLSTKKVFGP-LJQANCHMSA-N,False,False,0.654321015
Q92918_CHEMBL5430314,PUWCHUIHQZGKGE-LJQANCHMSA-N,False,False,0.593023241
Q92918_CHEMBL5406326,CJQXPUNNGAEYQN-LJQANCHMSA-N,False,False,0.638554215
Q92918_CHEMBL5435769,RWTXXGPUNDKBLW-LJQANCHMSA-N,False,False,0.675000012
Q92918_CHEMBL5400921,YYUHXMUVVYGEDX-LJQANCHMSA-N,False,False,0.670731723
Q92918_CHEMBL5403097,CQWHHDBVZNRZBG-LJQANCHMSA-N,False,False,0.783783793
Q92918_CHEMBL5404996,QDQATXATLQOXNA-HXUWFJFHSA-N,False,False,0.626506031
Q92918_CHEMBL5422210,LUBCWYWYLLDHRN-OAQYLSRUSA-N,False,False,0.635294139
Q92918_CHEMBL5417283,IMJBQADNBJAFMJ-RUZDIDTESA-N,False,False,0.611111104
Q92918_CHEMBL5439789,WXAHYWBDLXINQK-JOCHJYFZSA-N,False,False,0.642857134
Q92918_CHEMBL5434634,YCTCXKIKJOJTOM-FGZHOGPDSA-N,False,False,0.611764729
Q92918_CHEMBL5410537,SPIVXCLTUWBQSL-HRAATJIYSA-N,False,False,0.641975284
Q92918_CHEMBL5401436,CCPITYATCIOTSY-UHFFFAOYSA-N,False,False,0.377551019
Q92918_CHEMBL5422718,RGXQIEGJYDCQEV-UHFFFAOYSA-N,False,False,0.473118275
Q92918_CHEMBL5394328,KECSCOYHPLMGGG-UHFFFAOYSA-N,False,False,0.50746268
Q92918_CHEMBL5435303,FZXCMDCBYNHJBF-UHFFFAOYSA-N,False,False,0.383720934
Q92918_CHEMBL5412260,COOKVABLJWVLSL-UHFFFAOYSA-N,False,False,0.355555564
Q92918_CHEMBL5417139,CXIGTMXVRAHGKF-HHHXNRCGSA-N,False,False,0.357142866
Q92918_CHEMBL5425762,REGCLKJEMDAIPK-UHFFFAOYSA-N,False,False,0.594936728
Q92918_CHEMBL5407643,VRZCUUSHIMNPHE-UHFFFAOYSA-N,False,False,0.358024687
Q92918_CHEMBL5417277,CCGXVBNEOBMIIF-UHFFFAOYSA-N,False,False,0.55384618
Q92918_CHEMBL5403001,KGWVOQVSHXVCHL-UHFFFAOYSA-N,False,False,0.55384618
Q92918_CHEMBL5419396,SPONSUOQRIYOIZ-UHFFFAOYSA-N,False,False,0.55384618
Q92918_CHEMBL5426989,QQCSNMRJKZWHGX-UHFFFAOYSA-N,False,False,0.529411793
Q92918_CHEMBL5396877,KJCKVNMTMIJGNS-UHFFFAOYSA-N,False,False,0.583333313
Q92918_CHEMBL5406645,SWABNUZMRVBJPZ-UHFFFAOYSA-N,False,False,0.522388041
Q92918_CHEMBL5441105,KRSHVDTUQJJALN-UHFFFAOYSA-N,False,False,0.541666687
Q92918_CHEMBL5412772,NYBCPJMZJNVTJC-UHFFFAOYSA-N,False,False,0.492753625
Q92918_CHEMBL5417927,DANGUZMANKPIJP-UHFFFAOYSA-N,False,False,0.5
Q92918_CHEMBL5440880,RRXZQJKNIBVPKX-UHFFFAOYSA-N,False,False,0.458333343
Q92918_CHEMBL5431039,CGHXYQRJBUGENS-UHFFFAOYSA-N,False,False,0.5
Q92918_CHEMBL5430021,DXIRGMZCSGMYLT-UHFFFAOYSA-N,False,False,0.569230795
Q92918_CHEMBL5425004,QSDCEZITPGICLL-UHFFFAOYSA-N,False,False,0.49253732
Q92918_CHEMBL5440958,RTNZSDBOFPHHKH-UHFFFAOYSA-N,False,False,0.492753625
Q92918_CHEMBL5412652,BILZSKGVWPTZLZ-UHFFFAOYSA-N,False,False,0.464788735
Q92918_CHEMBL5401062,RAUWBZBPTPSUJT-AREMUKBSSA-N,False,False,0.606741548
Q92918_CHEMBL5423834,KDXMDHWPRCNYKT-HSZRJFAPSA-N,False,False,0.322580636
Q92918_CHEMBL5395728,GKZGOGAZTUZSML-UHFFFAOYSA-N,False,False,0.558139563
Q92918_CHEMBL5413114,WFYAMCXZFAQCDO-UHFFFAOYSA-N,False,False,0.597561002
Q92918_CHEMBL5434929,HEVDRWCMPLLRCK-UHFFFAOYSA-N,False,False,0.625
Q92918_CHEMBL5396756,YQPNQKXOBWWBCX-UHFFFAOYSA-N,False,False,0.370370358
Q92918_CHEMBL5415834,ZTTCAXFHAZOKBW-UHFFFAOYSA-N,False,False,0.34375
Q92918_CHEMBL5425905,YZKOIQBVCFCUIV-UHFFFAOYSA-N,False,False,0.358695656
Q92918_CHEMBL5394674,WOVOUNUUSDZGNV-UHFFFAOYSA-N,False,False,0.351063818
Q92918_CHEMBL5407935,VWNWDOSJLNDZOG-UHFFFAOYSA-N,False,False,0.356321841
Q92918_CHEMBL5439094,FPYUGUGXZLHUOQ-UHFFFAOYSA-N,False,False,0.647727251
Q92918_CHEMBL5395011,MZZYUEXZMPJOEI-UHFFFAOYSA-N,False,False,0.494845361
Q92918_CHEMBL5405678,XPTJRRYDBKBLJB-UHFFFAOYSA-N,False,False,0.698630154
Q92918_CHEMBL5438038,WNWHTEIWDJGQMD-UHFFFAOYSA-N,False,False,0.454545468
Q92918_CHEMBL5410905,PKNDMCIZWLTNLP-UHFFFAOYSA-N,False,False,0.49473685
Q92918_CHEMBL5419415,RVWCSXWOZYNSCL-UHFFFAOYSA-N,False,False,0.526881695
Q92918_CHEMBL5404423,OGZYJJWYZQVPSC-UHFFFAOYSA-N,False,False,0.578313231
Q92918_CHEMBL5396262,OAOIZFKYQRWOQT-UHFFFAOYSA-N,False,False,0.526881695
Q92918_CHEMBL5408991,OICLXKVCGFFZTM-UHFFFAOYSA-N,False,False,0.428571433
Q92918_CHEMBL5424570,USYLAYUEDPUZNE-UHFFFAOYSA-N,False,False,0.478873253
Q92918_CHEMBL5408958,XQESKJMVYVTWDP-UHFFFAOYSA-N,False,False,0.464788735
Q92918_CHEMBL5420011,SSCCKGXYLMTZNV-UHFFFAOYSA-N,False,False,0.356321841
Q92918_CHEMBL5435641,AUOFLQBOFKWOGI-RVKKMQEKSA-N,False,False,0.578313231
Q92918_CHEMBL5437932,FRBVUOIUPMIQTN-CMPLNLGQSA-N,False,False,0.447368413
Q92918_CHEMBL5415661,DJWRSWJVUXTDII-CMPLNLGQSA-N,False,False,0.534246564
Q92918_CHEMBL5418420,LURPXFLMWSMKCY-SMDDNHRTSA-N,False,False,0.521126747
Q92918_CHEMBL5435406,MOYRDZMEZHFJDU-WCQYABFASA-N,False,False,0.459016383
Q92918_CHEMBL5414886,GHLFOJOOBSNVFP-GXSJLCMTSA-N,False,False,0.566666663
Q92918_CHEMBL5397939,XVMXLEGZGCDXJL-UHFFFAOYSA-N,False,False,0.344827592
Q92918_CHEMBL5435524,UWIAVSRWTBLKFM-UHFFFAOYSA-N,False,False,0.400000006
Q92918_CHEMBL5410242,ORNVTMIBZOUHRR-UHFFFAOYSA-N,False,False,0.431818187
Q92918_CHEMBL5403804,GZYJHUFMLNUUDJ-UHFFFAOYSA-N,False,False,0.350515455
Q92918_CHEMBL5429757,FDEWPBKIDOPFCF-UHFFFAOYSA-N,False,False,0.393258423
Q92918_CHEMBL5432400,AAIVDWIDLZMCMC-UHFFFAOYSA-N,False,False,0.400000006
Q92918_CHEMBL5426390,WLJUJKAJLFFWBI-UHFFFAOYSA-N,False,False,0.40476191
Q92918_CHEMBL5426604,JFFHFQBQEYPRIF-UHFFFAOYSA-N,False,False,0.395348847
Q92918_CHEMBL5436318,QZXLFPZUJLRWHG-UHFFFAOYSA-N,False,False,0.390804589
Q92918_CHEMBL5397265,IMTUANACAFKGCH-UHFFFAOYSA-N,False,False,0.36470589
Q92918_CHEMBL5402971,IFCHRCFNUNXRNT-UHFFFAOYSA-N,False,False,0.416666657
Q92918_CHEMBL5414817,SWJAEVAMVHQVMI-UHFFFAOYSA-N,False,False,0.376470596
Q92918_CHEMBL5424107,KABXTOSOJYVBHL-UHFFFAOYSA-N,False,False,0.363636374
Q92918_CHEMBL5425514,MIOLPUDMAJRBBB-UHFFFAOYSA-N,False,False,0.359375
Q92918_CHEMBL5422788,XEKBWCJTSQBREW-UHFFFAOYSA-N,False,False,0.395604402
Q92918_CHEMBL5399247,LWULSQVAFPROQA-UHFFFAOYSA-N,False,False,0.400000006
Q92918_CHEMBL5411794,YUBBHXJAFNAZNM-UHFFFAOYSA-N,False,False,0.434210539
Q92918_CHEMBL5439204,RUHSXHIFRRSHTK-UHFFFAOYSA-N,False,False,0.5
Q92918_CHEMBL5437246,OXEXTHWXUSUIAU-UHFFFAOYSA-N,False,False,0.49253732
Q92918_CHEMBL5406408,BXXYPVGAABXYCJ-UHFFFAOYSA-N,False,False,0.372093022
Q92918_CHEMBL5395638,VWUCWUANPHKMES-UHFFFAOYSA-N,False,False,0.36470589
Q92918_CHEMBL5418553,AGCWQGMGUQVECC-UHFFFAOYSA-N,False,False,0.372093022
Q92918_CHEMBL5400101,KWESZRXVCGDRQN-UHFFFAOYSA-N,False,False,0.367088616
Q92918_CHEMBL5420868,CXRNFFMYMGRLJM-UHFFFAOYSA-N,False,False,0.400000006
Q92918_CHEMBL5420652,DCLPWLNTZCASQZ-UHFFFAOYSA-N,False,False,0.428571433
Q92918_CHEMBL5417747,GWZNVQJSYGNEJD-UHFFFAOYSA-N,False,False,0.423529416
Q92918_CHEMBL5423968,JQVRLKISCKXOFS-YTTGMZPUSA-N,False,False,0.418604642
Q92918_CHEMBL5428695,UUVGYKHBHXIMIM-UHFFFAOYSA-N,False,False,0.404494375
Q92918_CHEMBL5421672,AGUZOOLSSUKXNN-UHFFFAOYSA-N,False,False,0.431818187
Q92918_CHEMBL5420966,LDDZVLRXZMJDHH-UHFFFAOYSA-N,False,False,0.397727281
Q92918_CHEMBL5409078,OGBMVXIMELSEES-UHFFFAOYSA-N,False,False,0.40697673
Q92918_CHEMBL5401088,NHQWPZUWNQOLMB-UHFFFAOYSA-N,False,False,0.397727281
Q92918_CHEMBL5424400,ILTRRPZQEDFWTB-UHFFFAOYSA-N,False,False,0.415730327
Q92918_CHEMBL5428265,JAOVTLWLVWUCIR-SMDDNHRTSA-N,False,False,0.464788735
Q92918_CHEMBL5408268,ONQDGBWCSKPPBQ-UHFFFAOYSA-N,False,False,0.392857134
Q92918_CHEMBL5401820,KDJZNFIQDMEGAV-UHFFFAOYSA-N,False,False,0.409638554
Q92918_CHEMBL5427316,RTEYXZDVDDRCNR-UHFFFAOYSA-N,False,False,0.393617034
Q92918_CHEMBL5396156,LNCDWMAESXCRDI-UHFFFAOYSA-N,False,False,0.447916657
Q92918_CHEMBL5411660,KECDAAQRUZGFPV-UHFFFAOYSA-N,False,False,0.464788735
Q92918_CHEMBL5407240,MZNMMWQFWMPZIR-UHFFFAOYSA-N,False,False,0.507246375
Q92918_CHEMBL5404053,NVHOTTGHACLADM-UHFFFAOYSA-N,False,False,0.5
Q92918_CHEMBL5426590,NVUSWKMZOJUDQZ-UHFFFAOYSA-N,False,False,0.49253732
Q92918_CHEMBL5412533,PGFGTLLFFBFTAO-UHFFFAOYSA-N,False,False,0.364864856
Q92918_CHEMBL5418285,WTULYOJQICTFJF-HXUWFJFHSA-N,False,False,0.783783793
Q92918_CHEMBL5401560,CQUHSPIUVGXVAK-UHFFFAOYSA-N,False,False,0.484375
Q92918_CHEMBL5403199,AOJDKUXYLYKLKG-XMMPIXPASA-N,False,False,0.336363643
Q92918_CHEMBL5432432,XLEGHHJGBPLMJY-XMMPIXPASA-N,False,False,0.310000002
Q92918_CHEMBL5432826,NIJYDRGSAYMLLQ-HSZRJFAPSA-N,False,False,0.313131303
Q92918_CHEMBL5407530,BQRDIEUIHZRWEL-MUUNZHRXSA-N,False,False,0.402298838
Q92918_CHEMBL5400234,OEOIPLGKLNBGHY-RUZDIDTESA-N,False,False,0.326732665
Q92918_CHEMBL5409588,YLSQLVQFHGCNHV-JOCHJYFZSA-N,False,False,0.329896897
Q92918_CHEMBL5420397,CHGGYKHBYSYRSV-JOCHJYFZSA-N,False,False,0.315217406
Q92918_CHEMBL5416894,OQCCQWBVUGOVBA-UHFFFAOYSA-N,False,False,0.575342476
Q92918_CHEMBL5439779,USCZVGYOJSCMBR-CQSZACIVSA-N,False,False,0.661538482
Q92918_CHEMBL5404690,STGJTJNMUPPEMH-CYBMUJFWSA-N,False,False,0.698412716
Q92918_CHEMBL5397290,GFEVOBQWEKTOLR-HUUCEWRRSA-N,False,False,0.486842096
Q92918_CHEMBL5435589,RKDKQDMKPCNZBL-FQEVSTJZSA-N,False,False,0.565789461
Q92918_CHEMBL5425744,ANIAMVCTFTXWML-LBPRGKRZSA-N,False,False,0.615384638
Q92918_CHEMBL5439912,WUSZGZSHIMXCHY-QWHCGFSZSA-N,False,False,0.513888896
Q92918_CHEMBL5417963,GCHHHYMKNXQPDG-CQSZACIVSA-N,False,True,1.0
Q92918_CHEMBL5419222,FRGXLZSKZPLLON-ZDUSSCGKSA-N,False,False,0.707692325
Q92918_CHEMBL5409616,FYPMMABTUJQXDR-UHFFFAOYSA-N,False,False,0.443037987
Q92918_CHEMBL5421610,CLNFVCGVOXIZHV-UHFFFAOYSA-N,False,False,0.375
Q96P20_CHEMBL5401920,YZYOAXFITJJITM-KHPPLWFESA-N,False,True,1.0
Q96P20_CHEMBL5413125,CUMVGZXRXHXLAF-MDZDMXLPSA-N,False,False,0.454545468
Q96P20_CHEMBL5399888,XFHPRUYSLCFZHW-UHFFFAOYSA-N,False,False,0.636363626
Q96P20_CHEMBL5397039,UMUQEMHROZVOTF-IBGZPJMESA-N,False,False,0.566666663
Q96P20_CHEMBL5415086,XFTXBOSUQPABOV-UHFFFAOYSA-N,False,False,0.422535211
Q96P20_CHEMBL5432363,JGGBBNWPWLGZIS-QCKZDCLWSA-N,False,False,0.405405402
Q96P20_CHEMBL5411212,MGKGWRNCYIUMHX-HEHXSTRBSA-N,False,False,0.450704217
Q96P20_CHEMBL5439591,ZFLLHFVEDJVKCW-UHFFFAOYSA-N,False,False,0.322222233
Q96P20_CHEMBL5401205,MEDOMRBYDQWTLZ-UHFFFAOYSA-N,False,False,0.333333343
Q96P20_CHEMBL5398591,WLDSPGBPRXCSKJ-UHFFFAOYSA-N,False,False,0.363636374
Q96P20_CHEMBL5420792,PPLGARUNBFTBCE-UHFFFAOYSA-N,False,False,0.418918908
Q96P20_CHEMBL5435864,IIMJODOYTIOODU-UHFFFAOYSA-N,False,False,0.479999989
Q96P20_CHEMBL5402114,NTUDXNURIXCYEX-UHFFFAOYSA-N,False,False,0.405405402
Q96P20_CHEMBL5395360,OSHFUZROXZBBAF-UHFFFAOYSA-N,False,False,0.486111104
Q96P20_CHEMBL5396678,ZQDKLKGERFYEDA-UHFFFAOYSA-N,False,False,0.426666677
Q96P20_CHEMBL5421181,SFFXMFHMFBPBBS-UHFFFAOYSA-N,False,False,0.380281687
Q96P20_CHEMBL5398744,JNDWYRLQOOXMRI-UHFFFAOYSA-N,False,False,0.318181813
Q96P20_CHEMBL5409543,BHUYYHXJLOFCRR-UHFFFAOYSA-N,False,False,0.350649357
Q96P20_CHEMBL5418225,XNYUXDHHCMJSIV-UHFFFAOYSA-N,False,False,0.318181813
Q96P20_CHEMBL5423301,JGSKRISSWGOEGV-UHFFFAOYSA-N,False,False,0.337209314
Q96P20_CHEMBL5439486,SILKIJRHEJVITB-UHFFFAOYSA-N,False,False,0.392405063
Q96P20_CHEMBL5412116,MNRBLXJYTDXJLF-UHFFFAOYSA-N,False,False,0.350649357
Q96P20_CHEMBL5405616,CNQCMTBFSQUSGX-UHFFFAOYSA-N,False,False,0.358024687
Q96P20_CHEMBL5400305,JZRKLIAHPWSPKZ-UHFFFAOYSA-N,False,False,0.341463417
Q96P20_CHEMBL5409648,YNNBKFSSQVCWNF-UHFFFAOYSA-N,False,False,0.375
Q96P20_CHEMBL5394543,ZOIDBCSEVYMOMO-UHFFFAOYSA-N,False,False,0.375
Q96P20_CHEMBL5410520,DODDAKRFFRDNKG-UHFFFAOYSA-N,False,False,0.370370358
Q96P20_CHEMBL5440398,TZDOYQZRFSYFRB-UHFFFAOYSA-N,False,False,0.34117648
Q96P20_CHEMBL5416966,APCDHIXFENHCOT-UHFFFAOYSA-N,False,False,0.365853667
Q96P20_CHEMBL5400432,GLNZSAPOXJQJFV-UHFFFAOYSA-N,False,False,0.492307693
Q96P20_CHEMBL5434916,DXOCETBQCNSFCU-UHFFFAOYSA-N,False,False,0.516129017
Q96P20_CHEMBL5423405,IPHVIMIHRYNYTD-UHFFFAOYSA-N,False,False,0.557142854
Q96P20_CHEMBL5427670,VXSGSFVFAHJDMK-OAHLLOKOSA-N,False,False,0.420289844
Q96P20_CHEMBL5422139,KFARYYOHBACYLM-CQSZACIVSA-N,False,False,0.407407403
Q96P20_CHEMBL5395560,ZFWQCQJXCDJKGH-LBPRGKRZSA-N,False,False,0.388235301
Q96P20_CHEMBL5425624,KFARYYOHBACYLM-AWEZNQCLSA-N,False,False,0.407407403
Q96P20_CHEMBL5423352,DBNGFAQXMHOEHT-LBPRGKRZSA-N,False,False,0.375
Q96P20_CHEMBL5396495,WMPFEPQZHBOCQE-UHFFFAOYSA-N,False,False,0.416666657
Q96P20_CHEMBL5408252,UMJLBBBCUDVXIM-UHFFFAOYSA-N,False,False,0.678571403
Q96P20_CHEMBL5409945,ICMHCYXEFHLFQE-UHFFFAOYSA-N,False,False,0.634146333
Q96P20_CHEMBL5421788,IDJXFPLTVKYTGT-MRXNPFEDSA-N,False,False,0.440476179
Q96P20_CHEMBL5410447,QJMVDCVSVWLEKM-RKQQLJTISA-N,False,False,0.514705896
Q96P20_CHEMBL5394881,STNSOELAKWNRNX-UHFFFAOYSA-N,False,False,0.354838699
Q96P20_CHEMBL5401306,VFGMHRDJMDUDJS-HNNXBMFYSA-N,False,False,0.375
Q96P20_CHEMBL5417338,XUBLPAZNPKXTRN-UHFFFAOYSA-N,False,False,0.534482777
Q96P20_CHEMBL5406324,INDCUNOGADMOSA-KHPPLWFESA-N,False,False,0.679245293
Q96P20_CHEMBL5397618,UWXJZCSFVLSSMI-UHFFFAOYSA-N,False,False,0.405405402
Q96P20_CHEMBL5439444,AKNZSEBXKODXNB-UHFFFAOYSA-N,False,False,0.421052635
Q96P20_CHEMBL5435765,GLJWYLMHTKCRIB-UHFFFAOYSA-N,False,False,0.636363626
Q96P20_CHEMBL5431145,RDSKNZRLXDCIGA-UHFFFAOYSA-N,False,False,0.53061223
Q96P20_CHEMBL5396861,YLYVMVQLEBNWCE-KKPWUCEDSA-N,False,False,0.314285725
Q96P20_CHEMBL5430786,WXIBQTZTAVYRPZ-WRGVRERRSA-N,False,False,0.349999994
Q96P20_CHEMBL5434609,MRIMTLJNTGRFTA-NWKCHQMOSA-N,False,False,0.305882365
Q96P20_CHEMBL5421060,ISCGORQXDUHUAG-PQSSYKNCSA-N,False,False,0.360000014
Q96P20_CHEMBL5423671,FUDQJRUYCKCVDE-NXHRWCDGSA-N,False,False,0.440677971
Q96P20_CHEMBL5422375,DJFUDVJAHFSOIL-RKQQLJTISA-N,False,False,0.402777791
Q96P20_CHEMBL5405701,BZEHLFQSKBRQOG-UHFFFAOYSA-N,False,False,0.303797454
Q96P20_CHEMBL5420448,HWXMWHGHQDYUKM-UHFFFAOYSA-N,False,False,0.378787875
Q96P20_CHEMBL5419955,BSVWHSVBUBJQIO-UHFFFAOYSA-N,False,False,0.394366205
Q96P20_CHEMBL5431968,ZSRJFTLOEAHIKN-LJQANCHMSA-N,False,False,0.523809552
Q96P20_CHEMBL5404792,UDSRIHQUIWJFIL-MRXNPFEDSA-N,False,False,0.485294104
Q96P20_CHEMBL5439388,JYMCPIOYNKLBNY-UHFFFAOYSA-N,False,False,0.352112681
Q96P20_CHEMBL5432954,NXDUBNVPKIYHOX-UHFFFAOYSA-N,False,False,0.380952388
Q96P20_CHEMBL5431981,WPPGZHHQAAIBTD-OFLPRAFFSA-N,False,False,0.538461566
Q96P20_CHEMBL5409874,FVCAEQYCWWHXIA-UHFFFAOYSA-N,False,False,0.417910457
Q96P20_CHEMBL5434150,RHWQKHKAENLADP-UHFFFAOYSA-N,False,False,0.395604402
Q96P20_CHEMBL5405293,RGNHXZYJHAPTBY-UHFFFAOYSA-N,False,False,0.357142866
Q96P20_CHEMBL5438834,BXMUIICSIPBHJX-UHFFFAOYSA-N,False,False,0.485294104
Q96P20_CHEMBL5422660,VOQNLOKOXLIDHA-UHFFFAOYSA-N,False,False,0.347222209
Q96P20_CHEMBL5409875,NEOMQESFVXKOHA-UHFFFAOYSA-N,False,False,0.289473683
Q96P20_CHEMBL5424110,XISNGTDPYGBDOB-UHFFFAOYSA-N,False,False,0.282352954
Q96P20_CHEMBL5435112,CVIMYIWEZWQKEC-UHFFFAOYSA-N,False,False,0.53061223
Q96P20_CHEMBL5411864,SVPFUVRYKVISSF-UHFFFAOYSA-N,False,False,0.444444448
Q96SW2_CHEMBL5419709,JHMBNUXUWSOKCO-UHFFFAOYSA-N,False,False,0.5
Q96SW2_CHEMBL5434742,BGHAVCLWQUSZNI-UHFFFAOYSA-N,False,False,0.46938777
Q96SW2_CHEMBL5436622,UELXYEXGBZIFJJ-UHFFFAOYSA-N,False,False,0.489795923
Q96SW2_CHEMBL5405716,YNNBDJQWDDDBRU-OAMJFVEXSA-N,False,False,0.890909076
Q96SW2_CHEMBL5430307,DALJORPGDUPLPV-UHFFFAOYSA-N,False,False,0.475409836
Q96SW2_CHEMBL5435181,IONAEGMCSLASDU-UHFFFAOYSA-N,False,False,0.460317463
Q96SW2_CHEMBL5416921,KGCOGSOWVBFTKN-UHFFFAOYSA-N,False,False,0.5090909
Q96SW2_CHEMBL5414951,BWYRJHMYILLTOI-UHFFFAOYSA-N,False,False,0.620689631
Q96SW2_CHEMBL5421440,VWKWRZUXWYSGOU-UHFFFAOYSA-N,False,False,0.57407409
Q96SW2_CHEMBL5409036,AMHYHMMSUWYWOK-UHFFFAOYSA-N,False,False,0.641509414
Q96SW2_CHEMBL5431079,IGNGENZEPWGVQG-UHFFFAOYSA-N,False,False,0.658536613
Q96SW2_CHEMBL5403248,AJJIOMGESOLWQL-UHFFFAOYSA-N,False,False,0.482142866
Q96SW2_CHEMBL5418383,XZEUGNZMXAQLHL-UHFFFAOYSA-N,False,False,0.681818187
Q96SW2_CHEMBL5418032,UWYCETXDSZQZSS-UHFFFAOYSA-N,False,False,0.697674394
Q96SW2_CHEMBL5437508,HYZMVIWTOQSXRR-YLKGYVPLSA-N,False,False,0.627906978
Q96SW2_CHEMBL5403472,TZJCAGSJIMIXFS-HJYWNDIWSA-N,False,False,0.647540987
Q96SW2_CHEMBL5419971,GDGLHDANSQBSLX-UHFFFAOYSA-N,False,False,0.423076928
Q96SW2_CHEMBL5406302,MVIKRIPLXUENOJ-UHFFFAOYSA-N,False,False,0.476190478
Q96SW2_CHEMBL5436049,IPNSVNXZWDZYMC-UHFFFAOYSA-N,False,False,0.452830195
Q96SW2_CHEMBL5399248,SPIVDQIYOIXBKQ-UHFFFAOYSA-N,False,False,0.655172408
Q96SW2_CHEMBL5394825,WXSOTMXNHJTFKS-XLTVJXRZSA-N,False,False,0.755102038
Q96SW2_CHEMBL5422157,OKISKGIPUPRZPL-SFCXHYMASA-N,False,False,0.726415098
Q96SW2_CHEMBL5395213,JCFHQNJZGSNYNS-NWDJCJOJSA-N,False,False,0.74311924
Q96SW2_CHEMBL5394571,OJBZGRZGVKAUHH-CDRRMRQFSA-N,False,False,0.726415098
Q96SW2_CHEMBL5398776,GUKINEBETXGZNQ-TYIYNAFKSA-N,False,False,0.766990304
Q96SW2_CHEMBL5422650,FOTJPEPDXXOTQF-JEFWXSHNSA-N,False,False,0.733333349
Q96SW2_CHEMBL5431364,MFAVXSAHTAKLRF-SFCXHYMASA-N,False,False,0.774509788
Q96SW2_CHEMBL5405846,ZCOPIRBPZIGHDU-CYZZXXEPSA-N,False,False,0.740384638
Q96SW2_CHEMBL5405431,BNZBBHXKCFPTND-CDRRMRQFSA-N,False,False,0.774509788
Q96SW2_CHEMBL5421315,LHUVKOFLIPGEIS-CDRRMRQFSA-N,False,False,0.712962985
Q96SW2_CHEMBL5432640,JFSVSFBLGUFRRC-JEFWXSHNSA-N,False,False,0.726415098
Q96SW2_CHEMBL5439152,DQGNINFYAAEZKL-FSRLHOSWSA-N,False,False,0.754901946
Q96SW2_CHEMBL5415959,ZKMPZGMDXOECHS-SFCXHYMASA-N,False,False,0.719626188
Q96SW2_CHEMBL5420072,SGHSUUSYNYZHKK-JEFWXSHNSA-N,False,False,0.790000021
Q96SW2_CHEMBL5399086,NAJLKAMZDMZECA-FSRLHOSWSA-N,False,False,0.891304374
Q96SW2_CHEMBL5420053,CZCOBCAEKIBJOY-UHFFFAOYSA-N,False,False,0.452830195
Q96SW2_CHEMBL5404650,HPKPRXOHNCNKLQ-UHFFFAOYSA-N,False,False,0.538461566
Q96SW2_CHEMBL5441135,IPUAAMOPTISHEC-UHFFFAOYSA-N,False,False,0.583333313
Q96SW2_CHEMBL5411137,DRRNCOUWDHEAEU-UHFFFAOYSA-N,False,False,0.524999976
Q96SW2_CHEMBL5411174,JXKRMKVDNCFRFC-UHFFFAOYSA-N,False,False,0.638297856
Q96SW2_CHEMBL5404825,DKCSWOFXOBEDFF-UHFFFAOYSA-N,False,False,0.523809552
Q96SW2_CHEMBL5423386,MBJWTDRCYZYMDO-UHFFFAOYSA-N,False,False,0.633333325
Q96SW2_CHEMBL5404837,YSJXSITYLPIBLC-UHFFFAOYSA-N,False,False,0.641025662
Q96SW2_CHEMBL5418463,OEVFVTRIZJFTEW-UHFFFAOYSA-N,False,False,0.641025662
Q96SW2_CHEMBL5418739,LESSZBSLYSHLDN-UHFFFAOYSA-N,False,False,0.641025662
Q96SW2_CHEMBL5413552,ZAWXLZWSDZNXTL-UHFFFAOYSA-N,False,False,0.641025662
Q96SW2_CHEMBL5435497,JLJZGQKXOQGZFH-UHFFFAOYSA-N,False,False,0.456521749
Q96SW2_CHEMBL5409302,PGPDPHWWUDYFET-UHFFFAOYSA-N,False,False,0.444444448
Q96SW2_CHEMBL5439702,ZJHBTYOIMUAONL-UHFFFAOYSA-N,False,False,0.46938777
Q96SW2_CHEMBL5435385,IDDMGIZANZXQLO-UHFFFAOYSA-N,False,False,0.5
Q96SW2_CHEMBL5398118,UJLABZCQLAKSNX-UHFFFAOYSA-N,False,False,0.476190478
Q96SW2_CHEMBL5431003,CXFJUNPGGLCGBA-UHFFFAOYSA-N,False,False,0.660000026
Q96SW2_CHEMBL5430028,FMHUAAAQVPKZPP-UHFFFAOYSA-N,False,False,0.653846145
Q96SW2_CHEMBL5439475,TXGIWHWNJZVUAC-UHFFFAOYSA-N,False,False,0.666666687
Q96SW2_CHEMBL5427622,GAQCMELJCRZXNV-UHFFFAOYSA-N,False,False,0.711111128
Q96SW2_CHEMBL5397713,LWEWTHYJTCCIIF-UHFFFAOYSA-N,False,False,0.666666687
Q99538_CHEMBL5427098,FFEQPYXSVWYDDU-ZJUUUORDSA-N,False,False,0.445945948
Q99538_CHEMBL5419035,JXJBWJGLHJBONX-FLXSOZOKSA-N,False,False,0.414634138
Q99538_CHEMBL5417499,HOWRBFNZCAZGMX-MJGOQNOKSA-N,False,False,0.474999994
Q99538_CHEMBL5404563,NYZDWMFGNZAIER-OLZOCXBDSA-N,False,False,0.413793117
Q99538_CHEMBL5416142,ZGOXWKPHAZJZFU-ODEMNLNRSA-N,False,False,0.506172836
Q99538_CHEMBL5424558,ZGOXWKPHAZJZFU-WYSJICDVSA-N,False,False,0.506172836
Q99538_CHEMBL5430648,JVNLFPWMMSUWBB-XNGFIGEISA-N,False,False,0.488095224
Q99538_CHEMBL5420681,BKUTUHDJKXLGKQ-ZBFHGGJFSA-N,False,False,0.440476179
Q99538_CHEMBL5431473,NAWPXXKZQMDSHA-UNEWFSDZSA-N,False,False,0.423529416
Q99538_CHEMBL5431396,OVAXBXWEVZNQTA-GJZGRUSLSA-N,False,False,0.650793672
Q99538_CHEMBL5404612,FWAWANYVJZAVDW-CVRLYYSRSA-N,False,False,0.425000012
Q99538_CHEMBL5427662,QEEKDCCWWCDTIN-FVNWOWOISA-N,False,False,0.628205121
Q99538_CHEMBL5435136,UIEXUJVHWWIGEV-HOCLYGCPSA-N,False,False,0.657142878
Q99538_CHEMBL5425068,BVBNYFOGAVBCDO-CTNGQTDRSA-N,False,False,0.445652187
Q99538_CHEMBL5425708,MELWUIOZDXGTQK-SNPRPXQTSA-N,False,False,0.661290348
Q99538_CHEMBL5421750,MELWUIOZDXGTQK-QEJZJMRPSA-N,False,False,0.661290348
Q99538_CHEMBL5423559,FUZUXFHUYCVHGJ-HOTGVXAUSA-N,False,False,0.632352948
Q99538_CHEMBL5425743,ODSVHQSLTOGPIF-KGLIPLIRSA-N,False,False,0.380434781
Q99538_CHEMBL5415768,UAZADJXNBGZJGI-AEFFLSMTSA-N,False,False,0.455555558
Q99538_CHEMBL5406826,NLIFNNOOQXQMIU-SFTDATJTSA-N,False,False,0.671641767
Q99538_CHEMBL5433073,UIFFLQBJDARCGZ-GJZGRUSLSA-N,False,False,0.647887349
Q99538_CHEMBL5436644,GXSSDXNEALETHS-GJZGRUSLSA-N,False,False,0.632352948
Q99538_CHEMBL5440673,OPCWHEAUFLMASK-GJZGRUSLSA-N,False,False,0.632352948
Q99538_CHEMBL5416023,TXFLUMOXIAMRMP-ZFWWWQNUSA-N,False,False,0.630136967
Q99538_CHEMBL5399304,XREGRZMFPMLRKC-UGKGYDQZSA-N,False,False,0.583333313
Q99538_CHEMBL5406157,QYKYNVYMCSJIJB-RXVVDRJESA-N,False,False,0.617647052
Q99538_CHEMBL5428991,FDGZBYMUQUEMCH-GJZGRUSLSA-N,False,False,0.621621609
Q99538_CHEMBL5422570,ZPLBUORVEFCAOF-GJZGRUSLSA-N,False,False,0.661290348
Q99538_CHEMBL5401961,BUBMBKSXSBSPGR-HOTGVXAUSA-N,False,False,0.650793672
Q99538_CHEMBL5420226,IAQUEYDTOZEVGN-WFASDCNBSA-N,False,False,0.588235319
Q99538_CHEMBL5400642,WZGVSGJNHXEMNO-KBPBESRZSA-N,False,False,0.741379321
Q99538_CHEMBL5429309,QNUQMADSFHPCMU-CFMCSPIPSA-N,False,False,0.425000012
Q99538_CHEMBL5399981,PKOMXOZRYWHXFF-VGSWGCGISA-N,False,False,0.482352942
Q99538_CHEMBL5409889,BPYRWBDVVRNRRH-QUCCMNQESA-N,False,False,0.471910119
Q99538_CHEMBL5430081,MKKGFNGKPFHOSG-CTNGQTDRSA-N,False,False,0.465909094
Q99538_CHEMBL5404830,GZPTWEABBIUVMB-QUCCMNQESA-N,False,False,0.460674167
Q99538_CHEMBL5420042,PGMTVXNXOCLPDH-RDGATRHJSA-N,False,False,0.3493976
Q99538_CHEMBL5394632,BGNCVZFJUZZGMT-QUCCMNQESA-N,False,False,0.465909094
Q99538_CHEMBL5398959,WDCAJBKNSGTASV-XLIONFOSSA-N,False,False,0.460674167
Q99538_CHEMBL5415015,ZRIYFKSGZUBYFX-AEFFLSMTSA-N,False,False,0.465909094
Q9NXA8_CHEMBL5433262,SRWWJYLWOIHOEZ-DEOSSOPVSA-N,False,False,0.530120492
Q9NXA8_CHEMBL5421005,SRWWJYLWOIHOEZ-XMMPIXPASA-N,False,False,0.530120492
Q9NXA8_CHEMBL5403005,UMBQOZIRAIFTNR-JOCHJYFZSA-N,False,False,0.430379748
Q9NXA8_CHEMBL5423188,NEMFCPLWLXJXIB-UHFFFAOYSA-N,False,False,0.563380301
Q9NXA8_CHEMBL5406309,BVSSARGCLOFHLD-UHFFFAOYSA-N,False,False,0.594594598
Q9NXA8_CHEMBL5407937,SAVWNZLUJTUPPS-UHFFFAOYSA-N,False,False,0.540540516
Q9NXA8_CHEMBL5434247,VDSVCGRTLMSIGY-UHFFFAOYSA-N,False,False,0.560000002
Q9NXA8_CHEMBL5441083,ZSNXHNPKIVOIMA-UHFFFAOYSA-N,False,False,0.513888896
Q9NXA8_CHEMBL5440209,ZNEJLAYTHUJTNM-LICLKQGHSA-N,False,False,0.714285731
Q9NXA8_CHEMBL5396022,QNOQLIZWEIRJDO-LICLKQGHSA-N,False,False,0.722222209
Q9NXA8_CHEMBL5438953,GTHSYBMXVMVVKL-VCHYOVAHSA-N,False,False,0.677966118
Q9NXA8_CHEMBL5402569,KAAKQVGEPHHRCB-LICLKQGHSA-N,False,False,0.677966118
Q9NXA8_CHEMBL5433140,MJGXCYQZSQLJMH-WOJGMQOQSA-N,False,False,0.740740716
Q9NXA8_CHEMBL5418310,BCRSOXZYRDBQJC-LICLKQGHSA-N,False,False,0.795918345
Q9NXA8_CHEMBL5424757,FIVOQEQVFUNHEA-LICLKQGHSA-N,False,False,0.714285731
Q9NXA8_CHEMBL5406538,PQDSTFROVKHPSW-LICLKQGHSA-N,False,False,0.722222209
Q9NXA8_CHEMBL5436222,GBYPICKFPJBLOL-LICLKQGHSA-N,False,False,0.727272749
Q9NXA8_CHEMBL5424283,NPHBXFAGIQLREP-VCHYOVAHSA-N,False,False,0.634920657
Q9NXA8_CHEMBL5413788,RWQAKKZHCSNIBZ-WOJGMQOQSA-N,False,False,0.689655185
Q9NXA8_CHEMBL5436574,WFASWRSKABNJMP-RQZCQDPDSA-N,False,False,0.677966118
Q9NXA8_CHEMBL5401655,DKNARPOLYNAUKY-LICLKQGHSA-N,False,False,0.606557369
Q9NXA8_CHEMBL5397406,BAEACEJQGDZUDJ-MHWRWJLKSA-N,False,False,0.633333325
Q9NXA8_CHEMBL5440354,QJQGROICABBOFT-UHFFFAOYSA-N,False,False,0.579710126
Q9NXA8_CHEMBL5415824,IFHNPNISIBMWRR-UHFFFAOYSA-N,False,False,0.753846169
Q9NXA8_CHEMBL5418280,CTYAWULHTMKNSN-UHFFFAOYSA-N,False,False,0.731343269
Q9NXA8_CHEMBL5395283,IFXNRYOGPUIRES-UHFFFAOYSA-N,False,False,0.716417909
Q9NXA8_CHEMBL5421605,UHTNZBUIWXYODH-UHFFFAOYSA-N,False,False,0.738461554
Q9NXA8_CHEMBL5431520,VMYFUMGWBVWCSU-UHFFFAOYSA-N,False,False,0.716417909
Q9NXA8_CHEMBL5410550,CQRKBXBYLFHRKY-UHFFFAOYSA-N,False,False,0.716417909
Q9NXA8_CHEMBL5418151,WMTNEKMSBYLPGA-UHFFFAOYSA-N,False,False,0.70588237
Q9NXA8_CHEMBL5416573,VXWOMMSUEIOVCI-UHFFFAOYSA-N,False,False,0.699999988
Q9NXA8_CHEMBL5427419,ICXWCBITQKROII-UHFFFAOYSA-N,False,False,0.720588207
Q9NXA8_CHEMBL5430738,IPCKIVYVINKLQK-UHFFFAOYSA-N,False,False,0.699999988
Q9NXA8_CHEMBL5424918,JJGLEYRUCQCWEW-UHFFFAOYSA-N,False,False,0.699999988
Q9NXA8_CHEMBL5405640,PAFXRWMDGHNWSH-UHFFFAOYSA-N,False,False,0.680555582
Q9NXA8_CHEMBL5433655,YVFKABBMIUCLQZ-UHFFFAOYSA-N,False,False,0.699999988
Q9NXA8_CHEMBL5427467,VXZREVVTALPCLJ-UHFFFAOYSA-N,False,False,0.74626863
Q9NXA8_CHEMBL5427171,BNTAKRGFVUVOIL-UHFFFAOYSA-N,False,False,0.769230783
Q9NXA8_CHEMBL5405996,PDBQTGNXAASSRC-UHFFFAOYSA-N,False,False,0.74626863
Q9NXA8_CHEMBL5398355,JKUFINLZPLTWFZ-OAQYLSRUSA-N,False,False,0.533333361
Q9NXA8_CHEMBL5412658,JKUFINLZPLTWFZ-NRFANRHFSA-N,False,False,0.533333361
Q9NXA8_CHEMBL5435901,YIBJBSRDXLMUAS-IBGZPJMESA-N,False,False,0.472222209
Q9NXA8_CHEMBL5439935,BOYPCUXWTJFCQF-WOJGMQOQSA-N,False,False,0.649999976
Q9NXA8_CHEMBL5404584,VOJXXSILBHZWMS-YBFXNURJSA-N,False,False,0.619047642
Q9NXA8_CHEMBL5402321,BWOVTUXHYSBVJN-WOJGMQOQSA-N,False,False,0.619047642
Q9NXA8_CHEMBL5428704,AIUKFRIZQJGGMF-XDHOZWIPSA-N,False,False,0.672413766
Q9NXA8_CHEMBL5412980,XGOBGPYJWSSCDX-WOJGMQOQSA-N,False,False,0.676923096
Q9NXA8_CHEMBL5430663,YVCLMYSINADDDO-WOJGMQOQSA-N,False,False,0.649999976
Q9NXA8_CHEMBL5429245,XOHQSFQRFYLQBD-WOJGMQOQSA-N,False,False,0.661016941
Q9NXA8_CHEMBL5433440,FITOFIABNVNLAN-XDHOZWIPSA-N,False,False,0.649999976
Q9NXA8_CHEMBL5416066,JFUAKXVMDGNXFL-YBFXNURJSA-N,False,False,0.582089543
Q9NXA8_CHEMBL5440095,YYYRXAPPWMVAOW-VCHYOVAHSA-N,False,False,0.582089543
Q9NXA8_CHEMBL5432209,IGPMFNPIXAHGFI-XDHOZWIPSA-N,False,False,0.629032254
Q9NXA8_CHEMBL5406626,IERKRVMKTCGOCQ-VCHYOVAHSA-N,False,False,0.619047642
Q9NXA8_CHEMBL5394524,RGTXOGZCFVHKKL-YBFXNURJSA-N,False,False,0.609375
Q9NXA8_CHEMBL5423884,UWMKIQPOXPCHAN-GZTJUZNOSA-N,False,False,0.578125
Q9NXA8_CHEMBL5427474,IVUZUTWGQUCUAL-LDADJPATSA-N,False,False,0.578125
Q9NXA8_CHEMBL5413253,WTTFVLDSGXCHBZ-UHFFFAOYSA-N,False,False,0.628571451
Q9NXA8_CHEMBL5414523,GZVXNGBVVWDXOG-UHFFFAOYSA-N,False,False,0.526315808
Q9NXA8_CHEMBL5394956,BIRXTEONTGXGKW-WOJGMQOQSA-N,False,False,0.689655185
Q9NXA8_CHEMBL5431023,MEYCXFYOFXTPSO-XDHOZWIPSA-N,False,False,0.722222209
Q9NXA8_CHEMBL5431746,GZNSEZVQTWFCIR-VCHYOVAHSA-N,False,False,0.645161271
Q9NXA8_CHEMBL5408488,JDEHRWMTYWBMHG-GZTJUZNOSA-N,False,False,0.612903237
Q9NXA8_CHEMBL5399821,IQMVFRJPAHOTSM-UHFFFAOYSA-N,False,False,0.540540516
Q9NXA8_CHEMBL5423092,DVFPZHIGALOAEH-QGZVFWFLSA-N,False,False,0.547945201
Q9NXA8_CHEMBL5399153,DVFPZHIGALOAEH-KRWDZBQOSA-N,False,False,0.547945201
Q9NXA8_CHEMBL5434219,PRNONOFRZFTIGY-UHFFFAOYSA-N,False,False,0.478873253
Q9NXA8_CHEMBL5417496,XCKIEKKOKPJWKO-UHFFFAOYSA-N,False,False,0.478873253
Q9NXA8_CHEMBL5439184,BOZHOEIQFVNBHK-UHFFFAOYSA-N,False,False,0.563380301
Q9NXA8_CHEMBL5420405,JFYTYQLVLQNQAE-UHFFFAOYSA-N,False,False,0.639344275
Q9NXA8_CHEMBL5427124,SQARIJMJBOXHIX-UHFFFAOYSA-N,False,False,0.649999976
Q9NXA8_CHEMBL5418534,JOYYBJUNEDDFKA-UHFFFAOYSA-N,False,False,0.485714287
Q9NXA8_CHEMBL5396457,GJSXTMHKFNSXLZ-UHFFFAOYSA-N,False,False,0.458333343
Q9NXA8_CHEMBL5425634,XONNGCMJURGJCB-UHFFFAOYSA-N,False,False,0.492753625
Q9NXA8_CHEMBL5434236,XWCKZTRLLVCGPB-UHFFFAOYSA-N,False,False,0.478873253
Q9NXA8_CHEMBL5406474,YYZHSTXIHWEPRM-UHFFFAOYSA-N,False,False,0.478873253
Q9NXA8_CHEMBL5408550,YVUGRSDTNXBWNT-UHFFFAOYSA-N,False,False,0.506329119
Q9NXA8_CHEMBL5429558,POMGZNBXQOCGEE-UHFFFAOYSA-N,False,False,0.519480526
Q9NXA8_CHEMBL5427490,ZSVNRUMSDRBCMI-UHFFFAOYSA-N,False,False,0.5
Q9NXA8_CHEMBL5411869,OGFJVOABIJWRAH-UHFFFAOYSA-N,False,False,0.563380301
Q9NXA8_CHEMBL5434121,YPRLYAAQTTYPMR-UHFFFAOYSA-N,False,False,0.506329119
Q9NXA8_CHEMBL5417575,GCSXGOBBXZOGNV-UHFFFAOYSA-N,False,False,0.540540516
Q9NXA8_CHEMBL5421869,QHYCCEDTBJLLJE-UHFFFAOYSA-N,False,False,0.540540516
Q9NXA8_CHEMBL5413892,UDEUAGCGLONFRJ-UHFFFAOYSA-N,False,False,0.555555582
Q9NXA8_CHEMBL5425440,LRMMEHBXFKPQNE-UHFFFAOYSA-N,False,False,0.506329119
Q9NXA8_CHEMBL5395955,LTEPZDOHLHNRGU-NRFANRHFSA-N,False,False,0.575342476
Q9NXA8_CHEMBL5431383,RISVGWCFLKIQSW-KSFYIVLOSA-N,False,False,0.481927723
Q9NXA8_CHEMBL5432911,BDCXGEHPPAARBP-PGRDOPGGSA-N,False,False,0.526315808
Q9NXA8_CHEMBL5401988,KGKNZCPGSNHQPC-OALUTQOASA-N,False,False,0.526315808
Q9NXA8_CHEMBL5429172,SZCIEHFSSUGPDF-GGAORHGYSA-N,False,False,0.525641024
Q9NXA8_CHEMBL5429052,ZRUABSTURMZVPJ-UHFFFAOYSA-N,False,False,0.540540516
Q9NXA8_CHEMBL5430977,QZLSBECWSHLMPH-UHFFFAOYSA-N,False,False,0.555555582
Q9NXA8_CHEMBL5413696,RWUZMBKGQKWJSD-UHFFFAOYSA-N,False,False,0.588235319
Q9NXA8_CHEMBL5402589,PVVIHCLVLRBRAA-UHFFFAOYSA-N,False,False,0.569444418
Q9NXA8_CHEMBL5398783,BQVQLDIXMMUOLZ-UHFFFAOYSA-N,False,False,0.634920657
Q9Y463_CHEMBL5414801,PBDZKKHARXQKND-RGEXLXHISA-N,False,False,0.894736826
Q9Y463_CHEMBL5429707,KCTCLVINURCCIL-UUKWBXHYSA-N,False,False,0.625
Q9Y463_CHEMBL5428562,KCTCLVINURCCIL-PJCWUCBCSA-N,False,False,0.625
Q9Y463_CHEMBL5432405,CHQYAWLKOUOTQO-BKNIFWKGSA-N,False,False,0.686567187
Q9Y463_CHEMBL5404093,HYHBXFRSVBXAGH-OTUTYVNSSA-N,False,False,0.50666666
Q9Y463_CHEMBL5417699,QWHFOOHDGGEJAI-KHAFMBKQSA-N,False,False,0.460526317
Q9Y463_CHEMBL5429691,DPIAIAIQEINUNP-KDVQLTRESA-N,False,False,0.686567187
Q9Y463_CHEMBL5432194,XDVWHWQSQJFRPP-MEFZMRIGSA-N,False,False,0.41772151
Q9Y463_CHEMBL5415554,CUXJJQQRHNRQEY-GESOSKEOSA-N,False,False,0.628571451
Q9Y463_CHEMBL5395833,JNTIINGGIOJIMW-CCAPLTMGSA-N,False,False,0.575757563
Q9Y463_CHEMBL5415238,BAUOZGQJLRLMNO-FEEIMYBTSA-N,False,False,0.619718313
Q9Y463_CHEMBL5428750,PBVAHEBIEXXNNA-CRMJKIRDSA-N,False,False,0.622950792
Q9Y463_CHEMBL5406864,JGJABYQWCCWLPP-QVTJDRNWSA-N,False,False,0.706896544
Q9Y463_CHEMBL5435933,BHUDPCQAMNRYCM-FEEIMYBTSA-N,False,False,0.454545468
Q9Y463_CHEMBL5421052,IXTKPNOXAVTBCW-GESOSKEOSA-N,False,False,0.74242425
Q9Y463_CHEMBL5429359,PPZINUUIYSVIGC-AISSWFOISA-N,False,False,0.467532456
Q9Y463_CHEMBL5406490,DDJAQBRJAZWAAX-AISSWFOISA-N,False,False,0.513513505
Q9Y463_CHEMBL5426876,JKUDSDIXIGYMFG-ATDKOCKZSA-N,False,False,0.765625
Q9Y463_CHEMBL5396081,IJFKKIMDRSZOOW-LRCIEKKDSA-N,False,False,0.754098356
Q9Y463_CHEMBL5429086,CIEDQRFRRJHOSA-FIMUYXNPSA-N,False,False,0.775862098
Q9Y463_CHEMBL5416942,FSEAAXKTTYQGAY-AQTBWJFISA-N,False,False,0.866666675
Q9Y463_CHEMBL5435495,FVIUKIZPDJZQKD-LARPSKPRSA-N,False,False,0.762711883
Q9Y463_CHEMBL5396725,IXRCZLGBPPMVSP-UHFFFAOYSA-N,False,False,0.522388041
Q9Y463_CHEMBL5414359,VWCSZVWZRTZNCH-UHFFFAOYSA-N,False,False,0.507936537
Q9Y463_CHEMBL5434183,HVEXJKQESNIDLM-KRWDZBQOSA-N,False,False,0.516129017
Q9Y463_CHEMBL5416758,RJTQBPCQZQSZFF-HNNXBMFYSA-N,False,False,0.5
Q9Y463_CHEMBL5425043,LFAHWMOZPVCJAY-HNNXBMFYSA-N,False,False,0.515151501
Q9Y463_CHEMBL5404416,YEZMGVBTPDYRPO-WSVATBPTSA-N,False,False,0.644067824
Q9Y463_CHEMBL5405572,YJKPCYDSZXIODK-WSVATBPTSA-N,False,False,0.606557369
Q9Y463_CHEMBL5394613,UMYSGMXAOXMMGG-NVMNQCDNSA-N,False,False,0.644067824
Q9Y463_CHEMBL5420724,KBMQGIPVJGXLOU-SOFYXZRVSA-N,False,False,0.673076928
Q9Y463_CHEMBL5437222,RWUAJNWQCLQAAA-DHDCSXOGSA-N,False,False,0.644067824
Q9Y463_CHEMBL5422413,ZJVGZWWTWGRGFK-DHDCSXOGSA-N,False,False,0.590163946
Q9Y463_CHEMBL5419006,DVZORWAPBGBTCT-PTNGSMBKSA-N,False,False,0.655172408
Q9Y463_CHEMBL5395680,LRPOHOOPSDHHPW-JYRVWZFOSA-N,False,False,0.823529422
Q9Y463_CHEMBL5408457,XXIXFZAUCITSCM-YBEGLDIGSA-N,False,False,0.644067824
Q9Y463_CHEMBL5413427,COYCDCAUDJBGOV-YBEGLDIGSA-N,False,False,0.590163946
Q9Y463_CHEMBL5425748,VOMDKRFMVUYOOQ-VBKFSLOCSA-N,False,False,0.655172408
Q9Y463_CHEMBL5410991,ZUADZDBGZDSSAB-ZROIWOOFSA-N,False,False,0.823529422
Q9Y463_CHEMBL5428651,JFDRONLMXPRQPP-MEODAHEFSA-N,False,False,0.682539701
Q9Y463_CHEMBL5422936,YMIDGKZVYFXIBW-URQBRDCWSA-N,False,False,0.818181813
Q9Y463_CHEMBL5437737,VFLPOFHPMNYCOH-JMIUGGIZSA-N,False,False,0.753623188
