compound_id,uniprot,affinity,ex_label,fl_label,sim_union
C7C422_CHEMBL5428850,C7C422,8.9,8.9,8.9,0.3289
C7C422_CHEMBL5417591,C7C422,6.89,,,0.6665
C7C422_CHEMBL5439975,C7C422,4.815,,,0.5127
C7C422_CHEMBL5417195,C7C422,6.12,6.12,6.12,0.6152
C7C422_CHEMBL5432778,C7C422,5.77,,,0.5713
C7C422_CHEMBL5413714,C7C422,4.75,,,0.6099
C7C422_CHEMBL5437131,C7C422,4.56,,,0.6562
C7C422_CHEMBL5410303,C7C422,5.02,,,0.6069
C7C422_CHEMBL5403178,C7C422,4.52,4.52,4.52,0.491
C7C422_CHEMBL5427511,C7C422,6.02,6.02,6.02,0.4736
C7C422_CHEMBL5423006,C7C422,5.68,,,0.4822
C7C422_CHEMBL5436726,C7C422,5.85,5.85,5.85,0.4546
C7C422_CHEMBL5402652,C7C422,6.15,6.15,6.15,0.5083
C7C422_CHEMBL5435754,C7C422,6.0,6.0,6.0,0.6152
C7C422_CHEMBL5432742,C7C422,6.33,6.33,6.33,0.6528
C7C422_CHEMBL5413366,C7C422,7.96,,,0.6562
C7C422_CHEMBL5429713,C7C422,6.6,6.6,6.6,0.5332
C7C422_CHEMBL5394208,C7C422,4.65,,,0.4312
C7C422_CHEMBL5409129,C7C422,4.83,,,0.5
C7C422_CHEMBL5431449,C7C422,4.33,,,0.5186
C7C422_CHEMBL5424977,C7C422,4.12,,,0.519
C7C422_CHEMBL5412136,C7C422,5.83,,,0.6201
C7C422_CHEMBL5412587,C7C422,5.53,5.53,5.53,0.8413
C7C422_CHEMBL5436857,C7C422,6.43,6.43,6.43,0.5332
C7C422_CHEMBL5421632,C7C422,6.55,6.55,6.55,0.5488
C7C422_CHEMBL5416932,C7C422,6.28,6.28,6.28,0.4736
C7C422_CHEMBL5409968,C7C422,6.54,6.54,6.54,0.5283
C7C422_CHEMBL5424619,C7C422,6.39,6.39,6.39,0.7061
C7C422_CHEMBL5426400,C7C422,6.05,6.05,6.05,0.5366
C7C422_CHEMBL5414788,C7C422,5.89,5.89,5.89,0.6445
C7C422_CHEMBL5423672,C7C422,6.36,6.36,6.36,0.646
C7C422_CHEMBL5434080,C7C422,6.43,6.43,6.43,0.7456
C7C422_CHEMBL5418994,C7C422,6.35,6.35,6.35,0.6304
C7C422_CHEMBL5393815,C7C422,6.3,6.3,6.3,0.646
C7C422_CHEMBL5408921,C7C422,6.17,6.17,6.17,0.5713
C7C422_CHEMBL5415172,C7C422,6.25,6.25,6.25,0.7114
C7C422_CHEMBL5405077,C7C422,6.08,6.08,6.08,0.7144
C7C422_CHEMBL5394233,C7C422,6.36,6.36,6.36,0.6382
C7C422_CHEMBL5421999,C7C422,6.54,6.54,6.54,0.6816
C7C422_CHEMBL5437270,C7C422,6.49,6.49,6.49,1.0
C7C422_CHEMBL5421395,C7C422,6.42,,,0.7417
C7C422_CHEMBL5437627,C7C422,4.59,,,0.6362
C7C422_CHEMBL5401063,C7C422,4.26,,,0.6099
C7C422_CHEMBL5395915,C7C422,4.13,,,0.5239
C7C422_CHEMBL5421154,C7C422,4.72,,,0.7368
C7C422_CHEMBL5396318,C7C422,6.52,,,0.4644
C7C422_CHEMBL5431286,C7C422,4.55,,,0.4194
C7C422_CHEMBL5425633,C7C422,4.76,,,0.5928
C7C422_CHEMBL5413869,C7C422,4.65,,,0.5645
O00444_CHEMBL5415514,O00444,6.72,,,0.5659
O00444_CHEMBL5406293,O00444,5.62,,,0.5347
O00444_CHEMBL5408339,O00444,6.66,,,0.582
O00444_CHEMBL5428085,O00444,9.52,,,0.5815
O00444_CHEMBL5438941,O00444,6.11,,,0.5522
O00444_CHEMBL5409987,O00444,6.45,,,0.5781
O00444_CHEMBL5427137,O00444,6.97,,,0.5781
O00444_CHEMBL5427658,O00444,5.99,,,0.7144
O00444_CHEMBL5410628,O00444,6.42,,,0.4688
O00444_CHEMBL5407680,O00444,6.91,,,0.5068
O00444_CHEMBL5418921,O00444,5.82,,,0.5293
O00444_CHEMBL5441117,O00444,6.54,,,0.4688
O00444_CHEMBL5396900,O00444,7.7,,,0.5679
O00444_CHEMBL5438910,O00444,6.5,,,0.5356
O00444_CHEMBL5399402,O00444,7.75,,,0.5
O00444_CHEMBL5416099,O00444,7.11,,,0.5635
O00444_CHEMBL5439625,O00444,6.56,,,0.5303
O00444_CHEMBL5394160,O00444,7.01,,,0.5059
O00444_CHEMBL5440186,O00444,6.99,,,0.5908
O00444_CHEMBL5407899,O00444,6.47,,,0.4917
O00444_CHEMBL5399219,O00444,7.15,,,0.5659
O00444_CHEMBL5439296,O00444,5.18,,,0.3896
O00444_CHEMBL5401624,O00444,7.62,,,0.7051
O00444_CHEMBL5433061,O00444,6.29,,,0.606
O00444_CHEMBL5439723,O00444,5.79,,,0.5361
O00444_CHEMBL5434198,O00444,7.59,,,0.647
O00444_CHEMBL5424061,O00444,6.4,,,0.5068
O00444_CHEMBL5401850,O00444,8.01,,,0.6396
O00444_CHEMBL5432215,O00444,7.09,,,0.4626
O00444_CHEMBL5437830,O00444,5.13,,,0.5059
O00444_CHEMBL5438958,O00444,5.35,,,0.4761
O00444_CHEMBL5423452,O00444,5.89,,,0.5752
O00444_CHEMBL5404860,O00444,6.29,,,0.4939
O00444_CHEMBL5440423,O00444,6.25,,,0.4939
O00444_CHEMBL5437782,O00444,5.73,,,0.4761
O00444_CHEMBL5421379,O00444,6.14,,,0.5059
O00444_CHEMBL5410573,O00444,6.44,,,0.6074
O00444_CHEMBL5410589,O00444,6.49,,,0.5244
O00444_CHEMBL5395499,O00444,6.41,,,0.5386
O00444_CHEMBL5411283,O00444,6.68,,,0.5059
O00444_CHEMBL5394214,O00444,5.61,,,0.5127
O00444_CHEMBL5424982,O00444,5.2,,,0.488
O00444_CHEMBL5409586,O00444,5.41,,,0.488
O00444_CHEMBL5430398,O00444,5.57,,,0.5308
O00444_CHEMBL5415639,O00444,6.06,,,0.4768
O00444_CHEMBL5431124,O00444,7.03,,,0.488
O00444_CHEMBL5440224,O00444,6.6,,,0.4546
O00444_CHEMBL5420676,O00444,6.48,,,0.4819
O00444_CHEMBL5439579,O00444,6.66,,,0.4707
O00444_CHEMBL5421662,O00444,7.58,,,0.4819
O00444_CHEMBL5424261,O00444,4.83,,,0.5444
O00444_CHEMBL5420664,O00444,6.38,,,0.5332
O00444_CHEMBL5418913,O00444,5.78,,,0.5635
O00444_CHEMBL5407522,O00444,8.12,,,0.875
O00444_CHEMBL5397303,O00444,8.07,,,0.5542
O00444_CHEMBL5432162,O00444,7.74,,,0.625
O00444_CHEMBL5400736,O00444,6.38,,,0.6709
O00444_CHEMBL5426828,O00444,8.43,,,0.6875
O00444_CHEMBL5404983,O00444,9.52,,,0.6616
O00444_CHEMBL5432542,O00444,8.92,,,0.6528
O00444_CHEMBL5399648,O00444,6.29,,,0.5444
O00444_CHEMBL5420150,O00444,9.0,,,0.5933
O00444_CHEMBL5402864,O00444,9.05,,,0.6914
O00444_CHEMBL5439790,O00444,9.4,,,0.6001
O00444_CHEMBL5423111,O00444,6.45,,,0.6792
O00444_CHEMBL5408496,O00444,6.73,,,0.7632
O00444_CHEMBL5425999,O00444,7.67,,,0.6831
O00444_CHEMBL5424704,O00444,7.63,,,0.6875
O00444_CHEMBL5439446,O00444,7.21,,,0.6548
O00444_CHEMBL5420852,O00444,6.67,,,0.6323
O00444_CHEMBL5435158,O00444,8.17,,,0.6914
O00444_CHEMBL5424463,O00444,8.68,,,0.6626
O00444_CHEMBL5429187,O00444,7.98,,,0.6548
O00444_CHEMBL5429940,O00444,6.61,,,0.6113
O00444_CHEMBL5397250,O00444,8.27,,,0.6963
O00444_CHEMBL5435416,O00444,6.91,,,0.6709
O00444_CHEMBL5409434,O00444,7.71,,,0.6963
O00444_CHEMBL5438019,O00444,8.03,,,0.6709
O00444_CHEMBL5430106,O00444,8.05,,,0.7236
O00444_CHEMBL5418250,O00444,7.8,,,0.7432
O00444_CHEMBL5429009,O00444,7.12,,,0.75
O00444_CHEMBL5396416,O00444,7.07,,,0.7104
O00444_CHEMBL5425790,O00444,7.62,,,0.7012
O00444_CHEMBL5405656,O00444,7.49,,,0.7295
O00444_CHEMBL5420682,O00444,7.12,,,0.5601
O00444_CHEMBL5433109,O00444,8.26,,,0.5654
O00444_CHEMBL5410922,O00444,8.08,,,0.5771
O00444_CHEMBL5435903,O00444,7.72,,,0.5771
O00444_CHEMBL5423103,O00444,7.21,,,0.5386
O00444_CHEMBL5434630,O00444,8.09,,,0.5435
O00444_CHEMBL5413470,O00444,7.72,,,0.5547
O00444_CHEMBL5435948,O00444,7.89,,,0.5547
O00444_CHEMBL5438512,O00444,7.71,,,0.5488
O00444_CHEMBL5431008,O00444,6.92,,,0.5488
O00444_CHEMBL5396799,O00444,6.81,,,0.5488
O00444_CHEMBL5401859,O00444,6.27,,,0.5488
O00444_CHEMBL5436294,O00444,5.97,,,0.5488
O00444_CHEMBL5397574,O00444,7.38,,,0.5488
O00444_CHEMBL5422161,O00444,8.04,,,0.5488
O00444_CHEMBL5396625,O00444,8.26,,,0.5488
O00444_CHEMBL5407696,O00444,8.59,,,0.5547
O00444_CHEMBL5408998,O00444,8.82,,,0.5601
O00444_CHEMBL5402930,O00444,7.42,,,0.5386
O00444_CHEMBL5440306,O00444,8.44,,,0.5435
O00444_CHEMBL5430793,O00444,8.03,,,0.5488
O00444_CHEMBL5430165,O00444,8.72,,,0.5547
O00444_CHEMBL5405221,O00444,8.25,,,0.5771
O00444_CHEMBL5432601,O00444,6.67,,,0.5586
O00444_CHEMBL5434881,O00444,7.08,,,0.5332
O00444_CHEMBL5404385,O00444,7.37,,,0.5601
O00444_CHEMBL5438607,O00444,7.87,,,0.5654
O00444_CHEMBL5422518,O00444,8.51,,,0.5771
O00444_CHEMBL5397330,O00444,8.0,,,0.5771
O00444_CHEMBL5394971,O00444,6.97,,,0.5435
O00444_CHEMBL5430972,O00444,7.42,,,0.7065
O00444_CHEMBL5412525,O00444,7.48,,,0.6362
O00444_CHEMBL5420791,O00444,7.29,,,0.6709
O00444_CHEMBL5435316,O00444,6.97,,,0.5415
O00444_CHEMBL5424478,O00444,5.74,,,0.5508
O00444_CHEMBL5432853,O00444,6.21,,,0.4343
O00444_CHEMBL5413962,O00444,7.14,,,0.4429
O00444_CHEMBL5414664,O00444,6.83,,,0.5894
O00444_CHEMBL5408822,O00444,5.85,,,0.5645
O00444_CHEMBL5410643,O00444,6.85,,,0.6431
O00444_CHEMBL5402575,O00444,6.7,,,0.5771
O00444_CHEMBL5395263,O00444,7.1,,,0.5347
O00444_CHEMBL5416874,O00444,6.87,,,0.582
O00444_CHEMBL5400742,O00444,7.41,,,0.5225
O00444_CHEMBL5432922,O00444,6.42,,,0.4333
O00444_CHEMBL5434779,O00444,7.19,,,0.5312
O00444_CHEMBL5407687,O00444,6.86,,,0.5083
O00444_CHEMBL5399061,O00444,7.46,,,0.5645
O00444_CHEMBL5394505,O00444,7.25,,,0.5225
O00444_CHEMBL5402720,O00444,5.96,,,0.4429
O00444_CHEMBL5429145,O00444,7.1,,,0.4465
O00444_CHEMBL5417800,O00444,7.24,,,0.426
O00444_CHEMBL5430526,O00444,8.15,,,0.5332
O00444_CHEMBL5409014,O00444,6.86,,,0.5415
O00444_CHEMBL5401427,O00444,7.35,,,0.5483
O00444_CHEMBL5412717,O00444,6.29,,,0.5112
O00444_CHEMBL5431580,O00444,6.53,,,0.582
O00444_CHEMBL5401007,O00444,7.46,,,0.4517
O00444_CHEMBL5404382,O00444,7.18,,,0.4839
O00444_CHEMBL5410562,O00444,6.9,,,0.6289
O00444_CHEMBL5440788,O00444,7.34,,,0.5229
O00444_CHEMBL5415559,O00444,7.09,,,0.6602
O00444_CHEMBL5420027,O00444,6.75,,,0.5713
O14757_CHEMBL5413462,O14757,7.97,7.97,7.97,0.6567
O14757_CHEMBL5409504,O14757,8.12,8.12,8.12,0.7759
O14757_CHEMBL5420872,O14757,7.24,7.24,7.24,0.6567
O14757_CHEMBL5421825,O14757,8.12,8.12,8.12,0.7246
O14757_CHEMBL5428033,O14757,6.52,6.52,6.52,0.5776
O14757_CHEMBL5439250,O14757,7.88,7.88,7.88,0.6914
O14757_CHEMBL5420001,O14757,5.96,5.96,5.96,0.7026
O14757_CHEMBL5421001,O14757,7.05,7.05,7.05,0.7168
O14757_CHEMBL5431016,O14757,8.07,8.07,8.07,0.7427
O14757_CHEMBL5427282,O14757,7.86,7.86,7.86,0.6943
O14757_CHEMBL5407292,O14757,6.6,6.6,6.6,0.5488
O14757_CHEMBL5408927,O14757,7.87,7.87,7.87,0.6621
O14757_CHEMBL5409205,O14757,6.64,6.64,6.64,0.689
O14757_CHEMBL5401396,O14757,7.06,7.06,7.06,0.6221
O14757_CHEMBL5408938,O14757,5.71,5.71,5.71,0.5347
O14757_CHEMBL5398690,O14757,6.47,6.47,6.765,0.5454
O14757_CHEMBL5394796,O14757,7.06,7.06,6.765,0.5454
O14757_CHEMBL5430670,O14757,7.45,7.45,6.734999999999999,0.6343
O14757_CHEMBL5398934,O14757,6.02,6.02,6.734999999999999,0.6343
O14757_CHEMBL5419654,O14757,7.72,7.72,7.72,0.6001
O14757_CHEMBL5403690,O14757,8.01,8.01,7.515,0.7124
O14757_CHEMBL5432385,O14757,6.08,6.08,6.08,0.6841
O14757_CHEMBL5425583,O14757,7.02,7.02,7.515,0.7124
O14757_CHEMBL5427417,O14757,8.0,8.0,8.0,0.6665
O14757_CHEMBL5433681,O14757,6.44,6.44,6.44,0.5317
O14757_CHEMBL5433322,O14757,7.9,7.9,7.9,0.6362
O14757_CHEMBL5439325,O14757,7.1,7.1,7.1,0.6172
O14757_CHEMBL5395135,O14757,6.91,6.91,6.91,0.8027
O14757_CHEMBL5429443,O14757,5.7,5.7,5.7,0.625
O14757_CHEMBL5433344,O14757,6.69,6.69,6.69,0.6538
O14757_CHEMBL5424522,O14757,7.17,7.17,7.17,0.6943
O14757_CHEMBL5430680,O14757,7.15,7.15,7.15,0.5864
O14757_CHEMBL5424287,O14757,7.05,7.05,7.05,0.6025
O14757_CHEMBL5438311,O14757,7.57,7.57,7.57,0.8486
O14757_CHEMBL5409206,O14757,7.93,7.93,7.93,0.8438
O14757_CHEMBL5410542,O14757,7.21,7.21,7.21,0.561
O14757_CHEMBL5406425,O14757,7.54,7.54,7.54,0.5947
O14757_CHEMBL5408190,O14757,6.74,6.74,6.74,0.5361
O14757_CHEMBL5408027,O14757,7.49,7.49,7.49,0.6113
O14757_CHEMBL5401267,O14757,7.59,7.59,7.59,0.6025
O14757_CHEMBL5411672,O14757,7.45,7.45,7.45,0.6143
O14757_CHEMBL5411251,O14757,7.97,7.97,7.97,0.7324
O14757_CHEMBL5428756,O14757,8.29,,7.97,0.7324
O14757_CHEMBL5432487,O14757,6.65,6.65,6.65,0.7729
O14757_CHEMBL5433221,O14757,7.23,7.23,7.23,0.7847
O14757_CHEMBL5406086,O14757,6.84,6.84,6.84,0.73
O14757_CHEMBL5428278,O14757,7.41,7.41,7.41,0.7539
O14757_CHEMBL5398258,O14757,7.02,7.02,7.02,0.5864
O14757_CHEMBL5411719,O14757,6.78,6.78,6.78,0.564
O14757_CHEMBL5424476,O14757,7.17,7.17,7.17,0.6025
O14757_CHEMBL5438542,O14757,7.0,7.0,7.0,0.5864
O14757_CHEMBL5398244,O14757,6.88,6.88,6.88,0.5713
O14757_CHEMBL5405689,O14757,6.98,6.98,6.98,0.6567
O14757_CHEMBL5401305,O14757,7.03,7.03,7.03,0.6567
O14757_CHEMBL5434637,O14757,7.21,7.21,7.21,0.6143
O14757_CHEMBL5411252,O14757,6.75,6.75,6.75,0.7319
O14757_CHEMBL5396674,O14757,6.63,6.63,6.63,0.7319
O14757_CHEMBL5410841,O14757,7.75,7.75,7.75,0.7534
O14757_CHEMBL5426241,O14757,8.12,8.12,8.12,0.6714
O43570_CHEMBL5433200,O43570,8.08,,,0.7222
O43570_CHEMBL5418092,O43570,6.86,,,0.7222
O43570_CHEMBL5431609,O43570,6.05,,,0.7598
O43570_CHEMBL5434405,O43570,6.05,,,0.7598
O43570_CHEMBL5399412,O43570,8.03,,,0.603
O43570_CHEMBL5410769,O43570,8.25,,,0.603
O43570_CHEMBL5430974,O43570,7.25,,,0.7144
O43570_CHEMBL5420563,O43570,7.47,,,0.7144
O43570_CHEMBL5394374,O43570,5.03,,,0.7202
O43570_CHEMBL5439211,O43570,6.09,,,0.7202
O43570_CHEMBL5420568,O43570,8.23,,,0.5557
O43570_CHEMBL5429492,O43570,5.31,,,0.5928
O43570_CHEMBL5406311,O43570,7.37,,,0.5557
O43570_CHEMBL5395028,O43570,7.21,,,0.7451
O43570_CHEMBL5408660,O43570,8.04,,,0.8296
O43570_CHEMBL5394136,O43570,8.41,,,0.6362
O43570_CHEMBL5428616,O43570,7.18,,,0.9512
O43570_CHEMBL5411236,O43570,7.39,,,0.7144
O43570_CHEMBL5434644,O43570,7.61,,,0.8862
O43570_CHEMBL5418325,O43570,7.04,,,0.6729
O43570_CHEMBL5418448,O43570,8.17,,,0.6729
O43570_CHEMBL5396521,O43570,6.56,,,0.5254
O43570_CHEMBL5406454,O43570,7.31,,,0.8838
O43570_CHEMBL5415157,O43570,7.27,,,0.6958
O43570_CHEMBL5430687,O43570,7.13,,,0.7271
O43570_CHEMBL5402415,O43570,6.91,,,0.5806
O43570_CHEMBL5403443,O43570,6.79,,,0.5835
O43570_CHEMBL5423785,O43570,7.06,,,0.5254
O43570_CHEMBL5420806,O43570,8.17,,,0.5474
O43570_CHEMBL5408282,O43570,7.73,,,0.5474
O43570_CHEMBL5403015,O43570,8.17,,,0.6909
O43570_CHEMBL5418584,O43570,8.04,,,0.6909
O43570_CHEMBL5408039,O43570,6.7,,,0.5322
O43570_CHEMBL5417623,O43570,6.85,,,0.5864
O43570_CHEMBL5419120,O43570,7.23,,,0.731
O43570_CHEMBL5419562,O43570,7.56,,,0.6665
O43570_CHEMBL5409839,O43570,6.62,,,0.5869
O43570_CHEMBL5406763,O43570,7.51,,,0.6001
O43570_CHEMBL5398527,O43570,7.14,,,0.7021
O43570_CHEMBL5398482,O43570,7.34,,,0.7021
O43570_CHEMBL5404478,O43570,7.42,,,0.7222
O43570_CHEMBL5430744,O43570,7.83,,,0.7021
O43570_CHEMBL5404207,O43570,7.87,,,0.5625
O43570_CHEMBL5432122,O43570,6.55,,,0.6143
O43570_CHEMBL5400096,O43570,7.06,,,0.6348
O43570_CHEMBL5427772,O43570,7.14,,,0.5557
O43570_CHEMBL5439825,O43570,7.31,,,0.625
O43570_CHEMBL5424006,O43570,7.94,,,0.6035
O43570_CHEMBL5419432,O43570,7.47,,,0.4707
O43570_CHEMBL5436128,O43570,7.94,,,0.7446
O43570_CHEMBL5411012,O43570,7.67,,,0.7256
O43570_CHEMBL5427767,O43570,6.37,,,0.7349
O43570_CHEMBL5412673,O43570,7.78,,,0.6143
O43570_CHEMBL5413719,O43570,7.24,,,0.541
O43570_CHEMBL5434757,O43570,7.54,,,0.769
O43570_CHEMBL5398809,O43570,5.92,,,0.5254
O43570_CHEMBL5423264,O43570,6.0,,,0.7549
O43570_CHEMBL5431226,O43570,7.7,,,0.6313
O43570_CHEMBL5400438,O43570,7.77,,,0.7319
O43570_CHEMBL5422561,O43570,7.44,,,0.4517
O43570_CHEMBL5422492,O43570,7.66,,,0.625
O43570_CHEMBL5438275,O43570,7.19,,,0.6489
O43570_CHEMBL5411466,O43570,7.18,,,0.769
O43570_CHEMBL5419182,O43570,7.3,,,0.5249
O43570_CHEMBL5428815,O43570,8.21,,,0.8164
O43570_CHEMBL5406041,O43570,7.33,,,0.5762
O43570_CHEMBL5439068,O43570,8.04,,,0.6729
O43570_CHEMBL5401486,O43570,7.13,,,0.625
O43570_CHEMBL5424643,O43570,7.48,,,0.6377
O43570_CHEMBL5402861,O43570,7.14,,,0.5908
O43570_CHEMBL5422807,O43570,7.42,,,0.5908
O43570_CHEMBL5415701,O43570,6.09,,,0.5366
O43570_CHEMBL5417652,O43570,6.61,,,0.52
O43570_CHEMBL5430843,O43570,6.67,,,0.4482
O43570_CHEMBL5415971,O43570,7.1,,,0.4822
O43570_CHEMBL5434579,O43570,7.38,,,0.4424
O43570_CHEMBL5427495,O43570,6.67,,,0.4426
O43570_CHEMBL5396279,O43570,6.8,,,0.426
O43570_CHEMBL5427064,O43570,6.41,,,0.4912
O43570_CHEMBL5434717,O43570,6.35,,,0.5771
O43570_CHEMBL5405313,O43570,7.02,,,0.5635
O43570_CHEMBL5428119,O43570,7.1,,,0.6348
O43570_CHEMBL5406828,O43570,8.41,,,0.6113
O43570_CHEMBL5421787,O43570,8.16,,,0.6128
O43570_CHEMBL5410832,O43570,8.03,,,0.5962
O43570_CHEMBL5396229,O43570,8.68,,,0.5762
O43570_CHEMBL5400915,O43570,7.13,,,0.7451
O43570_CHEMBL5423723,O43570,7.05,,,0.5425
O43570_CHEMBL5409485,O43570,6.3,,,0.5806
O43570_CHEMBL5411876,O43570,6.25,,,0.52
O43570_CHEMBL5430806,O43570,6.26,,,0.522
O43570_CHEMBL5427215,O43570,7.14,,,0.5308
O43570_CHEMBL5418987,O43570,7.29,,,0.5317
O43570_CHEMBL5417966,O43570,7.23,,,0.5479
O43570_CHEMBL5427397,O43570,7.28,,,0.5293
O43570_CHEMBL5393899,O43570,8.01,,,0.5923
O43570_CHEMBL5416640,O43570,7.33,,,0.6943
O43570_CHEMBL5399753,O43570,8.57,,,0.8086
O43570_CHEMBL5432003,O43570,8.12,,,0.6738
O43570_CHEMBL5399026,O43570,8.15,,,0.7002
O43570_CHEMBL5413773,O43570,8.18,,,0.6538
O43570_CHEMBL5416330,O43570,7.12,,,0.6294
O43570_CHEMBL5429247,O43570,7.12,,,0.8086
O43570_CHEMBL5438146,O43570,7.18,,,0.75
O43570_CHEMBL5400590,O43570,8.59,,,0.686
O43570_CHEMBL5423705,O43570,8.44,,,0.7349
O43570_CHEMBL5420340,O43570,7.29,,,0.7358
O43570_CHEMBL5418256,O43570,8.14,,,0.5894
O43570_CHEMBL5408414,O43570,7.04,,,0.5894
O43570_CHEMBL5422630,O43570,7.62,,,0.5454
O43570_CHEMBL5412024,O43570,8.17,,,0.4492
O43570_CHEMBL5424738,O43570,7.66,,,0.623
O43570_CHEMBL5423986,O43570,7.89,,,0.5312
O43570_CHEMBL5423626,O43570,7.54,,,0.5767
O43570_CHEMBL5407099,O43570,7.43,,,0.5254
O43570_CHEMBL5439232,O43570,8.3,,,0.5312
O43570_CHEMBL5412326,O43570,7.28,,,0.625
O43570_CHEMBL5404854,O43570,6.91,,,0.5083
O43570_CHEMBL5434475,O43570,7.19,,,0.5542
O43570_CHEMBL5398061,O43570,7.31,,,0.5156
O43570_CHEMBL5422153,O43570,6.55,,,0.5254
O43570_CHEMBL5395857,O43570,8.09,,,0.5073
O43570_CHEMBL5397659,O43570,7.42,,,0.625
O43570_CHEMBL5419752,O43570,7.36,,,0.7168
O43570_CHEMBL5404038,O43570,7.17,,,0.7231
O43570_CHEMBL5439318,O43570,8.14,,,0.5586
O43570_CHEMBL5405279,O43570,7.23,,,0.6948
O43570_CHEMBL5437142,O43570,6.39,,,0.5625
O43570_CHEMBL5420020,O43570,7.24,,,0.5371
O43570_CHEMBL5432770,O43570,8.17,,,0.5352
O43570_CHEMBL5395679,O43570,7.08,,,0.645
O43570_CHEMBL5424727,O43570,7.14,,,0.6128
O43570_CHEMBL5425125,O43570,8.41,,,0.3855
O43570_CHEMBL5412351,O43570,7.4,,,0.5537
O43570_CHEMBL5424664,O43570,7.23,,,0.5483
O43570_CHEMBL5420931,O43570,8.08,,,0.4854
O43570_CHEMBL5417084,O43570,6.51,,,0.5254
O43570_CHEMBL5430482,O43570,8.09,,,0.5073
O43570_CHEMBL5414077,O43570,8.03,,,0.625
O43570_CHEMBL5402143,O43570,7.31,,,0.7168
O43570_CHEMBL5426216,O43570,8.12,,,0.7231
O43570_CHEMBL5413021,O43570,7.35,,,0.5586
O43570_CHEMBL5402145,O43570,7.3,,,0.6948
O43570_CHEMBL5438010,O43570,7.05,,,0.5625
O43570_CHEMBL5421531,O43570,8.07,,,0.5371
O43570_CHEMBL5411936,O43570,7.2,,,0.5352
O43570_CHEMBL5419447,O43570,7.38,,,0.645
O43570_CHEMBL5396393,O43570,7.36,,,0.6128
O43570_CHEMBL5409658,O43570,7.56,,,0.3855
O43570_CHEMBL5413693,O43570,7.45,,,0.5537
O43570_CHEMBL5429073,O43570,7.63,,,0.5483
O43570_CHEMBL5401434,O43570,7.39,,,0.4854
O43570_CHEMBL5402497,O43570,7.28,,,0.6001
O43570_CHEMBL5412870,O43570,8.07,,,0.7666
O43570_CHEMBL5422706,O43570,8.2,,,0.7759
O43570_CHEMBL5425202,O43570,7.08,,,0.5
O43570_CHEMBL5433765,O43570,7.5,,,0.7407
O43570_CHEMBL5420539,O43570,8.07,,,0.7759
O43570_CHEMBL5395423,O43570,8.04,,,0.5
O43570_CHEMBL5407842,O43570,7.2,,,0.625
O43570_CHEMBL5396530,O43570,8.05,,,0.5835
O43570_CHEMBL5397521,O43570,8.03,,,0.625
O43570_CHEMBL5439370,O43570,8.04,,,0.6665
O43570_CHEMBL5415949,O43570,7.7,,,0.6665
O43570_CHEMBL5395274,O43570,8.07,,,0.5347
O43570_CHEMBL5407876,O43570,7.13,,,0.6982
O43570_CHEMBL5430374,O43570,7.04,,,0.7915
O43570_CHEMBL5403578,O43570,7.42,,,0.7798
O43570_CHEMBL5439016,O43570,8.09,,,0.6729
O43570_CHEMBL5430474,O43570,7.78,,,0.7871
O43570_CHEMBL5439521,O43570,8.23,,,0.6294
O43570_CHEMBL5433722,O43570,6.45,,,0.6904
O43570_CHEMBL5416307,O43570,7.51,,,0.6445
O43570_CHEMBL5402383,O43570,6.23,,,0.6089
O43570_CHEMBL5397739,O43570,7.08,,,0.6089
O43570_CHEMBL5399974,O43570,7.1,,,0.644
O43570_CHEMBL5422102,O43570,6.25,,,0.5557
O43570_CHEMBL5406077,O43570,7.72,,,0.6416
O43570_CHEMBL5440906,O43570,8.18,,,0.6719
O43570_CHEMBL5440763,O43570,7.42,,,0.4919
O43570_CHEMBL5436282,O43570,8.09,,,0.644
O43570_CHEMBL5411702,O43570,8.05,,,0.6719
O43570_CHEMBL5414836,O43570,7.32,,,0.4919
O43570_CHEMBL5399204,O43570,7.53,,,0.603
O43570_CHEMBL5433154,O43570,6.62,,,0.5146
O43570_CHEMBL5409881,O43570,7.11,,,0.5557
O43570_CHEMBL5403938,O43570,8.02,,,0.603
O43570_CHEMBL5421790,O43570,8.03,,,0.5146
O43570_CHEMBL5432812,O43570,8.08,,,0.6069
O43570_CHEMBL5408885,O43570,7.52,,,0.7896
O43570_CHEMBL5403077,O43570,7.21,,,0.6562
O43570_CHEMBL5420858,O43570,7.35,,,0.5903
O43570_CHEMBL5396677,O43570,7.44,,,0.6001
O43570_CHEMBL5413403,O43570,7.5,,,0.6152
O43570_CHEMBL5410282,O43570,5.59,,,0.4363
O43570_CHEMBL5417595,O43570,8.35,,,0.5166
O60341_CHEMBL5439389,O60341,6.97,,,0.5464
O60341_CHEMBL5408271,O60341,6.78,6.78,6.78,0.52
O60341_CHEMBL5416205,O60341,6.64,,,0.7661
O60341_CHEMBL5423159,O60341,6.69,,,0.541
O60341_CHEMBL5425308,O60341,7.375,,,0.5229
O60341_CHEMBL5433416,O60341,7.02,,,0.5171
O60341_CHEMBL5396850,O60341,7.07,,,0.4805
O60341_CHEMBL5434190,O60341,7.05,,,0.4934
O60341_CHEMBL5430614,O60341,7.22,,,0.5
O60341_CHEMBL5438843,O60341,7.43,,,0.5112
O60341_CHEMBL5432041,O60341,7.16,,,0.5063
O60341_CHEMBL5423712,O60341,6.98,,,0.5127
O60341_CHEMBL5401491,O60341,6.74,,,0.4875
O60341_CHEMBL5432465,O60341,6.7,,,0.4937
O60341_CHEMBL5439259,O60341,7.37,,,0.5269
O60341_CHEMBL5438431,O60341,6.71,,6.23,1.0
O60341_CHEMBL5410672,O60341,6.91,,,0.5225
O60341_CHEMBL5430017,O60341,6.16,,,0.5454
O60341_CHEMBL5406479,O60341,7.55,7.55,7.55,0.6289
O60341_CHEMBL5413049,O60341,7.38,,,0.5645
O60341_CHEMBL5434915,O60341,6.65,6.65,6.65,0.5186
O60341_CHEMBL5432927,O60341,6.49,,,0.5776
O60341_CHEMBL5437604,O60341,5.34,,,0.6548
O60341_CHEMBL5405904,O60341,6.6,,,0.5713
O60341_CHEMBL5420365,O60341,5.22,,,0.7446
O60341_CHEMBL5421422,O60341,6.55,,,0.7998
O60341_CHEMBL5422216,O60341,6.64,,,0.8193
O60341_CHEMBL5433323,O60341,7.49,,,0.5156
O60341_CHEMBL5409970,O60341,6.64,,,0.541
O60341_CHEMBL5426797,O60341,5.77,5.68,5.68,0.8374
O60341_CHEMBL5434546,O60341,5.55,,,0.5669
O60341_CHEMBL5429228,O60341,5.39,5.39,5.39,0.5273
O60341_CHEMBL5435026,O60341,5.58,,,0.5273
O60341_CHEMBL5407947,O60341,5.32,5.32,5.32,0.6167
O60341_CHEMBL5440105,O60341,6.68,,,0.4937
O60341_CHEMBL5406671,O60341,5.68,,,0.6802
O60341_CHEMBL5429994,O60341,6.02,,,0.3835
O60341_CHEMBL5419169,O60341,6.85,,,0.7661
O60341_CHEMBL5440680,O60341,6.64,,,0.7817
O60341_CHEMBL5409400,O60341,5.27,,,0.5322
O60341_CHEMBL5420493,O60341,5.41,,,0.6431
O60341_CHEMBL5411051,O60341,6.13,,,0.6772
O60341_CHEMBL5428732,O60341,7.21,7.21,7.21,0.5781
O60341_CHEMBL5415964,O60341,7.07,,,0.8184
O60341_CHEMBL5399635,O60341,5.08,,,0.5645
O60341_CHEMBL5406759,O60341,5.37,,,0.5791
O60341_CHEMBL5413744,O60341,5.5,5.5,5.5,0.5
O60341_CHEMBL5428176,O60341,5.28,,,0.5537
O60341_CHEMBL5440196,O60341,5.3,,,0.6362
O60341_CHEMBL5428924,O60341,5.19,,,0.6079
O60341_CHEMBL5396510,O60341,6.87,6.87,6.87,0.5225
O60341_CHEMBL5397056,O60341,7.06,7.06,7.06,0.623
O60341_CHEMBL5416718,O60341,6.93,,,0.5908
O60341_CHEMBL5422540,O60341,7.2,7.2,7.2,0.6196
O60341_CHEMBL5435872,O60341,7.28,,,0.6499
O60341_CHEMBL5434343,O60341,7.3,7.3,7.3,0.5454
O60341_CHEMBL5399692,O60341,6.99,6.99,6.99,0.6143
O60341_CHEMBL5410411,O60341,6.22,,,0.5908
O60341_CHEMBL5435978,O60341,6.94,,,0.5073
O60341_CHEMBL5436412,O60341,4.66,,,0.5156
O60341_CHEMBL5407104,O60341,5.3,,,0.4844
O60341_CHEMBL5406892,O60341,4.64,,,0.4558
O60341_CHEMBL5426980,O60341,4.7,,,0.4775
O60341_CHEMBL5397316,O60341,6.47,,,0.5908
O60341_CHEMBL5437172,O60341,7.21,,,0.4844
O60341_CHEMBL5430058,O60341,6.4,,,0.5693
O60341_CHEMBL5406132,O60341,6.43,,,0.6392
O60341_CHEMBL5409890,O60341,4.62,,,0.6191
O60341_CHEMBL5406521,O60341,6.47,6.47,6.47,0.7192
O60341_CHEMBL5435173,O60341,6.68,6.68,6.68,0.6562
O60341_CHEMBL5404495,O60341,6.82,,,0.5
O60341_CHEMBL5410286,O60341,6.75,,,0.4844
O60341_CHEMBL5425391,O60341,6.19,,,0.5874
O60341_CHEMBL5423330,O60341,7.82,7.82,7.82,0.6191
O60341_CHEMBL5428936,O60341,7.92,7.92,7.92,0.6611
O60341_CHEMBL5413148,O60341,7.75,7.75,7.75,0.6289
O60341_CHEMBL5428788,O60341,6.0,,,0.5571
O60341_CHEMBL5436427,O60341,6.16,,,0.5654
O60341_CHEMBL5425120,O60341,6.26,,,0.5342
O60341_CHEMBL5423110,O60341,6.79,,,0.5571
O60341_CHEMBL5431790,O60341,6.96,6.96,6.96,0.5908
O60341_CHEMBL5399676,O60341,7.055,7.3,7.3,0.5493
O60341_CHEMBL5440601,O60341,4.7,,,0.4639
O60341_CHEMBL5413316,O60341,5.37,,,0.5771
O60341_CHEMBL5440032,O60341,5.32,,,0.6362
O60341_CHEMBL5405377,O60341,5.76,5.76,5.76,0.5654
O60341_CHEMBL5400631,O60341,6.07,,,0.6001
O60341_CHEMBL5416905,O60341,7.44,,,0.541
O60341_CHEMBL5413825,O60341,5.41,,,0.6099
O60341_CHEMBL5416497,O60341,7.0,,,0.5557
O60341_CHEMBL5415883,O60341,6.15,,,0.6201
O60341_CHEMBL5394389,O60341,6.05,,,0.5972
O60341_CHEMBL5405788,O60341,6.01,6.01,6.01,0.4927
O60341_CHEMBL5419993,O60341,6.02,6.02,6.02,0.5073
O60341_CHEMBL5417682,O60341,5.47,5.47,5.47,0.5601
O60341_CHEMBL5408302,O60341,6.97,,,0.5161
O60341_CHEMBL5435117,O60341,6.97,6.97,6.97,0.5615
O60341_CHEMBL5408598,O60341,6.17,6.17,6.17,0.5083
O60341_CHEMBL5398801,O60341,6.74,,,0.5078
O60341_CHEMBL5400344,O60341,6.94,,,0.623
O60341_CHEMBL5414185,O60341,6.76,,,0.5386
O60341_CHEMBL5439488,O60341,5.27,5.27,5.27,0.5371
O60341_CHEMBL5416264,O60341,5.17,,,0.6226
O60341_CHEMBL5406191,O60341,5.29,,,0.4866
O60341_CHEMBL5433364,O60341,5.62,,,0.5762
O60341_CHEMBL5403602,O60341,5.57,,,0.5713
O60341_CHEMBL5429412,O60341,5.31,,,0.6001
O60341_CHEMBL5436035,O60341,5.71,,,0.6167
O60341_CHEMBL5403862,O60341,5.61,5.61,5.61,0.5645
O60341_CHEMBL5419295,O60341,5.31,5.31,5.31,0.6226
O60341_CHEMBL5424948,O60341,5.48,,,0.6152
O60341_CHEMBL5418093,O60341,5.47,,,0.6152
O60341_CHEMBL5401496,O60341,5.29,5.29,5.29,0.6152
O60341_CHEMBL5404895,O60341,6.6,,,0.5332
O60341_CHEMBL5424591,O60341,7.49,,,0.5713
O60341_CHEMBL5403548,O60341,5.77,,,0.7168
O60341_CHEMBL5435587,O60341,6.29,,,0.6079
O60341_CHEMBL5396414,O60341,6.32,,,0.5591
O60341_CHEMBL5396152,O60341,7.24,,,0.5
O60341_CHEMBL5418619,O60341,6.85,,,0.5396
O60341_CHEMBL5416406,O60341,7.25,,,0.5161
O60341_CHEMBL5438908,O60341,7.58,,,0.5254
O60674_CHEMBL5412815,O60674,8.74,,,0.7075
O60674_CHEMBL5424439,O60674,7.57,,,0.6333
O60674_CHEMBL5398468,O60674,8.42,8.42,8.42,0.5073
O60674_CHEMBL5429688,O60674,6.38,6.375718,6.375718,0.5713
O60674_CHEMBL5408539,O60674,6.96,6.966576,6.966576,0.6079
O60674_CHEMBL5417474,O60674,7.6,,,0.6323
O60674_CHEMBL5395839,O60674,7.12,,,0.6416
O60674_CHEMBL5403897,O60674,7.77,,,0.6514
O60674_CHEMBL5420083,O60674,7.58,,,0.5454
O60674_CHEMBL5420971,O60674,6.96,,,0.6719
O60674_CHEMBL5424098,O60674,7.445,8.22,8.22,0.5913
O60674_CHEMBL5423387,O60674,7.06,7.06,6.824999999999999,0.7432
O60674_CHEMBL5430795,O60674,7.8,7.8,7.8,0.8286
O60674_CHEMBL5405043,O60674,7.57,,,0.8286
O60674_CHEMBL5410919,O60674,7.88,7.88,7.88,0.7085
O60674_CHEMBL5435417,O60674,8.06,8.06,8.06,0.7715
O60674_CHEMBL5439582,O60674,7.06,7.06,7.06,0.8384
O60674_CHEMBL5427932,O60674,8.07,8.07,8.07,0.875
O60674_CHEMBL5405140,O60674,7.37,7.37,7.37,0.8594
O60674_CHEMBL5404261,O60674,6.73,6.73,6.73,0.8311
O60674_CHEMBL5441087,O60674,7.19,7.19,6.965,0.7974
O60674_CHEMBL5440017,O60674,7.61,7.61,7.61,0.7568
O60674_CHEMBL5434116,O60674,7.05,7.05,7.55,1.0
O60674_CHEMBL5396523,O60674,8.05,8.05,8.05,0.8286
O60674_CHEMBL5423894,O60674,7.48,7.48,7.48,0.791
O60674_CHEMBL5424497,O60674,6.72,,,0.6055
O60674_CHEMBL5409953,O60674,8.0,,,0.6787
O60674_CHEMBL5422886,O60674,8.22,,,0.5522
O60674_CHEMBL5412967,O60674,8.7,,,0.5068
O60674_CHEMBL5419117,O60674,7.05,,,0.5396
O60674_CHEMBL5402252,O60674,6.26,,,0.5713
O60674_CHEMBL5436068,O60674,6.15,,,0.4531
O60674_CHEMBL5435274,O60674,6.49,,,0.7192
O60674_CHEMBL5407329,O60674,7.96,,,0.5806
O60674_CHEMBL5407260,O60674,8.4,,,0.48
O60674_CHEMBL5396554,O60674,8.3,,,0.48
O60674_CHEMBL5415586,O60674,7.85,,,0.7407
O60674_CHEMBL5409666,O60674,8.1,,,0.6665
O60674_CHEMBL5433426,O60674,7.54,,,0.5645
O60674_CHEMBL5395378,O60674,7.82,7.82,7.82,0.623
O60674_CHEMBL5420468,O60674,4.76,4.76,4.76,0.9458
O60674_CHEMBL5403288,O60674,8.47,8.47,8.47,0.4143
O60674_CHEMBL5430060,O60674,8.15,8.15,8.15,0.3635
O60674_CHEMBL5432029,O60674,8.36,8.36,8.36,0.375
O60674_CHEMBL5436997,O60674,8.1,8.1,8.1,0.3218
O60674_CHEMBL5417435,O60674,8.05,8.05,8.05,0.3684
O60674_CHEMBL5432284,O60674,7.89,7.89,7.89,0.3977
O60674_CHEMBL5402797,O60674,8.41,8.41,8.41,0.3882
O60674_CHEMBL5405344,O60674,9.01,9.01,9.01,0.4324
O60674_CHEMBL5410239,O60674,8.27,8.27,8.27,0.3794
O60674_CHEMBL5404765,O60674,9.01,9.01,9.01,0.4187
O60674_CHEMBL5434965,O60674,8.41,8.41,8.41,0.3948
O60674_CHEMBL5429675,O60674,8.52,8.52,8.82,0.3835
O60674_CHEMBL5402554,O60674,8.47,8.47,8.47,0.3684
O60674_CHEMBL5415481,O60674,8.82,8.82,8.82,0.3835
O60674_CHEMBL5408994,O60674,7.545,8.4,8.4,0.6162
O60674_CHEMBL5419978,O60674,7.630000000000001,8.3,8.3,0.6162
O60674_CHEMBL5435482,O60674,8.7,,,0.6338
O60674_CHEMBL5408205,O60674,8.36,8.36,8.36,0.6851
O60674_CHEMBL5436744,O60674,7.91,7.91,7.91,0.7026
O60674_CHEMBL5440510,O60674,8.22,8.22,8.22,0.6362
O60674_CHEMBL5438892,O60674,8.6,8.6,8.6,0.6362
O60674_CHEMBL5414095,O60674,7.21,7.21,7.21,0.5322
O60674_CHEMBL5412619,O60674,8.47,8.47,8.47,0.5239
O60674_CHEMBL5437653,O60674,5.62,5.62,6.86,0.5942
O60674_CHEMBL5400209,O60674,6.86,6.86,6.86,0.5942
O60674_CHEMBL5437261,O60674,7.57,,,0.5557
O60674_CHEMBL5419271,O60674,8.57,8.57,8.57,0.5557
O60674_CHEMBL5436383,O60674,8.58,8.58,8.58,0.4729
O60674_CHEMBL5431257,O60674,7.72,,,0.7168
O60674_CHEMBL5440264,O60674,8.05,,,0.5942
O60674_CHEMBL5420928,O60674,8.4,8.4,8.4,0.6113
O60674_CHEMBL5413489,O60674,8.3,,,0.6353
O60674_CHEMBL5429461,O60674,4.85,,,0.9199
O60674_CHEMBL5421116,O60674,8.33,8.33,8.85,0.623
O60674_CHEMBL5422793,O60674,9.37,9.37,8.85,0.623
O60674_CHEMBL5430869,O60674,8.8,,,0.521
O60885_CHEMBL5437203,O60885,5.6,,,0.6528
O60885_CHEMBL5416784,O60885,6.9,,,0.6968
O60885_CHEMBL5407959,O60885,7.87,,,0.7095
O60885_CHEMBL5394534,O60885,7.23,,,0.7271
O60885_CHEMBL5414323,O60885,6.99,,,0.543
O60885_CHEMBL5401408,O60885,5.575,,,0.75
O60885_CHEMBL5440275,O60885,7.05,,,0.6152
O60885_CHEMBL5436620,O60885,5.075,,,0.4531
O60885_CHEMBL5401812,O60885,5.155,,,0.4839
O60885_CHEMBL5432311,O60885,5.93,,,0.4126
O60885_CHEMBL5394840,O60885,5.745,,,0.4084
O60885_CHEMBL5414143,O60885,6.115,,,0.3972
O60885_CHEMBL5424895,O60885,5.73,,,0.3999
O60885_CHEMBL5439894,O60885,6.13,,,0.4395
O60885_CHEMBL5435639,O60885,6.045,,,0.4395
O60885_CHEMBL5431833,O60885,6.57,,,0.4688
O60885_CHEMBL5435025,O60885,6.119999999999999,,,0.4854
O60885_CHEMBL5411975,O60885,6.24,,,0.4639
O60885_CHEMBL5405537,O60885,5.795,,,0.3918
O60885_CHEMBL5419237,O60885,5.815,,,0.4329
O60885_CHEMBL5400204,O60885,6.09,,,0.4133
O60885_CHEMBL5409544,O60885,6.11,,,0.4285
O60885_CHEMBL5420313,O60885,5.575,,,0.4395
O60885_CHEMBL5412097,O60885,5.26,,,0.4084
O60885_CHEMBL5406544,O60885,5.18,,,0.4707
O60885_CHEMBL5429382,O60885,5.1850000000000005,,,0.4307
O60885_CHEMBL5435156,O60885,5.3100000000000005,,,0.4092
O60885_CHEMBL5437305,O60885,5.43,,,0.4658
O60885_CHEMBL5417286,O60885,5.75,,,0.6597
O60885_CHEMBL5427202,O60885,5.800000000000001,,,0.6597
O60885_CHEMBL5419274,O60885,5.63,,,0.5972
O60885_CHEMBL5426703,O60885,6.09,,,0.5713
O60885_CHEMBL5429376,O60885,5.33,,,0.6001
O60885_CHEMBL5423707,O60885,7.43,,,0.3489
O60885_CHEMBL5440150,O60885,5.505,,,0.3975
O60885_CHEMBL5438020,O60885,7.295,,,0.7847
O60885_CHEMBL5420638,O60885,6.87,,,0.6577
O60885_CHEMBL5406585,O60885,8.38,,,0.5293
O60885_CHEMBL5404986,O60885,8.32,,,0.5293
O60885_CHEMBL5416229,O60885,7.92,,,0.5269
O60885_CHEMBL5427136,O60885,7.41,,,0.5415
O60885_CHEMBL5430730,O60885,7.72,,,0.6514
O60885_CHEMBL5396885,O60885,5.38,,,0.4062
O60885_CHEMBL5403013,O60885,6.95,,,0.5938
O60885_CHEMBL5410968,O60885,6.95,,,0.6377
O60885_CHEMBL5412127,O60885,6.66,,,0.6621
O60885_CHEMBL5421238,O60885,7.12,,,0.6924
O60885_CHEMBL5434467,O60885,6.26,,,0.6118
O60885_CHEMBL5418320,O60885,5.81,,,0.5977
O60885_CHEMBL5408013,O60885,6.38,,,0.5977
O60885_CHEMBL5402704,O60885,5.76,,,0.5776
O60885_CHEMBL5408583,O60885,6.07,,,0.6191
O60885_CHEMBL5395241,O60885,5.97,,,0.6182
O60885_CHEMBL5402431,O60885,6.52,,,0.5845
O60885_CHEMBL5402922,O60885,6.66,,,0.5845
O60885_CHEMBL5422245,O60885,6.06,,,0.4805
O60885_CHEMBL5426693,O60885,6.24,,,0.5601
O60885_CHEMBL5430428,O60885,6.18,,,0.4954
O60885_CHEMBL5437467,O60885,6.1,,,0.5776
O60885_CHEMBL5415794,O60885,6.86,,,0.6309
O60885_CHEMBL5410310,O60885,5.85,,,0.5977
O60885_CHEMBL5422930,O60885,6.04,,,0.6045
O60885_CHEMBL5417441,O60885,6.09,,,0.5908
O60885_CHEMBL5417454,O60885,5.77,,,0.5776
O60885_CHEMBL5428017,O60885,5.77,,,0.5908
O60885_CHEMBL5440739,O60885,7.01,,,0.5908
O60885_CHEMBL5412529,O60885,6.09,,,0.5776
O60885_CHEMBL5409700,O60885,6.54,,,0.6191
O60885_CHEMBL5428087,O60885,6.66,,,0.6045
O60885_CHEMBL5403358,O60885,6.81,,,0.6265
O60885_CHEMBL5426964,O60885,6.94,,,0.625
O60885_CHEMBL5427957,O60885,6.7,,,0.5908
O60885_CHEMBL5438409,O60885,6.89,,,0.5908
O60885_CHEMBL5403473,O60885,6.61,,,0.5913
O60885_CHEMBL5406467,O60885,6.53,,,0.4851
O60885_CHEMBL5437723,O60885,6.48,,,0.5
O60885_CHEMBL5419367,O60885,7.21,,,0.6387
O60885_CHEMBL5394764,O60885,6.72,,,0.5977
O60885_CHEMBL5401381,O60885,7.05,,,0.5845
O60885_CHEMBL5418129,O60885,7.25,,,0.5977
O60885_CHEMBL5417495,O60885,6.78,,,0.5977
O60885_CHEMBL5421723,O60885,6.27,,,0.5508
O60885_CHEMBL5408776,O60885,6.24,,,0.4949
O60885_CHEMBL5415796,O60885,6.28,,,0.49
O60885_CHEMBL5400502,O60885,6.67,,,0.5532
O60885_CHEMBL5409453,O60885,6.81,,,0.5093
O60885_CHEMBL5395480,O60885,6.53,,,0.6094
O60885_CHEMBL5398977,O60885,6.6,,,0.5977
O60885_CHEMBL5429440,O60885,7.22,,,0.5845
O60885_CHEMBL5422122,O60885,7.15,,,0.6323
O60885_CHEMBL5416208,O60885,7.15,,,0.6514
O60885_CHEMBL5435085,O60885,6.69,,,0.6001
O60885_CHEMBL5413543,O60885,6.75,,,0.6831
O60885_CHEMBL5437669,O60885,6.74,,,0.6411
O60885_CHEMBL5421597,O60885,6.8,,,0.4856
O60885_CHEMBL5397570,O60885,5.355,,,0.3589
O60885_CHEMBL5430358,O60885,5.29,,,0.4321
O60885_CHEMBL5435289,O60885,4.84,,,0.3923
O60885_CHEMBL5425156,O60885,5.08,,,0.3733
O60885_CHEMBL5397432,O60885,5.27,,,0.3923
O60885_CHEMBL5412647,O60885,5.05,,,0.408
O60885_CHEMBL5431086,O60885,5.3,,,0.3733
O60885_CHEMBL5424755,O60885,5.05,,,0.3999
O60885_CHEMBL5394236,O60885,5.045,,,0.3889
O60885_CHEMBL5426902,O60885,5.02,,,0.4138
O60885_CHEMBL5409622,O60885,5.16,,,0.4109
O60885_CHEMBL5415469,O60885,5.44,,,0.5366
O60885_CHEMBL5419925,O60885,5.28,,,0.5737
O60885_CHEMBL5400544,O60885,5.28,,,0.4028
O60885_CHEMBL5415548,O60885,5.035,,,0.4507
O60885_CHEMBL5434208,O60885,5.11,,,0.4348
O60885_CHEMBL5413668,O60885,5.1,,,0.3943
O60885_CHEMBL5424207,O60885,5.65,,,0.4583
O60885_CHEMBL5414895,O60885,4.925,,,0.3796
O60885_CHEMBL5409463,O60885,7.07,,,0.7666
O60885_CHEMBL5431009,O60885,5.805,,,0.5317
O60885_CHEMBL5398139,O60885,6.58,,,0.6514
O60885_CHEMBL5407114,O60885,6.75,,,0.7075
O60885_CHEMBL5435255,O60885,7.265000000000001,,,0.6865
O60885_CHEMBL5416494,O60885,6.255,,,0.6118
O60885_CHEMBL5420470,O60885,7.515,,,0.5322
O60885_CHEMBL5416132,O60885,6.12,,,0.5312
O60885_CHEMBL5428113,O60885,6.17,,,0.4844
O60885_CHEMBL5431735,O60885,5.94,,,0.5933
O60885_CHEMBL5399489,O60885,7.845000000000001,,,0.6753
O60885_CHEMBL5424952,O60885,9.35,,,0.8389
O60885_CHEMBL5440797,O60885,5.949999999999999,,,0.4204
O60885_CHEMBL5415106,O60885,7.16,,,0.4875
O60885_CHEMBL5425218,O60885,8.19,,,0.47
O60885_CHEMBL5432760,O60885,5.32,,,0.4492
O60885_CHEMBL5421082,O60885,7.03,,,0.5615
O60885_CHEMBL5432892,O60885,7.35,,,0.5762
O60885_CHEMBL5394142,O60885,4.995,,,0.5674
O60885_CHEMBL5422546,O60885,4.984999999999999,,,0.5815
O60885_CHEMBL5439855,O60885,4.465,,,0.5625
O60885_CHEMBL5408978,O60885,4.73,,,0.5332
O60885_CHEMBL5409681,O60885,4.66,,,0.5332
O60885_CHEMBL5416926,O60885,5.46,,,0.5347
O60885_CHEMBL5405269,O60885,5.68,,,0.52
O60885_CHEMBL5409461,O60885,5.145,,,0.5229
O60885_CHEMBL5415611,O60885,5.18,,,0.6514
O60885_CHEMBL5422534,O60885,7.2,,,0.564
O60885_CHEMBL5405779,O60885,7.46,,,0.5884
O60885_CHEMBL5403879,O60885,5.325,,,0.3647
O60885_CHEMBL5408181,O60885,7.9,,,0.814
O60885_CHEMBL5426022,O60885,8.65,,,0.8335
O60885_CHEMBL5426762,O60885,7.6,,,0.8335
O60885_CHEMBL5400407,O60885,7.5,,,0.6079
O60885_CHEMBL5414236,O60885,6.91,,,0.6787
O60885_CHEMBL5405536,O60885,7.6,,,0.5347
O60885_CHEMBL5432627,O60885,7.3,,,0.5742
O60885_CHEMBL5411662,O60885,7.38,,,0.5254
O60885_CHEMBL5399062,O60885,7.21,,,0.6489
O60885_CHEMBL5438588,O60885,7.8,,,0.6431
O60885_CHEMBL5422966,O60885,7.42,,,0.6128
O60885_CHEMBL5432665,O60885,6.6,,,0.5967
O60885_CHEMBL5440431,O60885,5.949999999999999,,,0.6479
O60885_CHEMBL5413916,O60885,6.199999999999999,,,0.6479
O60885_CHEMBL5418662,O60885,5.5,,,0.5898
O60885_CHEMBL5395658,O60885,5.7,,,0.5972
O60885_CHEMBL5394124,O60885,6.15,,,0.6055
O60885_CHEMBL5395952,O60885,6.2,,,0.6387
O60885_CHEMBL5439597,O60885,5.7,,,0.7231
O60885_CHEMBL5409942,O60885,6.95,,,0.6387
O60885_CHEMBL5414030,O60885,6.699999999999999,,,0.6528
O60885_CHEMBL5416283,O60885,6.449999999999999,,,0.6216
O60885_CHEMBL5421774,O60885,6.5,,,0.6304
O60885_CHEMBL5400900,O60885,6.35,,,0.6133
O60885_CHEMBL5411322,O60885,6.65,,,0.6304
O60885_CHEMBL5425663,O60885,5.95,,,0.6196
O60885_CHEMBL5413795,O60885,5.6,,,0.7119
O60885_CHEMBL5408527,O60885,5.92,,,0.5933
O60885_CHEMBL5406617,O60885,5.77,,,0.6221
O60885_CHEMBL5423358,O60885,5.65,,,0.6665
O60885_CHEMBL5396203,O60885,5.87,,,0.6304
O60885_CHEMBL5405309,O60885,5.71,,,0.6743
O60885_CHEMBL5435358,O60885,5.63,,,0.6665
O60885_CHEMBL5394959,O60885,5.65,,,0.7295
O60885_CHEMBL5416735,O60885,5.72,,,0.7163
O60885_CHEMBL5428438,O60885,6.59,,,0.6836
O60885_CHEMBL5423609,O60885,7.26,,,0.7007
O60885_CHEMBL5426726,O60885,6.86,,,0.6797
O60885_CHEMBL5439504,O60885,6.91,,,0.6514
O60885_CHEMBL5430595,O60885,6.86,,,0.6475
O60885_CHEMBL5427802,O60885,6.67,,,0.5972
O60885_CHEMBL5416468,O60885,6.45,,,0.5693
O60885_CHEMBL5396537,O60885,6.86,,,0.5986
O60885_CHEMBL5418544,O60885,6.87,,,0.5986
O60885_CHEMBL5431657,O60885,6.67,,,0.5923
O60885_CHEMBL5439456,O60885,6.69,,,0.5845
O60885_CHEMBL5397122,O60885,7.91,,,0.4138
O60885_CHEMBL5424066,O60885,8.39,,,0.4092
O60885_CHEMBL5422964,O60885,7.87,,,0.4045
O60885_CHEMBL5422361,O60885,8.21,,,0.4045
O60885_CHEMBL5437464,O60885,7.82,,,0.4558
O60885_CHEMBL5409547,O60885,7.98,,,0.47
O60885_CHEMBL5415295,O60885,6.71,,,0.4221
O60885_CHEMBL5397177,O60885,7.96,,,0.4138
O60885_CHEMBL5411832,O60885,6.75,,,0.6001
O60885_CHEMBL5407801,O60885,6.32,,,0.4595
O60885_CHEMBL5422566,O60885,6.79,,,0.4932
O60885_CHEMBL5406228,O60885,6.44,,,0.4507
O60885_CHEMBL5416135,O60885,7.18,,,0.9517
O60885_CHEMBL5416632,O60885,8.21,,,0.9517
O60885_CHEMBL5402948,O60885,5.76,,,0.853
O60885_CHEMBL5404499,O60885,7.28,,,0.853
O60885_CHEMBL5393966,O60885,7.62,,,0.4558
O60885_CHEMBL5420388,O60885,7.89,,,0.439
O60885_CHEMBL5429506,O60885,8.19,,,0.439
O60885_CHEMBL5426710,O60885,5.83,,,0.5
O60885_CHEMBL5429974,O60885,7.75,,,0.45
O60885_CHEMBL5398464,O60885,5.71,,,0.5698
O60885_CHEMBL5426714,O60885,6.15,,,0.4355
O60885_CHEMBL5405549,O60885,6.165,,,0.3491
O60885_CHEMBL5433198,O60885,5.74,,,0.394
O60885_CHEMBL5431061,O60885,7.64,,,0.3372
O60885_CHEMBL5409043,O60885,7.21,,,0.3999
O60885_CHEMBL5434529,O60885,7.32,,,0.3767
O60885_CHEMBL5416328,O60885,7.82,,,0.3513
O60885_CHEMBL5424589,O60885,6.52,,,0.4355
O60885_CHEMBL5415843,O60885,6.515000000000001,,,0.4067
O60885_CHEMBL5421726,O60885,6.46,,,0.3857
O60885_CHEMBL5406183,O60885,6.725,,,0.564
O60885_CHEMBL5409305,O60885,6.9,,,0.6089
O60885_CHEMBL5416329,O60885,6.359999999999999,,,0.4902
O60885_CHEMBL5398000,O60885,6.675,,,0.7104
O60885_CHEMBL5422163,O60885,8.05,,,0.7681
O60885_CHEMBL5401253,O60885,7.83,,,0.7759
O60885_CHEMBL5440537,O60885,9.0,,,0.7534
O60885_CHEMBL5403848,O60885,8.155000000000001,,,0.7534
O60885_CHEMBL5420752,O60885,6.715,,,0.7646
O60885_CHEMBL5440963,O60885,8.76,,,0.7573
O60885_CHEMBL5439607,O60885,7.645,,,0.7578
O60885_CHEMBL5434035,O60885,6.029999999999999,,,0.5
O75116_CHEMBL5439783,O75116,8.8,,,0.5068
O75116_CHEMBL5435627,O75116,8.89,,,0.5068
O75116_CHEMBL5422545,O75116,5.08,,,1.0
O75116_CHEMBL5414693,O75116,8.21,,,0.5
O75116_CHEMBL5430368,O75116,7.88,,,0.5
O75116_CHEMBL5411877,O75116,7.46,,,0.5781
O75116_CHEMBL5396883,O75116,6.58,,,1.0
O75116_CHEMBL5399426,O75116,6.34,6.34,6.34,0.7202
O75116_CHEMBL5434756,O75116,6.96,,,0.8462
O75116_CHEMBL5407662,O75116,6.92,,,0.7202
O75116_CHEMBL5403816,O75116,6.44,,,0.8184
O75116_CHEMBL5397091,O75116,9.7,,,0.5508
O75116_CHEMBL5405298,O75116,7.57,,,0.5
O75116_CHEMBL5438833,O75116,6.36,,,0.5
O75116_CHEMBL5398844,O75116,6.25,,,0.5
O75116_CHEMBL5403605,O75116,6.86,,,0.522
O75116_CHEMBL5408850,O75116,7.45,,,0.522
O75116_CHEMBL5411955,O75116,6.26,,,0.7803
O75116_CHEMBL5437526,O75116,6.82,,,0.522
O75116_CHEMBL5399221,O75116,7.73,,,0.522
O75116_CHEMBL5428479,O75116,7.92,,,0.5332
O75116_CHEMBL5408387,O75116,7.58,,,0.5332
O75116_CHEMBL5439971,O75116,7.11,,,0.5513
O75116_CHEMBL5417698,O75116,6.18,,,0.5513
O75116_CHEMBL5424408,O75116,8.7,,,0.4932
O75116_CHEMBL5439375,O75116,6.88,,,0.5698
O75116_CHEMBL5426208,O75116,6.99,,,0.5698
O75116_CHEMBL5421321,O75116,8.3,,,0.7231
O75116_CHEMBL5397611,O75116,8.7,,,0.6914
O75116_CHEMBL5409106,O75116,9.15,,,0.5146
O75116_CHEMBL5416265,O75116,9.0,,,0.71
O75116_CHEMBL5414146,O75116,9.7,,,0.522
O75116_CHEMBL5403088,O75116,7.11,,,0.5332
O75116_CHEMBL5409229,O75116,7.27,,,0.5332
O75116_CHEMBL5403685,O75116,7.08,,,0.5
O75116_CHEMBL5427927,O75116,7.18,,,0.5
O75116_CHEMBL5400934,O75116,8.38,,,0.488
O75116_CHEMBL5438374,O75116,8.77,,,0.5679
O75116_CHEMBL5414576,O75116,7.79,,,0.5889
O75116_CHEMBL5428430,O75116,7.83,,,0.5244
O75116_CHEMBL5421280,O75116,8.85,,,0.5181
O75116_CHEMBL5404104,O75116,7.76,,,0.5518
O75116_CHEMBL5412156,O75116,8.16,,,0.6841
O75116_CHEMBL5406146,O75116,8.82,,,0.5874
O75116_CHEMBL5437264,O75116,8.89,,,0.6753
O75116_CHEMBL5422811,O75116,8.12,,,0.6855
O75116_CHEMBL5407182,O75116,8.11,,,0.6885
O75116_CHEMBL5440366,O75116,7.26,,,0.6265
O75116_CHEMBL5428749,O75116,8.85,,,0.625
O75116_CHEMBL5426560,O75116,8.72,,,0.6797
O75116_CHEMBL5425811,O75116,6.61,,,0.5874
O75116_CHEMBL5430350,O75116,6.58,,,0.7803
O75116_CHEMBL5403316,O75116,8.77,,,0.5586
O75116_CHEMBL5420736,O75116,8.52,,,0.5586
O75116_CHEMBL5418416,O75116,6.68,,,0.5513
O75116_CHEMBL5420109,O75116,6.76,,,0.5513
O75116_CHEMBL5440816,O75116,7.05,,,0.5293
O75116_CHEMBL5400899,O75116,7.44,,,0.5293
O75116_CHEMBL5419207,O75116,7.13,,,0.5781
O75116_CHEMBL5412281,O75116,7.37,,,0.5781
O75874_CHEMBL5406779,O75874,6.445,,,0.6235
O75874_CHEMBL5395826,O75874,6.53,,,0.6504
O75874_CHEMBL5397019,O75874,5.19,,,0.7144
O75874_CHEMBL5435681,O75874,6.2,6.2006593,6.2006593,0.6025
O75874_CHEMBL5395971,O75874,6.875,,,0.5889
O75874_CHEMBL5429617,O75874,6.615,,,0.5806
O75874_CHEMBL5435016,O75874,5.21,,,0.4648
O75874_CHEMBL5427214,O75874,6.245,,,0.5806
O75874_CHEMBL5407884,O75874,6.05,6.046724,6.046724,0.6001
O75874_CHEMBL5440722,O75874,7.135,,,0.6353
O75874_CHEMBL5430621,O75874,6.779999999999999,,,0.6665
O75874_CHEMBL5431953,O75874,6.795,,,0.6104
O75874_CHEMBL5401441,O75874,5.35,,,0.3999
O75874_CHEMBL5402222,O75874,7.074999999999999,,,0.7144
O75874_CHEMBL5401096,O75874,6.625,,,0.5874
O75874_CHEMBL5426190,O75874,5.2,,,0.4285
O75874_CHEMBL5395437,O75874,6.56,,,0.6104
O75874_CHEMBL5420050,O75874,7.79,,,0.6265
O75874_CHEMBL5436549,O75874,6.61,5.90309,5.90309,0.5947
O75874_CHEMBL5394135,O75874,6.335,6.063486,6.063486,0.5625
O75874_CHEMBL5432595,O75874,6.44,,,0.5596
O75874_CHEMBL5399782,O75874,6.29,,,0.6411
O75874_CHEMBL5398072,O75874,6.26,6.2620125,6.2620125,0.5835
O75874_CHEMBL5426656,O75874,7.06,,,0.6836
O75874_CHEMBL5429295,O75874,6.29,,,0.6709
O75874_CHEMBL5400253,O75874,5.0,,,0.5854
O75874_CHEMBL5422753,O75874,6.17,,,0.6309
O75874_CHEMBL5410097,O75874,6.7,,,0.644
O75874_CHEMBL5410611,O75874,6.13,6.130182,6.130182,0.6104
O75874_CHEMBL5413084,O75874,6.03,,,0.5947
O75874_CHEMBL5403346,O75874,7.005000000000001,,,0.5664
O75874_CHEMBL5408062,O75874,5.0,,,0.5664
O75874_CHEMBL5400037,O75874,5.56,5.559406,5.559406,0.5684
O75874_CHEMBL5436629,O75874,6.23,,,0.6958
O75874_CHEMBL5414869,O75874,5.46,,,0.4761
O75874_CHEMBL5425321,O75874,6.335,,,0.6528
O75874_CHEMBL5436810,O75874,6.27,,,0.7354
O75874_CHEMBL5408544,O75874,5.56,,,0.4783
O75874_CHEMBL5426446,O75874,7.14,,,0.9849
O94925_CHEMBL5427008,O94925,6.24,,,0.7935
O94925_CHEMBL5409568,O94925,6.41,,,0.6807
O94925_CHEMBL5415915,O94925,6.54,,,0.8594
O94925_CHEMBL5405118,O94925,5.98,,,0.7261
O94925_CHEMBL5404634,O94925,5.21,,,0.9214
O94925_CHEMBL5435169,O94925,6.57,,,0.4883
O94925_CHEMBL5409517,O94925,6.46,,,0.4773
O94925_CHEMBL5396896,O94925,6.28,,,0.7935
O94925_CHEMBL5411562,O94925,6.85,,,0.7744
O94925_CHEMBL5411945,O94925,6.55,6.55,6.55,0.7715
O94925_CHEMBL5433686,O94925,7.5,,,0.7632
O94925_CHEMBL5415283,O94925,7.6,,,0.8677
O94925_CHEMBL5428990,O94925,7.47,,,0.8677
O94925_CHEMBL5428837,O94925,7.1,,,0.8804
O94925_CHEMBL5394045,O94925,7.44,,,0.8804
O94925_CHEMBL5412557,O94925,6.96,,,0.9385
O94925_CHEMBL5429833,O94925,7.06,,,0.9385
O94925_CHEMBL5439210,O94925,7.72,,,0.5713
O94925_CHEMBL5411575,O94925,6.62,,,0.9385
O94925_CHEMBL5401042,O94925,6.84,,,0.6377
O94925_CHEMBL5398509,O94925,6.44,,,0.5249
O94925_CHEMBL5422173,O94925,6.28,,,0.8228
O94925_CHEMBL5417938,O94925,6.77,,,0.8198
O94925_CHEMBL5437177,O94925,6.72,,,0.8438
O94925_CHEMBL5436876,O94925,6.66,,,0.8613
O94925_CHEMBL5423461,O94925,6.89,,,0.7681
O94925_CHEMBL5416007,O94925,7.77,,,0.7573
O94925_CHEMBL5396169,O94925,7.77,,,0.7573
O94925_CHEMBL5433758,O94925,7.06,,,0.4941
O94925_CHEMBL5399021,O94925,7.62,,,0.6665
O94925_CHEMBL5396294,O94925,7.72,,,0.7573
O94925_CHEMBL5396133,O94925,7.44,,,0.7124
O94925_CHEMBL5419657,O94925,7.62,,,0.7681
O94925_CHEMBL5399908,O94925,6.92,,,0.5059
O94925_CHEMBL5427312,O94925,6.8,,,0.4941
O94925_CHEMBL5414948,O94925,6.28,,,0.6025
O94925_CHEMBL5399039,O94925,7.17,,,0.6841
O94925_CHEMBL5414772,O94925,6.8,,,0.7222
O94925_CHEMBL5416991,O94925,7.57,,,0.7793
O94925_CHEMBL5426671,O94925,6.54,,,0.5186
O94925_CHEMBL5407314,O94925,6.58,,,0.5059
O94925_CHEMBL5414848,O94925,5.97,,,0.6523
O94925_CHEMBL5420513,O94925,6.38,,,0.5601
O94925_CHEMBL5439818,O94925,6.58,,,0.5967
O94925_CHEMBL5438137,O94925,6.36,,,0.5249
O94925_CHEMBL5397823,O94925,6.46,,,0.5781
O94925_CHEMBL5407097,O94925,6.21,,,0.5122
O94925_CHEMBL5427538,O94925,5.59,,,0.6162
O94925_CHEMBL5436092,O94925,6.66,,,0.6167
O94925_CHEMBL5439476,O94925,6.5,,,0.5488
O94925_CHEMBL5415662,O94925,6.37,,,0.5693
O94925_CHEMBL5412204,O94925,6.1,,,0.5356
O94925_CHEMBL5399803,O94925,7.18,,,0.5967
O94925_CHEMBL5427647,O94925,7.05,,,0.5781
O94925_CHEMBL5437334,O94925,6.6,,,0.5967
O94925_CHEMBL5399812,O94925,6.91,,,0.5693
O94925_CHEMBL5412671,O94925,7.11,,,0.5693
O94925_CHEMBL5430127,O94925,7.1,,,0.5693
O94925_CHEMBL5399969,O94925,7.21,,,0.5
O94925_CHEMBL5431067,O94925,7.19,,,0.5693
O94925_CHEMBL5429509,O94925,6.67,,,0.6377
O94925_CHEMBL5436285,O94925,6.87,,,0.4941
O94925_CHEMBL5439110,O94925,7.07,,,0.4827
O94925_CHEMBL5416840,O94925,6.27,,,0.6553
O94925_CHEMBL5395264,O94925,6.18,,,0.5674
O94925_CHEMBL5411097,O94925,5.52,,,0.3201
O94925_CHEMBL5429363,O94925,5.4,,,0.6958
O94925_CHEMBL5427092,O94925,6.92,,,0.4941
O94925_CHEMBL5414977,O94925,6.26,,,0.5059
O94925_CHEMBL5402230,O94925,6.9,,,0.4883
O94925_CHEMBL5431271,O94925,6.31,,,0.5249
O94925_CHEMBL5431644,O94925,6.26,,,0.5186
O94925_CHEMBL5398009,O94925,5.9,,,0.623
O94925_CHEMBL5405323,O94925,6.44,,,0.627
O94925_CHEMBL5412885,O94925,6.88,,,0.6377
O94925_CHEMBL5396735,O94925,6.79,,,0.627
O94925_CHEMBL5426166,O94925,6.79,,,0.6167
O94925_CHEMBL5401295,O94925,6.97,,,0.627
O94925_CHEMBL5417574,O94925,6.52,,,0.6064
O94925_CHEMBL5431922,O94925,6.6,,,0.5693
O94925_CHEMBL5422733,O94925,6.67,,,0.5967
O94925_CHEMBL5440854,O94925,6.04,,,0.6538
O94925_CHEMBL5397149,O94925,6.4,,,0.6304
O94925_CHEMBL5429695,O94925,6.0,,,0.6216
O96028_CHEMBL5402134,O96028,5.09,,,0.6924
O96028_CHEMBL5424751,O96028,6.12,,,0.4917
O96028_CHEMBL5403046,O96028,5.61,,,0.5083
O96028_CHEMBL5401066,O96028,6.51,,,0.4915
O96028_CHEMBL5435611,O96028,6.23,,,0.5088
O96028_CHEMBL5412710,O96028,5.77,,,0.4844
O96028_CHEMBL5401031,O96028,6.31,,,0.5
O96028_CHEMBL5420895,O96028,5.14,,,0.6909
O96028_CHEMBL5412847,O96028,6.6,,,0.4629
O96028_CHEMBL5397372,O96028,6.03,,,0.4031
O96028_CHEMBL5419919,O96028,6.44,,,0.4099
O96028_CHEMBL5412582,O96028,5.91,,,0.3906
O96028_CHEMBL5433538,O96028,6.52,,,0.6001
O96028_CHEMBL5401919,O96028,5.88,,,0.6123
O96028_CHEMBL5441106,O96028,5.75,,,0.8184
O96028_CHEMBL5419286,O96028,6.48,,,0.4917
O96028_CHEMBL5397613,O96028,5.52,,,0.5083
O96028_CHEMBL5422301,O96028,6.33,,,0.4915
O96028_CHEMBL5402868,O96028,6.44,,,0.5088
O96028_CHEMBL5430389,O96028,5.63,,,0.4919
O96028_CHEMBL5406546,O96028,5.87,,,0.5083
O96028_CHEMBL5436306,O96028,6.42,,,0.4531
O96028_CHEMBL5402955,O96028,6.42,,,0.4678
O96028_CHEMBL5414580,O96028,4.66,,,0.7461
O96028_CHEMBL5427103,O96028,5.43,,,0.8184
O96028_CHEMBL5418169,O96028,6.62,,,0.5161
O96028_CHEMBL5407373,O96028,6.0,,,0.5244
O96028_CHEMBL5431172,O96028,5.08,,,0.6182
O96028_CHEMBL5393738,O96028,5.12,,,0.7046
O96028_CHEMBL5418173,O96028,5.32,,,0.689
O96028_CHEMBL5406268,O96028,6.7,,,0.5244
O96028_CHEMBL5408020,O96028,6.35,,,0.9131
O96028_CHEMBL5397204,O96028,5.89,,,0.5244
O96028_CHEMBL5428630,O96028,5.64,,,0.9199
P00533_CHEMBL5400371,P00533,6.68,,,0.6597
P00533_CHEMBL5415196,P00533,6.865,,,0.5249
P00533_CHEMBL5427961,P00533,7.725,,,0.4941
P00533_CHEMBL5432280,P00533,7.825,,,0.4827
P00533_CHEMBL5431658,P00533,7.085,,,0.4883
P00533_CHEMBL5432716,P00533,7.52,,,0.4768
P00533_CHEMBL5435372,P00533,6.92,,,0.4773
P00533_CHEMBL5398132,P00533,7.115,,,0.5
P00533_CHEMBL5413423,P00533,7.045,,,0.521
P00533_CHEMBL5416719,P00533,6.99,,,0.5557
P00533_CHEMBL5422592,P00533,7.875,,,0.4614
P00533_CHEMBL5426811,P00533,7.685,,,0.4614
P00533_CHEMBL5403023,P00533,7.56,,,0.4773
P00533_CHEMBL5437854,P00533,7.58,,,0.4773
P00533_CHEMBL5420997,P00533,5.05,,,0.5737
P00533_CHEMBL5406494,P00533,7.505,,,0.6187
P00533_CHEMBL5409123,P00533,7.875,,,0.5801
P00533_CHEMBL5406792,P00533,7.970000000000001,,,0.6055
P00533_CHEMBL5440626,P00533,8.25,,,0.5796
P00533_CHEMBL5437343,P00533,7.865,7.51,7.51,0.5732
P00533_CHEMBL5430958,P00533,7.875,7.6,7.6,0.5732
P00533_CHEMBL5422135,P00533,8.399999999999999,8.1,8.1,0.7998
P00533_CHEMBL5441041,P00533,7.585,7.28,7.28,0.5234
P00533_CHEMBL5428368,P00533,7.5,,,0.5557
P00533_CHEMBL5435463,P00533,8.035,,,0.5874
P00533_CHEMBL5400012,P00533,7.02,,,0.5117
P00533_CHEMBL5438475,P00533,6.96,,,0.6816
P00533_CHEMBL5436101,P00533,6.945,,,0.8525
P00533_CHEMBL5432017,P00533,7.220000000000001,,,0.7744
P00533_CHEMBL5394139,P00533,7.965,,,0.7017
P00533_CHEMBL5423938,P00533,6.925,,,0.6812
P00533_CHEMBL5437181,P00533,6.494999999999999,,,0.6812
P00533_CHEMBL5417638,P00533,6.9350000000000005,,,0.6714
P00533_CHEMBL5420051,P00533,7.13,,,0.6958
P00533_CHEMBL5420947,P00533,6.635,,,0.7383
P00533_CHEMBL5434109,P00533,6.84,,,0.71
P00533_CHEMBL5429210,P00533,6.915,,,0.7314
P00533_CHEMBL5425734,P00533,6.89,,,0.6855
P00533_CHEMBL5415565,P00533,6.22,,,0.6665
P00533_CHEMBL5437252,P00533,7.335,,,0.8032
P00533_CHEMBL5408586,P00533,7.305,,,0.7793
P00533_CHEMBL5429838,P00533,7.175,,,0.6079
P00533_CHEMBL5408234,P00533,5.75,,,0.5586
P00533_CHEMBL5401943,P00533,5.855,,,0.4761
P00533_CHEMBL5404799,P00533,8.35,,,0.541
P00533_CHEMBL5403085,P00533,7.14,,,0.6206
P00533_CHEMBL5408900,P00533,7.7,,,0.4517
P00533_CHEMBL5400975,P00533,7.22,,,0.5239
P00533_CHEMBL5413772,P00533,7.89,,,0.5928
P00533_CHEMBL5405436,P00533,5.23,,,0.7017
P00533_CHEMBL5402816,P00533,7.62,,,0.4331
P00533_CHEMBL5414512,P00533,7.96,,,0.4375
P00533_CHEMBL5418732,P00533,9.1,,,0.5244
P00533_CHEMBL5416812,P00533,8.66,,,0.7466
P00533_CHEMBL5415613,P00533,8.22,,,0.5781
P00533_CHEMBL5415774,P00533,5.31,,,0.5898
P00533_CHEMBL5438940,P00533,6.8,,,0.3958
P00533_CHEMBL5408255,P00533,6.82,,,0.4333
P00533_CHEMBL5404784,P00533,6.84,,,0.4146
P00533_CHEMBL5400143,P00533,7.82,,,0.7778
P00533_CHEMBL5417458,P00533,6.76,,,0.4695
P00533_CHEMBL5401125,P00533,6.435,,,0.5854
P00533_CHEMBL5427952,P00533,7.52,,,0.6196
P00533_CHEMBL5410422,P00533,8.44,,,0.5854
P00533_CHEMBL5434067,P00533,7.85,6.55,6.55,0.7021
P00533_CHEMBL5405737,P00533,8.35,,,0.5396
P00533_CHEMBL5401619,P00533,7.96,,,0.5396
P00533_CHEMBL5398953,P00533,7.43,,,0.4211
P00533_CHEMBL5427116,P00533,6.46,,,0.7051
P00533_CHEMBL5436057,P00533,5.945,,,0.7568
P00533_CHEMBL5422465,P00533,7.75,,,0.6304
P00533_CHEMBL5417607,P00533,8.7,,,0.6304
P00533_CHEMBL5434169,P00533,7.52,,,0.5312
P00533_CHEMBL5412108,P00533,7.58,7.5850267,7.5850267,0.605
P00533_CHEMBL5424597,P00533,6.39,,,0.4915
P00533_CHEMBL5409629,P00533,7.07,,,0.5303
P00533_CHEMBL5420857,P00533,7.77,,,0.5
P00533_CHEMBL5404315,P00533,7.05,,,0.6211
P00533_CHEMBL5418474,P00533,7.33,,,0.5693
P00533_CHEMBL5431583,P00533,7.7,7.7,7.7,0.5933
P00533_CHEMBL5413223,P00533,6.96,,,0.5918
P00533_CHEMBL5432592,P00533,7.28,,,0.5625
P00533_CHEMBL5436096,P00533,7.64,,,0.6313
P00533_CHEMBL5434318,P00533,7.35,,,0.5078
P00533_CHEMBL5403478,P00533,6.88,6.88,6.88,0.5078
P00533_CHEMBL5424694,P00533,6.63,,,0.5093
P00533_CHEMBL5419520,P00533,7.19,,,0.6104
P00533_CHEMBL5406951,P00533,8.43,,,0.6104
P00533_CHEMBL5398727,P00533,6.2,,,0.4285
P00533_CHEMBL5420945,P00533,7.2,,,0.5713
P00533_CHEMBL5425883,P00533,6.93,,,0.5361
P00533_CHEMBL5406771,P00533,7.35,,,0.6191
P00533_CHEMBL5439547,P00533,7.17,,,0.6499
P00533_CHEMBL5440989,P00533,7.35,,,0.4814
P00533_CHEMBL5435881,P00533,7.15,,,0.4727
P00533_CHEMBL5439991,P00533,7.28,,,0.4905
P00533_CHEMBL5423287,P00533,7.48,,,0.4814
P00533_CHEMBL5435735,P00533,7.14,,,0.4814
P00533_CHEMBL5401094,P00533,7.55,,,0.5
P00533_CHEMBL5431909,P00533,9.89,,,0.9268
P00533_CHEMBL5419934,P00533,6.9,,,0.5845
P00533_CHEMBL5429059,P00533,5.6,,,0.7202
P00533_CHEMBL5440872,P00533,5.3,,,0.7734
P00533_CHEMBL5438568,P00533,7.8,,,0.6309
P00533_CHEMBL5411378,P00533,7.14,,,0.6665
P00533_CHEMBL5401705,P00533,6.54,,,0.6094
P00533_CHEMBL5411347,P00533,6.69,,,0.5229
P00533_CHEMBL5440766,P00533,7.66,,,0.5933
P00533_CHEMBL5418313,P00533,5.69,,,0.489
P00533_CHEMBL5414964,P00533,7.3,,,0.4919
P00533_CHEMBL5398855,P00533,5.645,,,0.489
P00533_CHEMBL5398800,P00533,5.88,,,0.5054
P00533_CHEMBL5439126,P00533,7.28,,,0.5073
P00533_CHEMBL5418087,P00533,7.52,,,0.4922
P00533_CHEMBL5428404,P00533,7.11,,,0.4707
P00533_CHEMBL5397490,P00533,6.13,,,0.5396
P00533_CHEMBL5411617,P00533,7.01,,,0.4854
P00533_CHEMBL5404033,P00533,6.9,,,0.4678
P00533_CHEMBL5436321,P00533,6.38,,,0.4839
P00533_CHEMBL5417494,P00533,8.13,,,0.5156
P00533_CHEMBL5433431,P00533,7.96,,,0.4924
P00533_CHEMBL5439652,P00533,7.03,,,0.4119
P00533_CHEMBL5395404,P00533,6.14,,,0.4246
P00533_CHEMBL5425169,P00533,6.08,,,0.4917
P00533_CHEMBL5411535,P00533,5.91,,,0.5
P00533_CHEMBL5397983,P00533,5.57,,,0.4839
P00533_CHEMBL5401604,P00533,5.93,,,0.5269
P00533_CHEMBL5429694,P00533,6.08,,,0.4783
P00533_CHEMBL5430683,P00533,6.14,,,0.4839
P00533_CHEMBL5421809,P00533,5.66,,,0.5132
P00533_CHEMBL5401490,P00533,6.09,,,0.5288
P00533_CHEMBL5436634,P00533,6.045,,,0.5513
P00533_CHEMBL5441026,P00533,6.175,,,0.5317
P00533_CHEMBL5396183,P00533,5.880000000000001,,,0.5571
P00533_CHEMBL5416668,P00533,6.31,,,0.5415
P00533_CHEMBL5400539,P00533,8.14,,8.14,1.0
P00533_CHEMBL5397557,P00533,9.0,,,0.8042
P00533_CHEMBL5439143,P00533,7.62,,,0.814
P00533_CHEMBL5425121,P00533,7.5,,,0.5161
P00915_CHEMBL5433200,P00915,6.3,,,0.7222
P00915_CHEMBL5418092,P00915,6.28,,,0.7222
P00915_CHEMBL5431609,P00915,7.16,,,0.7598
P00915_CHEMBL5434405,P00915,7.29,,,0.7598
P00915_CHEMBL5399412,P00915,7.07,,,0.603
P00915_CHEMBL5410769,P00915,7.29,,,0.603
P00915_CHEMBL5430974,P00915,7.28,,,0.7144
P00915_CHEMBL5420563,P00915,7.32,,,0.7144
P00915_CHEMBL5434750,P00915,5.02,,,0.625
P00915_CHEMBL5394374,P00915,7.09,,,0.7202
P00915_CHEMBL5439211,P00915,7.02,,,0.7202
P00915_CHEMBL5420568,P00915,7.11,,,0.5557
P00915_CHEMBL5429492,P00915,7.07,,,0.5928
P00915_CHEMBL5425027,P00915,5.17,,,0.4834
P00915_CHEMBL5406311,P00915,7.06,,,0.5557
P00915_CHEMBL5418946,P00915,6.13,,,0.5781
P00915_CHEMBL5395028,P00915,6.62,,,0.7451
P00915_CHEMBL5408660,P00915,6.3,,,0.8296
P00915_CHEMBL5394136,P00915,6.3,,,0.6362
P00915_CHEMBL5428616,P00915,6.47,,,0.9512
P00915_CHEMBL5411236,P00915,6.42,,,0.7144
P00915_CHEMBL5434644,P00915,5.06,,,0.8862
P00915_CHEMBL5418325,P00915,5.11,,,0.6729
P00915_CHEMBL5418448,P00915,5.28,,,0.6729
P00915_CHEMBL5396521,P00915,4.27,,,0.5254
P00915_CHEMBL5406454,P00915,6.15,,,0.8838
P00915_CHEMBL5415157,P00915,5.08,,,0.6958
P00915_CHEMBL5430687,P00915,5.13,,,0.7271
P00915_CHEMBL5402415,P00915,5.04,,,0.5806
P00915_CHEMBL5403443,P00915,7.28,,,0.5835
P00915_CHEMBL5423785,P00915,6.66,,,0.5254
P00915_CHEMBL5420806,P00915,7.05,,,0.5474
P00915_CHEMBL5408282,P00915,7.16,,,0.5474
P00915_CHEMBL5403015,P00915,6.22,,,0.6909
P00915_CHEMBL5418584,P00915,6.06,,,0.6909
P00915_CHEMBL5430954,P00915,8.09,,,0.7998
P00915_CHEMBL5398870,P00915,7.25,,,0.6128
P00915_CHEMBL5408801,P00915,7.26,,,0.769
P00915_CHEMBL5427771,P00915,5.12,,,0.5938
P00915_CHEMBL5412006,P00915,5.6,,,0.5557
P00915_CHEMBL5408039,P00915,6.5,,,0.5322
P00915_CHEMBL5417623,P00915,5.33,,,0.5864
P00915_CHEMBL5419120,P00915,6.29,,,0.731
P00915_CHEMBL5419562,P00915,5.13,,,0.6665
P00915_CHEMBL5409839,P00915,6.54,,,0.5869
P00915_CHEMBL5406763,P00915,5.25,,,0.6001
P00915_CHEMBL5398527,P00915,6.28,,,0.7021
P00915_CHEMBL5398482,P00915,6.37,,,0.7021
P00915_CHEMBL5404478,P00915,6.15,,,0.7222
P00915_CHEMBL5430744,P00915,5.32,,,0.7021
P00915_CHEMBL5404207,P00915,5.21,,,0.5625
P00915_CHEMBL5432122,P00915,6.36,,,0.6143
P00915_CHEMBL5400096,P00915,6.86,,,0.6348
P00915_CHEMBL5427772,P00915,6.79,,,0.5557
P00915_CHEMBL5439825,P00915,6.63,,,0.625
P00915_CHEMBL5424006,P00915,7.09,,,0.6035
P00915_CHEMBL5419432,P00915,6.0,,,0.4707
P00915_CHEMBL5409853,P00915,7.68,,,0.6392
P00915_CHEMBL5436128,P00915,7.02,,,0.7446
P00915_CHEMBL5411012,P00915,6.19,,,0.7256
P00915_CHEMBL5427767,P00915,5.23,,,0.7349
P00915_CHEMBL5412673,P00915,6.35,,,0.6143
P00915_CHEMBL5413719,P00915,6.03,,,0.541
P00915_CHEMBL5434757,P00915,5.99,,,0.769
P00915_CHEMBL5431226,P00915,7.43,,,0.6313
P00915_CHEMBL5400438,P00915,8.41,,,0.7319
P00915_CHEMBL5422561,P00915,6.45,,,0.4517
P00915_CHEMBL5399183,P00915,7.08,,,0.6089
P00915_CHEMBL5437429,P00915,6.82,,,0.5811
P00915_CHEMBL5431631,P00915,5.41,,,0.75
P00915_CHEMBL5411887,P00915,5.27,,,0.6816
P00915_CHEMBL5408930,P00915,5.38,,,0.6118
P00915_CHEMBL5422492,P00915,6.55,,,0.625
P00915_CHEMBL5438275,P00915,7.46,,,0.6489
P00915_CHEMBL5411466,P00915,7.38,,,0.769
P00915_CHEMBL5419182,P00915,5.79,,,0.5249
P00915_CHEMBL5428815,P00915,8.1,,,0.8164
P00915_CHEMBL5435073,P00915,5.68,,,0.7705
P00915_CHEMBL5438823,P00915,6.02,,,0.5508
P00915_CHEMBL5406041,P00915,7.34,,,0.5762
P00915_CHEMBL5402391,P00915,6.06,,,0.5742
P00915_CHEMBL5438178,P00915,6.98,,,0.5195
P00915_CHEMBL5433495,P00915,5.29,,,0.6211
P00915_CHEMBL5440256,P00915,5.03,,,0.521
P00915_CHEMBL5439068,P00915,7.41,,,0.6729
P00915_CHEMBL5406460,P00915,5.96,,,0.5903
P00915_CHEMBL5401486,P00915,7.29,,,0.625
P00915_CHEMBL5424643,P00915,8.06,,,0.6377
P00915_CHEMBL5438359,P00915,7.44,,,0.6948
P00915_CHEMBL5395842,P00915,5.3,,,0.5571
P00915_CHEMBL5402861,P00915,7.13,,,0.5908
P00915_CHEMBL5422807,P00915,6.32,,,0.5908
P00915_CHEMBL5415701,P00915,7.26,,,0.5366
P00915_CHEMBL5417652,P00915,7.31,,,0.52
P00915_CHEMBL5430843,P00915,7.17,,,0.4482
P00915_CHEMBL5415971,P00915,7.14,,,0.4822
P00915_CHEMBL5434579,P00915,7.45,,,0.4424
P00915_CHEMBL5427495,P00915,7.04,,,0.4426
P00915_CHEMBL5396279,P00915,7.3,,,0.426
P00915_CHEMBL5427064,P00915,6.17,,,0.4912
P00915_CHEMBL5434717,P00915,6.32,,,0.5771
P00915_CHEMBL5405313,P00915,8.25,,,0.5635
P00915_CHEMBL5428119,P00915,8.25,,,0.6348
P00915_CHEMBL5399497,P00915,5.7,,,0.7759
P00915_CHEMBL5406828,P00915,7.78,,,0.6113
P00915_CHEMBL5421787,P00915,8.21,,,0.6128
P00915_CHEMBL5410832,P00915,7.93,,,0.5962
P00915_CHEMBL5396229,P00915,7.04,,,0.5762
P00915_CHEMBL5400915,P00915,7.27,,,0.7451
P00915_CHEMBL5423723,P00915,6.2,,,0.5425
P00915_CHEMBL5409485,P00915,6.95,,,0.5806
P00915_CHEMBL5411876,P00915,7.03,,,0.52
P00915_CHEMBL5430806,P00915,7.07,,,0.522
P00915_CHEMBL5427215,P00915,7.07,,,0.5308
P00915_CHEMBL5418987,P00915,7.14,,,0.5317
P00915_CHEMBL5417966,P00915,6.68,,,0.5479
P00915_CHEMBL5427397,P00915,6.48,,,0.5293
P00915_CHEMBL5393899,P00915,7.17,,,0.5923
P00915_CHEMBL5416640,P00915,7.14,,,0.6943
P00915_CHEMBL5399753,P00915,7.32,,,0.8086
P00915_CHEMBL5432003,P00915,8.01,,,0.6738
P00915_CHEMBL5399026,P00915,8.05,,,0.7002
P00915_CHEMBL5413773,P00915,8.19,,,0.6538
P00915_CHEMBL5416330,P00915,8.08,,,0.6294
P00915_CHEMBL5429247,P00915,8.17,,,0.8086
P00915_CHEMBL5438146,P00915,8.06,,,0.75
P00915_CHEMBL5400590,P00915,8.39,,,0.686
P00915_CHEMBL5423705,P00915,8.05,,,0.7349
P00915_CHEMBL5420340,P00915,8.24,,,0.7358
P00915_CHEMBL5418256,P00915,7.33,,,0.5894
P00915_CHEMBL5408414,P00915,7.32,,,0.5894
P00915_CHEMBL5422630,P00915,6.22,,,0.5454
P00915_CHEMBL5412024,P00915,7.07,,,0.4492
P00915_CHEMBL5424738,P00915,7.38,,,0.623
P00915_CHEMBL5423986,P00915,6.26,,,0.5312
P00915_CHEMBL5439333,P00915,7.09,,,0.5908
P00915_CHEMBL5435748,P00915,7.4,,,0.5439
P00915_CHEMBL5422747,P00915,7.21,,,0.521
P00915_CHEMBL5423626,P00915,7.14,,,0.5767
P00915_CHEMBL5407099,P00915,7.18,,,0.5254
P00915_CHEMBL5439232,P00915,7.02,,,0.5312
P00915_CHEMBL5412326,P00915,6.34,,,0.625
P00915_CHEMBL5404854,P00915,5.35,,,0.5083
P00915_CHEMBL5434475,P00915,7.19,,,0.5542
P00915_CHEMBL5398061,P00915,7.71,,,0.5156
P00915_CHEMBL5422153,P00915,7.14,,,0.5254
P00915_CHEMBL5395857,P00915,7.03,,,0.5073
P00915_CHEMBL5397659,P00915,6.04,,,0.625
P00915_CHEMBL5419752,P00915,6.81,,,0.7168
P00915_CHEMBL5404038,P00915,6.1,,,0.7231
P00915_CHEMBL5439318,P00915,6.26,,,0.5586
P00915_CHEMBL5405279,P00915,7.56,,,0.6948
P00915_CHEMBL5437142,P00915,6.03,,,0.5625
P00915_CHEMBL5420020,P00915,6.6,,,0.5371
P00915_CHEMBL5432770,P00915,7.14,,,0.5352
P00915_CHEMBL5395679,P00915,7.08,,,0.645
P00915_CHEMBL5424727,P00915,7.43,,,0.6128
P00915_CHEMBL5425125,P00915,7.09,,,0.3855
P00915_CHEMBL5412351,P00915,7.16,,,0.5537
P00915_CHEMBL5424664,P00915,6.79,,,0.5483
P00915_CHEMBL5420931,P00915,7.5,,,0.4854
P00915_CHEMBL5417084,P00915,7.05,,,0.5254
P00915_CHEMBL5430482,P00915,6.23,,,0.5073
P00915_CHEMBL5414077,P00915,6.2,,,0.625
P00915_CHEMBL5402143,P00915,7.14,,,0.7168
P00915_CHEMBL5426216,P00915,6.15,,,0.7231
P00915_CHEMBL5413021,P00915,6.02,,,0.5586
P00915_CHEMBL5402145,P00915,6.58,,,0.6948
P00915_CHEMBL5438010,P00915,6.06,,,0.5625
P00915_CHEMBL5421531,P00915,6.1,,,0.5371
P00915_CHEMBL5411936,P00915,6.26,,,0.5352
P00915_CHEMBL5419447,P00915,6.41,,,0.645
P00915_CHEMBL5396393,P00915,6.32,,,0.6128
P00915_CHEMBL5409658,P00915,7.04,,,0.3855
P00915_CHEMBL5413693,P00915,7.03,,,0.5537
P00915_CHEMBL5429073,P00915,6.49,,,0.5483
P00915_CHEMBL5401434,P00915,7.16,,,0.4854
P00915_CHEMBL5402497,P00915,6.94,,,0.6001
P00915_CHEMBL5412870,P00915,7.28,,,0.7666
P00915_CHEMBL5432551,P00915,7.56,,,0.7915
P00915_CHEMBL5419500,P00915,5.74,,,0.6963
P00915_CHEMBL5420864,P00915,7.08,,,0.8213
P00915_CHEMBL5432940,P00915,5.67,,,0.6768
P00915_CHEMBL5402055,P00915,6.15,,,0.772
P00915_CHEMBL5419817,P00915,7.14,,,0.7598
P00915_CHEMBL5422706,P00915,7.14,,,0.7759
P00915_CHEMBL5425202,P00915,7.17,,,0.5
P00915_CHEMBL5433765,P00915,7.23,,,0.7407
P00915_CHEMBL5420539,P00915,7.16,,,0.7759
P00915_CHEMBL5395423,P00915,7.12,,,0.5
P00915_CHEMBL5405733,P00915,5.71,,,0.7368
P00915_CHEMBL5403355,P00915,5.57,,,0.603
P00915_CHEMBL5407842,P00915,7.04,,,0.625
P00915_CHEMBL5396530,P00915,7.32,,,0.5835
P00915_CHEMBL5397521,P00915,7.03,,,0.625
P00915_CHEMBL5439370,P00915,7.38,,,0.6665
P00915_CHEMBL5415949,P00915,7.15,,,0.6665
P00915_CHEMBL5395274,P00915,6.38,,,0.5347
P00915_CHEMBL5407876,P00915,7.91,,,0.6982
P00915_CHEMBL5430374,P00915,6.53,,,0.7915
P00915_CHEMBL5403578,P00915,7.09,,,0.7798
P00915_CHEMBL5439016,P00915,7.02,,,0.6729
P00915_CHEMBL5430474,P00915,7.28,,,0.7871
P00915_CHEMBL5439521,P00915,7.33,,,0.6294
P00915_CHEMBL5433722,P00915,6.77,,,0.6904
P00915_CHEMBL5416307,P00915,6.45,,,0.6445
P00915_CHEMBL5402383,P00915,6.27,,,0.6089
P00915_CHEMBL5397739,P00915,6.19,,,0.6089
P00915_CHEMBL5399974,P00915,6.15,,,0.644
P00915_CHEMBL5420429,P00915,7.07,,,0.627
P00915_CHEMBL5414672,P00915,5.04,,,0.5674
P00915_CHEMBL5413921,P00915,6.22,,,0.6196
P00915_CHEMBL5423604,P00915,5.38,,,0.5938
P00915_CHEMBL5436862,P00915,8.06,,,0.6064
P00915_CHEMBL5422102,P00915,6.16,,,0.5557
P00915_CHEMBL5406077,P00915,6.37,,,0.6416
P00915_CHEMBL5440906,P00915,6.7,,,0.6719
P00915_CHEMBL5440763,P00915,7.12,,,0.4919
P00915_CHEMBL5436282,P00915,8.02,,,0.644
P00915_CHEMBL5411702,P00915,6.51,,,0.6719
P00915_CHEMBL5414836,P00915,7.06,,,0.4919
P00915_CHEMBL5418786,P00915,5.08,,,0.5938
P00915_CHEMBL5412077,P00915,5.31,,,0.582
P00915_CHEMBL5433578,P00915,5.24,,,0.5371
P00915_CHEMBL5399204,P00915,6.31,,,0.603
P00915_CHEMBL5433154,P00915,7.11,,,0.5146
P00915_CHEMBL5409881,P00915,7.07,,,0.5557
P00915_CHEMBL5403938,P00915,6.38,,,0.603
P00915_CHEMBL5421790,P00915,8.06,,,0.5146
P00915_CHEMBL5432812,P00915,6.72,,,0.6069
P00915_CHEMBL5408885,P00915,6.81,,,0.7896
P00915_CHEMBL5403077,P00915,6.39,,,0.6562
P00915_CHEMBL5420858,P00915,6.43,,,0.5903
P00915_CHEMBL5396677,P00915,6.58,,,0.6001
P00915_CHEMBL5413403,P00915,6.28,,,0.6152
P00915_CHEMBL5410282,P00915,5.12,,,0.4363
P00915_CHEMBL5422467,P00915,6.3,,,0.6274
P00915_CHEMBL5417595,P00915,6.0,,,0.5166
P00915_CHEMBL5402892,P00915,5.58,,,0.6885
P00915_CHEMBL5421078,P00915,6.13,,,0.521
P00915_CHEMBL5435151,P00915,5.63,,,0.5
P00915_CHEMBL5404239,P00915,6.47,,,0.5518
P00915_CHEMBL5440220,P00915,6.46,,,0.5713
P00915_CHEMBL5400662,P00915,6.52,,,0.5
P00915_CHEMBL5436091,P00915,5.83,,,0.5317
P00915_CHEMBL5415766,P00915,5.96,,,0.5347
P00915_CHEMBL5431518,P00915,5.52,,,0.5454
P00918_CHEMBL5433200,P00918,7.62,,,0.7222
P00918_CHEMBL5418092,P00918,7.22,,,0.7222
P00918_CHEMBL5431609,P00918,8.18,,,0.7598
P00918_CHEMBL5434405,P00918,8.31,,,0.7598
P00918_CHEMBL5414353,P00918,6.67,,,0.5371
P00918_CHEMBL5399412,P00918,8.29,,,0.603
P00918_CHEMBL5410769,P00918,8.4,,,0.603
P00918_CHEMBL5430974,P00918,8.2,,,0.7144
P00918_CHEMBL5420563,P00918,8.18,,,0.7144
P00918_CHEMBL5422580,P00918,5.2,,,0.625
P00918_CHEMBL5434750,P00918,5.2,,,0.625
P00918_CHEMBL5394374,P00918,7.38,,,0.7202
P00918_CHEMBL5439211,P00918,8.39,,,0.7202
P00918_CHEMBL5420568,P00918,8.43,,,0.5557
P00918_CHEMBL5429492,P00918,7.56,,,0.5928
P00918_CHEMBL5425027,P00918,5.18,,,0.4834
P00918_CHEMBL5406311,P00918,7.76,,,0.5557
P00918_CHEMBL5418946,P00918,6.34,,,0.5781
P00918_CHEMBL5395028,P00918,7.03,,,0.7451
P00918_CHEMBL5408660,P00918,7.23,,,0.8296
P00918_CHEMBL5394136,P00918,9.3,,,0.6362
P00918_CHEMBL5428616,P00918,8.21,,,0.9512
P00918_CHEMBL5411236,P00918,6.73,,,0.7144
P00918_CHEMBL5434644,P00918,7.68,,,0.8862
P00918_CHEMBL5418325,P00918,6.49,,,0.6729
P00918_CHEMBL5418448,P00918,7.14,,,0.6729
P00918_CHEMBL5396521,P00918,6.33,,,0.5254
P00918_CHEMBL5406454,P00918,7.45,,,0.8838
P00918_CHEMBL5415157,P00918,8.18,,,0.6958
P00918_CHEMBL5430687,P00918,7.11,,,0.7271
P00918_CHEMBL5402415,P00918,6.54,,,0.5806
P00918_CHEMBL5403443,P00918,8.6,,,0.5835
P00918_CHEMBL5423785,P00918,6.86,,,0.5254
P00918_CHEMBL5420806,P00918,7.39,,,0.5474
P00918_CHEMBL5408282,P00918,7.42,,,0.5474
P00918_CHEMBL5403015,P00918,6.48,,,0.6909
P00918_CHEMBL5418584,P00918,6.4,,,0.6909
P00918_CHEMBL5430954,P00918,8.31,,,0.7998
P00918_CHEMBL5398870,P00918,8.6,,,0.6128
P00918_CHEMBL5408801,P00918,8.24,,,0.769
P00918_CHEMBL5427771,P00918,7.3,,,0.5938
P00918_CHEMBL5412006,P00918,6.1,,,0.5557
P00918_CHEMBL5408039,P00918,7.57,,,0.5322
P00918_CHEMBL5417623,P00918,7.29,,,0.5864
P00918_CHEMBL5419120,P00918,7.25,,,0.731
P00918_CHEMBL5419562,P00918,6.25,,,0.6665
P00918_CHEMBL5409839,P00918,7.57,,,0.5869
P00918_CHEMBL5406763,P00918,6.63,,,0.6001
P00918_CHEMBL5398527,P00918,7.47,,,0.7021
P00918_CHEMBL5398482,P00918,6.21,,,0.7021
P00918_CHEMBL5404478,P00918,7.18,,,0.7222
P00918_CHEMBL5430744,P00918,6.08,,,0.7021
P00918_CHEMBL5404207,P00918,6.12,,,0.5625
P00918_CHEMBL5432122,P00918,7.14,,,0.6143
P00918_CHEMBL5400096,P00918,7.35,,,0.6348
P00918_CHEMBL5427772,P00918,8.06,,,0.5557
P00918_CHEMBL5439825,P00918,7.8,,,0.625
P00918_CHEMBL5424006,P00918,7.2,,,0.6035
P00918_CHEMBL5419432,P00918,6.56,,,0.4707
P00918_CHEMBL5409853,P00918,8.39,,,0.6392
P00918_CHEMBL5435757,P00918,6.09,,,0.606
P00918_CHEMBL5436128,P00918,7.99,,,0.7446
P00918_CHEMBL5411012,P00918,7.08,,,0.7256
P00918_CHEMBL5427767,P00918,6.05,,,0.7349
P00918_CHEMBL5412673,P00918,7.17,,,0.6143
P00918_CHEMBL5413719,P00918,6.64,,,0.541
P00918_CHEMBL5434757,P00918,6.73,,,0.769
P00918_CHEMBL5431226,P00918,8.21,,,0.6313
P00918_CHEMBL5400438,P00918,8.16,,,0.7319
P00918_CHEMBL5422561,P00918,6.72,,,0.4517
P00918_CHEMBL5399183,P00918,9.05,,,0.6089
P00918_CHEMBL5437429,P00918,7.79,,,0.5811
P00918_CHEMBL5418551,P00918,7.14,,,0.5884
P00918_CHEMBL5417736,P00918,6.26,,,0.5913
P00918_CHEMBL5431631,P00918,7.53,,,0.75
P00918_CHEMBL5411887,P00918,7.77,,,0.6816
P00918_CHEMBL5408930,P00918,7.25,,,0.6118
P00918_CHEMBL5406683,P00918,6.55,,,0.6143
P00918_CHEMBL5414681,P00918,6.8,,,0.5674
P00918_CHEMBL5405122,P00918,6.95,,,0.5415
P00918_CHEMBL5422492,P00918,7.36,,,0.625
P00918_CHEMBL5438275,P00918,8.15,,,0.6489
P00918_CHEMBL5411466,P00918,8.04,,,0.769
P00918_CHEMBL5419182,P00918,5.86,,,0.5249
P00918_CHEMBL5428815,P00918,8.43,,,0.8164
P00918_CHEMBL5435073,P00918,6.53,,,0.7705
P00918_CHEMBL5438823,P00918,6.44,,,0.5508
P00918_CHEMBL5406041,P00918,8.17,,,0.5762
P00918_CHEMBL5402391,P00918,6.59,,,0.5742
P00918_CHEMBL5438178,P00918,7.45,,,0.5195
P00918_CHEMBL5438727,P00918,6.64,,,0.5068
P00918_CHEMBL5433495,P00918,7.87,,,0.6211
P00918_CHEMBL5440256,P00918,7.04,,,0.521
P00918_CHEMBL5433631,P00918,6.8,,,0.5
P00918_CHEMBL5439068,P00918,8.24,,,0.6729
P00918_CHEMBL5406460,P00918,6.74,,,0.5903
P00918_CHEMBL5401486,P00918,8.22,,,0.625
P00918_CHEMBL5424643,P00918,8.54,,,0.6377
P00918_CHEMBL5438359,P00918,6.21,,,0.6948
P00918_CHEMBL5395842,P00918,7.29,,,0.5571
P00918_CHEMBL5402861,P00918,6.54,,,0.5908
P00918_CHEMBL5422807,P00918,6.51,,,0.5908
P00918_CHEMBL5415701,P00918,7.52,,,0.5366
P00918_CHEMBL5417652,P00918,8.31,,,0.52
P00918_CHEMBL5430843,P00918,7.46,,,0.4482
P00918_CHEMBL5415971,P00918,8.24,,,0.4822
P00918_CHEMBL5434579,P00918,8.26,,,0.4424
P00918_CHEMBL5427495,P00918,8.14,,,0.4426
P00918_CHEMBL5396279,P00918,8.43,,,0.426
P00918_CHEMBL5427064,P00918,7.0,,,0.4912
P00918_CHEMBL5434717,P00918,7.05,,,0.5771
P00918_CHEMBL5405313,P00918,8.36,,,0.5635
P00918_CHEMBL5428119,P00918,8.42,,,0.6348
P00918_CHEMBL5399497,P00918,6.43,,,0.7759
P00918_CHEMBL5416544,P00918,6.9,,,0.5605
P00918_CHEMBL5413914,P00918,6.77,,,0.5469
P00918_CHEMBL5435567,P00918,7.04,,,0.5073
P00918_CHEMBL5406828,P00918,8.15,,,0.6113
P00918_CHEMBL5421787,P00918,7.46,,,0.6128
P00918_CHEMBL5410832,P00918,8.24,,,0.5962
P00918_CHEMBL5396229,P00918,9.19,,,0.5762
P00918_CHEMBL5400915,P00918,8.03,,,0.7451
P00918_CHEMBL5423723,P00918,7.83,,,0.5425
P00918_CHEMBL5409485,P00918,7.24,,,0.5806
P00918_CHEMBL5411876,P00918,7.54,,,0.52
P00918_CHEMBL5430806,P00918,7.48,,,0.522
P00918_CHEMBL5427215,P00918,7.95,,,0.5308
P00918_CHEMBL5418987,P00918,8.68,,,0.5317
P00918_CHEMBL5417966,P00918,7.14,,,0.5479
P00918_CHEMBL5427397,P00918,7.38,,,0.5293
P00918_CHEMBL5393899,P00918,8.37,,,0.5923
P00918_CHEMBL5416640,P00918,7.24,,,0.6943
P00918_CHEMBL5399753,P00918,7.44,,,0.8086
P00918_CHEMBL5432003,P00918,8.36,,,0.6738
P00918_CHEMBL5399026,P00918,8.25,,,0.7002
P00918_CHEMBL5413773,P00918,8.49,,,0.6538
P00918_CHEMBL5416330,P00918,8.38,,,0.6294
P00918_CHEMBL5429247,P00918,8.42,,,0.8086
P00918_CHEMBL5438146,P00918,8.41,,,0.75
P00918_CHEMBL5400590,P00918,8.85,,,0.686
P00918_CHEMBL5423705,P00918,8.41,,,0.7349
P00918_CHEMBL5420340,P00918,8.39,,,0.7358
P00918_CHEMBL5418256,P00918,8.21,,,0.5894
P00918_CHEMBL5408414,P00918,8.77,,,0.5894
P00918_CHEMBL5422630,P00918,7.25,,,0.5454
P00918_CHEMBL5412024,P00918,8.08,,,0.4492
P00918_CHEMBL5424738,P00918,7.42,,,0.623
P00918_CHEMBL5423986,P00918,7.04,,,0.5312
P00918_CHEMBL5439333,P00918,7.38,,,0.5908
P00918_CHEMBL5435748,P00918,8.47,,,0.5439
P00918_CHEMBL5422747,P00918,7.7,,,0.521
P00918_CHEMBL5423626,P00918,7.37,,,0.5767
P00918_CHEMBL5407099,P00918,8.21,,,0.5254
P00918_CHEMBL5439232,P00918,7.97,,,0.5312
P00918_CHEMBL5412326,P00918,6.66,,,0.625
P00918_CHEMBL5404854,P00918,5.05,,,0.5083
P00918_CHEMBL5434475,P00918,7.37,,,0.5542
P00918_CHEMBL5398061,P00918,6.29,,,0.5156
P00918_CHEMBL5422153,P00918,7.81,,,0.5254
P00918_CHEMBL5395857,P00918,6.35,,,0.5073
P00918_CHEMBL5397659,P00918,6.15,,,0.625
P00918_CHEMBL5419752,P00918,6.39,,,0.7168
P00918_CHEMBL5404038,P00918,6.34,,,0.7231
P00918_CHEMBL5439318,P00918,7.08,,,0.5586
P00918_CHEMBL5405279,P00918,7.82,,,0.6948
P00918_CHEMBL5437142,P00918,6.09,,,0.5625
P00918_CHEMBL5420020,P00918,6.36,,,0.5371
P00918_CHEMBL5432770,P00918,7.3,,,0.5352
P00918_CHEMBL5395679,P00918,7.15,,,0.645
P00918_CHEMBL5424727,P00918,7.63,,,0.6128
P00918_CHEMBL5425125,P00918,7.38,,,0.3855
P00918_CHEMBL5412351,P00918,7.92,,,0.5537
P00918_CHEMBL5424664,P00918,7.34,,,0.5483
P00918_CHEMBL5420931,P00918,7.83,,,0.4854
P00918_CHEMBL5417084,P00918,7.42,,,0.5254
P00918_CHEMBL5430482,P00918,6.32,,,0.5073
P00918_CHEMBL5414077,P00918,6.36,,,0.625
P00918_CHEMBL5402143,P00918,7.45,,,0.7168
P00918_CHEMBL5426216,P00918,6.32,,,0.7231
P00918_CHEMBL5413021,P00918,6.25,,,0.5586
P00918_CHEMBL5402145,P00918,6.73,,,0.6948
P00918_CHEMBL5438010,P00918,6.14,,,0.5625
P00918_CHEMBL5421531,P00918,6.28,,,0.5371
P00918_CHEMBL5411936,P00918,6.4,,,0.5352
P00918_CHEMBL5419447,P00918,7.02,,,0.645
P00918_CHEMBL5396393,P00918,6.86,,,0.6128
P00918_CHEMBL5409658,P00918,7.37,,,0.3855
P00918_CHEMBL5413693,P00918,7.25,,,0.5537
P00918_CHEMBL5429073,P00918,6.75,,,0.5483
P00918_CHEMBL5401434,P00918,7.5,,,0.4854
P00918_CHEMBL5402497,P00918,8.08,,,0.6001
P00918_CHEMBL5412870,P00918,7.48,,,0.7666
P00918_CHEMBL5432551,P00918,8.22,,,0.7915
P00918_CHEMBL5419500,P00918,6.36,,,0.6963
P00918_CHEMBL5420864,P00918,7.76,,,0.8213
P00918_CHEMBL5432940,P00918,6.36,,,0.6768
P00918_CHEMBL5402055,P00918,6.62,,,0.772
P00918_CHEMBL5419817,P00918,8.14,,,0.7598
P00918_CHEMBL5422706,P00918,7.56,,,0.7759
P00918_CHEMBL5425202,P00918,8.12,,,0.5
P00918_CHEMBL5433765,P00918,8.1,,,0.7407
P00918_CHEMBL5420539,P00918,7.33,,,0.7759
P00918_CHEMBL5395423,P00918,7.83,,,0.5
P00918_CHEMBL5405733,P00918,7.07,,,0.7368
P00918_CHEMBL5403355,P00918,7.19,,,0.603
P00918_CHEMBL5407842,P00918,7.72,,,0.625
P00918_CHEMBL5396530,P00918,8.16,,,0.5835
P00918_CHEMBL5397521,P00918,7.94,,,0.625
P00918_CHEMBL5439370,P00918,8.35,,,0.6665
P00918_CHEMBL5415949,P00918,8.28,,,0.6665
P00918_CHEMBL5395274,P00918,6.8,,,0.5347
P00918_CHEMBL5407876,P00918,8.36,,,0.6982
P00918_CHEMBL5430374,P00918,7.24,,,0.7915
P00918_CHEMBL5403578,P00918,8.04,,,0.7798
P00918_CHEMBL5439016,P00918,7.8,,,0.6729
P00918_CHEMBL5430474,P00918,8.13,,,0.7871
P00918_CHEMBL5439521,P00918,8.19,,,0.6294
P00918_CHEMBL5433722,P00918,6.73,,,0.6904
P00918_CHEMBL5416307,P00918,7.32,,,0.6445
P00918_CHEMBL5402383,P00918,7.86,,,0.6089
P00918_CHEMBL5397739,P00918,7.27,,,0.6089
P00918_CHEMBL5399974,P00918,6.27,,,0.644
P00918_CHEMBL5420429,P00918,8.42,,,0.627
P00918_CHEMBL5414672,P00918,6.02,,,0.5674
P00918_CHEMBL5413921,P00918,6.53,,,0.6196
P00918_CHEMBL5423604,P00918,7.04,,,0.5938
P00918_CHEMBL5436862,P00918,7.55,,,0.6064
P00918_CHEMBL5422102,P00918,6.84,,,0.5557
P00918_CHEMBL5406077,P00918,7.33,,,0.6416
P00918_CHEMBL5440906,P00918,8.08,,,0.6719
P00918_CHEMBL5440763,P00918,8.21,,,0.4919
P00918_CHEMBL5436282,P00918,8.77,,,0.644
P00918_CHEMBL5411702,P00918,8.05,,,0.6719
P00918_CHEMBL5414836,P00918,8.18,,,0.4919
P00918_CHEMBL5418786,P00918,6.82,,,0.5938
P00918_CHEMBL5412077,P00918,7.0,,,0.582
P00918_CHEMBL5433578,P00918,7.0,,,0.5371
P00918_CHEMBL5399204,P00918,7.69,,,0.603
P00918_CHEMBL5433154,P00918,8.07,,,0.5146
P00918_CHEMBL5409881,P00918,8.02,,,0.5557
P00918_CHEMBL5403938,P00918,7.02,,,0.603
P00918_CHEMBL5421790,P00918,8.41,,,0.5146
P00918_CHEMBL5433629,P00918,6.62,,,0.5469
P00918_CHEMBL5425764,P00918,6.42,,,0.5078
P00918_CHEMBL5420500,P00918,6.49,,,0.4834
P00918_CHEMBL5432812,P00918,7.7,,,0.6069
P00918_CHEMBL5408885,P00918,7.42,,,0.7896
P00918_CHEMBL5403077,P00918,8.21,,,0.6562
P00918_CHEMBL5420858,P00918,7.25,,,0.5903
P00918_CHEMBL5396677,P00918,7.47,,,0.6001
P00918_CHEMBL5413403,P00918,7.17,,,0.6152
P00918_CHEMBL5410282,P00918,5.4,,,0.4363
P00918_CHEMBL5422467,P00918,6.51,,,0.6274
P00918_CHEMBL5417595,P00918,6.66,,,0.5166
P00918_CHEMBL5402892,P00918,6.43,,,0.6885
P00918_CHEMBL5421078,P00918,6.44,,,0.521
P00918_CHEMBL5435151,P00918,5.96,,,0.5
P00918_CHEMBL5404239,P00918,6.73,,,0.5518
P00918_CHEMBL5440220,P00918,6.69,,,0.5713
P00918_CHEMBL5400662,P00918,6.57,,,0.5
P00918_CHEMBL5436091,P00918,6.31,,,0.5317
P00918_CHEMBL5415766,P00918,6.06,,,0.5347
P00918_CHEMBL5431518,P00918,6.46,,,0.5454
P01116_CHEMBL5405893,P01116,7.62,,,0.7031
P01116_CHEMBL5430615,P01116,6.36,,,0.6909
P01116_CHEMBL5436936,P01116,4.87,,,0.4399
P01116_CHEMBL5394061,P01116,8.02,,,0.8442
P01116_CHEMBL5431314,P01116,6.47,,,0.582
P01116_CHEMBL5406019,P01116,5.39,5.387216,5.387216,0.5513
P01116_CHEMBL5437416,P01116,6.3,,,0.5654
P01116_CHEMBL5397857,P01116,6.28,6.275724,6.275724,0.5693
P01116_CHEMBL5408905,P01116,6.324999999999999,,,0.5557
P01116_CHEMBL5401101,P01116,6.34,,,0.5513
P01116_CHEMBL5413564,P01116,8.68,8.677781,8.677781,0.5635
P01116_CHEMBL5415578,P01116,8.82,,,0.4028
P01116_CHEMBL5402298,P01116,7.31,,,0.3928
P01116_CHEMBL5408294,P01116,7.89,,,0.3777
P01116_CHEMBL5434304,P01116,5.11,,,0.4727
P01116_CHEMBL5396905,P01116,7.0,7.004365,7.004365,0.5171
P01116_CHEMBL5397270,P01116,6.89,6.8860564,6.8860564,0.4824
P01116_CHEMBL5434387,P01116,7.66,7.6575775,7.6575775,0.4824
P01116_CHEMBL5436538,P01116,7.37,7.3665314,7.3665314,0.5249
P01116_CHEMBL5423732,P01116,6.83,6.8268137,6.8268137,0.5845
P01116_CHEMBL5439404,P01116,6.55,6.5543957,6.5543957,0.5454
P01116_CHEMBL5411433,P01116,7.13,7.1307683,7.1307683,0.4832
P01116_CHEMBL5440242,P01116,6.96,6.958607,6.958607,0.4517
P01116_CHEMBL5411023,P01116,5.24,,,0.6396
P01116_CHEMBL5434277,P01116,6.64,6.636388,6.636388,0.5972
P01116_CHEMBL5430597,P01116,6.52,,,0.6909
P01116_CHEMBL5401145,P01116,7.34,,,0.8428
P01116_CHEMBL5420106,P01116,6.06,,,0.5439
P01116_CHEMBL5413109,P01116,5.57,,,0.4644
P01116_CHEMBL5429450,P01116,6.75,,,0.5317
P01116_CHEMBL5413213,P01116,5.8,,,0.5386
P01116_CHEMBL5407974,P01116,6.26,,,0.5688
P01116_CHEMBL5423141,P01116,4.85,,,0.5391
P01116_CHEMBL5440407,P01116,5.62,,,0.5347
P01116_CHEMBL5432250,P01116,5.62,5.6197886,5.6197886,0.5439
P01116_CHEMBL5433325,P01116,5.8,,,0.5254
P01116_CHEMBL5399365,P01116,5.5,,,0.5635
P01116_CHEMBL5434458,P01116,5.05,,,0.5166
P01116_CHEMBL5407525,P01116,5.32,,,0.5488
P01116_CHEMBL5407640,P01116,5.89,,,0.5254
P01116_CHEMBL5439684,P01116,5.68,,,0.5298
P01116_CHEMBL5403842,P01116,5.57,,,0.5796
P01116_CHEMBL5421903,P01116,5.77,5.7695513,5.7695513,0.543
P01116_CHEMBL5400481,P01116,5.72,,,0.521
P01116_CHEMBL5400366,P01116,5.7,,5.7695513,0.543
P01116_CHEMBL5403626,P01116,5.58,,,0.5391
P01116_CHEMBL5401087,P01116,5.46,,,0.5254
P01116_CHEMBL5429318,P01116,5.52,,,0.5635
P01116_CHEMBL5438399,P01116,5.09,,,0.5586
P01116_CHEMBL5405632,P01116,8.04,8.04,8.04,0.4536
P01116_CHEMBL5426739,P01116,7.105,,,0.6738
P01116_CHEMBL5398980,P01116,7.4,,,0.8354
P03372_CHEMBL5408419,P03372,6.62,,,0.8945
P03372_CHEMBL5435203,P03372,6.29,,,0.6274
P03372_CHEMBL5419649,P03372,7.26,,,0.8066
P03372_CHEMBL5414572,P03372,6.64,,,0.7812
P03372_CHEMBL5428681,P03372,6.64,,,0.7812
P03372_CHEMBL5406865,P03372,6.72,,,1.0
P03372_CHEMBL5398866,P03372,7.44,,,0.8198
P03372_CHEMBL5432102,P03372,6.36,,,0.8198
P03372_CHEMBL5432210,P03372,6.14,,,0.6431
P03372_CHEMBL5409872,P03372,5.9,,,0.6392
P03372_CHEMBL5425958,P03372,5.81,,,0.6475
P03372_CHEMBL5430840,P03372,5.73,,,0.6519
P03372_CHEMBL5402062,P03372,5.59,,,0.6475
P03372_CHEMBL5422265,P03372,6.01,,,0.6021
P03372_CHEMBL5418457,P03372,5.97,,,0.6519
P03372_CHEMBL5438497,P03372,5.69,,,0.6475
P03372_CHEMBL5394554,P03372,6.12,,,0.6519
P03372_CHEMBL5421913,P03372,5.29,,,0.6519
P03372_CHEMBL5397899,P03372,5.47,,,0.6519
P03372_CHEMBL5436713,P03372,6.28,,,0.6719
P03372_CHEMBL5435743,P03372,7.0,,,0.6523
P03372_CHEMBL5423781,P03372,7.04,,,0.6523
P03372_CHEMBL5394879,P03372,7.46,,,0.6816
P03372_CHEMBL5423408,P03372,6.58,,,0.6816
P03372_CHEMBL5403080,P03372,6.42,,,0.7778
P03372_CHEMBL5407335,P03372,6.8,,,0.7368
P03372_CHEMBL5414659,P03372,6.58,,,0.7368
P03372_CHEMBL5424929,P03372,6.01,,,0.6289
P03372_CHEMBL5426251,P03372,7.16,,,0.623
P03372_CHEMBL5423258,P03372,7.21,,,0.623
P03372_CHEMBL5414261,P03372,6.62,,,0.8184
P03372_CHEMBL5433532,P03372,7.6,,,0.7827
P03372_CHEMBL5398724,P03372,6.77,,,0.7827
P03372_CHEMBL5396802,P03372,6.475,,,1.0
P03372_CHEMBL5409541,P03372,5.73,,,0.6069
P03372_CHEMBL5417949,P03372,5.59,,,0.5918
P03372_CHEMBL5404699,P03372,7.14,,,0.7817
P03372_CHEMBL5420394,P03372,7.42,,,0.7412
P03372_CHEMBL5427513,P03372,7.08,,,0.7412
P03372_CHEMBL5403840,P03372,7.45,,,0.7373
P03372_CHEMBL5406802,P03372,7.85,,,0.9854
P03372_CHEMBL5424786,P03372,8.8,,,0.7349
P03372_CHEMBL5417452,P03372,6.47,,,0.6553
P03372_CHEMBL5426947,P03372,6.75,,,0.6553
P03372_CHEMBL5398397,P03372,5.54,,,0.6206
P03372_CHEMBL5413289,P03372,5.29,,,0.6113
P03372_CHEMBL5404403,P03372,5.59,,,0.6113
P03372_CHEMBL5409715,P03372,6.96,,,0.627
P03372_CHEMBL5430117,P03372,8.23,,,0.5386
P03372_CHEMBL5394007,P03372,7.11,,,0.7871
P03372_CHEMBL5399056,P03372,6.77,,,0.6787
P03372_CHEMBL5400203,P03372,6.96,,,0.6763
P03372_CHEMBL5437007,P03372,5.81,,,0.7451
P03372_CHEMBL5425664,P03372,6.0,,,0.6797
P03372_CHEMBL5436409,P03372,7.619999999999999,,,0.8228
P03372_CHEMBL5429522,P03372,5.95,,,0.6069
P03372_CHEMBL5394016,P03372,5.9,,,0.5957
P03372_CHEMBL5395953,P03372,6.01,,,0.5908
P03372_CHEMBL5431822,P03372,5.84,,,0.5601
P03372_CHEMBL5427627,P03372,5.73,,,0.5601
P03372_CHEMBL5428797,P03372,5.47,,,0.5498
P03372_CHEMBL5413340,P03372,6.75,,,0.7617
P03372_CHEMBL5404063,P03372,7.26,,,0.7617
P03372_CHEMBL5394546,P03372,7.11,,,0.7168
P03372_CHEMBL5412790,P03372,7.175,,,0.6553
P03372_CHEMBL5421409,P03372,7.26,,,0.6553
P03372_CHEMBL5433442,P03372,7.26,,,0.6572
P03372_CHEMBL5405944,P03372,6.7,,,0.6572
P03372_CHEMBL5408038,P03372,7.14,,,0.6553
P03372_CHEMBL5422315,P03372,6.11,,,0.6553
P03372_CHEMBL5401146,P03372,6.85,,,0.6553
P03372_CHEMBL5400803,P03372,7.14,,,0.75
P03372_CHEMBL5403786,P03372,7.03,,,0.6665
P03372_CHEMBL5410004,P03372,7.0,,,0.6665
P03372_CHEMBL5426175,P03372,6.68,,,0.6807
P03372_CHEMBL5411799,P03372,7.17,,,0.7539
P03372_CHEMBL5418690,P03372,6.57,,,0.7271
P03372_CHEMBL5436925,P03372,7.0,,,0.6211
P03372_CHEMBL5402392,P03372,6.17,,,0.6621
P03951_CHEMBL5399926,P03951,9.4,9.4,7.734999999999999,1.0
P03951_CHEMBL5400859,P03951,7.55,7.55,7.55,0.7061
P03951_CHEMBL5422323,P03951,7.12,7.12,7.12,0.7979
P03951_CHEMBL5428779,P03951,8.74,8.74,8.375,1.0
P03951_CHEMBL5438074,P03951,7.68,7.68,7.68,0.771
P03951_CHEMBL5422380,P03951,7.75,7.75,7.75,0.7593
P03951_CHEMBL5395642,P03951,9.09,9.09,9.09,0.8027
P03951_CHEMBL5416393,P03951,8.3,,,0.4778
P03951_CHEMBL5413065,P03951,9.6,,9.601029995663982,1.0
P03951_CHEMBL5426898,P03951,9.05,9.05,9.05,0.7354
P03951_CHEMBL5419603,P03951,6.92,6.92,6.92,0.6709
P03951_CHEMBL5439061,P03951,5.3,5.3,5.3,0.6519
P03951_CHEMBL5406534,P03951,8.37,8.37,8.28,0.7627
P03951_CHEMBL5427891,P03951,8.89,8.89,8.8,1.0
P03951_CHEMBL5412953,P03951,8.42,8.42,8.42,0.7559
P03951_CHEMBL5420409,P03951,8.24,8.24,8.160969397692693,1.0
P03951_CHEMBL5439131,P03951,8.62,8.62,8.62,0.7793
P03951_CHEMBL5420055,P03951,8.19,8.19,8.28,0.7627
P03951_CHEMBL5431336,P03951,6.82,6.82,6.82,0.7383
P03951_CHEMBL5398062,P03951,8.7,8.7,8.23,1.0
P03951_CHEMBL5416199,P03951,8.33,8.33,8.040958607678906,1.0
P03951_CHEMBL5434010,P03951,8.8,8.8,7.41,1.0
P03951_CHEMBL5432831,P03951,9.52,9.52,8.635,1.0
P03951_CHEMBL5404596,P03951,9.0,9.0,8.721246399047171,1.0
P03951_CHEMBL5437779,P03951,9.0,9.0,8.8,1.0
P03951_CHEMBL5419156,P03951,8.89,8.89,8.455,1.0
P03951_CHEMBL5400795,P03951,9.15,9.15,8.24,1.0
P03951_CHEMBL5400667,P03951,8.85,8.85,8.85,1.0
P03951_CHEMBL5395901,P03951,8.77,8.77,8.77,0.5098
P03951_CHEMBL5435153,P03951,7.41,7.41,7.41,0.8081
P03951_CHEMBL5436073,P03951,6.25,6.25,6.25,0.6899
P03951_CHEMBL5426362,P03951,9.49,,,0.4575
P03951_CHEMBL5426903,P03951,8.8,,,0.5327
P03951_CHEMBL5397593,P03951,9.49,9.49,9.49,0.6968
P03951_CHEMBL5403102,P03951,8.48,8.48,8.48,0.562
P03951_CHEMBL5425168,P03951,5.6,5.6,5.6,0.6387
P03951_CHEMBL5423135,P03951,5.72,5.72,5.72,0.6196
P03951_CHEMBL5410680,P03951,8.22,,,0.7402
P03951_CHEMBL5403224,P03951,8.74,8.74,8.74,0.4607
P04629_CHEMBL5428085,P04629,7.37,7.37,7.37,0.5815
P04629_CHEMBL5424164,P04629,8.4,,,0.8027
P04629_CHEMBL5427137,P04629,7.0,7.0,7.0,0.5781
P04629_CHEMBL5407680,P04629,7.28,7.28,7.28,0.5068
P04629_CHEMBL5418921,P04629,6.92,6.92,6.92,0.5293
P04629_CHEMBL5424443,P04629,8.57,,8.22,1.0
P04629_CHEMBL5396900,P04629,6.02,6.02,6.02,0.5679
P04629_CHEMBL5399402,P04629,6.12,6.12,6.12,0.5
P04629_CHEMBL5406952,P04629,8.04,8.19,8.19,0.5312
P04629_CHEMBL5414386,P04629,7.665,7.88,7.88,0.4443
P04629_CHEMBL5422637,P04629,7.67,8.06,8.06,0.4653
P04629_CHEMBL5439768,P04629,6.32,6.61,6.61,0.5581
P04629_CHEMBL5406821,P04629,8.8,,,0.7876
P04629_CHEMBL5401624,P04629,7.28,7.28,7.28,0.7051
P04629_CHEMBL5430182,P04629,6.82,8.0,8.0,0.6104
P04629_CHEMBL5403006,P04629,6.99,7.47,7.47,0.5669
P04629_CHEMBL5434198,P04629,5.85,5.85,5.85,0.647
P04629_CHEMBL5401850,P04629,6.61,6.61,6.61,0.6396
P04629_CHEMBL5394214,P04629,5.37,5.37,5.37,0.5127
P04629_CHEMBL5431124,P04629,6.14,6.14,6.14,0.488
P04629_CHEMBL5421662,P04629,5.91,5.91,5.91,0.4819
P04629_CHEMBL5400169,P04629,8.57,,,0.6816
P04629_CHEMBL5410147,P04629,7.31,6.79,6.79,0.5137
P04629_CHEMBL5416521,P04629,7.99,7.99,7.99,0.75
P04629_CHEMBL5432219,P04629,7.72,7.72,7.72,0.6953
P04629_CHEMBL5410884,P04629,7.97,8.11,8.11,0.6387
P04629_CHEMBL5421829,P04629,7.8,7.8,7.8,0.7725
P04629_CHEMBL5405759,P04629,7.95,7.74,7.74,0.6953
P04629_CHEMBL5396972,P04629,7.745,7.4,7.4,0.7339
P04629_CHEMBL5415833,P04629,7.58,7.58,7.58,0.5879
P04629_CHEMBL5420615,P04629,8.135,7.82,7.82,0.6128
P04629_CHEMBL5404881,P04629,7.425000000000001,6.99,6.99,0.4819
P04629_CHEMBL5393854,P04629,6.265000000000001,6.46,6.46,0.6001
P04629_CHEMBL5406744,P04629,6.805,8.0,8.0,0.5894
P04629_CHEMBL5397303,P04629,5.54,5.54,5.54,0.5542
P04629_CHEMBL5432162,P04629,6.17,6.17,6.17,0.625
P04629_CHEMBL5400736,P04629,6.17,6.17,6.17,0.6709
P04629_CHEMBL5426828,P04629,7.03,7.03,7.03,0.6875
P04629_CHEMBL5404983,P04629,7.45,7.45,7.45,0.6616
P04629_CHEMBL5432542,P04629,6.18,6.18,6.18,0.6528
P04629_CHEMBL5399648,P04629,6.08,6.08,6.08,0.5444
P04629_CHEMBL5420150,P04629,6.78,6.78,6.78,0.5933
P04629_CHEMBL5402864,P04629,6.49,6.49,6.49,0.6914
P04629_CHEMBL5439790,P04629,6.95,6.95,6.95,0.6001
P04629_CHEMBL5423111,P04629,6.48,6.48,6.48,0.6792
P04629_CHEMBL5408496,P04629,6.99,6.99,6.99,0.7632
P04629_CHEMBL5425999,P04629,6.97,6.97,6.97,0.6831
P04629_CHEMBL5424704,P04629,6.58,6.58,6.58,0.6875
P04629_CHEMBL5439446,P04629,5.64,5.64,5.64,0.6548
P04629_CHEMBL5420852,P04629,5.43,5.43,5.43,0.6323
P04629_CHEMBL5435158,P04629,6.01,6.01,6.01,0.6914
P04629_CHEMBL5424463,P04629,6.29,6.29,6.29,0.6626
P04629_CHEMBL5429187,P04629,6.71,6.71,6.71,0.6548
P04629_CHEMBL5429940,P04629,6.16,,,0.6113
P04629_CHEMBL5397250,P04629,5.95,5.95,5.95,0.6963
P04629_CHEMBL5435416,P04629,5.45,5.45,5.45,0.6709
P04629_CHEMBL5409434,P04629,5.92,5.92,5.92,0.6963
P04629_CHEMBL5438019,P04629,6.16,6.16,6.16,0.6709
P04629_CHEMBL5430106,P04629,7.76,7.76,7.76,0.7236
P04629_CHEMBL5418250,P04629,7.9,7.9,7.9,0.7432
P04629_CHEMBL5429009,P04629,6.36,6.36,6.36,0.75
P04629_CHEMBL5396416,P04629,6.17,6.17,6.17,0.7104
P04629_CHEMBL5425790,P04629,7.87,7.87,7.87,0.7012
P04629_CHEMBL5405656,P04629,7.96,7.96,7.96,0.7295
P04629_CHEMBL5430972,P04629,6.41,6.41,6.41,0.7065
P04629_CHEMBL5412525,P04629,5.39,5.39,5.39,0.6362
P04629_CHEMBL5416004,P04629,6.58,6.96,6.96,0.5806
P04629_CHEMBL5420791,P04629,6.59,6.59,6.59,0.6709
P04629_CHEMBL5394049,P04629,7.72,7.47,7.47,0.7476
P04629_CHEMBL5438621,P04629,7.66,7.2,7.2,0.75
P04629_CHEMBL5408929,P04629,7.29,7.29,7.29,0.75
P04629_CHEMBL5433110,P04629,7.075,7.24,7.24,0.75
P04629_CHEMBL5422195,P04629,7.68,7.68,7.68,0.7744
P04629_CHEMBL5394378,P04629,7.76,7.76,7.76,0.8281
P04629_CHEMBL5429379,P04629,7.85,7.61,7.61,0.8438
P04629_CHEMBL5422461,P04629,6.890000000000001,7.16,7.16,0.4534
P04629_CHEMBL5411653,P04629,7.66,8.52,8.52,0.5938
P04629_CHEMBL5431604,P04629,7.0,,,0.7002
P04629_CHEMBL5404930,P04629,7.15,,,0.8096
P04629_CHEMBL5429933,P04629,6.1,6.1,6.1,0.7393
P04629_CHEMBL5394749,P04629,7.53,,,0.6309
P04629_CHEMBL5436505,P04629,7.75,,,0.6724
P04629_CHEMBL5401007,P04629,6.67,6.67,6.67,0.4517
P04629_CHEMBL5421856,P04629,6.4,6.4,6.4,0.7144
P04629_CHEMBL5401510,P04629,6.8,6.8,6.8,0.6938
P04629_CHEMBL5404415,P04629,6.46,6.46,6.46,0.8076
P04629_CHEMBL5409228,P04629,6.605,7.24,7.24,0.6104
P04629_CHEMBL5422996,P04629,6.525,7.32,7.32,0.6206
P04629_CHEMBL5393979,P04629,6.984999999999999,8.1,8.1,0.5713
P04629_CHEMBL5434909,P04629,6.395,,,0.5537
P04629_CHEMBL5418831,P04629,6.9350000000000005,,,0.6182
P04629_CHEMBL5412950,P04629,7.145,7.82,7.82,0.6206
P04629_CHEMBL5406403,P04629,6.74,,,0.6035
P04629_CHEMBL5402630,P04629,6.795,,,0.457
P04629_CHEMBL5412694,P04629,8.16,,,0.6104
P04629_CHEMBL5435508,P04629,7.395,,,0.4333
P04629_CHEMBL5429071,P04629,7.130000000000001,,,0.5142
P04629_CHEMBL5421895,P04629,6.44,6.66,6.66,0.5806
P04629_CHEMBL5426432,P04629,6.975,7.68,7.68,0.5894
P04629_CHEMBL5424554,P04629,6.765000000000001,7.42,7.42,0.5557
P04629_CHEMBL5412491,P04629,6.779999999999999,7.47,7.47,0.5894
P04629_CHEMBL5405520,P04629,7.07,7.62,7.62,0.5903
P04629_CHEMBL5431992,P04629,8.575,9.0,9.0,0.5806
P04629_CHEMBL5426605,P04629,6.2,,,0.6001
P04629_CHEMBL5432702,P04629,5.725,,,0.6206
P04629_CHEMBL5399429,P04629,6.029999999999999,,,0.6001
P04629_CHEMBL5423414,P04629,6.455,,,0.6001
P04629_CHEMBL5406562,P04629,6.275,,,0.686
P04629_CHEMBL5429205,P04629,6.765,7.85,7.85,0.6001
P04629_CHEMBL5439400,P04629,6.115,7.2,7.2,0.5903
P04629_CHEMBL5412443,P04629,5.785,,,0.6665
P04629_CHEMBL5415584,P04629,6.5,7.31,7.31,0.6206
P04629_CHEMBL5436311,P04629,6.880000000000001,,,0.6538
P06276_CHEMBL5394478,P06276,8.42,,,0.4939
P06276_CHEMBL5400593,P06276,7.91,,,0.5063
P06276_CHEMBL5428978,P06276,7.09,,,0.519
P06276_CHEMBL5410208,P06276,7.99,,,0.5674
P06276_CHEMBL5431791,P06276,8.11,,,0.5156
P06276_CHEMBL5399188,P06276,7.49,,,0.5156
P06276_CHEMBL5421921,P06276,7.66,,,0.5063
P06276_CHEMBL5417071,P06276,6.64,,,0.604
P06276_CHEMBL5398025,P06276,5.72,,,0.5894
P06276_CHEMBL5422164,P06276,5.89,,,0.6001
P06276_CHEMBL5403494,P06276,6.7,,,0.5591
P06276_CHEMBL5397813,P06276,5.66,,,0.5322
P06276_CHEMBL5420941,P06276,7.16,,,0.5742
P06276_CHEMBL5399726,P06276,7.4,,,0.585
P06276_CHEMBL5431372,P06276,6.52,,,0.5713
P06276_CHEMBL5422439,P06276,5.7,,,0.5713
P06276_CHEMBL5414976,P06276,5.82,,,0.5615
P06276_CHEMBL5420342,P06276,6.4,,,0.6274
P06276_CHEMBL5400996,P06276,6.52,,,0.647
P06276_CHEMBL5418052,P06276,5.89,,,0.5425
P06276_CHEMBL5411459,P06276,5.75,,,0.5923
P06276_CHEMBL5411568,P06276,6.52,,,0.6479
P06276_CHEMBL5431415,P06276,6.8,,,0.6548
P06276_CHEMBL5425456,P06276,7.0,,,0.686
P06276_CHEMBL5435772,P06276,6.75,,,0.7061
P06276_CHEMBL5394683,P06276,7.06,,,0.6001
P06276_CHEMBL5407856,P06276,6.64,,,0.5776
P06276_CHEMBL5429001,P06276,4.89,,,0.5127
P06276_CHEMBL5440735,P06276,6.94,,,0.5693
P06276_CHEMBL5413749,P06276,6.58,,,0.6665
P06276_CHEMBL5408610,P06276,6.16,,,0.647
P06276_CHEMBL5404420,P06276,7.4,,,0.647
P06276_CHEMBL5421463,P06276,5.984999999999999,,,0.7578
P06276_CHEMBL5406889,P06276,7.4,,,0.6538
P06276_CHEMBL5420247,P06276,7.0,,,0.6729
P06276_CHEMBL5409611,P06276,7.16,,,0.6729
P06276_CHEMBL5412993,P06276,7.41,,,0.6479
P06276_CHEMBL5398273,P06276,6.8,,,0.6602
P06276_CHEMBL5396049,P06276,7.4,,,0.7446
P06276_CHEMBL5424979,P06276,7.7,,,0.6602
P06276_CHEMBL5413699,P06276,6.66,,,0.6602
P06276_CHEMBL5420880,P06276,7.05,,,0.7202
P06276_CHEMBL5437254,P06276,5.85,,,0.7202
P06276_CHEMBL5434796,P06276,6.05,,,0.7061
P06276_CHEMBL5441139,P06276,6.3,,,0.7998
P06276_CHEMBL5429766,P06276,6.16,,,0.8223
P06276_CHEMBL5409303,P06276,6.49,,,0.7935
P06276_CHEMBL5395691,P06276,7.98,,,0.5557
P06276_CHEMBL5414324,P06276,5.86,,,0.5103
P06276_CHEMBL5395228,P06276,5.390000000000001,,,0.8643
P06276_CHEMBL5405929,P06276,7.21,,,0.5557
P06276_CHEMBL5424787,P06276,6.205,,,0.8066
P06276_CHEMBL5395270,P06276,6.405,,,0.7681
P06276_CHEMBL5416421,P06276,5.0,,,0.7793
P06276_CHEMBL5421196,P06276,4.915,,,0.8066
P06276_CHEMBL5404463,P06276,7.13,,,0.7466
P06276_CHEMBL5425753,P06276,6.71,,,0.7705
P06276_CHEMBL5411758,P06276,7.3,,,0.8447
P06276_CHEMBL5429690,P06276,7.22,,,0.6528
P06276_CHEMBL5401121,P06276,6.52,,,0.6348
P06276_CHEMBL5440083,P06276,5.6,,,0.6348
P06276_CHEMBL5425341,P06276,6.05,,,0.6665
P06276_CHEMBL5436185,P06276,6.22,,,0.7021
P06276_CHEMBL5434452,P06276,6.16,,,0.7236
P06276_CHEMBL5403457,P06276,6.095,,,0.8262
P06276_CHEMBL5406359,P06276,5.2,,,0.4934
P06276_CHEMBL5430829,P06276,6.05,,,0.6113
P06276_CHEMBL5411397,P06276,5.52,,,0.7778
P06276_CHEMBL5422050,P06276,6.8100000000000005,,,0.7422
P06276_CHEMBL5412500,P06276,5.475,,,0.769
P06276_CHEMBL5414873,P06276,5.885,,,0.6719
P06276_CHEMBL5419243,P06276,4.43,,,0.6392
P06276_CHEMBL5417346,P06276,5.22,,,0.9243
P06276_CHEMBL5426103,P06276,4.22,,,0.6392
P06276_CHEMBL5440753,P06276,4.4,,,0.9243
P06276_CHEMBL5434553,P06276,4.6,,,0.9243
P06276_CHEMBL5396497,P06276,5.4,,,0.9072
P06276_CHEMBL5433692,P06276,5.5,,,0.6665
P06276_CHEMBL5429608,P06276,6.83,,,0.5498
P06276_CHEMBL5396394,P06276,7.94,,,0.5483
P06276_CHEMBL5435599,P06276,7.88,,,0.5591
P06276_CHEMBL5426763,P06276,8.28,,,0.541
P06276_CHEMBL5407369,P06276,7.94,,,0.5078
P06276_CHEMBL5405546,P06276,7.34,,,0.7031
P06276_CHEMBL5426641,P06276,7.51,,,0.4194
P06276_CHEMBL5412278,P06276,4.41,,,0.5522
P06276_CHEMBL5412829,P06276,6.8,,,0.5498
P06276_CHEMBL5408735,P06276,6.04,,,0.5
P06276_CHEMBL5422875,P06276,5.5,,,0.5771
P06276_CHEMBL5427320,P06276,4.46,,,0.4375
P06276_CHEMBL5416357,P06276,4.33,,,0.4126
P06276_CHEMBL5419364,P06276,6.15,,,0.7578
P06276_CHEMBL5436261,P06276,6.0,,,0.625
P06276_CHEMBL5405496,P06276,5.14,,,0.5513
P06276_CHEMBL5415210,P06276,5.74,,,0.5923
P06276_CHEMBL5440573,P06276,5.1,,,0.604
P06276_CHEMBL5416559,P06276,5.6,,,0.6938
P06276_CHEMBL5418400,P06276,7.0,,,0.6123
P06276_CHEMBL5417185,P06276,6.54,,,0.5928
P06276_CHEMBL5408893,P06276,8.22,,,0.4839
P06276_CHEMBL5415204,P06276,6.8,,,0.6528
P06276_CHEMBL5439292,P06276,6.6,,,0.6841
P06276_CHEMBL5433937,P06276,6.7,,,0.7554
P06276_CHEMBL5439067,P06276,6.7,,,0.7446
P06276_CHEMBL5438175,P06276,6.1,,,0.646
P06276_CHEMBL5430903,P06276,4.42,,,0.4893
P06276_CHEMBL5398901,P06276,6.56,,,0.8169
P06276_CHEMBL5415150,P06276,5.8,,,0.5127
P06276_CHEMBL5399673,P06276,4.6,,,0.4211
P06276_CHEMBL5438801,P06276,6.52,,,0.9136
P06276_CHEMBL5431870,P06276,6.05,,,0.7812
P06276_CHEMBL5416710,P06276,5.04,,,0.3872
P06276_CHEMBL5439093,P06276,4.7,,,0.4211
P06276_CHEMBL5412564,P06276,6.72,,,0.6963
P06276_CHEMBL5409365,P06276,7.13,,,0.6729
P06276_CHEMBL5411394,P06276,4.98,,,0.873
P06276_CHEMBL5401934,P06276,7.16,,,0.5371
P06276_CHEMBL5418088,P06276,6.39,,,0.6841
P06276_CHEMBL5436917,P06276,6.55,,,0.6089
P06276_CHEMBL5426401,P06276,4.92,,,0.6748
P06276_CHEMBL5414920,P06276,6.68,,,0.5415
P06276_CHEMBL5395541,P06276,6.16,,,0.6787
P06276_CHEMBL5401178,P06276,5.93,,,0.6665
P06276_CHEMBL5412854,P06276,5.62,,,0.625
P06276_CHEMBL5409352,P06276,8.16,,,0.7236
P06276_CHEMBL5433139,P06276,7.12,,,0.6719
P07333_CHEMBL5405436,P07333,7.6,,,0.7017
P07333_CHEMBL5418732,P07333,8.21,8.21,8.21,0.5244
P07333_CHEMBL5415503,P07333,7.0,,,0.4824
P07333_CHEMBL5428147,P07333,5.64,5.64,5.64,0.4604
P07333_CHEMBL5430774,P07333,7.16,7.16,7.16,0.4736
P07333_CHEMBL5438171,P07333,7.31,7.31,7.31,0.4546
P07333_CHEMBL5427025,P07333,7.38,7.38,7.38,0.4343
P07333_CHEMBL5422579,P07333,6.8,6.8,6.8,0.5
P07333_CHEMBL5422465,P07333,9.1,,,0.6304
P07333_CHEMBL5417607,P07333,9.4,9.4,9.4,0.6304
P07333_CHEMBL5407395,P07333,7.77,9.3,9.3,0.4727
P07333_CHEMBL5431736,P07333,9.0,9.0,9.0,0.4644
P07333_CHEMBL5417420,P07333,8.89,8.89,8.89,0.5
P07333_CHEMBL5406229,P07333,8.59,8.59,8.59,0.5322
P07333_CHEMBL5424810,P07333,6.89,,,0.4788
P07333_CHEMBL5401076,P07333,8.34,8.34,8.34,0.5322
P07333_CHEMBL5404686,P07333,8.35,9.52,9.52,0.4531
P07333_CHEMBL5400254,P07333,8.06,8.06,8.06,0.4905
P07333_CHEMBL5399299,P07333,7.96,,,0.4839
P07333_CHEMBL5394928,P07333,8.46,8.46,8.46,0.4736
P07333_CHEMBL5418474,P07333,8.43,,,0.5693
P07333_CHEMBL5431583,P07333,8.885,,,0.5933
P07333_CHEMBL5413223,P07333,8.96,8.96,8.96,0.5918
P07333_CHEMBL5432592,P07333,8.68,,,0.5625
P07333_CHEMBL5436096,P07333,8.21,8.55,8.55,0.6313
P07333_CHEMBL5417945,P07333,7.845000000000001,8.55,8.55,0.5576
P07333_CHEMBL5438430,P07333,8.43,,,0.4929
P07333_CHEMBL5405639,P07333,7.82,7.82,7.82,0.6294
P07333_CHEMBL5410996,P07333,8.57,8.57,8.57,0.7144
P07333_CHEMBL5434318,P07333,9.52,9.52,9.52,0.5078
P07333_CHEMBL5429835,P07333,8.64,8.64,8.64,0.5093
P07333_CHEMBL5432649,P07333,9.52,,,0.5078
P07333_CHEMBL5410355,P07333,8.64,,,0.5186
P07333_CHEMBL5403478,P07333,8.96,,,0.5078
P07333_CHEMBL5428255,P07333,8.14,8.14,8.14,0.5186
P07333_CHEMBL5426924,P07333,8.6,,,0.5
P07333_CHEMBL5428593,P07333,8.42,8.42,8.42,0.5
P07333_CHEMBL5397493,P07333,8.54,8.54,8.54,0.4822
P07333_CHEMBL5424694,P07333,9.0,9.0,9.0,0.5093
P07333_CHEMBL5403333,P07333,8.66,8.66,8.66,0.4905
P07333_CHEMBL5419520,P07333,6.9,6.9,7.7250000000000005,0.6104
P07333_CHEMBL5406951,P07333,8.55,8.55,7.7250000000000005,0.6104
P07333_CHEMBL5416633,P07333,7.28,,,0.4412
P07333_CHEMBL5431035,P07333,7.96,7.96,7.96,0.4473
P07333_CHEMBL5416379,P07333,7.545,6.98,6.98,0.4595
P07333_CHEMBL5416772,P07333,6.6,6.39,6.39,0.4927
P07333_CHEMBL5415647,P07333,7.52,7.1,7.1,0.4521
P07333_CHEMBL5425883,P07333,9.4,,,0.5361
P07333_CHEMBL5406771,P07333,9.1,,,0.6191
P07333_CHEMBL5439547,P07333,8.7,8.7,8.7,0.6499
P07333_CHEMBL5435513,P07333,7.75,7.75,7.75,0.4648
P07333_CHEMBL5411378,P07333,8.89,8.89,8.89,0.6665
P07333_CHEMBL5430633,P07333,7.21,7.21,7.21,0.5083
P07333_CHEMBL5414671,P07333,8.24,,,0.4919
P07333_CHEMBL5411522,P07333,8.28,8.28,8.28,0.5645
P07333_CHEMBL5399857,P07333,8.57,,,0.4575
P07333_CHEMBL5408316,P07333,8.38,,,0.4912
P07333_CHEMBL5398307,P07333,7.26,7.26,7.26,0.4626
P07333_CHEMBL5440766,P07333,7.42,8.77,8.77,0.5933
P07333_CHEMBL5414964,P07333,8.62,,,0.4919
P07333_CHEMBL5431785,P07333,7.96,,,0.5
P07333_CHEMBL5395449,P07333,8.92,,,0.4558
P07333_CHEMBL5405206,P07333,9.4,,,0.4583
P07333_CHEMBL5439126,P07333,8.64,9.52,9.52,0.5073
P07333_CHEMBL5417719,P07333,6.56,,,0.4924
P07333_CHEMBL5397426,P07333,7.54,,,0.4924
P07333_CHEMBL5418087,P07333,7.515000000000001,,,0.4922
P07333_CHEMBL5430348,P07333,9.4,9.4,9.4,0.4658
P07333_CHEMBL5428404,P07333,9.3,9.3,9.3,0.4707
P07333_CHEMBL5410595,P07333,8.89,8.89,8.89,0.4822
P07333_CHEMBL5420485,P07333,8.055,,,0.5156
P07333_CHEMBL5397490,P07333,8.05,8.85,8.85,0.5396
P07333_CHEMBL5411617,P07333,9.4,9.4,9.4,0.4854
P07333_CHEMBL5404033,P07333,8.685,,,0.4678
P07333_CHEMBL5398778,P07333,8.254999999999999,7.77,7.77,0.5669
P07333_CHEMBL5436321,P07333,8.085,,,0.4839
P07333_CHEMBL5417494,P07333,9.15,9.15,9.15,0.5156
P07333_CHEMBL5435576,P07333,8.74,8.74,8.74,0.5186
P07333_CHEMBL5431339,P07333,6.75,,,0.625
P07333_CHEMBL5397557,P07333,8.08,,,0.8042
P07333_CHEMBL5439143,P07333,7.37,,,0.814
P08183_CHEMBL5425185,P08183,6.73,,,0.6758
P08183_CHEMBL5437398,P08183,6.51,,,0.4773
P08183_CHEMBL5436340,P08183,6.34,,,0.4634
P08183_CHEMBL5429850,P08183,8.015,,,0.5454
P08183_CHEMBL5430468,P08183,5.57,,,0.627
P08183_CHEMBL5413805,P08183,5.53,,,0.627
P08183_CHEMBL5434737,P08183,5.83,,,0.6152
P08183_CHEMBL5438188,P08183,6.83,,,0.5264
P08183_CHEMBL5439235,P08183,5.885,,,0.5454
P08183_CHEMBL5419493,P08183,5.69,,,0.5537
P08183_CHEMBL5405329,P08183,5.27,,,0.7168
P08183_CHEMBL5421503,P08183,4.61,,,0.6611
P08183_CHEMBL5405630,P08183,5.1,,,0.6001
P08183_CHEMBL5399482,P08183,5.62,,,0.4285
P08183_CHEMBL5417686,P08183,5.92,,,0.5063
P08183_CHEMBL5400964,P08183,6.24,,,0.6104
P08183_CHEMBL5426932,P08183,5.89,,,0.449
P08183_CHEMBL5437506,P08183,5.48,,,0.4319
P08183_CHEMBL5415709,P08183,6.45,,,0.6104
P08183_CHEMBL5438538,P08183,5.92,,,0.6206
P08183_CHEMBL5425919,P08183,6.31,,,0.6104
P08183_CHEMBL5402480,P08183,6.02,,,0.6104
P08183_CHEMBL5418484,P08183,5.85,,,0.6104
P08183_CHEMBL5441059,P08183,6.28,,,0.522
P08183_CHEMBL5420094,P08183,6.61,,,0.5405
P08183_CHEMBL5412607,P08183,5.9,,,0.5264
P08183_CHEMBL5437560,P08183,7.55,,,0.5293
P08183_CHEMBL5415893,P08183,5.92,,,0.4824
P08183_CHEMBL5436448,P08183,5.8,,,0.5571
P08183_CHEMBL5396671,P08183,5.77,,,0.5122
P08183_CHEMBL5407482,P08183,5.87,,,0.5317
P08183_CHEMBL5407412,P08183,5.72,,,0.5601
P08183_CHEMBL5431081,P08183,6.04,,,0.5249
P08183_CHEMBL5412371,P08183,5.77,,,0.5117
P08183_CHEMBL5425892,P08183,5.72,,,0.5781
P08183_CHEMBL5399662,P08183,6.38,,,0.5117
P08183_CHEMBL5426025,P08183,5.91,,,0.4827
P08183_CHEMBL5398052,P08183,5.75,,,0.5186
P08183_CHEMBL5407313,P08183,5.88,,,0.54
P08183_CHEMBL5407159,P08183,6.05,,,0.5791
P08183_CHEMBL5421510,P08183,5.87,,,0.5059
P08183_CHEMBL5414246,P08183,5.32,,,0.4883
P08183_CHEMBL5416933,P08183,5.79,,,0.5186
P08183_CHEMBL5411388,P08183,6.27,,,0.5059
P08183_CHEMBL5401765,P08183,7.89,,,0.5186
P08183_CHEMBL5428669,P08183,6.23,,,0.5186
P08183_CHEMBL5438795,P08183,6.29,,,0.5347
P08183_CHEMBL5418459,P08183,5.67,,,0.5361
P08183_CHEMBL5394148,P08183,6.94,,,0.5625
P08183_CHEMBL5419927,P08183,7.32,,,0.521
P08183_CHEMBL5396336,P08183,6.47,,,0.5859
P08183_CHEMBL5404144,P08183,6.69,,,0.543
P08183_CHEMBL5400694,P08183,6.98,,,0.543
P08183_CHEMBL5423555,P08183,5.51,,,0.5674
P08183_CHEMBL5422672,P08183,5.75,,,0.6152
P08183_CHEMBL5436137,P08183,5.69,,,0.6152
P08183_CHEMBL5399386,P08183,6.3,,,0.6211
P08183_CHEMBL5426234,P08183,5.79,,,0.623
P08183_CHEMBL5414919,P08183,6.05,,,0.6152
P08183_CHEMBL5434966,P08183,5.83,,,0.6406
P08183_CHEMBL5394194,P08183,6.07,,,0.6167
P08183_CHEMBL5416906,P08183,5.83,,,0.6094
P08183_CHEMBL5407375,P08183,5.61,,,0.6094
P08183_CHEMBL5432918,P08183,6.25,,,0.5967
P08183_CHEMBL5422643,P08183,6.19,,,0.6348
P08183_CHEMBL5431776,P08183,5.31,,,0.6787
P08183_CHEMBL5411739,P08183,5.73,,,0.6333
P08183_CHEMBL5429916,P08183,6.03,,,0.623
P08183_CHEMBL5401629,P08183,5.54,,,0.623
P08183_CHEMBL5409465,P08183,5.49,,,0.6553
P08183_CHEMBL5420038,P08183,5.93,,,0.6089
P08183_CHEMBL5424759,P08183,6.36,,,0.5806
P08183_CHEMBL5416557,P08183,5.97,,,0.6665
P08183_CHEMBL5407483,P08183,6.06,,,0.6431
P08183_CHEMBL5423562,P08183,6.2,,,0.603
P08183_CHEMBL5402347,P08183,7.0,,,0.5576
P08183_CHEMBL5396962,P08183,6.33,,,0.5317
P08183_CHEMBL5412611,P08183,6.34,,,0.5806
P08183_CHEMBL5400984,P08183,6.82,,,0.5288
P08183_CHEMBL5438614,P08183,5.73,,,0.5059
P08183_CHEMBL5426953,P08183,6.16,,,0.7461
P08183_CHEMBL5408118,P08183,7.805,,,0.6665
P08183_CHEMBL5439145,P08183,7.82,,,0.6665
P08684_CHEMBL5441414,P08684,5.68,,,0.3767
P08684_CHEMBL5441415,P08684,5.43,,,0.3767
P08684_CHEMBL5441417,P08684,5.5,,,0.4575
P08684_CHEMBL5409856,P08684,5.65,5.6458917,5.6458917,0.7798
P08684_CHEMBL5422322,P08684,5.43,5.434152,5.434152,0.793
P08684_CHEMBL5405570,P08684,5.2,5.1965427,5.1965427,0.7832
P08684_CHEMBL5419165,P08684,5.0,,,0.3977
P08684_CHEMBL5412917,P08684,5.0,,,0.5288
P08684_CHEMBL5395642,P08684,4.9,,,0.8027
P08684_CHEMBL5401381,P08684,5.93,,,0.5845
P08684_CHEMBL5429440,P08684,5.36,,,0.5845
P08684_CHEMBL5435085,P08684,5.3,,,0.6001
P08684_CHEMBL5441413,P08684,5.51,,,0.4194
P08684_CHEMBL5441401,P08684,5.74,,,0.3896
P08684_CHEMBL5439866,P08684,5.6,,,0.5884
P08684_CHEMBL5412953,P08684,5.3,,,0.7559
P08684_CHEMBL5420409,P08684,4.82,,,1.0
P08684_CHEMBL5439131,P08684,5.24,,,0.7793
P08684_CHEMBL5420055,P08684,5.295,,,0.7627
P08684_CHEMBL5403040,P08684,6.11,,,0.7236
P08684_CHEMBL5435819,P08684,4.61,,,0.8062
P08684_CHEMBL5403485,P08684,7.08,,,0.7114
P08684_CHEMBL5427758,P08684,6.99,,,0.6665
P08684_CHEMBL5410914,P08684,6.59,,,0.646
P08684_CHEMBL5411496,P08684,7.16,,,0.729
P08684_CHEMBL5430409,P08684,6.92,,,0.7349
P08684_CHEMBL5396316,P08684,7.11,,,0.7046
P08684_CHEMBL5408831,P08684,7.03,,,0.7236
P08684_CHEMBL5416830,P08684,5.55,,,0.769
P08684_CHEMBL5404974,P08684,6.57,,,0.6807
P08684_CHEMBL5441398,P08684,4.59,,,0.4033
P08684_CHEMBL5425736,P08684,7.05,,,0.7393
P08684_CHEMBL5402399,P08684,6.65,,,0.6226
P08684_CHEMBL5416061,P08684,6.73,,,0.686
P08684_CHEMBL5400274,P08684,6.8,,,0.7554
P08684_CHEMBL5425498,P08684,6.0,,,0.5288
P08684_CHEMBL5395411,P08684,4.95,,,0.9707
P08684_CHEMBL5418212,P08684,4.96,,,0.6812
P08684_CHEMBL5395688,P08684,5.18,,,0.6704
P08684_CHEMBL5435782,P08684,4.77,,,0.7949
P08684_CHEMBL5430709,P08684,5.26,,,0.6743
P08684_CHEMBL5406811,P08684,4.51,,,0.5303
P08684_CHEMBL5395784,P08684,5.7,,,0.4875
P08684_CHEMBL5424297,P08684,4.43,4.4317985,4.4317985,0.6621
P08684_CHEMBL5441391,P08684,5.06,,,0.3333
P08684_CHEMBL5432620,P08684,5.58,5.5850267,5.5850267,0.6724
P08684_CHEMBL5412197,P08684,5.335,,,1.0
P08684_CHEMBL5397192,P08684,7.12,,,0.6138
P08684_CHEMBL5422931,P08684,7.36,,,0.7856
P08684_CHEMBL5428544,P08684,7.19,,,0.8569
P08684_CHEMBL5407563,P08684,6.99,,,0.7251
P08684_CHEMBL5427813,P08684,6.94,,,0.7319
P08684_CHEMBL5429860,P08684,4.495,,,0.5571
P08684_CHEMBL5418057,P08684,6.89,,,0.6807
P08684_CHEMBL5419892,P08684,6.22,,,0.8262
P08684_CHEMBL5420576,P08684,6.4,,,0.6763
P08908_CHEMBL5433300,P08908,5.72,,,0.7021
P08908_CHEMBL5405562,P08908,5.52,,,0.7827
P08908_CHEMBL5406900,P08908,5.22,,,0.6938
P08908_CHEMBL5397704,P08908,5.94,,,0.6226
P08908_CHEMBL5405414,P08908,5.38,,,0.5488
P08908_CHEMBL5419441,P08908,5.64,,,0.5894
P08908_CHEMBL5416678,P08908,5.23,,,0.5518
P08908_CHEMBL5433857,P08908,5.39,,,0.7236
P08908_CHEMBL5400892,P08908,5.33,,,0.5239
P08908_CHEMBL5410706,P08908,5.68,,,0.5938
P08908_CHEMBL5420304,P08908,5.43,,,0.6938
P08908_CHEMBL5434373,P08908,5.42,,,0.6665
P08908_CHEMBL5412886,P08908,8.19,,,0.6309
P08908_CHEMBL5424897,P08908,6.97,,,0.5601
P08908_CHEMBL5409134,P08908,7.34,,,0.6562
P08908_CHEMBL5437660,P08908,7.26,,,0.5576
P08908_CHEMBL5408223,P08908,8.11,,,0.6924
P08908_CHEMBL5404054,P08908,7.12,,,0.7163
P08908_CHEMBL5436003,P08908,5.45,,,0.6602
P08908_CHEMBL5423649,P08908,5.54,,,0.6045
P08908_CHEMBL5395867,P08908,6.05,,,0.6528
P08908_CHEMBL5406837,P08908,5.76,,,0.7446
P08908_CHEMBL5397523,P08908,5.12,,,0.7271
P08908_CHEMBL5434229,P08908,8.02,,,0.6055
P08908_CHEMBL5431103,P08908,8.22,,,0.7759
P08908_CHEMBL5403268,P08908,7.16,,,0.6763
P08908_CHEMBL5422870,P08908,6.66,,,0.6484
P08908_CHEMBL5403204,P08908,7.57,,,0.6523
P08908_CHEMBL5418283,P08908,6.08,,,0.6499
P08908_CHEMBL5427695,P08908,7.47,,,0.6831
P08908_CHEMBL5415412,P08908,8.31,,,0.73
P08908_CHEMBL5425252,P08908,7.21,,,0.7798
P08908_CHEMBL5400232,P08908,7.6,,,0.772
P08908_CHEMBL5404031,P08908,8.39,,,0.623
P08908_CHEMBL5407925,P08908,5.43,,,0.5415
P08908_CHEMBL5402096,P08908,5.29,,,0.6274
P08908_CHEMBL5435580,P08908,7.85,,,0.6865
P08908_CHEMBL5411002,P08908,6.5,,,0.623
P08908_CHEMBL5424052,P08908,6.94,,,0.623
P08908_CHEMBL5422196,P08908,7.64,,,0.6665
P08908_CHEMBL5429491,P08908,7.54,,,0.6553
P08908_CHEMBL5395668,P08908,7.43,,,0.6553
P08908_CHEMBL5420627,P08908,6.39,,,0.6333
P08908_CHEMBL5439203,P08908,6.86,,,0.709
P08908_CHEMBL5436641,P08908,7.65,,,0.6484
P08908_CHEMBL5429826,P08908,6.74,,,0.7222
P09874_CHEMBL5399361,P09874,7.81,,,0.6626
P09874_CHEMBL5395127,P09874,8.38,8.38,8.38,0.6626
P09874_CHEMBL5411930,P09874,8.08,8.08,8.08,0.4263
P09874_CHEMBL5419831,P09874,8.46,8.46,8.46,0.7368
P09874_CHEMBL5400153,P09874,8.01,8.01,8.01,0.7295
P09874_CHEMBL5434732,P09874,8.05,8.05,8.05,0.6533
P09874_CHEMBL5406001,P09874,8.52,8.52,8.52,0.709
P09874_CHEMBL5432851,P09874,8.33,8.33,8.33,0.7222
P09874_CHEMBL5428217,P09874,8.3,8.3,8.3,0.6943
P09874_CHEMBL5435200,P09874,7.05,7.05,7.05,0.5625
P09874_CHEMBL5421873,P09874,6.17,6.17,6.17,0.4927
P09874_CHEMBL5423934,P09874,8.44,8.44,8.44,0.6328
P09874_CHEMBL5423161,P09874,8.31,8.31,8.31,0.625
P09874_CHEMBL5411446,P09874,8.64,8.64,8.64,0.4194
P09874_CHEMBL5435531,P09874,8.2,8.2,8.2,0.4482
P09874_CHEMBL5404171,P09874,8.52,8.52,8.52,0.6587
P09874_CHEMBL5432860,P09874,8.43,,,0.6665
P09874_CHEMBL5437947,P09874,8.57,8.57,8.57,0.7534
P09874_CHEMBL5394020,P09874,8.56,8.56,8.56,0.7632
P09874_CHEMBL5425070,P09874,9.02,9.02,9.02,0.6504
P09874_CHEMBL5433754,P09874,4.2,,,0.5146
P09874_CHEMBL5393999,P09874,8.62,8.62,8.62,0.709
P09874_CHEMBL5435418,P09874,8.87,8.87,8.87,0.6665
P09874_CHEMBL5437680,P09874,6.98,6.98,6.98,0.6001
P09874_CHEMBL5422955,P09874,6.18,6.18,6.18,0.4753
P09874_CHEMBL5421652,P09874,6.86,6.86,6.86,0.446
P09874_CHEMBL5409104,P09874,6.89,6.89,6.89,0.5713
P09874_CHEMBL5427401,P09874,7.06,,,0.5132
P09874_CHEMBL5396940,P09874,6.89,6.89,6.89,0.5142
P09874_CHEMBL5425005,P09874,6.96,6.96,6.96,0.5454
P09874_CHEMBL5431841,P09874,7.0,7.0,7.0,0.5371
P09874_CHEMBL5397084,P09874,6.89,6.89,6.89,0.4729
P09874_CHEMBL5396037,P09874,6.09,6.09,6.09,0.4211
P09874_CHEMBL5408420,P09874,8.42,8.42,8.42,0.7061
P09874_CHEMBL5426926,P09874,6.98,6.98,6.98,0.5479
P09874_CHEMBL5433982,P09874,8.09,8.09,8.09,0.6914
P09874_CHEMBL5419303,P09874,9.07,9.07,9.07,0.6748
P09874_CHEMBL5421189,P09874,8.05,8.05,8.05,0.6875
P09874_CHEMBL5416514,P09874,7.1,7.1,7.1,0.4778
P09874_CHEMBL5393855,P09874,6.91,6.91,6.91,0.5835
P09874_CHEMBL5411021,P09874,6.1,6.1,6.1,0.6025
P09874_CHEMBL5407371,P09874,7.41,7.41,7.41,0.5288
P09874_CHEMBL5420282,P09874,6.1,,,0.543
P09874_CHEMBL5422190,P09874,7.89,7.89,7.89,0.6665
P09874_CHEMBL5432591,P09874,6.93,6.93,6.93,0.5073
P09874_CHEMBL5438098,P09874,5.95,5.95,5.95,0.6714
P09874_CHEMBL5420649,P09874,9.4,9.4,8.85051499783199,1.0
P09874_CHEMBL5427942,P09874,6.02,,,0.5107
P09874_CHEMBL5433095,P09874,6.78,6.78,6.78,0.5156
P09874_CHEMBL5437110,P09874,6.47,6.47,6.47,0.5874
P09874_CHEMBL5431101,P09874,6.31,6.31,6.31,0.5596
P09874_CHEMBL5394860,P09874,6.43,6.43,6.43,0.5
P09874_CHEMBL5409257,P09874,6.33,6.33,6.33,0.6001
P09874_CHEMBL5431329,P09874,6.79,6.79,6.79,0.5596
P09874_CHEMBL5404678,P09874,6.85,6.85,6.85,0.5928
P09874_CHEMBL5417871,P09874,7.02,7.02,7.02,0.6074
P09874_CHEMBL5413064,P09874,6.93,6.93,6.93,0.5356
P09874_CHEMBL5420171,P09874,6.17,,,0.6055
P09874_CHEMBL5410421,P09874,6.12,6.12,6.12,0.6133
P09874_CHEMBL5397810,P09874,6.46,6.46,6.46,0.5493
P09874_CHEMBL5421786,P09874,6.78,6.78,6.78,0.5713
P09874_CHEMBL5424475,P09874,6.85,6.85,6.85,0.6665
P09874_CHEMBL5438488,P09874,6.69,6.69,6.69,0.5806
P09874_CHEMBL5415928,P09874,7.08,7.08,7.08,0.6187
P09874_CHEMBL5398663,P09874,6.19,6.19,6.19,0.7002
P09874_CHEMBL5403416,P09874,7.25,7.25,7.25,0.4558
P09874_CHEMBL5441085,P09874,8.52,8.52,8.52,0.625
P09874_CHEMBL5398128,P09874,7.07,7.07,7.07,0.4932
P09874_CHEMBL5429533,P09874,6.82,6.82,6.82,0.5581
P09874_CHEMBL5428997,P09874,8.06,8.06,8.06,0.5
P09874_CHEMBL5428376,P09874,9.62,9.62,9.62,0.7104
P09874_CHEMBL5393840,P09874,6.17,,,0.6304
P09874_CHEMBL5438131,P09874,7.87,7.87,7.87,0.7593
P09874_CHEMBL5401937,P09874,7.8,7.8,7.8,0.7964
P09874_CHEMBL5424406,P09874,6.96,6.96,6.96,0.5
P09874_CHEMBL5427132,P09874,8.67,8.67,8.67,0.6924
P09874_CHEMBL5434068,P09874,6.97,6.97,6.97,0.625
P09874_CHEMBL5431934,P09874,6.01,6.01,6.01,0.6172
P09874_CHEMBL5411944,P09874,9.29,9.29,9.29,0.6025
P09874_CHEMBL5400911,P09874,7.3,7.3,7.3,0.4375
P09874_CHEMBL5405947,P09874,6.71,6.71,6.71,0.625
P09874_CHEMBL5430669,P09874,5.26,5.26,5.26,0.6172
P09874_CHEMBL5404605,P09874,9.64,9.64,9.64,0.6748
P09874_CHEMBL5398361,P09874,8.52,8.52,8.52,0.7964
P09874_CHEMBL5403532,P09874,6.89,6.89,6.89,0.5884
P09874_CHEMBL5427693,P09874,7.01,7.01,7.01,0.5674
P09874_CHEMBL5428981,P09874,6.71,6.71,6.71,0.4939
P09874_CHEMBL5417544,P09874,8.29,,,0.5684
P09874_CHEMBL5407016,P09874,8.22,8.22,8.22,0.6182
P09874_CHEMBL5427365,P09874,8.89,8.89,8.89,0.6377
P09874_CHEMBL5427638,P09874,8.07,8.07,8.07,0.7002
P09874_CHEMBL5417122,P09874,7.43,7.43,7.43,0.6885
P09874_CHEMBL5440303,P09874,8.03,8.03,8.03,0.8198
P09874_CHEMBL5403607,P09874,8.57,8.57,8.57,0.8335
P09874_CHEMBL5403789,P09874,9.76,9.76,9.76,0.7935
P09874_CHEMBL5417924,P09874,8.25,8.25,8.25,0.709
P09874_CHEMBL5437055,P09874,7.21,7.21,7.21,0.7598
P09874_CHEMBL5436743,P09874,7.64,7.64,7.64,0.7598
P09874_CHEMBL5412306,P09874,8.63,8.63,8.63,0.6953
P09874_CHEMBL5423216,P09874,8.21,8.21,8.21,0.6914
P09874_CHEMBL5410501,P09874,9.02,9.02,9.02,0.6875
P09874_CHEMBL5432616,P09874,8.9,8.9,8.9,0.6875
P09874_CHEMBL5425729,P09874,9.77,9.77,9.77,0.6792
P09874_CHEMBL5429957,P09874,8.89,8.89,8.89,0.6709
P09874_CHEMBL5401127,P09874,10.7,10.7,10.7,0.6431
P09874_CHEMBL5408163,P09874,9.13,9.13,9.13,0.7012
P09874_CHEMBL5416682,P09874,7.33,7.33,7.33,0.6665
P09874_CHEMBL5425393,P09874,9.59,9.59,9.59,0.7471
P09874_CHEMBL5421957,P09874,9.01,9.01,9.01,0.7202
P09874_CHEMBL5395197,P09874,9.36,9.36,9.36,0.7295
P09874_CHEMBL5397203,P09874,8.72,8.72,8.72,0.8472
P09874_CHEMBL5434897,P09874,7.76,7.76,7.76,0.6528
P09874_CHEMBL5414478,P09874,8.01,8.01,8.01,0.644
P09874_CHEMBL5439635,P09874,8.85,8.85,8.85,0.6479
P09874_CHEMBL5416806,P09874,8.54,8.54,8.54,0.6387
P09874_CHEMBL5423072,P09874,8.99,8.99,8.99,0.6431
P09874_CHEMBL5428859,P09874,8.36,8.36,8.36,0.7231
P09874_CHEMBL5421933,P09874,8.42,8.42,8.42,0.7085
P09874_CHEMBL5419639,P09874,8.01,8.01,8.01,0.7222
P09874_CHEMBL5397373,P09874,8.61,8.61,8.61,0.6802
P09874_CHEMBL5421335,P09874,8.62,8.62,8.62,0.6709
P09874_CHEMBL5437813,P09874,8.68,8.68,8.68,0.709
P09874_CHEMBL5414994,P09874,7.77,7.77,7.77,0.75
P09874_CHEMBL5418896,P09874,8.6,8.6,8.6,0.6973
P09874_CHEMBL5432033,P09874,7.96,7.96,7.96,0.731
P09874_CHEMBL5428478,P09874,6.02,6.02,6.02,0.7222
P09874_CHEMBL5408263,P09874,5.68,5.68,5.68,0.7026
P0DTD1_CHEMBL5401763,P0DTD1,4.46,,,0.6665
P0DTD1_CHEMBL5407849,P0DTD1,4.66,,,0.6265
P0DTD1_CHEMBL5435659,P0DTD1,4.92,,,0.5923
P0DTD1_CHEMBL5409319,P0DTD1,5.52,,,0.7793
P0DTD1_CHEMBL5396631,P0DTD1,5.55,,,0.7793
P0DTD1_CHEMBL5401883,P0DTD1,6.665,,,0.8569
P0DTD1_CHEMBL5406957,P0DTD1,5.33,,,0.7656
P0DTD1_CHEMBL5399907,P0DTD1,5.36,,,0.8613
P0DTD1_CHEMBL5423593,P0DTD1,6.64,,,0.7998
P0DTD1_CHEMBL5430129,P0DTD1,6.6,,,0.5557
P0DTD1_CHEMBL5408402,P0DTD1,6.24,,,0.7046
P0DTD1_CHEMBL5441037,P0DTD1,6.43,,,0.7559
P0DTD1_CHEMBL5418476,P0DTD1,6.91,,,0.7998
P0DTD1_CHEMBL5429971,P0DTD1,5.16,,,0.4624
P0DTD1_CHEMBL5429672,P0DTD1,6.38,,,0.7402
P0DTD1_CHEMBL5412724,P0DTD1,6.41,,,0.8472
P0DTD1_CHEMBL5441950,P0DTD1,5.9,,,0.3928
P0DTD1_CHEMBL5441791,P0DTD1,6.59,,,0.4624
P0DTD1_CHEMBL5411271,P0DTD1,6.26,,,0.5835
P0DTD1_CHEMBL5441510,P0DTD1,6.69,,,0.4568
P0DTD1_CHEMBL5441605,P0DTD1,4.84,,,0.5347
P0DTD1_CHEMBL5441935,P0DTD1,4.635,,,0.5244
P0DTD1_CHEMBL5441732,P0DTD1,5.51,,,0.4119
P0DTD1_CHEMBL5441826,P0DTD1,5.83,,,0.3999
P0DTD1_CHEMBL5426704,P0DTD1,5.98,,,0.6382
P0DTD1_CHEMBL5415290,P0DTD1,6.71,,,0.877
P0DTD1_CHEMBL5427537,P0DTD1,6.67,,,0.8062
P0DTD1_CHEMBL5434998,P0DTD1,6.01,,,0.3542
P0DTD1_CHEMBL5414443,P0DTD1,7.11,,,0.5522
P0DTD1_CHEMBL5438575,P0DTD1,6.98,,,0.5957
P0DTD1_CHEMBL5409804,P0DTD1,7.3,,,0.5889
P0DTD1_CHEMBL5403964,P0DTD1,7.47,,,0.5825
P0DTD1_CHEMBL5408555,P0DTD1,6.02,,,0.5586
P0DTD1_CHEMBL5397992,P0DTD1,5.76,,,0.5425
P0DTD1_CHEMBL5440889,P0DTD1,5.52,,,0.6128
P0DTD1_CHEMBL5434494,P0DTD1,6.38,,,0.5532
P0DTD1_CHEMBL5425267,P0DTD1,6.25,,,0.6455
P0DTD1_CHEMBL5432119,P0DTD1,8.51,,8.094303657420888,1.0
P0DTD1_CHEMBL5441539,P0DTD1,6.55,,,0.427
P0DTD1_CHEMBL5441427,P0DTD1,7.140000000000001,,,0.3918
P0DTD1_CHEMBL5441471,P0DTD1,5.94,,,0.5
P0DTD1_CHEMBL5395936,P0DTD1,6.64,,,0.8335
P0DTD1_CHEMBL5410610,P0DTD1,5.15,,,0.7407
P0DTD1_CHEMBL5403352,P0DTD1,4.96,,,0.7896
P0DTD1_CHEMBL5441402,P0DTD1,6.91,,,0.427
P0DTD1_CHEMBL5441700,P0DTD1,4.91,,,0.3918
P0DTD1_CHEMBL5424128,P0DTD1,5.08,,,0.4736
P0DTD1_CHEMBL5407708,P0DTD1,5.39,,,0.3901
P0DTD1_CHEMBL5432454,P0DTD1,6.41,,,0.4199
P0DTD1_CHEMBL5413385,P0DTD1,6.555,,,0.7368
P0DTD1_CHEMBL5396481,P0DTD1,6.66,,,0.7466
P0DTD1_CHEMBL5414071,P0DTD1,6.619999999999999,,,0.8135
P0DTD1_CHEMBL5420595,P0DTD1,6.7,,,0.7368
P0DTD1_CHEMBL5428994,P0DTD1,6.51,,,0.7969
P0DTD1_CHEMBL5426613,P0DTD1,6.72,,,0.7744
P0DTD1_CHEMBL5393926,P0DTD1,6.77,,,0.7363
P0DTD1_CHEMBL5405557,P0DTD1,6.82,,,0.7793
P0DTD1_CHEMBL5408912,P0DTD1,6.85,,,0.7271
P0DTD1_CHEMBL5433524,P0DTD1,6.68,,,0.7432
P0DTD1_CHEMBL5405589,P0DTD1,6.31,,,0.6187
P0DTD1_CHEMBL5426970,P0DTD1,6.93,,,0.7856
P0DTD1_CHEMBL5402239,P0DTD1,6.52,,,0.6748
P0DTD1_CHEMBL5415120,P0DTD1,6.48,,,0.7637
P0DTD1_CHEMBL5421269,P0DTD1,6.5,,,0.8799
P0DTD1_CHEMBL5438553,P0DTD1,6.54,,,0.875
P0DTD1_CHEMBL5424235,P0DTD1,6.5,,,0.7881
P0DTD1_CHEMBL5426938,P0DTD1,4.67,,,0.5146
P0DTD1_CHEMBL5397697,P0DTD1,5.6,,,0.9136
P0DTD1_CHEMBL5405842,P0DTD1,9.15,,,0.7363
P0DTD1_CHEMBL5412571,P0DTD1,8.52,,7.401163485412895,1.0
P0DTD1_CHEMBL5405273,P0DTD1,6.42,,,0.4583
P0DTD1_CHEMBL5399660,P0DTD1,6.55,,,0.4834
P0DTD1_CHEMBL5406891,P0DTD1,6.97,,,0.6274
P0DTD1_CHEMBL5400991,P0DTD1,6.62,,,0.5181
P0DTD1_CHEMBL5434000,P0DTD1,6.91,,,0.6172
P0DTD1_CHEMBL5409249,P0DTD1,6.16,,,0.4263
P0DTD1_CHEMBL5394410,P0DTD1,6.33,,,0.4629
P0DTD1_CHEMBL5441563,P0DTD1,4.36,,,0.3845
P0DTD1_CHEMBL5442069,P0DTD1,5.65,,,0.3713
P0DTD1_CHEMBL5441727,P0DTD1,4.36,,,0.3823
P0DTD1_CHEMBL5441819,P0DTD1,5.795,,,0.4678
P0DTD1_CHEMBL5441643,P0DTD1,4.815,,,0.3867
P0DTD1_CHEMBL5441930,P0DTD1,5.78,,,0.4102
P0DTD1_CHEMBL5441856,P0DTD1,6.53,,,0.3796
P0DTD1_CHEMBL5441587,P0DTD1,5.305,,,0.446
P0DTD1_CHEMBL5441883,P0DTD1,5.73,,,0.4031
P0DTD1_CHEMBL5441871,P0DTD1,7.32,,,0.4246
P0DTD1_CHEMBL5441794,P0DTD1,5.7,,,0.4658
P0DTD1_CHEMBL5442006,P0DTD1,4.5600000000000005,,,0.4795
P0DTD1_CHEMBL5441473,P0DTD1,7.0,,,0.4443
P0DTD1_CHEMBL5441829,P0DTD1,7.22,,,0.4546
P0DTD1_CHEMBL5441570,P0DTD1,6.62,,,0.3765
P0DTD1_CHEMBL5441961,P0DTD1,5.765000000000001,,,0.6001
P0DTD1_CHEMBL5442039,P0DTD1,4.7,,,0.4285
P0DTD1_CHEMBL5441517,P0DTD1,6.48,,,0.408
P0DTD1_CHEMBL5441425,P0DTD1,6.965,,,0.4026
P0DTD1_CHEMBL5442027,P0DTD1,5.905,,,0.4226
P0DTD1_CHEMBL5441419,P0DTD1,7.035,,,0.4026
P0DTD1_CHEMBL5441459,P0DTD1,6.62,,,0.4285
P0DTD1_CHEMBL5442050,P0DTD1,4.705,,,0.5
P0DTD1_CHEMBL5441725,P0DTD1,5.46,,,0.4578
P0DTD1_CHEMBL5441492,P0DTD1,5.26,,,0.48
P0DTD1_CHEMBL5441576,P0DTD1,5.635,,,0.3796
P0DTD1_CHEMBL5441571,P0DTD1,6.44,,,0.3779
P0DTD1_CHEMBL5441705,P0DTD1,5.21,,,0.4219
P0DTD1_CHEMBL5441765,P0DTD1,5.609999999999999,,,0.3857
P0DTD1_CHEMBL5441896,P0DTD1,7.13,,,0.4055
P0DTD1_CHEMBL5441683,P0DTD1,6.0,,,0.397
P0DTD1_CHEMBL5442008,P0DTD1,7.03,,,0.3896
P0DTD1_CHEMBL5441956,P0DTD1,5.665,,,0.4521
P0DTD1_CHEMBL5441812,P0DTD1,4.77,,,0.4236
P0DTD1_CHEMBL5442158,P0DTD1,6.94,,,0.3828
P0DTD1_CHEMBL5442144,P0DTD1,5.525,,,0.397
P0DTD1_CHEMBL5441580,P0DTD1,6.08,,,0.5
P0DTD1_CHEMBL5441781,P0DTD1,5.94,,,0.375
P0DTD1_CHEMBL5441515,P0DTD1,5.154999999999999,,,0.3647
P0DTD1_CHEMBL5441630,P0DTD1,5.390000000000001,,,0.3767
P0DTD1_CHEMBL5442110,P0DTD1,5.805,,,0.4531
P0DTD1_CHEMBL5441468,P0DTD1,5.57,,,0.4133
P0DTD1_CHEMBL5441882,P0DTD1,6.065,,,0.3923
P0DTD1_CHEMBL5441797,P0DTD1,5.925,,,0.3684
P0DTD1_CHEMBL5441851,P0DTD1,6.140000000000001,,,0.4395
P0DTD1_CHEMBL5442054,P0DTD1,7.22,,,0.4226
P0DTD1_CHEMBL5441972,P0DTD1,5.6,,,0.4583
P0DTD1_CHEMBL5441687,P0DTD1,5.45,,,0.3835
P0DTD1_CHEMBL5441689,P0DTD1,7.07,,,0.4348
P0DTD1_CHEMBL5441716,P0DTD1,7.03,,,0.3845
P0DTD1_CHEMBL5441822,P0DTD1,5.855,,,0.3972
P0DTD1_CHEMBL5441987,P0DTD1,6.62,,,0.3796
P0DTD1_CHEMBL5441813,P0DTD1,7.29,,,0.3635
P0DTD1_CHEMBL5441802,P0DTD1,5.195,,,0.4795
P0DTD1_CHEMBL5441724,P0DTD1,6.109999999999999,,,0.4126
P0DTD1_CHEMBL5441780,P0DTD1,6.045,,,0.3999
P0DTD1_CHEMBL5441426,P0DTD1,7.17,,,0.4675
P0DTD1_CHEMBL5441609,P0DTD1,5.1850000000000005,,,0.4143
P0DTD1_CHEMBL5441696,P0DTD1,6.32,,,0.4492
P0DTD1_CHEMBL5441589,P0DTD1,4.57,,,0.4856
P0DTD1_CHEMBL5442015,P0DTD1,6.06,,,0.457
P0DTD1_CHEMBL5441619,P0DTD1,5.715,,,0.3923
P0DTD1_CHEMBL5442153,P0DTD1,5.72,,,0.3889
P0DTD1_CHEMBL5441620,P0DTD1,6.21,,,0.481
P0DTD1_CHEMBL5441420,P0DTD1,7.47,,,0.4644
P0DTD1_CHEMBL5441982,P0DTD1,7.33,,,0.4587
P0DTD1_CHEMBL5441397,P0DTD1,7.195,,,0.4644
P0DTD1_CHEMBL5441652,P0DTD1,6.68,,,0.4443
P0DTD1_CHEMBL5441416,P0DTD1,6.28,,,0.3923
P0DTD1_CHEMBL5441435,P0DTD1,6.125,,,0.3809
P0DTD1_CHEMBL5441434,P0DTD1,5.475,,,0.3457
P0DTD1_CHEMBL5441414,P0DTD1,7.17,,,0.3767
P0DTD1_CHEMBL5441440,P0DTD1,6.3,,,0.3943
P0DTD1_CHEMBL5441508,P0DTD1,5.88,,,0.4221
P0DTD1_CHEMBL5441634,P0DTD1,5.95,,,0.4238
P0DTD1_CHEMBL5441938,P0DTD1,5.85,,,0.4148
P0DTD1_CHEMBL5441952,P0DTD1,5.415,,,0.3828
P0DTD1_CHEMBL5441432,P0DTD1,6.5,,,0.4333
P0DTD1_CHEMBL5441433,P0DTD1,7.48,,,0.4106
P0DTD1_CHEMBL5441823,P0DTD1,6.605,,,0.4238
P0DTD1_CHEMBL5441441,P0DTD1,6.515000000000001,,,0.4482
P0DTD1_CHEMBL5441429,P0DTD1,6.31,,,0.4238
P0DTD1_CHEMBL5442036,P0DTD1,6.52,,,0.4131
P0DTD1_CHEMBL5441422,P0DTD1,6.87,,,0.4065
P0DTD1_CHEMBL5442120,P0DTD1,6.365,,,0.3765
P0DTD1_CHEMBL5442100,P0DTD1,6.08,,,0.4255
P0DTD1_CHEMBL5441423,P0DTD1,6.529999999999999,,,0.4382
P0DTD1_CHEMBL5441764,P0DTD1,6.3,,,0.4302
P0DTD1_CHEMBL5441555,P0DTD1,4.52,,,0.4395
P0DTD1_CHEMBL5441739,P0DTD1,6.47,,,0.397
P0DTD1_CHEMBL5441990,P0DTD1,4.69,,,0.4333
P0DTD1_CHEMBL5441486,P0DTD1,5.83,,,0.3918
P0DTD1_CHEMBL5441835,P0DTD1,6.68,,,0.3896
P0DTD1_CHEMBL5442087,P0DTD1,5.665,,,0.4023
P0DTD1_CHEMBL5442049,P0DTD1,6.72,,,0.3613
P0DTD1_CHEMBL5442072,P0DTD1,5.97,,,0.3999
P0DTD1_CHEMBL5441575,P0DTD1,5.525,,,0.4109
P0DTD1_CHEMBL5441844,P0DTD1,5.77,,,0.4055
P0DTD1_CHEMBL5441506,P0DTD1,5.885,,,0.4167
P0DTD1_CHEMBL5442037,P0DTD1,5.76,,,0.4055
P0DTD1_CHEMBL5441954,P0DTD1,5.785,,,0.4226
P0DTD1_CHEMBL5441893,P0DTD1,5.27,,,0.3948
P0DTD1_CHEMBL5441755,P0DTD1,6.08,,,0.425
P0DTD1_CHEMBL5441771,P0DTD1,5.975,,,0.4492
P0DTD1_CHEMBL5442045,P0DTD1,6.05,,,0.3999
P0DTD1_CHEMBL5441977,P0DTD1,5.955,,,0.4285
P0DTD1_CHEMBL5442077,P0DTD1,5.67,,,0.3999
P0DTD1_CHEMBL5441626,P0DTD1,5.869999999999999,,,0.3999
P0DTD1_CHEMBL5441647,P0DTD1,5.75,,,0.5063
P0DTD1_CHEMBL5441754,P0DTD1,6.09,,,0.4055
P0DTD1_CHEMBL5441533,P0DTD1,5.765000000000001,,,0.4109
P0DTD1_CHEMBL5442070,P0DTD1,6.0,,,0.3999
P0DTD1_CHEMBL5441495,P0DTD1,6.09,,,0.4109
P0DTD1_CHEMBL5441892,P0DTD1,5.970000000000001,,,0.4109
P0DTD1_CHEMBL5441936,P0DTD1,5.380000000000001,,,0.4285
P0DTD1_CHEMBL5441983,P0DTD1,5.885,,,0.4417
P0DTD1_CHEMBL5442057,P0DTD1,6.34,,,0.395
P0DTD1_CHEMBL5441396,P0DTD1,7.14,,,0.375
P0DTD1_CHEMBL5441387,P0DTD1,7.119999999999999,,,0.375
P0DTD1_CHEMBL5441595,P0DTD1,5.82,,,0.3889
P0DTD1_CHEMBL5441627,P0DTD1,6.23,,,0.3943
P0DTD1_CHEMBL5441513,P0DTD1,6.19,,,0.3845
P0DTD1_CHEMBL5442114,P0DTD1,5.59,,,0.4253
P0DTD1_CHEMBL5441672,P0DTD1,4.875,,,0.3918
P0DTD1_CHEMBL5441913,P0DTD1,5.48,,,0.4253
P0DTD1_CHEMBL5442017,P0DTD1,5.1850000000000005,,,0.4023
P0DTD1_CHEMBL5442067,P0DTD1,4.9350000000000005,,,0.4517
P0DTD1_CHEMBL5441428,P0DTD1,6.335,,,0.4517
P0DTD1_CHEMBL5442119,P0DTD1,6.315,,,0.4031
P0DTD1_CHEMBL5441776,P0DTD1,6.94,,,0.3835
P0DTD1_CHEMBL5441991,P0DTD1,6.93,,,0.3835
P0DTD1_CHEMBL5441465,P0DTD1,5.84,,,0.4558
P0DTD1_CHEMBL5441992,P0DTD1,6.0,,,0.3918
P0DTD1_CHEMBL5441525,P0DTD1,5.29,,,0.4546
P0DTD1_CHEMBL5441516,P0DTD1,5.720000000000001,,,0.4558
P0DTD1_CHEMBL5441546,P0DTD1,4.805,,,0.3625
P0DTD1_CHEMBL5441714,P0DTD1,4.82,,,0.3975
P0DTD1_CHEMBL5441511,P0DTD1,5.035,,,0.3789
P0DTD1_CHEMBL5442116,P0DTD1,4.965,,,0.4099
P0DTD1_CHEMBL5441746,P0DTD1,5.390000000000001,,,0.4231
P0DTD1_CHEMBL5441708,P0DTD1,5.71,,,0.4263
P0DTD1_CHEMBL5441418,P0DTD1,6.82,,,0.4358
P0DTD1_CHEMBL5441613,P0DTD1,6.085,,,0.4443
P0DTD1_CHEMBL5441702,P0DTD1,5.105,,,0.4033
P0DTD1_CHEMBL5441788,P0DTD1,5.43,,,0.3823
P0DTD1_CHEMBL5442047,P0DTD1,5.484999999999999,,,0.3999
P0DTD1_CHEMBL5442061,P0DTD1,4.82,,,0.6045
P0DTD1_CHEMBL5441741,P0DTD1,4.51,,,0.8203
P0DTD1_CHEMBL5441815,P0DTD1,5.235,,,0.4727
P0DTD1_CHEMBL5442142,P0DTD1,4.38,,,0.5283
P0DTD1_CHEMBL5441719,P0DTD1,5.08,,,0.4644
P0DTD1_CHEMBL5441784,P0DTD1,5.630000000000001,,,0.4575
P0DTD1_CHEMBL5441604,P0DTD1,5.55,,,0.4656
P0DTD1_CHEMBL5441863,P0DTD1,4.825,,,0.4656
P0DTD1_CHEMBL5441530,P0DTD1,4.17,,,0.4929
P0DTD1_CHEMBL5442035,P0DTD1,4.525,,,0.5073
P0DTD1_CHEMBL5441407,P0DTD1,6.16,,,0.4575
P0DTD1_CHEMBL5441733,P0DTD1,5.555,,,0.457
P0DTD1_CHEMBL5441464,P0DTD1,4.595000000000001,,,0.4575
P0DTD1_CHEMBL5441545,P0DTD1,5.97,,,0.5312
P0DTD1_CHEMBL5441386,P0DTD1,5.734999999999999,,,0.4575
P0DTD1_CHEMBL5441406,P0DTD1,6.74,,,0.4788
P0DTD1_CHEMBL5441482,P0DTD1,5.535,,,0.4656
P0DTD1_CHEMBL5441891,P0DTD1,5.005,,,0.4426
P0DTD1_CHEMBL5441737,P0DTD1,5.949999999999999,,,0.4575
P0DTD1_CHEMBL5442154,P0DTD1,5.720000000000001,,,0.4856
P0DTD1_CHEMBL5483082,P0DTD1,6.21,,,0.4722
P0DTD1_CHEMBL5441878,P0DTD1,5.575,,,0.4736
P0DTD1_CHEMBL5441489,P0DTD1,5.93,,,0.4727
P0DTD1_CHEMBL5441738,P0DTD1,6.03,,,0.4575
P0DTD1_CHEMBL5441849,P0DTD1,5.39,,,0.4727
P0DTD1_CHEMBL5441676,P0DTD1,4.095000000000001,,,0.5166
P0DTD1_CHEMBL5441610,P0DTD1,4.02,,,0.5
P0DTD1_CHEMBL5441978,P0DTD1,4.83,,,0.5415
P0DTD1_CHEMBL5442012,P0DTD1,4.47,,,0.5654
P0DTD1_CHEMBL5441645,P0DTD1,5.455,,,0.5098
P0DTD1_CHEMBL5441527,P0DTD1,4.01,,,0.4905
P0DTD1_CHEMBL5441476,P0DTD1,5.885,,,0.4656
P0DTD1_CHEMBL5441888,P0DTD1,4.2,,,0.4058
P0DTD1_CHEMBL5442033,P0DTD1,4.23,,,0.5
P0DTD1_CHEMBL5441490,P0DTD1,6.0600000000000005,,,0.3914
P0DTD1_CHEMBL5442081,P0DTD1,4.37,,,0.468
P0DTD1_CHEMBL5441979,P0DTD1,4.17,,,0.3279
P0DTD1_CHEMBL5441562,P0DTD1,5.22,,,0.365
P0DTD1_CHEMBL5441718,P0DTD1,4.7,,,0.3999
P0DTD1_CHEMBL5441734,P0DTD1,4.45,,,0.519
P0DTD1_CHEMBL5441598,P0DTD1,4.95,,,0.6279
P0DTD1_CHEMBL5424014,P0DTD1,5.47,,,0.5796
P0DTD1_CHEMBL5438782,P0DTD1,8.21,,,0.6118
P0DTD1_CHEMBL5401358,P0DTD1,9.33,,,0.5801
P0DTD1_CHEMBL5409791,P0DTD1,4.69,,,0.5664
P0DTD1_CHEMBL5395225,P0DTD1,8.395,,,0.6499
P0DTD1_CHEMBL5402990,P0DTD1,8.6,,,0.5664
P0DTD1_CHEMBL5441879,P0DTD1,5.67,,,0.4678
P0DTD1_CHEMBL5441412,P0DTD1,5.04,,,0.4644
P0DTD1_CHEMBL5441410,P0DTD1,6.75,,,0.4443
P0DTD1_CHEMBL5441989,P0DTD1,6.33,,,0.3923
P0DTD1_CHEMBL5441400,P0DTD1,7.82,,,0.3809
P0DTD1_CHEMBL5441404,P0DTD1,7.01,,,0.3457
P0DTD1_CHEMBL5441415,P0DTD1,4.715,,,0.3767
P0DTD1_CHEMBL5441778,P0DTD1,6.515000000000001,,,0.4333
P0DTD1_CHEMBL5441960,P0DTD1,5.3100000000000005,,,0.4106
P0DTD1_CHEMBL5441608,P0DTD1,4.04,,,0.4482
P0DTD1_CHEMBL5441394,P0DTD1,7.64,,,0.4238
P0DTD1_CHEMBL5441761,P0DTD1,4.93,,,0.4065
P0DTD1_CHEMBL5441962,P0DTD1,5.52,,,0.375
P0DTD1_CHEMBL5441782,P0DTD1,5.5,,,0.375
P0DTD1_CHEMBL5441824,P0DTD1,5.37,,,0.4358
P0DTD1_CHEMBL5441681,P0DTD1,4.324999999999999,,,0.5312
P0DTD1_CHEMBL5441417,P0DTD1,6.785,,,0.4575
P0DTD1_CHEMBL5441479,P0DTD1,6.13,,,0.4656
P0DTD1_CHEMBL5441567,P0DTD1,4.28,,,0.4697
P0DTD1_CHEMBL5441859,P0DTD1,4.42,,,0.397
P0DTD1_CHEMBL5441663,P0DTD1,5.96,,,0.3914
P0DTD1_CHEMBL5441759,P0DTD1,4.22,,,0.3279
P0DTD1_CHEMBL5425140,P0DTD1,5.12,,,0.4727
P0DTD1_CHEMBL5441847,P0DTD1,5.69,,,0.3943
P0DTD1_CHEMBL5427073,P0DTD1,5.31,,,0.4565
P0DTD1_CHEMBL5427494,P0DTD1,8.28,,,0.5605
P0DTD1_CHEMBL5435314,P0DTD1,6.76,,,0.449
P0DTD1_CHEMBL5414042,P0DTD1,6.41,,,0.4099
P0DTD1_CHEMBL5410809,P0DTD1,6.32,,,0.5
P0DTD1_CHEMBL5411183,P0DTD1,6.54,,,0.4341
P0DTD1_CHEMBL5410459,P0DTD1,4.61,,,0.5254
P0DTD1_CHEMBL5437930,P0DTD1,4.88,,,0.4568
P0DTD1_CHEMBL5409154,P0DTD1,5.02,,,0.4534
P0DTD1_CHEMBL5413108,P0DTD1,5.04,,,0.4729
P0DTD1_CHEMBL5400538,P0DTD1,5.28,,,0.4866
P0DTD1_CHEMBL5421327,P0DTD1,5.43,,,0.4934
P0DTD1_CHEMBL5398813,P0DTD1,5.02,,,0.4761
P0DTD1_CHEMBL5414005,P0DTD1,5.25,,,0.4934
P0DTD1_CHEMBL5415228,P0DTD1,5.34,,,0.5938
P0DTD1_CHEMBL5435034,P0DTD1,6.8,,,0.7793
P0DTD1_CHEMBL5425010,P0DTD1,6.82,,,0.6621
P0DTD1_CHEMBL5440769,P0DTD1,6.0,,,0.7671
P0DTD1_CHEMBL5398911,P0DTD1,6.52,,,0.7124
P0DTD1_CHEMBL5433693,P0DTD1,6.22,,,0.6001
P0DTD1_CHEMBL5409790,P0DTD1,6.3,,,0.627
P0DTD1_CHEMBL5417410,P0DTD1,6.16,,,0.5635
P0DTD1_CHEMBL5410934,P0DTD1,4.63,,,0.4919
P0DTD1_CHEMBL5437199,P0DTD1,5.43,,,0.522
P0DTD1_CHEMBL5433473,P0DTD1,4.94,,,0.4688
P0DTD1_CHEMBL5402209,P0DTD1,4.96,,,0.5161
P0DTD1_CHEMBL5419891,P0DTD1,5.04,,,0.4849
P0DTD1_CHEMBL5395044,P0DTD1,5.13,,,0.4707
P0DTD1_CHEMBL5401195,P0DTD1,5.29,,,0.4707
P0DTD1_CHEMBL5394565,P0DTD1,5.44,,,0.4639
P0DTD1_CHEMBL5395848,P0DTD1,5.48,,,0.4565
P0DTD1_CHEMBL5429124,P0DTD1,5.21,,,0.4385
P0DTD1_CHEMBL5417240,P0DTD1,5.38,,,0.4246
P0DTD1_CHEMBL5439502,P0DTD1,5.47,,,0.4924
P0DTD1_CHEMBL5398507,P0DTD1,5.48,,,0.5273
P0DTD1_CHEMBL5411855,P0DTD1,6.68,,,0.4138
P0DTD1_CHEMBL5402020,P0DTD1,5.75,,,0.8154
P0DTD1_CHEMBL5441706,P0DTD1,5.61,,,0.4443
P0DTD1_CHEMBL5400055,P0DTD1,5.4,,,0.7896
P0DTD1_CHEMBL5407468,P0DTD1,6.42,,,0.8242
P0DTD1_CHEMBL5423096,P0DTD1,6.89,,,0.8145
P0DTD1_CHEMBL5427053,P0DTD1,6.73,,,0.8218
P0DTD1_CHEMBL5411560,P0DTD1,7.21,,,0.8267
P0DTD1_CHEMBL5428251,P0DTD1,6.56,,,0.8291
P0DTD1_CHEMBL5397764,P0DTD1,6.12,,,0.5908
P0DTD1_CHEMBL5441588,P0DTD1,4.61,,,0.3647
P0DTD1_CHEMBL5441949,P0DTD1,5.51,,,0.3494
P0DTD1_CHEMBL5442140,P0DTD1,4.595,,,0.4478
P0DTD1_CHEMBL5441707,P0DTD1,5.26,,,0.3972
P0DTD1_CHEMBL5441845,P0DTD1,4.61,,,0.407
P0DTD1_CHEMBL5441399,P0DTD1,6.529999999999999,,,0.5322
P0DTD1_CHEMBL5441390,P0DTD1,7.47,,,0.3867
P0DTD1_CHEMBL5441838,P0DTD1,6.49,,,0.3604
P0DTD1_CHEMBL5441388,P0DTD1,7.235,,,0.4028
P0DTD1_CHEMBL5441411,P0DTD1,6.92,,,0.3625
P0DTD1_CHEMBL5441596,P0DTD1,6.105,,,0.3704
P0DTD1_CHEMBL5441496,P0DTD1,6.365,,,0.4492
P0DTD1_CHEMBL5441642,P0DTD1,4.715,,,0.4211
P0DTD1_CHEMBL5442156,P0DTD1,5.36,,,0.3647
P0DTD1_CHEMBL5441680,P0DTD1,4.720000000000001,,,0.4189
P0DTD1_CHEMBL5441902,P0DTD1,7.43,,,0.3699
P0DTD1_CHEMBL5441439,P0DTD1,4.33,,,0.5322
P0DTD1_CHEMBL5442146,P0DTD1,5.89,,,0.3867
P0DTD1_CHEMBL5441971,P0DTD1,6.92,,,0.375
P0DTD1_CHEMBL5441524,P0DTD1,6.96,,,0.3735
P0DTD1_CHEMBL5441650,P0DTD1,4.52,,,0.4204
P0DTD1_CHEMBL5441519,P0DTD1,5.75,,,0.4329
P0DTD1_CHEMBL5441760,P0DTD1,4.32,,,0.4329
P0DTD1_CHEMBL5408081,P0DTD1,6.33,,,0.5908
P0DTD1_CHEMBL5406269,P0DTD1,5.58,,,0.5474
P0DTD1_CHEMBL5441748,P0DTD1,5.365,,,0.4109
P0DTD1_CHEMBL5414300,P0DTD1,4.34,,,0.6558
P0DTD1_CHEMBL5442084,P0DTD1,4.135,,,0.3613
P0DTD1_CHEMBL5442078,P0DTD1,4.835,,,0.3977
P0DTD1_CHEMBL5441584,P0DTD1,5.975,,,0.4133
P0DTD1_CHEMBL5442029,P0DTD1,6.35,,,0.395
P0DTD1_CHEMBL5442086,P0DTD1,6.195,,,0.4084
P0DTD1_CHEMBL5441629,P0DTD1,5.85,,,0.3804
P0DTD1_CHEMBL5441467,P0DTD1,6.005,,,0.3918
P0DTD1_CHEMBL5441474,P0DTD1,6.085,,,0.395
P0DTD1_CHEMBL5441504,P0DTD1,5.94,,,0.3901
P0DTD1_CHEMBL5441749,P0DTD1,5.89,,,0.4167
P0DTD1_CHEMBL5408911,P0DTD1,7.76,,,0.5825
P0DTD1_CHEMBL5423458,P0DTD1,8.46,,,0.541
P0DTD1_CHEMBL5403236,P0DTD1,5.89,,,0.7222
P0DTD1_CHEMBL5441614,P0DTD1,4.18,,,0.5361
P0DTD1_CHEMBL5418521,P0DTD1,8.3,,,0.5542
P0DTD1_CHEMBL5433055,P0DTD1,8.15,,,0.4587
P0DTD1_CHEMBL5441526,P0DTD1,6.59,,,0.4658
P0DTD1_CHEMBL5441413,P0DTD1,7.619999999999999,,,0.4194
P0DTD1_CHEMBL5441943,P0DTD1,6.66,,,0.4658
P0DTD1_CHEMBL5441424,P0DTD1,5.25,,,0.4194
P0DTD1_CHEMBL5441682,P0DTD1,6.51,,,0.4521
P0DTD1_CHEMBL5441549,P0DTD1,6.15,,,0.4307
P0DTD1_CHEMBL5441594,P0DTD1,5.71,,,0.3828
P0DTD1_CHEMBL5441436,P0DTD1,6.92,,,0.3828
P0DTD1_CHEMBL5441869,P0DTD1,6.8,,,0.4583
P0DTD1_CHEMBL5441392,P0DTD1,6.395,,,0.4375
P0DTD1_CHEMBL5441430,P0DTD1,7.300000000000001,,,0.3948
P0DTD1_CHEMBL5442161,P0DTD1,5.92,,,0.4583
P0DTD1_CHEMBL5441701,P0DTD1,5.75,,,0.3948
P0DTD1_CHEMBL5441502,P0DTD1,4.955,,,0.4443
P0DTD1_CHEMBL5441988,P0DTD1,6.38,,,0.5205
P0DTD1_CHEMBL5441393,P0DTD1,5.17,,,0.5063
P0DTD1_CHEMBL5441431,P0DTD1,7.66,,,0.5063
P0DTD1_CHEMBL5441777,P0DTD1,4.745,,,0.4426
P0DTD1_CHEMBL5441603,P0DTD1,6.615,,,0.3855
P0DTD1_CHEMBL5441573,P0DTD1,6.484999999999999,,,0.4084
P0DTD1_CHEMBL5441401,P0DTD1,7.6,,,0.3896
P0DTD1_CHEMBL5441405,P0DTD1,7.16,,,0.3718
P0DTD1_CHEMBL5441403,P0DTD1,5.72,,,0.3896
P0DTD1_CHEMBL5441779,P0DTD1,7.24,,,0.3718
P0DTD1_CHEMBL5439416,P0DTD1,4.41,,,0.7847
P0DTD1_CHEMBL5441801,P0DTD1,5.585,,,0.3975
P0DTD1_CHEMBL5441726,P0DTD1,5.93,,,0.3699
P0DTD1_CHEMBL5441757,P0DTD1,4.54,,,0.4194
P0DTD1_CHEMBL5441976,P0DTD1,5.22,,,0.3906
P0DTD1_CHEMBL5441484,P0DTD1,4.5,,,0.4517
P0DTD1_CHEMBL5441842,P0DTD1,4.385,,,0.4243
P0DTD1_CHEMBL5442103,P0DTD1,4.345,,,0.4146
P0DTD1_CHEMBL5427720,P0DTD1,5.47,,,0.8169
P0DTD1_CHEMBL5424971,P0DTD1,5.66,,,0.8208
P0DTD1_CHEMBL5415934,P0DTD1,5.54,,,0.8286
P0DTD1_CHEMBL5438762,P0DTD1,6.33,,,0.8335
P0DTD1_CHEMBL5394180,P0DTD1,6.24,,,0.8354
P0DTD1_CHEMBL5411233,P0DTD1,5.87,,,0.8843
P0DTD1_CHEMBL5402071,P0DTD1,5.17,,,0.8687
P0DTD1_CHEMBL5442094,P0DTD1,5.49,,,0.4194
P0DTD1_CHEMBL5441617,P0DTD1,5.484999999999999,,,0.4443
P0DTD1_CHEMBL5441854,P0DTD1,5.3,,,0.405
P0DTD1_CHEMBL5441787,P0DTD1,4.54,,,0.4385
P0DTD1_CHEMBL5441751,P0DTD1,5.235,,,0.4375
P0DTD1_CHEMBL5428967,P0DTD1,6.75,,,0.4583
P0DTD1_CHEMBL5441591,P0DTD1,5.0,,,0.4126
P0DTD1_CHEMBL5442095,P0DTD1,5.455,,,0.3867
P0DTD1_CHEMBL5441810,P0DTD1,6.49,,,0.4221
P0DTD1_CHEMBL5441980,P0DTD1,6.115,,,0.3562
P0DTD1_CHEMBL5441900,P0DTD1,6.38,,,0.3562
P0DTD1_CHEMBL5441825,P0DTD1,4.355,,,0.3765
P0DTD1_CHEMBL5441577,P0DTD1,4.94,,,0.408
P0DTD1_CHEMBL5441612,P0DTD1,5.9350000000000005,,,0.4211
P0DTD1_CHEMBL5427783,P0DTD1,5.38,,,0.5664
P0DTD1_CHEMBL5409350,P0DTD1,9.62,,,0.5664
P0DTD1_CHEMBL5441632,P0DTD1,4.09,,,0.6274
P0DTD1_CHEMBL5441886,P0DTD1,5.57,,,0.3579
P0DTD1_CHEMBL5441800,P0DTD1,5.13,,,0.3918
P0DTD1_CHEMBL5434910,P0DTD1,6.4,,,0.4524
P0DTD1_CHEMBL5441793,P0DTD1,4.655,,,0.5713
P0DTD1_CHEMBL5410076,P0DTD1,4.45,,,0.7144
P0DTD1_CHEMBL5408097,P0DTD1,5.34,,,0.5317
P0DTD1_CHEMBL5405634,P0DTD1,5.35,,,0.4492
P0DTD1_CHEMBL5423655,P0DTD1,5.69,,,0.5835
P0DTD1_CHEMBL5428745,P0DTD1,6.7,,,0.6133
P0DTD1_CHEMBL5401656,P0DTD1,8.92,,,0.6387
P0DTD1_CHEMBL5393994,P0DTD1,8.55,,,0.5913
P0DTD1_CHEMBL5396377,P0DTD1,9.14,,,0.5669
P0DTD1_CHEMBL5413359,P0DTD1,8.89,,,0.5498
P0DTD1_CHEMBL5421616,P0DTD1,6.05,,,0.8203
P0DTD1_CHEMBL5442053,P0DTD1,4.33,,,0.6348
P0DTD1_CHEMBL5441925,P0DTD1,5.67,,,0.5425
P0DTD1_CHEMBL5441767,P0DTD1,5.76,,,0.4177
P0DTD1_CHEMBL5441803,P0DTD1,5.32,,,0.4177
P0DTD1_CHEMBL5441409,P0DTD1,5.595,,,0.4033
P0DTD1_CHEMBL5441923,P0DTD1,5.68,,,0.4028
P0DTD1_CHEMBL5441985,P0DTD1,5.59,,,0.3967
P0DTD1_CHEMBL5441914,P0DTD1,5.145,,,0.6089
P0DTD1_CHEMBL5441951,P0DTD1,4.725,,,0.4465
P0DTD1_CHEMBL5442126,P0DTD1,4.29,,,0.6348
P0DTD1_CHEMBL5442117,P0DTD1,5.84,,,0.5425
P0DTD1_CHEMBL5441398,P0DTD1,5.83,,,0.4033
P0DTD1_CHEMBL5441967,P0DTD1,4.885,,,0.4697
P0DTD1_CHEMBL5405232,P0DTD1,5.54,,,0.6152
P0DTD1_CHEMBL5441578,P0DTD1,4.725,,,0.4919
P0DTD1_CHEMBL5442060,P0DTD1,4.495,,,0.5537
P0DTD1_CHEMBL5398479,P0DTD1,5.22,,,0.9868
P0DTD1_CHEMBL5399253,P0DTD1,5.82,,,0.79
P0DTD1_CHEMBL5431050,P0DTD1,6.585,,,0.8335
P0DTD1_CHEMBL5424171,P0DTD1,4.54,,,0.7285
P0DTD1_CHEMBL5442020,P0DTD1,4.01,,,0.5093
P0DTD1_CHEMBL5397501,P0DTD1,6.425,,,0.5542
P0DTD1_CHEMBL5414006,P0DTD1,6.77,,,0.7295
P0DTD1_CHEMBL5433514,P0DTD1,6.37,,,0.4587
P0DTD1_CHEMBL5411464,P0DTD1,6.32,,,0.4221
P0DTD1_CHEMBL5442125,P0DTD1,4.14,,,0.4075
P0DTD1_CHEMBL5441498,P0DTD1,4.27,,,0.4133
P0DTD1_CHEMBL5441946,P0DTD1,4.33,,,0.3845
P0DTD1_CHEMBL5442042,P0DTD1,5.734999999999999,,,0.3923
P0DTD1_CHEMBL5441551,P0DTD1,4.1,,,0.3972
P0DTD1_CHEMBL5441811,P0DTD1,4.96,,,0.4263
P0DTD1_CHEMBL5441602,P0DTD1,4.4,,,0.408
P0DTD1_CHEMBL5397356,P0DTD1,6.05,,,0.6807
P0DTD1_CHEMBL5441528,P0DTD1,6.18,,,0.4666
P0DTD1_CHEMBL5441438,P0DTD1,5.99,,,0.4666
P0DTD1_CHEMBL5441688,P0DTD1,4.33,,,0.3889
P0DTD1_CHEMBL5430702,P0DTD1,5.89,,,0.6807
P0DTD1_CHEMBL5421184,P0DTD1,4.81,,,0.5669
P0DTD1_CHEMBL5397315,P0DTD1,6.4,,,0.897
P0DTD1_CHEMBL5441408,P0DTD1,5.984999999999999,,,0.4666
P0DTD1_CHEMBL5442162,P0DTD1,4.04,,,0.3506
P0DTD1_CHEMBL5441904,P0DTD1,5.165,,,0.3794
P0DTD1_CHEMBL5442136,P0DTD1,4.6850000000000005,,,0.5283
P0DTD1_CHEMBL5442009,P0DTD1,4.0600000000000005,,,0.582
P0DTD1_CHEMBL5441867,P0DTD1,5.085,,,0.5166
P0DTD1_CHEMBL5441880,P0DTD1,4.265,,,0.6416
P0DTD1_CHEMBL5441766,P0DTD1,6.17,,,0.4084
P0DTD1_CHEMBL5441520,P0DTD1,4.755,,,0.4055
P0DTD1_CHEMBL5426089,P0DTD1,4.3,,,0.5078
P0DTD1_CHEMBL5441690,P0DTD1,5.55,,,0.4268
P0DTD1_CHEMBL5442076,P0DTD1,5.005,,,0.4688
P0DTD1_CHEMBL5442019,P0DTD1,4.87,,,0.4395
P0DTD1_CHEMBL5442085,P0DTD1,5.98,,,0.3857
P0DTD1_CHEMBL5441669,P0DTD1,5.67,,,0.3857
P0DTD1_CHEMBL5424318,P0DTD1,6.93,,,0.5557
P0DTD1_CHEMBL5406997,P0DTD1,6.0,,,0.4263
P0DTD1_CHEMBL5427453,P0DTD1,6.3,,,0.5
P0DTD1_CHEMBL5441550,P0DTD1,5.92,,,0.4055
P0DTD1_CHEMBL5441942,P0DTD1,4.404999999999999,,,0.4031
P0DTD1_CHEMBL5415275,P0DTD1,5.73,,,0.5625
P0DTD1_CHEMBL5441906,P0DTD1,4.67,,,0.5972
P0DTD1_CHEMBL5421429,P0DTD1,5.41,,,0.4939
P0DTD1_CHEMBL5397709,P0DTD1,5.47,,,0.4697
P0DTD1_CHEMBL5402611,P0DTD1,5.63,,,0.6089
P0DTD1_CHEMBL5431675,P0DTD1,7.59,,,0.6099
P0DTD1_CHEMBL5412104,P0DTD1,8.02,,,0.5884
P0DTD1_CHEMBL5400638,P0DTD1,8.68,,,0.5215
P0DTD1_CHEMBL5427101,P0DTD1,8.68,,,0.5361
P0DTD1_CHEMBL5410336,P0DTD1,4.31,,,0.6665
P0DTD1_CHEMBL5406405,P0DTD1,5.66,,,0.6572
P0DTD1_CHEMBL5442046,P0DTD1,5.2,,,0.4736
P0DTD1_CHEMBL5441984,P0DTD1,5.045,,,0.491
P0DTD1_CHEMBL5436099,P0DTD1,5.64,,,0.6172
P0DTD1_CHEMBL5405544,P0DTD1,4.46,,,0.7407
P0DTD1_CHEMBL5439047,P0DTD1,6.44,,,0.5684
P0DTD1_CHEMBL5441723,P0DTD1,4.380000000000001,,,0.4243
P0DTD1_CHEMBL5441958,P0DTD1,5.06,,,0.3999
P0DTD1_CHEMBL5441736,P0DTD1,4.56,,,0.4231
P0DTD1_CHEMBL5441908,P0DTD1,5.595,,,0.4058
P0DTD1_CHEMBL5441639,P0DTD1,5.32,,,0.4058
P0DTD1_CHEMBL5441830,P0DTD1,4.5,,,0.3914
P0DTD1_CHEMBL5441860,P0DTD1,6.34,,,0.3784
P0DTD1_CHEMBL5441538,P0DTD1,5.545,,,0.4407
P0DTD1_CHEMBL5394734,P0DTD1,7.8,,,0.4243
P0DTD1_CHEMBL5441970,P0DTD1,4.69,,,0.4602
P0DTD1_CHEMBL5441421,P0DTD1,6.275,,,0.4531
P0DTD1_CHEMBL5441874,P0DTD1,6.16,,,0.4058
P0DTD1_CHEMBL5441924,P0DTD1,5.87,,,0.4058
P0DTD1_CHEMBL5442032,P0DTD1,6.1850000000000005,,,0.4055
P0DTD1_CHEMBL5441518,P0DTD1,4.84,,,0.3845
P0DTD1_CHEMBL5442051,P0DTD1,6.33,,,0.4458
P0DTD1_CHEMBL5441389,P0DTD1,4.695,,,0.4319
P0DTD1_CHEMBL5441395,P0DTD1,7.55,,,0.4319
P0DTD1_CHEMBL5442004,P0DTD1,4.515,,,0.3857
P0DTD1_CHEMBL5442152,P0DTD1,6.475,,,0.3816
P0DTD1_CHEMBL5441481,P0DTD1,5.95,,,0.4055
P0DTD1_CHEMBL5441818,P0DTD1,5.135,,,0.4106
P0DTD1_CHEMBL5441648,P0DTD1,4.595,,,0.4106
P0DTD1_CHEMBL5441973,P0DTD1,4.955,,,0.395
P0DTD1_CHEMBL5441653,P0DTD1,5.029999999999999,,,0.3857
P0DTD1_CHEMBL5442055,P0DTD1,6.38,,,0.3733
P0DTD1_CHEMBL5441922,P0DTD1,4.755000000000001,,,0.3918
P0DTD1_CHEMBL5441625,P0DTD1,5.475,,,0.4028
P0DTD1_CHEMBL5441664,P0DTD1,5.05,,,0.4119
P0DTD1_CHEMBL5437439,P0DTD1,6.92,,,0.5933
P0DTD1_CHEMBL5412903,P0DTD1,7.77,,,0.5815
P0DTD1_CHEMBL5427542,P0DTD1,7.92,,,0.4324
P0DTD1_CHEMBL5431872,P0DTD1,8.22,,,0.449
P0DTD1_CHEMBL5441995,P0DTD1,4.82,,,0.5688
P0DTD1_CHEMBL5442121,P0DTD1,4.460000000000001,,,0.4333
P0DTD1_CHEMBL5442097,P0DTD1,4.18,,,0.6724
P0DTD1_CHEMBL5441437,P0DTD1,6.495,,,0.3704
P0DTD1_CHEMBL5441391,P0DTD1,7.34,,,0.3333
P0DTD1_CHEMBL5441993,P0DTD1,5.51,,,0.3333
P0DTD1_CHEMBL5441957,P0DTD1,4.12,,,0.4033
P0DTD1_CHEMBL5441763,P0DTD1,4.72,,,0.5312
P0DTD1_CHEMBL5433491,P0DTD1,6.49,,,0.7046
P0DTD1_CHEMBL5439420,P0DTD1,5.4,,,0.6577
P0DTD1_CHEMBL5409259,P0DTD1,6.28,,,0.6738
P0DTD1_CHEMBL5436573,P0DTD1,5.44,,,0.6587
P0DTD1_CHEMBL5412310,P0DTD1,5.66,,,0.6235
P0DTD1_CHEMBL5396421,P0DTD1,5.85,,,0.6309
P0DTD1_CHEMBL5439916,P0DTD1,7.33,,,0.6001
P0DTD1_CHEMBL5402227,P0DTD1,6.78,,,0.5908
P0DTD1_CHEMBL5400701,P0DTD1,6.87,,,0.5215
P0DTD1_CHEMBL5394078,P0DTD1,4.28,,,0.7939
P0DTD1_CHEMBL5409052,P0DTD1,4.81,,,0.7827
P0DTD1_CHEMBL5399795,P0DTD1,5.74,,,0.4651
P0DTD1_CHEMBL5405138,P0DTD1,5.0,,,0.6768
P0DTD1_CHEMBL5421800,P0DTD1,5.95,,,0.5591
P0DTD1_CHEMBL5426830,P0DTD1,6.26,,,0.5557
P0DTD1_CHEMBL5395762,P0DTD1,6.49,,,0.6665
P0DTD1_CHEMBL5438646,P0DTD1,4.42,,,0.6304
P0DTD1_CHEMBL5439086,P0DTD1,4.56,,,0.7939
P0DTD1_CHEMBL5420170,P0DTD1,4.63,,,0.7778
P0DTD1_CHEMBL5403276,P0DTD1,5.14,,,0.6924
P0DTD1_CHEMBL5411147,P0DTD1,6.05,,,0.6548
P0DTD1_CHEMBL5423053,P0DTD1,5.33,,,0.7827
P0DTD1_CHEMBL5437799,P0DTD1,5.34,,,0.7656
P0DTD1_CHEMBL5418419,P0DTD1,5.69,,,0.6836
P0DTD1_CHEMBL5407441,P0DTD1,4.21,,,0.4182
P0DTD1_CHEMBL5408702,P0DTD1,5.75,,,0.7715
P0DTD1_CHEMBL5414023,P0DTD1,6.4,,,0.7715
P0DTD1_CHEMBL5418992,P0DTD1,6.57,,,0.7637
P0DTD1_CHEMBL5403743,P0DTD1,6.46,,,0.8237
P0DTD1_CHEMBL5417180,P0DTD1,6.36,,,0.8359
P0DTD1_CHEMBL5430366,P0DTD1,6.64,,,0.7734
P0DTD1_CHEMBL5412579,P0DTD1,6.5,,,0.7939
P0DTD1_CHEMBL5441572,P0DTD1,4.645,,,0.3765
P0DTD1_CHEMBL5396073,P0DTD1,5.02,,,0.7085
P0DTD1_CHEMBL5442089,P0DTD1,4.24,,,0.4407
P0DTD1_CHEMBL5441698,P0DTD1,4.12,,,0.522
P0DTD1_CHEMBL5441841,P0DTD1,5.695,,,0.4155
P0DTD1_CHEMBL5442135,P0DTD1,4.404999999999999,,,0.5571
P0DTD1_CHEMBL5441921,P0DTD1,4.550000000000001,,,0.5972
P0DTD1_CHEMBL5441785,P0DTD1,4.45,,,0.7051
P0DTD1_CHEMBL5438913,P0DTD1,6.31,,,0.6001
P0DTD1_CHEMBL5442079,P0DTD1,4.255,,,0.4028
P0DTD1_CHEMBL5442059,P0DTD1,5.55,,,0.4263
P0DTD1_CHEMBL5441675,P0DTD1,5.145,,,0.4263
P0DTD1_CHEMBL5442099,P0DTD1,4.7,,,0.5293
P0DTD1_CHEMBL5441699,P0DTD1,6.32,,,0.468
P0DTD1_CHEMBL5415241,P0DTD1,4.35,,,0.4751
P0DTD1_CHEMBL5414823,P0DTD1,4.05,,,0.5654
P0DTD1_CHEMBL5441646,P0DTD1,4.165,,,0.4753
P0DTD1_CHEMBL5441899,P0DTD1,4.55,,,0.5
P0DTD1_CHEMBL5442056,P0DTD1,5.145,,,0.4656
P0DTD1_CHEMBL5441865,P0DTD1,4.13,,,0.4822
P0DTD1_CHEMBL5442104,P0DTD1,4.525,,,0.5371
P0DTD1_CHEMBL5441937,P0DTD1,5.05,,,0.4854
P0DTD1_CHEMBL5441832,P0DTD1,4.140000000000001,,,0.5835
P0DTD1_CHEMBL5442068,P0DTD1,4.4,,,0.4575
P0DTD1_CHEMBL5441711,P0DTD1,4.4,,,0.4897
P0DTD1_CHEMBL5441695,P0DTD1,5.005,,,0.4167
P0DTD1_CHEMBL5441466,P0DTD1,4.045,,,0.4644
P0DTD1_CHEMBL5441975,P0DTD1,4.415,,,0.4482
P0DTD1_CHEMBL5441821,P0DTD1,4.615,,,0.4395
P0DTD1_CHEMBL5442106,P0DTD1,4.515000000000001,,,0.4561
P0DTD1_CHEMBL5441804,P0DTD1,6.0,,,0.4167
P0DTD1_CHEMBL5441918,P0DTD1,5.535,,,0.5073
P0DTD1_CHEMBL5441742,P0DTD1,5.545,,,0.5
P0DTD1_CHEMBL5441586,P0DTD1,5.109999999999999,,,0.3794
P0DTD1_CHEMBL5441514,P0DTD1,4.58,,,0.3999
P0DTD1_CHEMBL5442159,P0DTD1,4.915,,,0.3999
P0DTD1_CHEMBL5441684,P0DTD1,5.38,,,0.395
P0DTD1_CHEMBL5442134,P0DTD1,5.22,,,0.375
P0DTD1_CHEMBL5441475,P0DTD1,5.38,,,0.5107
P0DTD1_CHEMBL5441685,P0DTD1,4.79,,,0.4399
P0DTD1_CHEMBL5441861,P0DTD1,4.470000000000001,,,0.5098
P0DTD1_CHEMBL5441901,P0DTD1,4.265000000000001,,,0.5835
P0DTD1_CHEMBL5441798,P0DTD1,5.525,,,0.457
P0DTD1_CHEMBL5441655,P0DTD1,4.0600000000000005,,,0.7729
P0DTD1_CHEMBL5441480,P0DTD1,4.140000000000001,,,0.6274
P0DTD1_CHEMBL5441656,P0DTD1,4.14,,,0.6221
P0DTD1_CHEMBL5441981,P0DTD1,5.065,,,0.5186
P0DTD1_CHEMBL5441789,P0DTD1,4.04,,,0.6274
P0DTD1_CHEMBL5441768,P0DTD1,4.17,,,0.707
P0DTD1_CHEMBL5442031,P0DTD1,4.23,,,0.6831
P0DTD1_CHEMBL5441641,P0DTD1,4.35,,,0.7192
P0DTD1_CHEMBL5441622,P0DTD1,4.42,,,0.6948
P0DTD1_CHEMBL5441560,P0DTD1,4.11,,,0.645
P0DTD1_CHEMBL5441907,P0DTD1,4.21,,,0.6948
P0DTD1_CHEMBL5441894,P0DTD1,4.55,,,0.6665
P0DTD1_CHEMBL5437572,P0DTD1,5.59,,,0.4861
P0DTD1_CHEMBL5433579,P0DTD1,5.61,,,0.4795
P0DTD1_CHEMBL5418478,P0DTD1,5.72,,,0.4795
P0DTD1_CHEMBL5407311,P0DTD1,5.8,,,0.4729
P0DTD1_CHEMBL5430369,P0DTD1,5.99,,,0.5615
P0DTD1_CHEMBL5426918,P0DTD1,5.39,,,0.4805
P0DTD1_CHEMBL5436025,P0DTD1,5.69,,,0.5396
P0DTD1_CHEMBL5406509,P0DTD1,5.78,,,0.627
P0DTD1_CHEMBL5415422,P0DTD1,5.29,,,0.4443
P0DTD1_CHEMBL5426064,P0DTD1,5.92,,6.75,1.0
P0DTD1_CHEMBL5435470,P0DTD1,7.19,,,0.6621
P0DTD1_CHEMBL5437518,P0DTD1,6.475,,,0.6875
P0DTD1_CHEMBL5398423,P0DTD1,6.89,,,0.6577
P0DTD1_CHEMBL5438286,P0DTD1,6.945,,,0.6494
P0DTD1_CHEMBL5427578,P0DTD1,6.29,,,0.7397
P0DTD1_CHEMBL5416515,P0DTD1,4.6,,,0.5454
P0DTD1_CHEMBL5433628,P0DTD1,5.01,,,0.5229
P0DTD1_CHEMBL5433083,P0DTD1,5.11,,,0.5332
P0DTD1_CHEMBL5406209,P0DTD1,5.57,,,0.5776
P0DTD1_CHEMBL5410698,P0DTD1,4.89,,,0.5332
P0DTD1_CHEMBL5436202,P0DTD1,5.81,,,0.5
P0DTD1_CHEMBL5430534,P0DTD1,5.45,,,0.5098
P0DTD1_CHEMBL5418838,P0DTD1,5.1,,,0.5869
P0DTD1_CHEMBL5428437,P0DTD1,4.98,,,0.5659
P0DTD1_CHEMBL5423390,P0DTD1,5.16,,,0.5869
P0DTD1_CHEMBL5436067,P0DTD1,5.29,,,0.5654
P0DTD1_CHEMBL5400454,P0DTD1,5.95,,,0.5
P0DTD1_CHEMBL5418540,P0DTD1,4.95,,,0.6201
P0DTD1_CHEMBL5397302,P0DTD1,5.86,,,0.5454
P0DTD1_CHEMBL5416294,P0DTD1,6.26,,,0.468
P0DTD1_CHEMBL5408630,P0DTD1,5.83,,,0.5576
P0DTD1_CHEMBL5418940,P0DTD1,6.36,,,0.5684
P0DTD1_CHEMBL5395882,P0DTD1,5.84,,,0.5454
P0DTD1_CHEMBL5405838,P0DTD1,4.74,,,0.6099
P0DTD1_CHEMBL5417362,P0DTD1,5.75,,,0.5928
P0DTD1_CHEMBL5401478,P0DTD1,4.97,,,0.604
P0DTD1_CHEMBL5435180,P0DTD1,4.82,,,0.5117
P0DTD1_CHEMBL5405362,P0DTD1,5.54,,,0.5815
P0DTD1_CHEMBL5396109,P0DTD1,5.26,,,0.4583
P0DTD1_CHEMBL5413101,P0DTD1,6.27,,,0.4888
P0DTD1_CHEMBL5412979,P0DTD1,5.86,,,0.5112
P0DTD1_CHEMBL5416685,P0DTD1,6.49,,,0.5854
P0DTD1_CHEMBL5420763,P0DTD1,7.0,,,0.5498
P0DTD1_CHEMBL5402360,P0DTD1,7.26,,,0.5557
P0DTD1_CHEMBL5428134,P0DTD1,8.05,,,0.5557
P0DTD1_CHEMBL5439438,P0DTD1,7.68,,,0.395
P0DTD1_CHEMBL5399537,P0DTD1,7.89,,,0.3894
P0DTD1_CHEMBL5406180,P0DTD1,7.92,,,0.4639
P0DTD1_CHEMBL5423178,P0DTD1,7.37,,,0.5957
P0DTD1_CHEMBL5419145,P0DTD1,5.83,,,0.5654
P0DTD1_CHEMBL5425241,P0DTD1,6.68,,,0.4905
P0DTD1_CHEMBL5418627,P0DTD1,6.57,,,0.6592
P0DTD1_CHEMBL5439575,P0DTD1,6.63,,,0.5386
P0DTD1_CHEMBL5400303,P0DTD1,6.69,,,0.5869
P0DTD1_CHEMBL5423618,P0DTD1,6.67,,,0.6665
P0DTD1_CHEMBL5398166,P0DTD1,6.41,,,0.4509
P0DTD1_CHEMBL5429980,P0DTD1,6.54,,,0.4465
P0DTD1_CHEMBL5406114,P0DTD1,6.91,,,0.5093
P0DTD1_CHEMBL5425758,P0DTD1,6.56,,,0.5273
P0DTD1_CHEMBL5418919,P0DTD1,5.87,,,0.5093
P0DTD1_CHEMBL5422331,P0DTD1,6.88,,,0.6514
P0DTD1_CHEMBL5418023,P0DTD1,6.28,,,0.6001
P0DTD1_CHEMBL5394951,P0DTD1,6.45,,,0.6343
P0DTD1_CHEMBL5398922,P0DTD1,6.57,,,0.5454
P0DTD1_CHEMBL5404766,P0DTD1,5.8,,,0.4204
P0DTD1_CHEMBL5442074,P0DTD1,4.225,,,0.7441
P0DTD1_CHEMBL5434729,P0DTD1,6.335,,,0.7368
P0DTD1_CHEMBL5435359,P0DTD1,6.84,,,0.8921
P0DTD1_CHEMBL5441828,P0DTD1,4.725,,,0.5078
P0DTD1_CHEMBL5441635,P0DTD1,5.235,,,0.6289
P0DTD1_CHEMBL5442149,P0DTD1,5.65,,,0.6289
P10275_CHEMBL5423257,P10275,5.46,,,0.7222
P10275_CHEMBL5399353,P10275,7.105,,,0.5586
P10275_CHEMBL5430612,P10275,5.75,,,0.5439
P10275_CHEMBL5398564,P10275,5.27,,,0.5586
P10275_CHEMBL5422234,P10275,5.0,,,0.5288
P10275_CHEMBL5421324,P10275,5.77,,,0.5508
P10275_CHEMBL5424470,P10275,5.16,,,0.521
P10275_CHEMBL5398752,P10275,5.3,,,0.5142
P10275_CHEMBL5398420,P10275,7.26,,,0.7231
P10275_CHEMBL5431700,P10275,6.12,,,0.6343
P10275_CHEMBL5405109,P10275,6.62,,,0.4443
P10275_CHEMBL5401872,P10275,6.89,,,0.5371
P10275_CHEMBL5394108,P10275,6.58,,,0.4905
P10275_CHEMBL5424031,P10275,6.92,,,0.5
P10275_CHEMBL5439835,P10275,5.33,,,0.4565
P10275_CHEMBL5409469,P10275,6.92,,,0.45
P10275_CHEMBL5416202,P10275,4.99,,,0.6099
P10275_CHEMBL5416819,P10275,6.04,,,0.4827
P10275_CHEMBL5395364,P10275,6.16,,,0.5
P10275_CHEMBL5421312,P10275,7.05,,,0.4807
P10275_CHEMBL5440496,P10275,5.66,,,0.4834
P10275_CHEMBL5395976,P10275,6.1,,,0.5103
P10275_CHEMBL5394445,P10275,6.1,,,0.4924
P10275_CHEMBL5430613,P10275,6.22,,,0.4038
P10275_CHEMBL5423482,P10275,6.22,,,0.468
P10275_CHEMBL5429958,P10275,5.13,,,0.3901
P10275_CHEMBL5423748,P10275,6.57,,,0.4285
P10275_CHEMBL5435387,P10275,6.23,,,0.7646
P10275_CHEMBL5440678,P10275,6.87,,,0.6025
P10275_CHEMBL5421919,P10275,6.915,,,0.8198
P10275_CHEMBL5399091,P10275,6.52,,,0.6284
P10275_CHEMBL5405995,P10275,5.07,,,0.6328
P10275_CHEMBL5416300,P10275,6.1,,,0.5439
P10275_CHEMBL5433104,P10275,6.03,,,0.4478
P10275_CHEMBL5395092,P10275,5.66,,,0.4285
P10275_CHEMBL5393933,P10275,5.77,,,0.6001
P14416_CHEMBL5399833,P14416,7.205,,,0.6089
P14416_CHEMBL5435325,P14416,7.789999999999999,,,0.564
P14416_CHEMBL5415842,P14416,5.91,,,0.4268
P14416_CHEMBL5415691,P14416,6.91,,,0.4658
P14416_CHEMBL5407845,P14416,4.87,,,0.4658
P14416_CHEMBL5410716,P14416,5.83,,,0.8623
P14416_CHEMBL5399568,P14416,5.84,,,0.8599
P14416_CHEMBL5425375,P14416,6.23,,,0.8569
P14416_CHEMBL5399166,P14416,5.56,,,0.8569
P14416_CHEMBL5397609,P14416,6.01,,,0.52
P14416_CHEMBL5411545,P14416,6.42,,,0.5757
P14416_CHEMBL5410387,P14416,5.57,,,0.8545
P14416_CHEMBL5438487,P14416,6.09,,,0.8867
P14416_CHEMBL5396616,P14416,6.21,,,0.7964
P14416_CHEMBL5433001,P14416,5.68,,,0.8491
P14416_CHEMBL5430494,P14416,7.86,,,0.5527
P14416_CHEMBL5440936,P14416,6.31,,,0.5537
P14416_CHEMBL5406355,P14416,6.355,,,0.5586
P14416_CHEMBL5414152,P14416,6.125,,,0.5479
P14416_CHEMBL5418890,P14416,5.68,,,0.4197
P14416_CHEMBL5424038,P14416,8.18,,,0.5527
P14416_CHEMBL5421574,P14416,6.45,,,0.5
P14416_CHEMBL5441140,P14416,9.89,,,0.5415
P14416_CHEMBL5418748,P14416,8.184999999999999,,,0.5273
P14416_CHEMBL5414422,P14416,6.025,,,0.4075
P14416_CHEMBL5417227,P14416,7.24,,,0.408
P14416_CHEMBL5401818,P14416,7.52,,,0.5469
P14416_CHEMBL5426286,P14416,7.29,,,0.5352
P14416_CHEMBL5412359,P14416,8.17,,,0.5073
P14416_CHEMBL5435054,P14416,7.83,,,0.5137
P14416_CHEMBL5438433,P14416,7.96,,,0.5332
P14416_CHEMBL5412886,P14416,8.01,,,0.6309
P14416_CHEMBL5427065,P14416,6.94,,,0.4595
P14416_CHEMBL5424897,P14416,7.82,,,0.5601
P14416_CHEMBL5409134,P14416,8.14,,,0.6562
P14416_CHEMBL5437660,P14416,8.24,,,0.5576
P14416_CHEMBL5424241,P14416,7.17,,,0.6362
P14416_CHEMBL5409755,P14416,8.28,,,0.5781
P14416_CHEMBL5421925,P14416,8.24,,,0.5479
P14416_CHEMBL5408223,P14416,8.22,,,0.6924
P14416_CHEMBL5415846,P14416,9.12,,,0.8213
P14416_CHEMBL5404807,P14416,9.06,,,0.5332
P14416_CHEMBL5425134,P14416,9.32,,,0.7002
P14416_CHEMBL5440422,P14416,8.74,,,0.6055
P14416_CHEMBL5404054,P14416,7.37,,,0.7163
P14416_CHEMBL5410159,P14416,5.13,,,0.5
P14416_CHEMBL5409322,P14416,6.33,,,0.5874
P14416_CHEMBL5412606,P14416,5.7,,,0.4658
P14416_CHEMBL5421714,P14416,6.57,,,0.6709
P14416_CHEMBL5395539,P14416,6.49,,,0.5249
P14416_CHEMBL5398913,P14416,6.07,,,0.491
P14416_CHEMBL5436551,P14416,5.1,,,0.491
P14416_CHEMBL5436957,P14416,8.14,,,0.623
P14416_CHEMBL5400528,P14416,7.93,,,0.7017
P14416_CHEMBL5420316,P14416,7.05,,,0.5557
P14416_CHEMBL5426620,P14416,7.42,,,0.5737
P14416_CHEMBL5402212,P14416,7.57,,,0.644
P14416_CHEMBL5396600,P14416,7.08,,,0.4211
P14416_CHEMBL5433284,P14416,8.92,,,0.8184
P14416_CHEMBL5438081,P14416,7.96,,,0.5386
P14416_CHEMBL5435745,P14416,7.66,,,0.6064
P14416_CHEMBL5399129,P14416,6.76,,,0.4929
P14416_CHEMBL5421827,P14416,6.9,,,0.5161
P14416_CHEMBL5434229,P14416,7.57,,,0.6055
P14416_CHEMBL5431103,P14416,8.65,,,0.7759
P14416_CHEMBL5403268,P14416,7.96,,,0.6763
P14416_CHEMBL5422870,P14416,7.01,,,0.6484
P14416_CHEMBL5428803,P14416,5.3,,,0.7778
P14416_CHEMBL5403204,P14416,7.0,,,0.6523
P14416_CHEMBL5439853,P14416,7.115,,,0.6416
P14416_CHEMBL5407341,P14416,7.165,,,0.7051
P14416_CHEMBL5417643,P14416,5.06,,,0.4919
P14416_CHEMBL5399720,P14416,5.755,,,0.5078
P14416_CHEMBL5416644,P14416,6.859999999999999,,,0.7881
P14416_CHEMBL5411404,P14416,6.94,,,0.6982
P14416_CHEMBL5409227,P14416,6.97,,,0.7231
P14416_CHEMBL5427695,P14416,8.39,,,0.6831
P14416_CHEMBL5414097,P14416,7.21,,,0.4814
P14416_CHEMBL5415178,P14416,5.859999999999999,,,0.5195
P14416_CHEMBL5409419,P14416,7.88,,,0.6025
P14416_CHEMBL5426242,P14416,7.62,,,0.5776
P14416_CHEMBL5395417,P14416,6.16,,,0.4624
P14416_CHEMBL5393856,P14416,6.52,,,0.6001
P14416_CHEMBL5402456,P14416,5.87,,,0.4666
P14416_CHEMBL5410217,P14416,6.43,,,0.5776
P14416_CHEMBL5433201,P14416,7.0,,,0.5972
P14416_CHEMBL5427288,P14416,7.575,,,0.5713
P14416_CHEMBL5425434,P14416,8.29,,,0.625
P14416_CHEMBL5417857,P14416,8.645,,,0.6177
P14416_CHEMBL5396612,P14416,6.415,,,0.603
P14416_CHEMBL5405133,P14416,6.74,,,0.5972
P14416_CHEMBL5415412,P14416,8.06,,,0.73
P14416_CHEMBL5421272,P14416,6.765,,,0.625
P14416_CHEMBL5433509,P14416,7.24,,,0.6514
P14416_CHEMBL5438205,P14416,7.27,,,0.6416
P14416_CHEMBL5412718,P14416,7.734999999999999,,,0.6387
P14416_CHEMBL5405333,P14416,6.44,,,0.7539
P14416_CHEMBL5396317,P14416,6.585,,,0.6665
P14416_CHEMBL5427937,P14416,7.085,,,0.7778
P14416_CHEMBL5395187,P14416,6.9,,,0.7778
P14416_CHEMBL5405086,P14416,7.12,,,0.791
P14416_CHEMBL5425252,P14416,6.82,,,0.7798
P14416_CHEMBL5415335,P14416,6.68,,,0.8823
P14416_CHEMBL5394431,P14416,7.18,,,0.6885
P14416_CHEMBL5431474,P14416,7.545,,,0.8335
P14416_CHEMBL5416728,P14416,7.015000000000001,,,0.6982
P14416_CHEMBL5410179,P14416,6.9350000000000005,,,0.7095
P14416_CHEMBL5436809,P14416,6.865,,,0.6875
P14416_CHEMBL5400232,P14416,6.84,,,0.772
P14416_CHEMBL5403504,P14416,6.38,,,0.6851
P14416_CHEMBL5404031,P14416,8.0,,,0.623
P14416_CHEMBL5418730,P14416,5.39,,,0.4827
P14416_CHEMBL5407747,P14416,6.02,,,0.5845
P14416_CHEMBL5425944,P14416,7.23,,,0.5229
P14416_CHEMBL5413807,P14416,5.26,,,0.4788
P14416_CHEMBL5429207,P14416,5.13,,,0.4644
P14416_CHEMBL5423250,P14416,5.88,,,0.4324
P14416_CHEMBL5400356,P14416,5.77,,,0.4775
P14416_CHEMBL5417351,P14416,8.83,,,0.8076
P14416_CHEMBL5435580,P14416,6.96,,,0.6865
P14416_CHEMBL5411002,P14416,7.12,,,0.623
P14416_CHEMBL5424052,P14416,8.07,,,0.623
P14416_CHEMBL5422196,P14416,7.93,,,0.6665
P14416_CHEMBL5429491,P14416,7.58,,,0.6553
P14416_CHEMBL5395668,P14416,6.62,,,0.6553
P14416_CHEMBL5420627,P14416,6.25,,,0.6333
P14416_CHEMBL5439203,P14416,6.58,,,0.709
P14416_CHEMBL5436641,P14416,6.79,,,0.6484
P14416_CHEMBL5395965,P14416,8.19,,,0.6567
P14416_CHEMBL5398100,P14416,8.73,,,0.6177
P14416_CHEMBL5429048,P14416,8.43,,,0.7344
P14416_CHEMBL5429826,P14416,7.54,,,0.7222
P14416_CHEMBL5414943,P14416,7.27,,,0.6089
P14416_CHEMBL5438499,P14416,7.59,,,0.5845
P17931_CHEMBL5437841,P17931,4.77,,,0.4722
P17931_CHEMBL5402838,P17931,4.44,,,0.5073
P17931_CHEMBL5400634,P17931,4.775,,,0.6577
P17931_CHEMBL5431444,P17931,4.41,,,0.5791
P17931_CHEMBL5406384,P17931,4.1,,,0.7539
P17931_CHEMBL5401732,P17931,4.51,,,0.4783
P17931_CHEMBL5429754,P17931,4.13,,,0.5151
P17931_CHEMBL5415297,P17931,4.865,,,0.6284
P17931_CHEMBL5430941,P17931,5.074999999999999,,,0.6284
P17931_CHEMBL5421500,P17931,4.62,,,0.4517
P17931_CHEMBL5439240,P17931,4.84,,,0.4307
P17931_CHEMBL5427260,P17931,4.57,,,0.4126
P17931_CHEMBL5430273,P17931,4.7,,,0.4746
P17931_CHEMBL5441028,P17931,4.52,,,0.4031
P17931_CHEMBL5417087,P17931,4.6,,,0.4243
P17931_CHEMBL5394601,P17931,4.64,,,0.4443
P17931_CHEMBL5419357,P17931,4.56,,,0.4634
P17931_CHEMBL5412010,P17931,4.66,,,0.4666
P17931_CHEMBL5396404,P17931,4.48,,,0.4746
P17931_CHEMBL5406006,P17931,4.09,,,0.519
P17931_CHEMBL5436075,P17931,4.8,,,0.5083
P17931_CHEMBL5422699,P17931,4.49,,,0.4243
P17931_CHEMBL5406342,P17931,4.81,,,0.5347
P17931_CHEMBL5433343,P17931,4.52,,,0.5093
P17931_CHEMBL5415648,P17931,4.7,,,0.4507
P17931_CHEMBL5436399,P17931,4.98,,,0.4265
P17931_CHEMBL5440690,P17931,4.43,,,0.5688
P17931_CHEMBL5436088,P17931,4.6,,,0.5688
P17931_CHEMBL5437593,P17931,4.11,,,0.4924
P17931_CHEMBL5434120,P17931,4.97,,,0.4602
P17931_CHEMBL5436190,P17931,4.45,,,0.4697
P17931_CHEMBL5440430,P17931,4.565,,,0.645
P17931_CHEMBL5411478,P17931,5.52,,,0.7729
P17931_CHEMBL5432913,P17931,5.68,,,0.7119
P17931_CHEMBL5395001,P17931,4.96,,,0.7231
P17931_CHEMBL5397280,P17931,5.47,,,0.7578
P17931_CHEMBL5399144,P17931,5.89,,,0.8525
P17931_CHEMBL5395141,P17931,4.145,,,0.6724
P21728_CHEMBL5398357,P21728,6.96,,,0.8667
P21728_CHEMBL5420515,P21728,6.09,,,0.8623
P21728_CHEMBL5436253,P21728,7.72,,,0.8359
P21728_CHEMBL5399393,P21728,6.83,,,0.8667
P21728_CHEMBL5412881,P21728,6.97,,,0.8813
P21728_CHEMBL5423775,P21728,6.35,,,0.8965
P21728_CHEMBL5439661,P21728,6.18,,,0.8965
P21728_CHEMBL5394838,P21728,7.07,,,0.8125
P21728_CHEMBL5410716,P21728,7.38,,,0.8623
P21728_CHEMBL5439212,P21728,7.96,,,0.8306
P21728_CHEMBL5399422,P21728,7.06,,,0.8623
P21728_CHEMBL5437148,P21728,6.33,,,0.8931
P21728_CHEMBL5399933,P21728,5.99,,,0.8931
P21728_CHEMBL5423880,P21728,7.1,,,0.8643
P21728_CHEMBL5409939,P21728,6.17,,,0.8599
P21728_CHEMBL5399568,P21728,7.51,,,0.8599
P21728_CHEMBL5416700,P21728,7.51,,,0.8623
P21728_CHEMBL5425375,P21728,7.17,,,0.8569
P21728_CHEMBL5399166,P21728,7.28,,,0.8569
P21728_CHEMBL5402269,P21728,7.7,,,0.8911
P21728_CHEMBL5420387,P21728,7.04,,,0.8032
P21728_CHEMBL5410387,P21728,7.82,,,0.8545
P21728_CHEMBL5395272,P21728,7.36,,,0.8213
P21728_CHEMBL5438487,P21728,7.24,,,0.8867
P21728_CHEMBL5396616,P21728,6.81,,,0.7964
P21728_CHEMBL5433001,P21728,7.77,,,0.8491
P21728_CHEMBL5437660,P21728,5.1,,,0.5576
P21728_CHEMBL5408223,P21728,5.17,,,0.6924
P21728_CHEMBL5404054,P21728,5.27,,,0.7163
P21728_CHEMBL5431103,P21728,5.34,,,0.7759
P21728_CHEMBL5422870,P21728,7.66,,,0.6484
P21728_CHEMBL5428803,P21728,7.47,,,0.7778
P21728_CHEMBL5403204,P21728,6.55,,,0.6523
P21728_CHEMBL5409419,P21728,7.445,,,0.6025
P21728_CHEMBL5426242,P21728,6.72,,,0.5776
P21728_CHEMBL5425252,P21728,6.32,,,0.7798
P21728_CHEMBL5400232,P21728,6.14,,,0.772
P22303_CHEMBL5394478,P22303,6.91,,,0.4939
P22303_CHEMBL5400593,P22303,5.97,,,0.5063
P22303_CHEMBL5428978,P22303,5.27,,,0.519
P22303_CHEMBL5410208,P22303,5.84,,,0.5674
P22303_CHEMBL5431791,P22303,6.47,,,0.5156
P22303_CHEMBL5399188,P22303,6.33,,,0.5156
P22303_CHEMBL5421921,P22303,5.12,,,0.5063
P22303_CHEMBL5406712,P22303,5.27,,,0.4707
P22303_CHEMBL5430507,P22303,4.32,,,0.4658
P22303_CHEMBL5394683,P22303,6.47,,,0.6001
P22303_CHEMBL5407856,P22303,5.33,,,0.5776
P22303_CHEMBL5440735,P22303,5.55,,,0.5693
P22303_CHEMBL5407180,P22303,4.85,,,0.6982
P22303_CHEMBL5417332,P22303,5.215,,,0.5732
P22303_CHEMBL5395691,P22303,5.17,,,0.5557
P22303_CHEMBL5405929,P22303,5.25,,,0.5557
P22303_CHEMBL5424787,P22303,5.08,,,0.8066
P22303_CHEMBL5395270,P22303,5.02,,,0.7681
P22303_CHEMBL5416421,P22303,5.48,,,0.7793
P22303_CHEMBL5425753,P22303,5.375,,,0.7705
P22303_CHEMBL5411758,P22303,5.42,,,0.8447
P22303_CHEMBL5419644,P22303,6.04,,,0.7222
P22303_CHEMBL5414144,P22303,4.96,,,0.6851
P22303_CHEMBL5407164,P22303,4.7,,,0.6606
P22303_CHEMBL5434888,P22303,4.47,,,0.6167
P22303_CHEMBL5406359,P22303,7.77,,,0.4934
P22303_CHEMBL5407691,P22303,5.52,,,0.4695
P22303_CHEMBL5420040,P22303,5.22,,,0.4556
P22303_CHEMBL5433354,P22303,5.94,,,0.4934
P22303_CHEMBL5421943,P22303,5.75,,,0.5
P22303_CHEMBL5402496,P22303,5.59,,,0.4614
P22303_CHEMBL5426913,P22303,5.36,,,0.5068
P22303_CHEMBL5407606,P22303,5.53,,,0.4509
P22303_CHEMBL5412970,P22303,5.25,,,0.48
P22303_CHEMBL5424767,P22303,5.31,,,0.4639
P22303_CHEMBL5433166,P22303,5.27,,,0.4827
P22303_CHEMBL5429003,P22303,5.58,,,0.5
P22303_CHEMBL5424712,P22303,5.47,,,0.4849
P22303_CHEMBL5419243,P22303,9.7,,,0.6392
P22303_CHEMBL5417346,P22303,10.0,,,0.9243
P22303_CHEMBL5426103,P22303,9.3,,,0.6392
P22303_CHEMBL5440753,P22303,9.4,,,0.9243
P22303_CHEMBL5417632,P22303,9.0,,,0.6392
P22303_CHEMBL5434553,P22303,9.22,,,0.9243
P22303_CHEMBL5418455,P22303,8.7,,,0.6289
P22303_CHEMBL5396497,P22303,8.15,,,0.9072
P22303_CHEMBL5433692,P22303,9.85,,,0.6665
P22303_CHEMBL5427383,P22303,4.09,,,0.7061
P22303_CHEMBL5416845,P22303,4.01,,,0.7202
P22303_CHEMBL5401085,P22303,5.380000000000001,,,0.6665
P22303_CHEMBL5424185,P22303,5.119999999999999,,,0.6538
P22303_CHEMBL5429608,P22303,5.0,,,0.5498
P22303_CHEMBL5396394,P22303,6.28,,,0.5483
P22303_CHEMBL5435599,P22303,5.25,,,0.5591
P22303_CHEMBL5426763,P22303,6.28,,,0.541
P22303_CHEMBL5407369,P22303,5.45,,,0.5078
P22303_CHEMBL5405546,P22303,5.17,,,0.7031
P22303_CHEMBL5413217,P22303,4.31,,,0.5757
P22303_CHEMBL5414511,P22303,6.42,,,0.5127
P22303_CHEMBL5396214,P22303,5.22,,,0.4861
P22303_CHEMBL5436875,P22303,6.68,,,0.4927
P22303_CHEMBL5435812,P22303,5.7,,,0.4861
P22303_CHEMBL5397159,P22303,5.86,,,0.5186
P22303_CHEMBL5412278,P22303,5.48,,,0.5522
P22303_CHEMBL5412829,P22303,5.96,,,0.5498
P22303_CHEMBL5425561,P22303,5.14,,,0.627
P22303_CHEMBL5407081,P22303,4.04,,,0.5
P22303_CHEMBL5416407,P22303,4.37,,,0.4507
P22303_CHEMBL5404812,P22303,4.48,,,0.4854
P22303_CHEMBL5419364,P22303,5.45,,,0.7578
P22303_CHEMBL5436261,P22303,5.62,,,0.625
P22303_CHEMBL5405496,P22303,5.76,,,0.5513
P22303_CHEMBL5415210,P22303,5.32,,,0.5923
P22303_CHEMBL5424891,P22303,4.77,,,0.4604
P22303_CHEMBL5429752,P22303,4.775,,,0.7036
P22303_CHEMBL5428266,P22303,5.275,,,0.7549
P22303_CHEMBL5411628,P22303,5.795,,,0.6963
P22303_CHEMBL5424094,P22303,5.15,,,0.5806
P22303_CHEMBL5423918,P22303,8.25,,,0.6768
P22303_CHEMBL5400395,P22303,7.23,,,0.645
P22303_CHEMBL5408925,P22303,7.96,,,0.7031
P22303_CHEMBL5417392,P22303,6.92,,,0.6616
P22303_CHEMBL5433956,P22303,6.18,,,0.6611
P22303_CHEMBL5430903,P22303,5.62,,,0.4893
P22303_CHEMBL5426478,P22303,6.28,,,0.5073
P22303_CHEMBL5438801,P22303,5.05,,,0.9136
P22303_CHEMBL5431870,P22303,5.37,,,0.7812
P22303_CHEMBL5433193,P22303,6.89,,,0.686
P22303_CHEMBL5414221,P22303,4.77,,,0.365
P22303_CHEMBL5433082,P22303,4.38,,,0.3967
P22303_CHEMBL5397824,P22303,4.81,,,0.4482
P22303_CHEMBL5412564,P22303,8.1,,,0.6963
P22303_CHEMBL5409365,P22303,7.19,,,0.6729
P22303_CHEMBL5396781,P22303,6.66,,,0.6055
P22303_CHEMBL5437711,P22303,5.84,,,0.7646
P22303_CHEMBL5411077,P22303,4.73,,,0.5591
P22303_CHEMBL5401627,P22303,5.265000000000001,,,0.7036
P22303_CHEMBL5426401,P22303,4.89,,,0.6748
P22303_CHEMBL5408201,P22303,7.75,,,0.5542
P22303_CHEMBL5401178,P22303,5.71,,,0.6665
P22303_CHEMBL5432462,P22303,6.8,,,0.6152
P22303_CHEMBL5415532,P22303,4.43,,,0.459
P22303_CHEMBL5413533,P22303,5.234999999999999,,,0.4285
P22303_CHEMBL5427748,P22303,5.795,,,0.5322
P22303_CHEMBL5428301,P22303,5.4350000000000005,,,0.6001
P22303_CHEMBL5429288,P22303,5.645,,,0.6963
P22303_CHEMBL5409352,P22303,6.15,,,0.7236
P22303_CHEMBL5433139,P22303,7.6,,,0.6719
P22303_CHEMBL5435163,P22303,6.5,,,0.4167
P23458_CHEMBL5408535,P23458,4.99,4.99,4.99,0.644
P23458_CHEMBL5396134,P23458,4.555,,,0.5361
P23458_CHEMBL5440598,P23458,5.39,,,0.4932
P23458_CHEMBL5438309,P23458,7.51,,,0.5239
P23458_CHEMBL5396692,P23458,5.2,,,0.5
P23458_CHEMBL5433067,P23458,4.83,,,0.5151
P23458_CHEMBL5406170,P23458,5.41,5.41,5.41,0.5
P23458_CHEMBL5397997,P23458,4.83,4.83,4.83,0.4768
P23458_CHEMBL5424439,P23458,7.54,,,0.6333
P23458_CHEMBL5419924,P23458,5.17,5.17,5.17,0.4807
P23458_CHEMBL5426253,P23458,4.84,4.84,4.84,0.5151
P23458_CHEMBL5426809,P23458,5.8,,,0.5
P23458_CHEMBL5407349,P23458,6.03,6.03,6.03,0.6177
P23458_CHEMBL5431607,P23458,6.3,6.3,6.3,0.47
P23458_CHEMBL5437567,P23458,6.23,6.23,6.23,0.5137
P23458_CHEMBL5413174,P23458,5.02,,,0.5571
P23458_CHEMBL5398468,P23458,5.23,5.23,5.23,0.5073
P23458_CHEMBL5419274,P23458,7.98,,,0.5972
P23458_CHEMBL5440065,P23458,5.41,5.41,5.41,0.4849
P23458_CHEMBL5426703,P23458,7.79,,,0.5713
P23458_CHEMBL5429376,P23458,7.95,,,0.6001
P23458_CHEMBL5431099,P23458,7.57,,,0.5303
P23458_CHEMBL5429154,P23458,5.65,5.65,5.65,0.4856
P23458_CHEMBL5436045,P23458,4.95,4.95,4.95,0.4768
P23458_CHEMBL5417474,P23458,7.57,,,0.6323
P23458_CHEMBL5395839,P23458,7.16,,,0.6416
P23458_CHEMBL5403897,P23458,7.7,,,0.6514
P23458_CHEMBL5420083,P23458,7.72,,,0.5454
P23458_CHEMBL5420971,P23458,6.92,,,0.6719
P23458_CHEMBL5399325,P23458,5.78,,,0.5151
P23458_CHEMBL5424098,P23458,6.85,,,0.5913
P23458_CHEMBL5405262,P23458,7.78,7.78,8.040000000000001,0.5342
P23458_CHEMBL5439485,P23458,5.42,5.42,5.42,0.5791
P23458_CHEMBL5423387,P23458,8.19,8.19,8.114999999999998,0.7432
P23458_CHEMBL5430795,P23458,8.28,8.28,8.28,0.8286
P23458_CHEMBL5405043,P23458,8.175,9.1,9.17,0.8286
P23458_CHEMBL5410919,P23458,8.73,8.73,8.73,0.7085
P23458_CHEMBL5435417,P23458,8.54,8.54,8.54,0.7715
P23458_CHEMBL5439582,P23458,8.48,8.48,7.95,0.8384
P23458_CHEMBL5427932,P23458,8.59,8.59,8.59,0.875
P23458_CHEMBL5405140,P23458,8.57,8.57,8.57,0.8594
P23458_CHEMBL5404261,P23458,8.25,8.25,7.24,0.8311
P23458_CHEMBL5441087,P23458,8.61,8.61,8.27,0.7974
P23458_CHEMBL5440017,P23458,8.53,8.53,8.53,0.7568
P23458_CHEMBL5434116,P23458,8.3,8.3,7.77,1.0
P23458_CHEMBL5396523,P23458,7.78,7.78,7.78,0.8286
P23458_CHEMBL5423894,P23458,7.99,7.99,7.99,0.791
P23458_CHEMBL5424497,P23458,9.28,,,0.6055
P23458_CHEMBL5409953,P23458,8.05,,,0.6787
P23458_CHEMBL5422886,P23458,8.22,,,0.5522
P23458_CHEMBL5412967,P23458,9.0,,,0.5068
P23458_CHEMBL5417371,P23458,5.26,,,0.6606
P23458_CHEMBL5440832,P23458,5.8,,,0.7856
P23458_CHEMBL5417190,P23458,5.69,,,0.772
P23458_CHEMBL5404411,P23458,5.25,,,0.6909
P23458_CHEMBL5436647,P23458,5.38,,,0.5781
P23458_CHEMBL5431456,P23458,5.81,,,0.627
P23458_CHEMBL5396190,P23458,5.45,,,0.6128
P23458_CHEMBL5438882,P23458,5.07,,,0.8364
P23458_CHEMBL5424372,P23458,5.59,,,0.6558
P23458_CHEMBL5436482,P23458,5.45,,,0.6167
P23458_CHEMBL5407329,P23458,8.3,,,0.5806
P23458_CHEMBL5407260,P23458,8.52,,,0.48
P23458_CHEMBL5396554,P23458,8.3,,,0.48
P23458_CHEMBL5415586,P23458,7.85,,,0.7407
P23458_CHEMBL5409666,P23458,8.05,,,0.6665
P23458_CHEMBL5433426,P23458,7.54,,,0.5645
P23458_CHEMBL5395378,P23458,6.05,,,0.623
P23458_CHEMBL5420468,P23458,7.7,7.7,7.7,0.9458
P23458_CHEMBL5408994,P23458,7.06,,,0.6162
P23458_CHEMBL5419978,P23458,6.75,,,0.6162
P23458_CHEMBL5435482,P23458,7.89,,,0.6338
P23458_CHEMBL5398464,P23458,8.06,,,0.5698
P23458_CHEMBL5440510,P23458,7.3,,,0.6362
P23458_CHEMBL5438892,P23458,7.92,7.92,7.92,0.6362
P23458_CHEMBL5412619,P23458,8.7,8.7,8.7,0.5239
P23458_CHEMBL5400209,P23458,5.92,,,0.5942
P23458_CHEMBL5437261,P23458,6.27,,,0.5557
P23458_CHEMBL5428461,P23458,5.53,5.53,5.53,0.6768
P23458_CHEMBL5419271,P23458,6.76,6.76,6.76,0.5557
P23458_CHEMBL5436383,P23458,6.86,6.86,6.86,0.4729
P23458_CHEMBL5431257,P23458,8.05,,,0.7168
P23458_CHEMBL5440264,P23458,7.43,,,0.5942
P23458_CHEMBL5420928,P23458,7.42,,,0.6113
P23458_CHEMBL5413489,P23458,7.09,,,0.6353
P23458_CHEMBL5417745,P23458,4.74,4.74,4.74,0.5156
P23458_CHEMBL5414410,P23458,5.29,,,0.646
P23458_CHEMBL5431565,P23458,5.34,,,0.7817
P23458_CHEMBL5398705,P23458,5.44,,,0.8237
P23458_CHEMBL5423237,P23458,5.47,,,0.6416
P23458_CHEMBL5411082,P23458,5.92,5.92,5.92,0.5225
P23458_CHEMBL5424761,P23458,5.14,,,0.6592
P23458_CHEMBL5394914,P23458,5.74,5.74,5.74,0.5
P23458_CHEMBL5421116,P23458,6.42,6.42,6.42,0.623
P23458_CHEMBL5422793,P23458,7.6,7.6,6.42,0.623
P23458_CHEMBL5418073,P23458,5.18,,,0.6064
P23458_CHEMBL5407116,P23458,5.3,,,0.6313
P23458_CHEMBL5422110,P23458,5.19,,,0.5317
P23458_CHEMBL5430869,P23458,6.92,6.92,6.92,0.521
P24941_CHEMBL5416233,P24941,4.33,4.327902142064283,4.327902142064283,0.5688
P24941_CHEMBL5414905,P24941,7.4,7.4,7.4,0.6221
P24941_CHEMBL5399420,P24941,7.64,7.64,7.64,0.6665
P24941_CHEMBL5428330,P24941,5.34,5.337242168318426,5.337242168318426,0.6309
P24941_CHEMBL5417371,P24941,6.52,,,0.6606
P24941_CHEMBL5440832,P24941,6.46,,,0.7856
P24941_CHEMBL5417190,P24941,6.29,,,0.772
P24941_CHEMBL5404411,P24941,6.34,,,0.6909
P24941_CHEMBL5436647,P24941,6.27,,,0.5781
P24941_CHEMBL5431456,P24941,6.4,,,0.627
P24941_CHEMBL5396190,P24941,6.28,,,0.6128
P24941_CHEMBL5438882,P24941,6.96,,,0.8364
P24941_CHEMBL5424372,P24941,6.51,,,0.6558
P24941_CHEMBL5427047,P24941,4.35,4.346787486224656,4.346787486224656,0.627
P24941_CHEMBL5436482,P24941,6.37,,,0.6167
P24941_CHEMBL5401267,P24941,6.08,6.08,6.08,0.6025
P24941_CHEMBL5413620,P24941,4.8,4.795880017344075,4.795880017344075,0.6294
P24941_CHEMBL5407688,P24941,4.42,4.42021640338319,4.42021640338319,0.5835
P24941_CHEMBL5434594,P24941,6.04,,,0.5518
P24941_CHEMBL5440790,P24941,4.68,,,0.5518
P24941_CHEMBL5428382,P24941,4.62,,,0.5688
P24941_CHEMBL5410597,P24941,5.3,,,0.5688
P24941_CHEMBL5427324,P24941,5.41,,,0.5591
P24941_CHEMBL5421310,P24941,5.24,,,0.5425
P24941_CHEMBL5406341,P24941,6.6,,,0.5425
P24941_CHEMBL5439522,P24941,6.36,,,0.5425
P24941_CHEMBL5421048,P24941,6.43,,,0.5425
P24941_CHEMBL5394608,P24941,4.82,,,0.5591
P24941_CHEMBL5394312,P24941,4.68,4.494850021680094,4.494850021680094,0.6294
P24941_CHEMBL5412165,P24941,4.82,4.9300604567993815,4.9300604567993815,0.5688
P24941_CHEMBL5439308,P24941,7.32,7.638272163982407,7.638272163982407,0.4854
P24941_CHEMBL5407777,P24941,4.38,4.376750709602099,4.376750709602099,0.5737
P24941_CHEMBL5414410,P24941,6.14,,,0.646
P24941_CHEMBL5431565,P24941,6.99,,,0.7817
P24941_CHEMBL5435746,P24941,6.87,,,0.519
P24941_CHEMBL5398705,P24941,6.54,,,0.8237
P24941_CHEMBL5435410,P24941,5.4,5.217076090663241,5.217076090663241,0.6416
P24941_CHEMBL5432928,P24941,7.275,7.698970004336019,7.698970004336019,0.5083
P24941_CHEMBL5400738,P24941,5.1,5.09154808031217,5.09154808031217,0.6416
P24941_CHEMBL5427192,P24941,5.05,,,0.5
P24941_CHEMBL5423185,P24941,6.55,6.55395269865476,6.55395269865476,0.5166
P24941_CHEMBL5423683,P24941,5.55,5.552841968657781,5.552841968657781,0.5967
P24941_CHEMBL5412113,P24941,4.5,,,0.6538
P24941_CHEMBL5404611,P24941,4.89,4.888028323846582,4.888028323846582,0.6113
P24941_CHEMBL5401897,P24941,5.21,5.130181703170599,5.130181703170599,0.6167
P24941_CHEMBL5432063,P24941,4.42,4.42021640338319,4.42021640338319,0.6143
P24941_CHEMBL5423237,P24941,6.86,,,0.6416
P24941_CHEMBL5424761,P24941,6.94,,,0.6592
P24941_CHEMBL5418073,P24941,6.47,,,0.6064
P24941_CHEMBL5407116,P24941,6.62,,,0.6313
P27338_CHEMBL5417937,P27338,6.89,,,0.5884
P27338_CHEMBL5428315,P27338,4.42,4.42,4.42,0.6445
P27338_CHEMBL5434825,P27338,4.6,4.6,4.6,0.6206
P27338_CHEMBL5395648,P27338,4.16,,,0.6104
P27338_CHEMBL5402309,P27338,7.62,,,0.6904
P27338_CHEMBL5399743,P27338,6.36,,,0.5308
P27338_CHEMBL5400613,P27338,4.28,,,0.6875
P27338_CHEMBL5411972,P27338,5.68,,,0.7002
P27338_CHEMBL5434514,P27338,7.7,,,1.0
P27338_CHEMBL5425979,P27338,5.57,,,0.8096
P27338_CHEMBL5440858,P27338,7.43,,,0.75
P27338_CHEMBL5427590,P27338,5.6,,,0.7798
P27338_CHEMBL5419792,P27338,8.22,,,0.707
P27338_CHEMBL5414346,P27338,6.22,6.22,6.22,0.6377
P27338_CHEMBL5423119,P27338,5.8,,,0.6377
P27338_CHEMBL5430666,P27338,5.9,5.9,5.9,0.7114
P27338_CHEMBL5399671,P27338,6.0,6.0,6.0,0.522
P27338_CHEMBL5409741,P27338,5.7,5.7,5.7,0.7114
P27338_CHEMBL5433292,P27338,5.74,,,0.623
P27338_CHEMBL5402353,P27338,5.08,,,0.6909
P27338_CHEMBL5404978,P27338,5.76,,,0.5771
P27338_CHEMBL5406273,P27338,6.69,,,0.6729
P27338_CHEMBL5428685,P27338,5.88,,,0.7334
P27338_CHEMBL5399314,P27338,4.17,,,0.5918
P27338_CHEMBL5416870,P27338,6.51,,,0.5371
P27338_CHEMBL5438815,P27338,5.6,,,0.7036
P27338_CHEMBL5427855,P27338,5.54,,,0.5396
P27338_CHEMBL5438218,P27338,5.13,5.13,5.13,0.5093
P27338_CHEMBL5393927,P27338,5.21,,,0.6226
P27338_CHEMBL5436279,P27338,5.04,,,0.5635
P27338_CHEMBL5422519,P27338,7.55,,,0.7959
P27338_CHEMBL5406099,P27338,6.99,6.99,6.99,0.5181
P27338_CHEMBL5415952,P27338,5.34,5.34,5.34,0.5576
P27338_CHEMBL5416702,P27338,9.0,,,0.771
P27338_CHEMBL5403831,P27338,6.46,,,0.6089
P27338_CHEMBL5415563,P27338,6.86,,,0.7539
P27338_CHEMBL5413841,P27338,5.71,5.71,5.71,0.5
P27338_CHEMBL5403156,P27338,5.02,5.02,5.02,0.5093
P27338_CHEMBL5398332,P27338,6.02,6.02,6.02,0.5093
P27338_CHEMBL5404106,P27338,5.3,5.3,5.3,0.4834
P27338_CHEMBL5423573,P27338,7.31,,,0.7798
P27338_CHEMBL5400090,P27338,4.51,,,0.5713
P27338_CHEMBL5403314,P27338,4.3,,,0.6152
P27338_CHEMBL5403469,P27338,5.13,,,0.6001
P27338_CHEMBL5404959,P27338,5.61,5.61,5.61,0.5415
P27338_CHEMBL5395261,P27338,4.43,4.43,4.43,0.5654
P27338_CHEMBL5416897,P27338,4.07,4.07,4.07,0.5688
P27338_CHEMBL5396287,P27338,4.9,,,0.5918
P27338_CHEMBL5394729,P27338,5.12,,,0.54
P27338_CHEMBL5436440,P27338,4.76,,,0.5557
P27338_CHEMBL5430903,P27338,4.95,4.95,4.95,0.4893
P27338_CHEMBL5399676,P27338,6.14,,,0.5493
P27338_CHEMBL5419856,P27338,5.64,5.64,5.64,0.5454
P27338_CHEMBL5416185,P27338,6.44,,,0.5576
P27338_CHEMBL5423045,P27338,7.26,7.26,7.26,0.7729
P27338_CHEMBL5417198,P27338,7.54,7.54,7.54,0.6792
P27338_CHEMBL5425546,P27338,6.46,,,0.8604
P27338_CHEMBL5415156,P27338,6.58,,,0.7446
P27338_CHEMBL5416761,P27338,7.8,,,0.6738
P27338_CHEMBL5431945,P27338,7.81,,,0.6938
P27338_CHEMBL5395527,P27338,5.36,,,0.5845
P27338_CHEMBL5396512,P27338,5.18,,,0.6528
P27338_CHEMBL5424650,P27338,6.67,,,0.5713
P27338_CHEMBL5423810,P27338,6.13,,,0.603
P27338_CHEMBL5415650,P27338,5.21,,,0.6167
P27338_CHEMBL5431708,P27338,7.01,,,0.7378
P27338_CHEMBL5414093,P27338,6.97,,,0.7896
P27338_CHEMBL5434761,P27338,7.69,,,0.8184
P27338_CHEMBL5399687,P27338,6.73,,,0.6392
P27338_CHEMBL5399540,P27338,6.52,,,0.7017
P27338_CHEMBL5436231,P27338,6.52,,,0.7271
P27338_CHEMBL5408055,P27338,5.7,,,0.7017
P27338_CHEMBL5404165,P27338,8.02,,,0.7271
P27338_CHEMBL5395788,P27338,6.83,,,0.7417
P27338_CHEMBL5398537,P27338,6.92,,,0.7417
P27338_CHEMBL5408318,P27338,6.16,,,0.5884
P27338_CHEMBL5410682,P27338,5.37,,,0.7334
P27338_CHEMBL5421285,P27338,5.34,,,0.7441
P27338_CHEMBL5425310,P27338,6.53,6.53,6.53,0.5688
P27338_CHEMBL5417092,P27338,5.04,,,0.6416
P27338_CHEMBL5437538,P27338,6.08,,,0.4924
P27338_CHEMBL5422460,P27338,7.42,7.42,7.42,0.5
P27338_CHEMBL5422732,P27338,7.07,7.07,7.07,0.5396
P27338_CHEMBL5438053,P27338,7.14,7.14,7.14,0.5073
P27338_CHEMBL5402945,P27338,7.26,,,0.5693
P27338_CHEMBL5434678,P27338,8.0,,,0.7378
P27338_CHEMBL5418924,P27338,4.22,,,0.7144
P27338_CHEMBL5428671,P27338,5.33,,,0.625
P27338_CHEMBL5428196,P27338,4.12,,,0.6924
P27338_CHEMBL5433019,P27338,5.58,,,0.7334
P27338_CHEMBL5399496,P27338,6.15,,,0.7109
P27338_CHEMBL5413087,P27338,5.55,,,0.7002
P27338_CHEMBL5433787,P27338,5.53,,,0.6353
P27338_CHEMBL5429656,P27338,7.84,,,0.7271
P27338_CHEMBL5421246,P27338,7.01,,,0.7607
P27338_CHEMBL5437543,P27338,8.08,,,0.6738
P27338_CHEMBL5423398,P27338,5.99,,,0.7749
P27338_CHEMBL5423186,P27338,5.32,,,0.8096
P27338_CHEMBL5426795,P27338,6.22,,,0.6816
P27338_CHEMBL5434275,P27338,5.36,5.36,5.36,0.7954
P27338_CHEMBL5400189,P27338,7.16,,,0.771
P27338_CHEMBL5404200,P27338,7.53,,,0.7827
P27338_CHEMBL5431507,P27338,7.6,,,0.7021
P27338_CHEMBL5406057,P27338,7.5,,,0.75
P27338_CHEMBL5432117,P27338,6.62,,,0.75
P27338_CHEMBL5403995,P27338,7.89,,,0.6665
P27338_CHEMBL5401875,P27338,6.46,,,0.5386
P27338_CHEMBL5401572,P27338,6.26,,,0.5386
P27338_CHEMBL5407170,P27338,8.915,,,0.689
P27338_CHEMBL5440632,P27338,6.2,,5.113012866919785,1.0
P27338_CHEMBL5394801,P27338,7.07,,,0.7236
P27338_CHEMBL5441072,P27338,7.31,,,0.5454
P27338_CHEMBL5430381,P27338,7.24,,,0.5835
P27338_CHEMBL5414652,P27338,7.48,,,0.4912
P27338_CHEMBL5415223,P27338,7.68,,,0.585
P27338_CHEMBL5398247,P27338,7.46,,,0.5508
P27338_CHEMBL5418090,P27338,6.53,,,0.5659
P27338_CHEMBL5426461,P27338,6.6,,,0.5684
P27338_CHEMBL5400685,P27338,7.02,,,0.6738
P27338_CHEMBL5428123,P27338,6.32,,,0.6523
P27338_CHEMBL5438301,P27338,6.37,,,0.6304
P27338_CHEMBL5394462,P27338,6.48,,,0.6001
P27338_CHEMBL5427279,P27338,7.17,,,0.6294
P27338_CHEMBL5432246,P27338,6.57,,,0.627
P28223_CHEMBL5433300,P28223,5.76,,,0.7021
P28223_CHEMBL5405562,P28223,6.89,,,0.7827
P28223_CHEMBL5406900,P28223,6.52,,,0.6938
P28223_CHEMBL5397704,P28223,5.99,,,0.6226
P28223_CHEMBL5405414,P28223,6.24,,,0.5488
P28223_CHEMBL5419441,P28223,7.75,,,0.5894
P28223_CHEMBL5416678,P28223,6.7,,,0.5518
P28223_CHEMBL5433857,P28223,6.0,,,0.7236
P28223_CHEMBL5400892,P28223,6.29,,,0.5239
P28223_CHEMBL5410706,P28223,6.51,,,0.5938
P28223_CHEMBL5420304,P28223,6.21,,,0.6938
P28223_CHEMBL5434373,P28223,6.47,,,0.6665
P28223_CHEMBL5416642,P28223,6.21,,,0.5747
P28223_CHEMBL5412886,P28223,6.5,,,0.6309
P28223_CHEMBL5424897,P28223,6.8,,,0.5601
P28223_CHEMBL5409134,P28223,6.17,,,0.6562
P28223_CHEMBL5437660,P28223,6.68,,,0.5576
P28223_CHEMBL5408223,P28223,7.68,,,0.6924
P28223_CHEMBL5404054,P28223,7.82,,,0.7163
P28223_CHEMBL5436003,P28223,7.46,,,0.6602
P28223_CHEMBL5423649,P28223,6.1,,,0.6045
P28223_CHEMBL5395867,P28223,6.08,,,0.6528
P28223_CHEMBL5406837,P28223,6.38,,,0.7446
P28223_CHEMBL5397523,P28223,5.99,,,0.7271
P28223_CHEMBL5434229,P28223,5.36,,,0.6055
P28223_CHEMBL5431103,P28223,7.27,,,0.7759
P28223_CHEMBL5422870,P28223,5.82,,,0.6484
P28223_CHEMBL5403204,P28223,6.92,,,0.6523
P28223_CHEMBL5418283,P28223,6.15,,,0.6499
P28223_CHEMBL5409227,P28223,6.89,,,0.7231
P28223_CHEMBL5409419,P28223,5.955,,,0.6025
P28223_CHEMBL5426242,P28223,5.745,,,0.5776
P28223_CHEMBL5415412,P28223,6.49,,,0.73
P28223_CHEMBL5425252,P28223,6.85,,,0.7798
P28223_CHEMBL5400232,P28223,6.02,,,0.772
P28223_CHEMBL5404031,P28223,6.75,,,0.623
P28223_CHEMBL5407925,P28223,6.27,,,0.5415
P28223_CHEMBL5402096,P28223,6.05,,,0.6274
P28223_CHEMBL5409782,P28223,8.67,,,0.7261
P28223_CHEMBL5419552,P28223,8.44,,,0.7085
P28223_CHEMBL5422180,P28223,9.77,,,0.7354
P28223_CHEMBL5435580,P28223,6.77,,,0.6865
P28223_CHEMBL5411002,P28223,6.61,,,0.623
P28223_CHEMBL5424052,P28223,5.92,,,0.623
P28223_CHEMBL5422196,P28223,6.84,,,0.6665
P28223_CHEMBL5429491,P28223,6.74,,,0.6553
P28223_CHEMBL5395668,P28223,6.4,,,0.6553
P28223_CHEMBL5439203,P28223,5.54,,,0.709
P28223_CHEMBL5436641,P28223,5.84,,,0.6484
P28223_CHEMBL5429826,P28223,5.74,,,0.7222
P28223_CHEMBL5409331,P28223,4.7,,,0.52
P28223_CHEMBL5428071,P28223,4.3,,,0.52
P28223_CHEMBL5394464,P28223,4.82,,,0.4717
P28223_CHEMBL5429818,P28223,4.3,,,0.5283
P28335_CHEMBL5424897,P28335,6.1,,,0.5601
P28335_CHEMBL5409134,P28335,5.97,,,0.6562
P28335_CHEMBL5437660,P28335,6.79,,,0.5576
P28335_CHEMBL5408223,P28335,7.47,,,0.6924
P28335_CHEMBL5404054,P28335,6.6,,,0.7163
P28335_CHEMBL5434229,P28335,5.5,,,0.6055
P28335_CHEMBL5431103,P28335,6.6,,,0.7759
P28335_CHEMBL5418283,P28335,5.74,,,0.6499
P28335_CHEMBL5430057,P28335,6.28,,,0.604
P28335_CHEMBL5409227,P28335,6.94,,,0.7231
P28335_CHEMBL5427640,P28335,5.3,,,0.604
P28335_CHEMBL5409419,P28335,6.21,,,0.6025
P28335_CHEMBL5426242,P28335,6.255,,,0.5776
P28335_CHEMBL5395233,P28335,5.6,,,0.4644
P28335_CHEMBL5436641,P28335,5.24,,,0.6484
P28335_CHEMBL5429826,P28335,6.19,,,0.7222
P28335_CHEMBL5409331,P28335,6.75,,,0.52
P28335_CHEMBL5435945,P28335,4.3,,,0.52
P28335_CHEMBL5428071,P28335,7.02,,,0.52
P28335_CHEMBL5394464,P28335,5.64,,,0.4717
P28335_CHEMBL5441076,P28335,5.6,,,0.522
P28335_CHEMBL5432740,P28335,5.82,,,0.5229
P28907_CHEMBL5423247,P28907,7.62,7.62,7.62,0.5229
P28907_CHEMBL5397412,P28907,7.68,7.68,7.68,0.6665
P28907_CHEMBL5403659,P28907,6.72,6.72,6.72,0.5635
P28907_CHEMBL5395994,P28907,7.06,7.06,7.06,0.6001
P28907_CHEMBL5421625,P28907,6.11,,,0.623
P28907_CHEMBL5405886,P28907,6.96,,,0.8228
P28907_CHEMBL5404154,P28907,6.96,,,0.8228
P28907_CHEMBL5415804,P28907,7.29,7.29,7.29,0.5874
P28907_CHEMBL5432974,P28907,7.66,7.66,7.66,0.603
P28907_CHEMBL5434557,P28907,6.7,,,0.4822
P28907_CHEMBL5427100,P28907,7.5,7.5,7.5,0.5967
P28907_CHEMBL5395515,P28907,6.66,,,0.5537
P28907_CHEMBL5415574,P28907,6.16,6.16,6.16,0.5713
P28907_CHEMBL5430964,P28907,7.92,7.92,7.615,0.519
P28907_CHEMBL5429970,P28907,7.31,7.31,7.615,0.519
P28907_CHEMBL5440312,P28907,8.7,8.7,8.7,0.5601
P28907_CHEMBL5405079,P28907,8.62,8.62,8.62,0.6069
P28907_CHEMBL5434460,P28907,8.82,,,0.5762
P28907_CHEMBL5431367,P28907,7.92,7.92,7.92,0.5967
P28907_CHEMBL5436110,P28907,7.52,7.52,7.52,0.5615
P28907_CHEMBL5417850,P28907,8.0,8.0,8.0,0.5688
P28907_CHEMBL5434181,P28907,7.77,7.77,7.77,0.5688
P28907_CHEMBL5436403,P28907,8.85,8.85,8.85,0.5386
P28907_CHEMBL5426011,P28907,8.85,8.85,8.85,0.519
P28907_CHEMBL5401022,P28907,8.89,8.89,8.89,0.5332
P28907_CHEMBL5440681,P28907,8.8,8.8,8.8,0.5635
P28907_CHEMBL5398114,P28907,8.82,8.82,8.82,0.5532
P28907_CHEMBL5425216,P28907,8.82,8.82,8.82,0.625
P28907_CHEMBL5418653,P28907,8.89,8.89,8.89,0.6001
P28907_CHEMBL5424500,P28907,8.3,,,0.5156
P28907_CHEMBL5410644,P28907,9.52,9.52,9.52,0.54
P28907_CHEMBL5396888,P28907,8.3,,,0.5396
P28907_CHEMBL5414411,P28907,8.42,,,0.5083
P28907_CHEMBL5427901,P28907,8.7,,,0.5747
P28907_CHEMBL5420517,P28907,8.01,,,0.4575
P28907_CHEMBL5437449,P28907,7.89,,,0.5083
P28907_CHEMBL5424631,P28907,7.96,7.96,7.96,0.4727
P29274_CHEMBL5416209,P29274,6.29,,,0.7705
P29274_CHEMBL5405570,P29274,6.75,,,0.7832
P29274_CHEMBL5393920,P29274,7.02,,,0.7832
P29274_CHEMBL5436220,P29274,7.3,,,0.5825
P29274_CHEMBL5421109,P29274,6.9,,,0.7998
P29274_CHEMBL5427211,P29274,6.24,,,0.7021
P29274_CHEMBL5422711,P29274,6.29,,,0.6943
P29274_CHEMBL5437109,P29274,6.12,,,0.75
P29274_CHEMBL5395897,P29274,6.02,,,0.7456
P29274_CHEMBL5399921,P29274,6.33,,,0.625
P29274_CHEMBL5439422,P29274,6.04,,,0.6196
P29274_CHEMBL5404268,P29274,5.94,,,0.3948
P29274_CHEMBL5402843,P29274,5.45,,,0.4744
P29274_CHEMBL5416491,P29274,6.94,,,0.4343
P29274_CHEMBL5416911,P29274,6.79,,,0.4084
P29274_CHEMBL5429151,P29274,6.86,,,0.4097
P29274_CHEMBL5410668,P29274,6.74,,,0.5078
P29274_CHEMBL5430246,P29274,9.52,,,0.5522
P29274_CHEMBL5426841,P29274,8.89,,,0.5776
P29274_CHEMBL5413371,P29274,9.22,,,0.5654
P29274_CHEMBL5438060,P29274,9.1,,,0.5571
P29274_CHEMBL5439885,P29274,6.77,,,0.4143
P29274_CHEMBL5399566,P29274,6.4,,,0.4197
P29274_CHEMBL5433808,P29274,6.71,,,0.425
P29274_CHEMBL5415792,P29274,7.25,,,0.4338
P29274_CHEMBL5437168,P29274,7.99,,,0.5454
P29274_CHEMBL5401706,P29274,7.26,,,0.4375
P29274_CHEMBL5398651,P29274,6.87,,,0.4412
P29274_CHEMBL5401410,P29274,6.89,,,0.4197
P29274_CHEMBL5408699,P29274,6.11,,,0.4375
P29274_CHEMBL5426226,P29274,5.68,,,0.4211
P29274_CHEMBL5422621,P29274,6.88,,,0.439
P29274_CHEMBL5408447,P29274,6.34,,,0.439
P29274_CHEMBL5397080,P29274,7.16,,,0.4417
P29274_CHEMBL5400341,P29274,6.8,,,0.3865
P29274_CHEMBL5417712,P29274,6.37,,,0.4358
P29274_CHEMBL5412117,P29274,7.14,,,0.4348
P29274_CHEMBL5422530,P29274,5.96,,,0.4375
P29274_CHEMBL5415529,P29274,4.84,,,0.4761
P29274_CHEMBL5408468,P29274,5.41,,,0.5264
P29274_CHEMBL5405584,P29274,6.85,,,0.7368
P29274_CHEMBL5420888,P29274,6.34,,,0.7319
P29274_CHEMBL5427931,P29274,6.95,,,0.6523
P29274_CHEMBL5419573,P29274,6.02,,,0.5942
P29274_CHEMBL5395100,P29274,6.47,,,0.6484
P29274_CHEMBL5438754,P29274,6.14,,,0.6577
P29597_CHEMBL5418687,P29597,7.085,,,0.3718
P29597_CHEMBL5396134,P29597,6.92,,,0.5361
P29597_CHEMBL5414765,P29597,7.85,8.0,8.0,0.5083
P29597_CHEMBL5394367,P29597,8.01,8.4,8.4,0.3889
P29597_CHEMBL5424439,P29597,7.54,,,0.6333
P29597_CHEMBL5417474,P29597,7.43,,,0.6323
P29597_CHEMBL5395839,P29597,7.27,,,0.6416
P29597_CHEMBL5403897,P29597,7.77,,,0.6514
P29597_CHEMBL5420083,P29597,7.68,,,0.5454
P29597_CHEMBL5420971,P29597,6.77,,,0.6719
P29597_CHEMBL5424098,P29597,6.72,,,0.5913
P29597_CHEMBL5403272,P29597,7.540000000000001,8.05,8.05,0.3677
P29597_CHEMBL5423387,P29597,6.62,6.62,6.5,0.7432
P29597_CHEMBL5430795,P29597,7.24,7.24,7.24,0.8286
P29597_CHEMBL5405043,P29597,7.13,7.13,7.13,0.8286
P29597_CHEMBL5410919,P29597,7.5,7.5,7.5,0.7085
P29597_CHEMBL5435417,P29597,7.43,7.43,7.43,0.7715
P29597_CHEMBL5439582,P29597,6.34,6.34,6.34,0.8384
P29597_CHEMBL5427932,P29597,7.88,7.88,7.88,0.875
P29597_CHEMBL5405140,P29597,6.91,6.91,6.91,0.8594
P29597_CHEMBL5404261,P29597,5.95,5.95,5.95,0.8311
P29597_CHEMBL5441087,P29597,6.45,,5.97,0.7974
P29597_CHEMBL5440017,P29597,7.35,7.35,7.35,0.7568
P29597_CHEMBL5434116,P29597,6.23,6.23,6.51,1.0
P29597_CHEMBL5396523,P29597,8.07,8.07,8.07,0.8286
P29597_CHEMBL5423894,P29597,7.12,7.12,7.12,0.791
P29597_CHEMBL5424497,P29597,8.620000000000001,,,0.6055
P29597_CHEMBL5438635,P29597,8.02,8.02,8.85948500216801,1.0
P29597_CHEMBL5409953,P29597,8.0,,,0.6787
P29597_CHEMBL5422886,P29597,8.7,,,0.5522
P29597_CHEMBL5412967,P29597,9.0,,,0.5068
P29597_CHEMBL5407329,P29597,8.15,,,0.5806
P29597_CHEMBL5407260,P29597,8.7,,,0.48
P29597_CHEMBL5396554,P29597,8.7,,,0.48
P29597_CHEMBL5415586,P29597,7.82,,,0.7407
P29597_CHEMBL5409666,P29597,8.22,,,0.6665
P29597_CHEMBL5433426,P29597,7.72,,,0.5645
P29597_CHEMBL5408994,P29597,7.21,,,0.6162
P29597_CHEMBL5419978,P29597,6.69,,,0.6162
P29597_CHEMBL5435482,P29597,8.7,,,0.6338
P29597_CHEMBL5440510,P29597,7.96,,,0.6362
P29597_CHEMBL5438892,P29597,8.47,8.47,8.47,0.6362
P29597_CHEMBL5412619,P29597,8.47,8.47,8.47,0.5239
P29597_CHEMBL5437653,P29597,6.96,6.96,6.96,0.5942
P29597_CHEMBL5400209,P29597,7.85,,6.96,0.5942
P29597_CHEMBL5437261,P29597,7.31,,,0.5557
P29597_CHEMBL5431257,P29597,8.0,,,0.7168
P29597_CHEMBL5440264,P29597,9.7,,,0.5942
P29597_CHEMBL5413489,P29597,10.1,,,0.6353
P29597_CHEMBL5429461,P29597,4.654999999999999,,,0.9199
P29597_CHEMBL5422793,P29597,5.95,5.95,5.95,0.623
P31153_CHEMBL5405042,P31153,7.1,7.1,7.1,0.4153
P31153_CHEMBL5402991,P31153,7.57,,,0.5928
P31153_CHEMBL5395201,P31153,5.43,,,0.7095
P31153_CHEMBL5415073,P31153,7.85,,,0.6118
P31153_CHEMBL5400994,P31153,7.55,,,0.3789
P31153_CHEMBL5412431,P31153,7.2,,,0.447
P31153_CHEMBL5437430,P31153,7.47,,,0.5454
P31153_CHEMBL5419227,P31153,7.14,,,0.625
P31153_CHEMBL5418094,P31153,6.41,,,0.6665
P31153_CHEMBL5440991,P31153,7.28,,,0.6543
P31153_CHEMBL5412125,P31153,7.77,,,0.6709
P31153_CHEMBL5425823,P31153,7.29,,,0.543
P31153_CHEMBL5401515,P31153,7.75,,,0.7104
P31153_CHEMBL5430139,P31153,6.88,,,0.5117
P31153_CHEMBL5434352,P31153,7.7,,,0.6387
P31153_CHEMBL5423083,P31153,7.64,,,0.6162
P31153_CHEMBL5432232,P31153,7.77,,,0.6587
P31153_CHEMBL5397124,P31153,7.64,,,0.6582
P31153_CHEMBL5405749,P31153,7.7,,,0.6582
P31153_CHEMBL5435278,P31153,7.17,,,0.5586
P31153_CHEMBL5419203,P31153,6.89,,,0.603
P31153_CHEMBL5413291,P31153,6.33,,,0.5674
P31153_CHEMBL5406558,P31153,6.52,,,0.5713
P31153_CHEMBL5409231,P31153,6.56,,,0.5586
P31153_CHEMBL5405041,P31153,6.69,,,0.5713
P31153_CHEMBL5422027,P31153,6.76,,,0.5508
P31153_CHEMBL5399691,P31153,7.05,,,0.6177
P31153_CHEMBL5426479,P31153,7.11,,,0.5796
P31153_CHEMBL5399738,P31153,7.85,7.85,7.85,0.5664
P31153_CHEMBL5413811,P31153,6.49,,,0.5293
P31153_CHEMBL5427061,P31153,7.47,,,0.7285
P31153_CHEMBL5426003,P31153,7.43,,,0.6172
P31153_CHEMBL5419023,P31153,7.19,7.19,7.19,0.4099
P31153_CHEMBL5413791,P31153,6.46,6.46,6.46,0.375
P31153_CHEMBL5422860,P31153,6.7,6.7,6.7,0.4775
P31153_CHEMBL5401688,P31153,7.22,7.22,7.22,0.3967
P31153_CHEMBL5399741,P31153,6.97,6.97,6.97,0.4839
P31153_CHEMBL5411162,P31153,7.38,7.38,7.38,0.3906
P31153_CHEMBL5439586,P31153,7.17,7.17,7.17,0.3691
P31153_CHEMBL5407969,P31153,7.35,7.35,7.35,0.4194
P31153_CHEMBL5420391,P31153,6.57,6.57,6.57,0.625
P31153_CHEMBL5393737,P31153,7.19,,,0.6001
P31153_CHEMBL5403351,P31153,5.59,,,0.4204
P31153_CHEMBL5436630,P31153,6.28,,,0.3809
P31153_CHEMBL5425116,P31153,7.34,7.34,7.34,0.3943
P31153_CHEMBL5439496,P31153,7.51,7.51,7.51,0.3784
P31153_CHEMBL5398803,P31153,6.92,6.92,6.92,0.4412
P31153_CHEMBL5431494,P31153,6.92,6.92,6.92,0.4084
P31153_CHEMBL5433315,P31153,6.92,6.92,6.92,0.4329
P31153_CHEMBL5438211,P31153,6.72,6.72,6.72,0.408
P34913_CHEMBL5433817,P34913,9.0,9.0,9.0,0.6567
P34913_CHEMBL5435984,P34913,9.05,9.05,9.05,0.4546
P34913_CHEMBL5404981,P34913,9.38,9.38,9.38,0.4604
P34913_CHEMBL5430033,P34913,9.31,9.31,9.31,0.4729
P34913_CHEMBL5432207,P34913,9.22,9.22,9.22,0.5415
P34913_CHEMBL5414017,P34913,6.74,6.74,6.74,0.4468
P34913_CHEMBL5405712,P34913,8.7,8.7,8.7,0.5322
P34913_CHEMBL5419231,P34913,7.71,7.71,7.71,0.4814
P34913_CHEMBL5438968,P34913,8.81,8.81,8.81,0.5137
P34913_CHEMBL5406085,P34913,9.55,9.55,9.55,0.4729
P34913_CHEMBL5396859,P34913,8.35,8.35,8.35,0.5
P34913_CHEMBL5423765,P34913,8.22,8.22,8.22,0.5
P34913_CHEMBL5402713,P34913,5.75,,,1.0
P34913_CHEMBL5394017,P34913,9.05,9.05,9.05,0.5269
P34913_CHEMBL5427173,P34913,9.48,9.48,9.48,0.4666
P34913_CHEMBL5429531,P34913,9.25,9.25,9.25,0.5132
P34913_CHEMBL5425833,P34913,10.3,10.3,10.3,0.4666
P34913_CHEMBL5430521,P34913,9.0,9.0,9.0,0.4197
P34913_CHEMBL5431410,P34913,9.11,9.11,9.11,0.4321
P34913_CHEMBL5431664,P34913,8.85,8.85,8.85,0.4875
P34913_CHEMBL5435879,P34913,9.6,9.6,9.6,0.4431
P34913_CHEMBL5434178,P34913,9.46,9.46,9.46,0.5942
P34913_CHEMBL5399542,P34913,8.66,8.66,8.66,0.5225
P34913_CHEMBL5420723,P34913,8.68,8.68,8.68,0.4268
P34913_CHEMBL5435557,P34913,9.15,9.15,9.15,0.5073
P34913_CHEMBL5423755,P34913,8.59,8.59,8.59,0.4375
P34913_CHEMBL5410246,P34913,7.67,7.67,7.67,0.5093
P34913_CHEMBL5421307,P34913,8.96,8.96,8.96,0.4604
P34913_CHEMBL5395369,P34913,7.94,7.94,7.94,0.5
P34913_CHEMBL5437028,P34913,8.15,8.15,8.15,0.5225
P34913_CHEMBL5397730,P34913,8.46,8.46,8.46,0.5146
P34913_CHEMBL5422052,P34913,9.08,9.08,9.08,0.5063
P34913_CHEMBL5414179,P34913,8.34,8.34,8.34,0.582
P34913_CHEMBL5431497,P34913,7.9,7.9,7.9,0.5557
P34913_CHEMBL5425040,P34913,8.53,8.53,8.53,0.5205
P34913_CHEMBL5433621,P34913,7.8,7.8,7.8,0.4871
P34913_CHEMBL5424246,P34913,9.46,9.46,9.46,0.5205
P34913_CHEMBL5421374,P34913,9.04,9.04,9.04,0.5205
P34913_CHEMBL5399478,P34913,9.1,9.1,9.1,0.5352
P34913_CHEMBL5417426,P34913,9.08,9.08,9.08,0.5757
P34913_CHEMBL5412026,P34913,8.17,8.17,8.17,0.5073
P34913_CHEMBL5433624,P34913,8.19,8.19,8.19,0.5073
P34913_CHEMBL5429004,P34913,7.5,7.5,7.5,0.5073
P34913_CHEMBL5415121,P34913,8.81,8.81,8.81,0.5557
P34913_CHEMBL5429256,P34913,9.55,9.55,9.55,0.4934
P34913_CHEMBL5404352,P34913,9.38,9.38,9.38,0.4929
P34913_CHEMBL5435276,P34913,9.01,9.01,9.01,0.4666
P34913_CHEMBL5403016,P34913,9.85,9.85,9.85,0.4795
P34913_CHEMBL5417008,P34913,9.55,9.55,9.55,0.4795
P34913_CHEMBL5410521,P34913,9.2,9.2,9.2,0.4937
P34913_CHEMBL5414609,P34913,8.64,8.64,8.64,0.5303
P34913_CHEMBL5428998,P34913,9.85,9.85,9.85,0.5225
P34913_CHEMBL5437010,P34913,7.24,7.24,7.24,0.4321
P34913_CHEMBL5410982,P34913,8.33,8.33,8.33,0.4546
P34913_CHEMBL5437647,P34913,6.54,,,0.6611
P34913_CHEMBL5406849,P34913,7.57,,,0.5386
P34913_CHEMBL5428089,P34913,7.83,7.83,7.83,0.5283
P34913_CHEMBL5411642,P34913,7.62,,,0.5845
P34913_CHEMBL5415470,P34913,7.96,,,0.6724
P34913_CHEMBL5418650,P34913,7.7,7.7,7.7,0.5303
P34913_CHEMBL5420193,P34913,8.36,8.36,8.36,0.5488
P34913_CHEMBL5426753,P34913,8.59,8.59,8.59,0.5283
P34913_CHEMBL5411340,P34913,8.96,8.96,8.96,0.5288
P34913_CHEMBL5435336,P34913,7.82,7.82,7.82,0.5186
P34913_CHEMBL5438483,P34913,8.76,8.76,8.76,0.5283
P34913_CHEMBL5411847,P34913,7.44,,,0.6406
P34913_CHEMBL5415175,P34913,6.54,,,0.6982
P34913_CHEMBL5408127,P34913,8.14,,,0.6489
P34913_CHEMBL5407621,P34913,7.87,7.87,7.87,0.5347
P34913_CHEMBL5439306,P34913,7.27,7.27,7.27,0.5386
P34972_CHEMBL5420560,P34972,7.75,,,0.8311
P34972_CHEMBL5423328,P34972,6.92,,,0.8208
P34972_CHEMBL5406438,P34972,6.64,,,0.8354
P34972_CHEMBL5403405,P34972,6.32,,,0.8262
P34972_CHEMBL5411459,P34972,5.7,,,0.5923
P34972_CHEMBL5415690,P34972,5.93,,,0.6001
P34972_CHEMBL5421210,P34972,6.04,,,0.6382
P34972_CHEMBL5418589,P34972,6.68,,,0.6001
P34972_CHEMBL5437097,P34972,5.19,,,0.519
P34972_CHEMBL5422404,P34972,6.33,,,0.6284
P34972_CHEMBL5409471,P34972,6.31,,,0.6382
P34972_CHEMBL5428372,P34972,6.89,,,0.5781
P34972_CHEMBL5419335,P34972,7.05,,,0.5073
P34972_CHEMBL5406967,P34972,6.83,,,0.5972
P34972_CHEMBL5410025,P34972,7.32,,,0.6094
P34972_CHEMBL5422557,P34972,5.58,,,0.6377
P34972_CHEMBL5430360,P34972,6.34,,,0.5742
P34972_CHEMBL5421463,P34972,5.4,,,0.7578
P34972_CHEMBL5409303,P34972,4.98,,,0.7935
P34972_CHEMBL5395270,P34972,5.59,,,0.7681
P34972_CHEMBL5416421,P34972,5.41,,,0.7793
P34972_CHEMBL5429476,P34972,5.279999999999999,,,0.7734
P34972_CHEMBL5430169,P34972,5.91,5.9,5.9,0.7188
P34972_CHEMBL5411397,P34972,6.220000000000001,6.2,6.2,0.7778
P34972_CHEMBL5412500,P34972,5.8100000000000005,5.8,5.8,0.769
P34972_CHEMBL5414873,P34972,6.0,,,0.6719
P34972_CHEMBL5409074,P34972,6.86,,,0.7173
P34972_CHEMBL5405774,P34972,5.5,,,0.6069
P34972_CHEMBL5417553,P34972,6.46,,,0.5771
P34972_CHEMBL5415150,P34972,6.12,,,0.5127
P35372_CHEMBL5413043,P35372,6.62,,,0.7676
P35372_CHEMBL5435390,P35372,5.93,,,0.8652
P35372_CHEMBL5402755,P35372,6.21,,,0.7358
P35372_CHEMBL5398409,P35372,6.25,,,0.5645
P35372_CHEMBL5408683,P35372,6.3,,,0.5645
P35372_CHEMBL5406692,P35372,5.85,,,0.7676
P35372_CHEMBL5435537,P35372,6.72,,,0.75
P35372_CHEMBL5403243,P35372,7.4,,,0.7598
P35372_CHEMBL5435711,P35372,7.25,,,0.7915
P35372_CHEMBL5415842,P35372,6.13,,,0.4268
P35372_CHEMBL5415691,P35372,5.64,,,0.4658
P35372_CHEMBL5413237,P35372,5.6,,,0.3896
P35372_CHEMBL5407845,P35372,6.27,,,0.4658
P35372_CHEMBL5413536,P35372,6.86,,,0.7446
P35372_CHEMBL5397609,P35372,7.51,,,0.52
P35372_CHEMBL5410159,P35372,7.57,,,0.5
P35372_CHEMBL5409322,P35372,9.44,,,0.5874
P35372_CHEMBL5412606,P35372,6.72,,,0.4658
P35372_CHEMBL5421714,P35372,6.1,,,0.6709
P35372_CHEMBL5395539,P35372,6.84,,,0.5249
P35372_CHEMBL5398913,P35372,7.91,,,0.491
P35372_CHEMBL5436551,P35372,7.33,,,0.491
P35372_CHEMBL5407379,P35372,7.42,,,0.6851
P35372_CHEMBL5421526,P35372,7.77,,,0.7402
P35372_CHEMBL5429557,P35372,6.68,,,0.5439
P35372_CHEMBL5437720,P35372,5.36,,,0.5254
P35372_CHEMBL5417643,P35372,7.09,,,0.4919
P35372_CHEMBL5418730,P35372,5.8,,,0.4827
P35372_CHEMBL5407747,P35372,5.84,,,0.5845
P35372_CHEMBL5425944,P35372,5.76,,,0.5229
P35372_CHEMBL5413807,P35372,6.78,,,0.4788
P35372_CHEMBL5429207,P35372,5.78,,,0.4644
P35372_CHEMBL5423250,P35372,5.79,,,0.4324
P35372_CHEMBL5400356,P35372,5.68,,,0.4775
P35372_CHEMBL5401204,P35372,8.46,,,0.8335
P35408_CHEMBL5436396,P35408,8.68,,,0.5659
P35408_CHEMBL5429723,P35408,8.12,,,0.4666
P35408_CHEMBL5414713,P35408,5.0,,,0.5933
P35408_CHEMBL5426459,P35408,8.36,,,0.5537
P35408_CHEMBL5416297,P35408,8.19,,,0.5083
P35408_CHEMBL5408721,P35408,8.68,,,0.5625
P35408_CHEMBL5395204,P35408,8.14,,,0.6875
P35408_CHEMBL5421486,P35408,7.23,,,0.5688
P35408_CHEMBL5437320,P35408,5.0,,,0.6118
P35408_CHEMBL5430051,P35408,7.92,,,0.6143
P35408_CHEMBL5405516,P35408,7.72,,,0.7017
P35408_CHEMBL5407123,P35408,6.16,,,0.6924
P35408_CHEMBL5433739,P35408,6.25,,,0.5068
P35408_CHEMBL5435929,P35408,7.34,,,0.5151
P35408_CHEMBL5426990,P35408,7.09,,,0.5151
P35408_CHEMBL5427471,P35408,7.24,,,0.4917
P35408_CHEMBL5394316,P35408,8.27,,,0.6924
P35408_CHEMBL5431483,P35408,7.96,,,0.6348
P35408_CHEMBL5419736,P35408,7.3,,,0.6772
P35408_CHEMBL5413066,P35408,8.37,,,0.5601
P35408_CHEMBL5427264,P35408,7.89,,,0.603
P35408_CHEMBL5410514,P35408,8.38,,,0.5894
P35408_CHEMBL5430749,P35408,7.22,,,0.5229
P35408_CHEMBL5426152,P35408,7.82,,,0.4492
P35408_CHEMBL5402258,P35408,8.16,,,0.6284
P35408_CHEMBL5434593,P35408,5.63,,,0.5371
P35408_CHEMBL5401228,P35408,8.0,,,0.5674
P35408_CHEMBL5411028,P35408,8.24,,,0.5674
P35408_CHEMBL5411223,P35408,6.13,,,0.5
P35408_CHEMBL5401935,P35408,7.66,,,0.5264
P35408_CHEMBL5408723,P35408,7.1,,,0.5
P35408_CHEMBL5414398,P35408,7.16,,,0.5249
P35408_CHEMBL5394484,P35408,8.74,,,0.5171
P35408_CHEMBL5428393,P35408,8.7,,,0.5088
P35408_CHEMBL5427544,P35408,8.77,,,0.5356
P35408_CHEMBL5402938,P35408,8.43,,,0.5635
P35408_CHEMBL5393749,P35408,7.79,,,0.5371
P35408_CHEMBL5426943,P35408,8.15,,,0.5688
P35408_CHEMBL5427672,P35408,8.7,,,0.5293
P35408_CHEMBL5433721,P35408,7.89,,,0.541
P35408_CHEMBL5395138,P35408,8.16,,,0.585
P35408_CHEMBL5435216,P35408,7.77,,,0.5142
P35408_CHEMBL5417603,P35408,7.17,,,0.6172
P35408_CHEMBL5438025,P35408,5.0,,,0.6313
P35408_CHEMBL5436556,P35408,5.0,,,0.7021
P35408_CHEMBL5407788,P35408,5.0,,,0.7085
P35408_CHEMBL5427584,P35408,5.0,,,0.5269
P35408_CHEMBL5403528,P35408,5.0,,,0.7271
P35408_CHEMBL5426457,P35408,5.0,,,0.7061
P35408_CHEMBL5405242,P35408,5.0,,,0.5635
P35408_CHEMBL5411952,P35408,5.0,,,0.6592
P35408_CHEMBL5424332,P35408,5.51,,,0.5576
P35408_CHEMBL5399302,P35408,5.0,,,0.5332
P35408_CHEMBL5397734,P35408,5.0,,,0.5186
P35462_CHEMBL5399833,P35462,7.41,,,0.6089
P35462_CHEMBL5415691,P35462,7.66,,,0.4658
P35462_CHEMBL5413237,P35462,5.57,,,0.3896
P35462_CHEMBL5407845,P35462,5.93,,,0.4658
P35462_CHEMBL5420515,P35462,5.67,,,0.8623
P35462_CHEMBL5394838,P35462,6.12,,,0.8125
P35462_CHEMBL5410716,P35462,7.58,,,0.8623
P35462_CHEMBL5439212,P35462,7.05,,,0.8306
P35462_CHEMBL5399422,P35462,6.57,,,0.8623
P35462_CHEMBL5414499,P35462,6.28,,,0.877
P35462_CHEMBL5437148,P35462,6.56,,,0.8931
P35462_CHEMBL5399933,P35462,6.26,,,0.8931
P35462_CHEMBL5409939,P35462,6.03,,,0.8599
P35462_CHEMBL5399568,P35462,7.48,,,0.8599
P35462_CHEMBL5425375,P35462,5.98,,,0.8569
P35462_CHEMBL5399166,P35462,7.29,,,0.8569
P35462_CHEMBL5402269,P35462,6.05,,,0.8911
P35462_CHEMBL5420387,P35462,6.38,,,0.8032
P35462_CHEMBL5410387,P35462,7.34,,,0.8545
P35462_CHEMBL5395272,P35462,5.73,,,0.8213
P35462_CHEMBL5438487,P35462,5.58,,,0.8867
P35462_CHEMBL5396616,P35462,6.58,,,0.7964
P35462_CHEMBL5433001,P35462,7.4,,,0.8491
P35462_CHEMBL5427065,P35462,8.99,,,0.4595
P35462_CHEMBL5424241,P35462,7.41,,,0.6362
P35462_CHEMBL5409755,P35462,9.11,,,0.5781
P35462_CHEMBL5421925,P35462,8.88,,,0.5479
P35462_CHEMBL5415846,P35462,9.54,,,0.8213
P35462_CHEMBL5404807,P35462,9.54,,,0.5332
P35462_CHEMBL5425134,P35462,9.74,,,0.7002
P35462_CHEMBL5440422,P35462,9.24,,,0.6055
P35462_CHEMBL5410159,P35462,5.49,,,0.5
P35462_CHEMBL5409322,P35462,6.01,,,0.5874
P35462_CHEMBL5421714,P35462,7.9,,,0.6709
P35462_CHEMBL5436551,P35462,5.63,,,0.491
P35462_CHEMBL5436957,P35462,8.73,,,0.623
P35462_CHEMBL5420316,P35462,7.53,,,0.5557
P35462_CHEMBL5426620,P35462,7.29,,,0.5737
P35462_CHEMBL5402212,P35462,8.62,,,0.644
P35462_CHEMBL5433284,P35462,9.68,,,0.8184
P35462_CHEMBL5399129,P35462,7.73,,,0.4929
P35462_CHEMBL5421827,P35462,7.56,,,0.5161
P35462_CHEMBL5422870,P35462,7.07,,,0.6484
P35462_CHEMBL5428803,P35462,7.07,,,0.7778
P35462_CHEMBL5403204,P35462,6.92,,,0.6523
P35462_CHEMBL5439853,P35462,7.04,,,0.6416
P35462_CHEMBL5407341,P35462,7.18,,,0.7051
P35462_CHEMBL5417643,P35462,5.96,,,0.4919
P35462_CHEMBL5416644,P35462,7.12,,,0.7881
P35462_CHEMBL5411404,P35462,7.62,,,0.6982
P35462_CHEMBL5421272,P35462,7.14,,,0.625
P35462_CHEMBL5433509,P35462,6.82,,,0.6514
P35462_CHEMBL5438205,P35462,7.0,,,0.6416
P35462_CHEMBL5412718,P35462,7.21,,,0.6387
P35462_CHEMBL5405333,P35462,6.43,,,0.7539
P35462_CHEMBL5396317,P35462,6.72,,,0.6665
P35462_CHEMBL5427937,P35462,7.05,,,0.7778
P35462_CHEMBL5395187,P35462,7.0,,,0.7778
P35462_CHEMBL5405086,P35462,6.68,,,0.791
P35462_CHEMBL5425252,P35462,6.57,,,0.7798
P35462_CHEMBL5415335,P35462,7.66,,,0.8823
P35462_CHEMBL5394431,P35462,7.54,,,0.6885
P35462_CHEMBL5431474,P35462,7.58,,,0.8335
P35462_CHEMBL5416728,P35462,7.16,,,0.6982
P35462_CHEMBL5410179,P35462,7.47,,,0.7095
P35462_CHEMBL5436809,P35462,7.64,,,0.6875
P35462_CHEMBL5400232,P35462,7.24,,,0.772
P35462_CHEMBL5418730,P35462,6.59,,,0.4827
P35462_CHEMBL5407747,P35462,7.01,,,0.5845
P35462_CHEMBL5425944,P35462,6.66,,,0.5229
P35462_CHEMBL5413807,P35462,6.13,,,0.4788
P35462_CHEMBL5429207,P35462,6.05,,,0.4644
P35462_CHEMBL5423250,P35462,6.54,,,0.4324
P35462_CHEMBL5400356,P35462,6.51,,,0.4775
P35462_CHEMBL5417351,P35462,9.59,,,0.8076
P35462_CHEMBL5395965,P35462,9.51,,,0.6567
P35462_CHEMBL5398100,P35462,9.44,,,0.6177
P35462_CHEMBL5429048,P35462,9.23,,,0.7344
P35462_CHEMBL5429826,P35462,9.18,,,0.7222
P36544_CHEMBL5435510,P36544,6.54,,,0.6855
P36544_CHEMBL5428848,P36544,5.59,,,0.7588
P36544_CHEMBL5428298,P36544,6.62,,,0.6943
P36544_CHEMBL5401803,P36544,6.99,,,0.8989
P36544_CHEMBL5417751,P36544,5.73,,,0.5581
P36544_CHEMBL5409285,P36544,5.72,,,0.4897
P36544_CHEMBL5423336,P36544,7.09,,,0.561
P36544_CHEMBL5400651,P36544,6.35,,,0.5532
P36544_CHEMBL5415482,P36544,5.51,,,0.5229
P36544_CHEMBL5435415,P36544,6.89,,,0.6855
P36544_CHEMBL5433741,P36544,7.47,,,0.7441
P36544_CHEMBL5416962,P36544,5.75,,,0.5908
P36544_CHEMBL5403618,P36544,6.62,,,0.7251
P36544_CHEMBL5428774,P36544,6.14,,,0.75
P36544_CHEMBL5415576,P36544,5.88,,,0.6924
P36544_CHEMBL5407945,P36544,6.47,,,0.75
P36544_CHEMBL5395819,P36544,6.45,,,0.8335
P36544_CHEMBL5412463,P36544,6.0,,,0.7632
P36544_CHEMBL5425014,P36544,5.99,,,0.7251
P36544_CHEMBL5406306,P36544,5.82,,,0.6743
P36544_CHEMBL5418191,P36544,6.24,,,0.7437
P36544_CHEMBL5415738,P36544,6.21,,,0.7803
P36544_CHEMBL5416363,P36544,5.87,,,0.6904
P36544_CHEMBL5396300,P36544,6.28,,,0.7251
P36544_CHEMBL5408237,P36544,5.26,,,0.6313
P36544_CHEMBL5415788,P36544,6.18,,,0.6484
P36544_CHEMBL5436520,P36544,6.6,,,0.5747
P36544_CHEMBL5399641,P36544,5.78,,,0.7271
P36544_CHEMBL5432840,P36544,5.58,,,0.6313
P36544_CHEMBL5396579,P36544,4.59,,,0.5957
P36544_CHEMBL5415255,P36544,6.0,,,0.6484
P36544_CHEMBL5440131,P36544,4.46,4.46,4.46,0.8335
P36544_CHEMBL5393773,P36544,5.97,,,0.4695
P37231_CHEMBL5403200,P37231,4.76,,,0.7827
P37231_CHEMBL5421425,P37231,5.21,,,0.6714
P37231_CHEMBL5407583,P37231,5.01,,,0.6616
P37231_CHEMBL5406591,P37231,5.72,,,0.6714
P37231_CHEMBL5406898,P37231,5.8,,,0.5693
P37231_CHEMBL5408470,P37231,4.86,,,0.7119
P37231_CHEMBL5397940,P37231,5.33,,,0.7119
P37231_CHEMBL5427431,P37231,5.92,,,0.8643
P37231_CHEMBL5439812,P37231,5.21,,,0.7383
P37231_CHEMBL5432530,P37231,5.26,,,0.5835
P37231_CHEMBL5431536,P37231,5.62,,,0.7383
P37231_CHEMBL5429976,P37231,5.82,,,0.627
P37231_CHEMBL5395286,P37231,5.64,,,0.5972
P37231_CHEMBL5427888,P37231,5.08,,,0.7539
P37231_CHEMBL5431290,P37231,5.51,,,0.7539
P37231_CHEMBL5429911,P37231,5.8,,,0.6416
P41143_CHEMBL5427274,P41143,7.51,,,0.7324
P41143_CHEMBL5399596,P41143,8.29,,,0.7324
P41143_CHEMBL5434134,P41143,7.09,,,0.7803
P41143_CHEMBL5432205,P41143,7.96,,,0.7803
P41143_CHEMBL5426012,P41143,6.15,,,0.5791
P41143_CHEMBL5404274,P41143,6.81,,,0.5474
P41143_CHEMBL5405339,P41143,6.63,,,0.5688
P41143_CHEMBL5415010,P41143,5.77,,,0.4915
P41143_CHEMBL5423260,P41143,6.0,,,0.4915
P41143_CHEMBL5405519,P41143,7.7,,,0.75
P41143_CHEMBL5403273,P41143,7.59,,,0.75
P41143_CHEMBL5432317,P41143,7.55,,,0.7681
P41143_CHEMBL5411900,P41143,7.86,,,0.7681
P41143_CHEMBL5432174,P41143,7.8,,,0.79
P41143_CHEMBL5432371,P41143,7.72,,,0.79
P41143_CHEMBL5416619,P41143,7.59,,,0.75
P41143_CHEMBL5425838,P41143,7.91,,,0.75
P41143_CHEMBL5438077,P41143,7.92,,,0.7617
P41143_CHEMBL5427896,P41143,7.97,,,0.7617
P41143_CHEMBL5426498,P41143,6.31,,,0.4221
P41143_CHEMBL5401204,P41143,6.14,,,0.8335
P41143_CHEMBL5434911,P41143,7.31,,,0.771
P41143_CHEMBL5401578,P41143,7.93,,,0.7681
P41143_CHEMBL5398970,P41143,8.01,,,0.7617
P41143_CHEMBL5406491,P41143,7.19,,,0.7529
P41143_CHEMBL5440937,P41143,8.35,,,0.7681
P41143_CHEMBL5420457,P41143,7.59,,,0.7324
P41143_CHEMBL5419838,P41143,7.62,,,0.771
P41143_CHEMBL5417637,P41143,8.52,,,0.79
P41143_CHEMBL5431128,P41143,8.62,,,0.79
P41143_CHEMBL5429587,P41143,7.82,,,0.771
P41143_CHEMBL5405800,P41143,7.72,,,0.7681
P41143_CHEMBL5424642,P41143,5.55,,,0.7617
P41143_CHEMBL5396504,P41143,7.73,,,0.7529
P41143_CHEMBL5425108,P41143,7.43,,,0.7681
P41143_CHEMBL5417814,P41143,7.67,,,0.7324
P41143_CHEMBL5424438,P41143,8.27,,,0.771
P41143_CHEMBL5426766,P41143,8.17,,,0.79
P41143_CHEMBL5415668,P41143,8.74,,,0.79
P41143_CHEMBL5434721,P41143,7.62,,,0.75
P41143_CHEMBL5423403,P41143,7.92,,,0.75
P41145_CHEMBL5402380,P41145,8.6,,,0.6885
P41145_CHEMBL5412738,P41145,6.75,,,0.5229
P41145_CHEMBL5428706,P41145,9.49,,,0.8218
P41145_CHEMBL5426627,P41145,10.1,,,0.6875
P41145_CHEMBL5404274,P41145,7.29,,,0.5474
P41145_CHEMBL5405339,P41145,7.6,,,0.5688
P41145_CHEMBL5416582,P41145,7.51,,,0.5864
P41145_CHEMBL5415010,P41145,7.49,,,0.4915
P41145_CHEMBL5394355,P41145,6.6,,,0.4358
P41145_CHEMBL5423260,P41145,7.68,,,0.4915
P41145_CHEMBL5403724,P41145,7.14,,,0.5742
P41145_CHEMBL5418013,P41145,9.62,,,0.6187
P41145_CHEMBL5428920,P41145,9.55,,,0.5454
P41145_CHEMBL5405248,P41145,9.37,,,0.5
P41145_CHEMBL5419235,P41145,6.39,,,0.4856
P41145_CHEMBL5433205,P41145,6.91,,,0.5093
P41145_CHEMBL5440141,P41145,6.72,,,0.5518
P41145_CHEMBL5405049,P41145,5.91,,,0.5166
P41145_CHEMBL5439837,P41145,6.59,,,0.5347
P41145_CHEMBL5398392,P41145,6.12,,,0.4912
P41145_CHEMBL5419716,P41145,6.1,,,0.5244
P41145_CHEMBL5424523,P41145,6.56,,,0.5425
P41145_CHEMBL5417743,P41145,5.66,,,0.6479
P41145_CHEMBL5437720,P41145,5.38,,,0.5254
P41145_CHEMBL5403335,P41145,6.29,,,0.5322
P41145_CHEMBL5416937,P41145,5.84,,,0.4614
P41145_CHEMBL5405776,P41145,5.16,,,0.4558
P41145_CHEMBL5425679,P41145,5.29,,,0.4644
P41145_CHEMBL5429995,P41145,6.22,,,0.5688
P41145_CHEMBL5426289,P41145,6.03,,,0.5591
P41145_CHEMBL5397467,P41145,5.72,,,0.6665
P41145_CHEMBL5401204,P41145,8.46,,,0.8335
P41145_CHEMBL5419132,P41145,8.92,,,0.8115
P41145_CHEMBL5409958,P41145,5.75,,,0.6611
P42330_CHEMBL5403375,P42330,6.96,6.96,7.029999999999999,0.7646
P42330_CHEMBL5409789,P42330,7.1,7.1,7.029999999999999,0.7646
P42330_CHEMBL5393766,P42330,7.52,,,0.5815
P42330_CHEMBL5426283,P42330,6.07,,,0.7998
P42330_CHEMBL5406588,P42330,7.7,,,0.5625
P42330_CHEMBL5413682,P42330,7.82,,,0.54
P42330_CHEMBL5404373,P42330,7.0,,,0.5713
P42330_CHEMBL5398882,P42330,6.58,,,0.6089
P42330_CHEMBL5418560,P42330,6.27,,,0.7437
P42330_CHEMBL5409918,P42330,7.1,7.1,7.1,0.7271
P42330_CHEMBL5411983,P42330,5.57,,,0.7549
P42330_CHEMBL5395406,P42330,7.52,,,0.6382
P42330_CHEMBL5419024,P42330,6.96,6.96,6.96,0.4807
P42330_CHEMBL5406928,P42330,6.92,,,0.6831
P42330_CHEMBL5436517,P42330,7.76,,,0.5415
P42330_CHEMBL5416628,P42330,6.33,,,0.4912
P42330_CHEMBL5421222,P42330,8.54,8.54,8.54,0.5
P42330_CHEMBL5422601,P42330,7.22,7.22,7.22,0.4902
P42330_CHEMBL5428274,P42330,7.0,7.0,7.0,0.491
P42330_CHEMBL5439918,P42330,7.05,,,0.4385
P42330_CHEMBL5396002,P42330,7.1,7.1,7.1,0.5356
P42330_CHEMBL5405863,P42330,7.4,,,0.6597
P42330_CHEMBL5431359,P42330,6.14,,,0.7046
P42330_CHEMBL5423363,P42330,6.82,,,0.4333
P42330_CHEMBL5427755,P42330,6.85,6.85,6.85,0.468
P42330_CHEMBL5436664,P42330,7.4,7.4,7.4,0.4517
P42330_CHEMBL5427069,P42330,6.92,,,0.6152
P42330_CHEMBL5437831,P42330,7.71,7.71,7.71,0.4424
P42330_CHEMBL5401215,P42330,7.22,,,0.5771
P42330_CHEMBL5408142,P42330,6.89,6.89,6.89,0.4561
P42330_CHEMBL5405175,P42330,6.96,,,1.0
P42330_CHEMBL5412756,P42330,8.42,,,0.4231
P42330_CHEMBL5401567,P42330,6.92,,,0.491
P42330_CHEMBL5435345,P42330,6.58,6.58,6.58,0.459
P42330_CHEMBL5411601,P42330,6.72,,,0.6548
P42330_CHEMBL5425839,P42330,6.7,,,0.5615
P42330_CHEMBL5409615,P42330,7.87,,,0.5625
P42330_CHEMBL5434084,P42330,6.96,,,0.7046
P42330_CHEMBL5426142,P42330,7.22,,,0.6743
P42330_CHEMBL5397312,P42330,6.82,,,0.5293
P42330_CHEMBL5419252,P42330,5.71,,,0.6743
P42330_CHEMBL5436866,P42330,5.91,,,0.6748
P42330_CHEMBL5421383,P42330,6.77,,,0.6724
P42330_CHEMBL5431806,P42330,6.38,,,0.8105
P42330_CHEMBL5407337,P42330,7.12,,,0.6611
P42330_CHEMBL5422118,P42330,7.43,,,0.7998
P42330_CHEMBL5412169,P42330,6.67,6.67,6.67,0.7964
P42330_CHEMBL5423738,P42330,7.42,7.42,7.42,0.6719
P42330_CHEMBL5434454,P42330,7.94,,,0.7856
P42330_CHEMBL5395625,P42330,7.61,,,0.7002
P42330_CHEMBL5397522,P42330,6.57,6.57,6.57,0.5898
P42330_CHEMBL5430302,P42330,7.22,7.22,7.22,0.6382
P42330_CHEMBL5401700,P42330,7.05,7.05,7.05,0.7251
P42330_CHEMBL5439018,P42330,7.88,7.88,7.88,0.6191
P42330_CHEMBL5403302,P42330,6.03,,,0.6313
P42330_CHEMBL5425327,P42330,6.72,,,0.6831
P42330_CHEMBL5422070,P42330,7.85,,,0.7559
P42330_CHEMBL5427727,P42330,6.0,,,0.8149
P42330_CHEMBL5430200,P42330,7.63,,,0.6553
P42330_CHEMBL5399095,P42330,6.74,,,0.6841
P42330_CHEMBL5438808,P42330,5.85,,,0.5894
P42330_CHEMBL5432550,P42330,7.3,,,0.6665
P42330_CHEMBL5422271,P42330,6.85,,,0.5625
P42330_CHEMBL5402185,P42330,7.05,,,0.6431
P42330_CHEMBL5438117,P42330,6.77,6.77,6.77,0.6104
P42330_CHEMBL5427049,P42330,6.72,,,0.6206
P42330_CHEMBL5403238,P42330,6.7,,,0.6104
P42330_CHEMBL5407493,P42330,7.0,,,0.7061
P42330_CHEMBL5402839,P42330,6.48,6.48,6.48,0.5225
P42330_CHEMBL5412889,P42330,7.22,,,0.6431
P42330_CHEMBL5437220,P42330,7.22,,,0.6431
P42330_CHEMBL5397612,P42330,6.89,,,0.6001
P42330_CHEMBL5427873,P42330,7.03,,,0.6226
P42330_CHEMBL5411768,P42330,6.96,6.96,6.96,0.5806
P42330_CHEMBL5408158,P42330,6.96,,,0.5806
P42330_CHEMBL5440460,P42330,7.0,,,0.6104
P42330_CHEMBL5408308,P42330,6.96,,,0.5537
P42330_CHEMBL5401206,P42330,7.03,7.03,7.03,0.5903
P42330_CHEMBL5417484,P42330,7.3,,,0.6104
P42330_CHEMBL5411357,P42330,7.4,,,0.6792
P42330_CHEMBL5405662,P42330,7.16,,,0.6104
P42330_CHEMBL5424035,P42330,6.06,,,0.6489
P42330_CHEMBL5410143,P42330,5.57,,,0.6001
P42330_CHEMBL5436263,P42330,6.77,,,0.5386
P42330_CHEMBL5397146,P42330,6.4,,,0.5518
P42330_CHEMBL5417285,P42330,4.55,,,0.5713
P42330_CHEMBL5441078,P42330,6.3,6.3,6.3,0.6001
P42330_CHEMBL5412832,P42330,6.75,6.75,6.75,0.6431
P42330_CHEMBL5403464,P42330,6.7,,,0.793
P42330_CHEMBL5439765,P42330,7.09,,,0.645
P42330_CHEMBL5427074,P42330,6.71,,,0.6611
P42330_CHEMBL5405458,P42330,6.73,,,0.793
P42330_CHEMBL5437111,P42330,7.02,,,0.645
P42330_CHEMBL5396688,P42330,7.14,,,0.6611
P42330_CHEMBL5415646,P42330,6.49,,,0.7334
P42330_CHEMBL5408394,P42330,7.12,,,0.5942
P42330_CHEMBL5434555,P42330,6.79,,,0.6191
P42330_CHEMBL5398653,P42330,7.97,7.97,7.97,0.8047
P42330_CHEMBL5436838,P42330,6.82,,,0.6665
P42336_CHEMBL5406770,P42336,5.25,,,0.6968
P42336_CHEMBL5439362,P42336,5.61,,,0.6704
P42336_CHEMBL5396795,P42336,5.44,,,0.6924
P42336_CHEMBL5410207,P42336,6.7,,,0.4675
P42336_CHEMBL5409119,P42336,8.89,8.89,8.89,0.6528
P42336_CHEMBL5440155,P42336,8.96,8.96,8.96,0.6377
P42336_CHEMBL5398799,P42336,7.42,7.42,7.42,0.6797
P42336_CHEMBL5431031,P42336,7.77,7.77,7.77,0.7119
P42336_CHEMBL5421377,P42336,7.68,7.68,7.68,0.6982
P42336_CHEMBL5436787,P42336,8.74,8.74,8.74,0.6714
P42336_CHEMBL5432847,P42336,8.85,8.85,8.85,0.6714
P42336_CHEMBL5408043,P42336,8.92,8.92,8.92,0.6914
P42336_CHEMBL5419087,P42336,8.57,8.57,8.57,0.6353
P42336_CHEMBL5407800,P42336,8.48,8.48,8.48,0.6187
P42336_CHEMBL5399382,P42336,7.47,7.47,7.47,0.6187
P42336_CHEMBL5403875,P42336,7.92,7.92,7.92,0.6104
P42336_CHEMBL5429468,P42336,8.6,8.6,8.6,0.6914
P42336_CHEMBL5428670,P42336,7.47,7.47,7.47,0.6914
P42336_CHEMBL5441102,P42336,6.92,6.92,6.92,0.6714
P42336_CHEMBL5408035,P42336,7.09,7.09,7.09,0.7017
P42336_CHEMBL5431418,P42336,9.1,9.1,9.1,0.6567
P42336_CHEMBL5410806,P42336,9.05,9.05,9.05,0.6567
P42336_CHEMBL5427579,P42336,8.85,8.85,8.85,0.647
P42336_CHEMBL5417620,P42336,8.6,8.6,8.6,0.6025
P42336_CHEMBL5419197,P42336,9.15,9.15,9.15,0.6768
P42336_CHEMBL5431690,P42336,8.85,8.85,8.85,0.625
P42336_CHEMBL5403052,P42336,8.8,8.8,8.8,0.6099
P42336_CHEMBL5417605,P42336,8.55,8.55,8.55,0.6099
P42336_CHEMBL5406079,P42336,8.29,8.29,8.29,0.6025
P42336_CHEMBL5400165,P42336,8.8,8.8,8.8,0.6768
P42336_CHEMBL5403409,P42336,7.2,7.2,7.2,0.6768
P42336_CHEMBL5396289,P42336,7.7,7.7,7.7,0.6753
P42336_CHEMBL5414482,P42336,7.38,7.38,7.38,0.6797
P42336_CHEMBL5425104,P42336,8.04,,,0.6797
P42336_CHEMBL5399051,P42336,7.54,7.54,7.54,0.6875
P42336_CHEMBL5426265,P42336,8.68,8.68,8.68,0.7031
P42336_CHEMBL5430177,P42336,7.75,,,0.791
P42336_CHEMBL5415741,P42336,8.28,,,0.791
P42336_CHEMBL5415865,P42336,9.0,9.0,9.0,0.7192
P42336_CHEMBL5417402,P42336,8.88,8.88,8.88,0.7109
P42336_CHEMBL5428411,P42336,8.94,8.94,8.94,0.7441
P42336_CHEMBL5428160,P42336,9.34,9.34,9.34,0.606
P42336_CHEMBL5409142,P42336,9.62,9.62,9.62,0.728
P42336_CHEMBL5401298,P42336,9.8,9.8,9.8,0.6924
P42336_CHEMBL5440536,P42336,9.19,9.19,9.19,0.6343
P42336_CHEMBL5432324,P42336,8.96,8.96,8.96,0.6333
P42336_CHEMBL5400439,P42336,9.96,9.96,9.96,0.7974
P42336_CHEMBL5413309,P42336,9.8,9.8,9.8,0.7295
P42336_CHEMBL5415726,P42336,9.77,9.77,9.77,0.8047
P42336_CHEMBL5422635,P42336,10.1,10.1,10.1,0.8071
P42336_CHEMBL5431325,P42336,9.62,9.62,9.62,0.6201
P42336_CHEMBL5398514,P42336,8.28,8.28,8.28,0.7603
P42336_CHEMBL5405706,P42336,7.95,7.95,7.95,0.8042
P42336_CHEMBL5403717,P42336,8.14,8.14,8.14,0.8555
P42336_CHEMBL5421477,P42336,7.98,7.98,7.98,0.8022
P42336_CHEMBL5407573,P42336,8.13,8.13,8.13,0.8716
P42336_CHEMBL5401801,P42336,8.04,8.04,8.04,0.8623
P42336_CHEMBL5405623,P42336,7.44,7.44,7.44,0.8267
P42336_CHEMBL5402186,P42336,8.18,8.18,8.18,0.6548
P42336_CHEMBL5394535,P42336,7.95,7.95,7.95,0.8066
P42336_CHEMBL5429174,P42336,8.12,8.12,8.12,0.854
P42336_CHEMBL5407812,P42336,7.4,,,0.5415
P42336_CHEMBL5417926,P42336,7.7,,,0.5508
P42336_CHEMBL5425498,P42336,6.0,6.0,6.0,0.5288
P42336_CHEMBL5433100,P42336,5.99,,,0.8184
P42336_CHEMBL5396655,P42336,6.55,,,0.7759
P42336_CHEMBL5406219,P42336,7.17,,,0.7886
P42336_CHEMBL5426885,P42336,7.28,,,0.7456
P42336_CHEMBL5421875,P42336,7.54,,,0.8184
P42336_CHEMBL5396454,P42336,7.55,,,0.7759
P42336_CHEMBL5409346,P42336,6.5,,,0.4805
P42336_CHEMBL5397877,P42336,6.5,6.522878745280337,6.522878745280337,1.0
P42336_CHEMBL5425756,P42336,6.0,7.0,7.0,1.0
P42336_CHEMBL5420261,P42336,6.5,6.522878745280337,6.522878745280337,1.0
P42336_CHEMBL5414369,P42336,6.5,6.522878745280337,6.522878745280337,1.0
P42336_CHEMBL5413496,P42336,7.0,6.522878745280337,6.522878745280337,1.0
P42336_CHEMBL5410758,P42336,7.38,7.38,7.38,0.6465
P42336_CHEMBL5435973,P42336,7.25,7.25,7.25,0.6465
P42336_CHEMBL5418257,P42336,7.41,7.41,7.41,0.6387
P42336_CHEMBL5410409,P42336,6.85,6.85,6.85,0.6162
P42336_CHEMBL5400641,P42336,7.32,7.32,7.32,0.6626
P42336_CHEMBL5420057,P42336,7.89,7.89,7.89,0.6162
P42336_CHEMBL5406498,P42336,7.89,7.89,7.89,0.6235
P42336_CHEMBL5422044,P42336,8.09,8.09,8.09,0.6309
P42336_CHEMBL5438456,P42336,7.82,7.82,7.82,0.6387
P42336_CHEMBL5437417,P42336,6.77,6.77,6.77,0.6191
P42336_CHEMBL5432408,P42336,5.9,5.9,5.9,0.5908
P42336_CHEMBL5424200,P42336,7.4,,,0.5361
P42336_CHEMBL5420950,P42336,6.8,,,0.4707
P42336_CHEMBL5425386,P42336,6.9,,,0.4744
P42336_CHEMBL5426665,P42336,7.4,,,0.4431
P42336_CHEMBL5405376,P42336,7.0,,,0.4375
P42336_CHEMBL5396108,P42336,7.1,,,0.5396
P42336_CHEMBL5430685,P42336,7.5,,,0.5342
P42336_CHEMBL5419036,P42336,7.6,,,0.75
P42336_CHEMBL5431144,P42336,7.25,,,0.7959
P42336_CHEMBL5426327,P42336,6.9,,,0.75
P42336_CHEMBL5412575,P42336,5.73,,,0.6548
P42336_CHEMBL5430194,P42336,7.42,,,0.7451
P42336_CHEMBL5400572,P42336,6.165,,,0.8076
P42336_CHEMBL5432177,P42336,5.86,,,0.6924
P42336_CHEMBL5408589,P42336,7.41,,,0.7754
P42336_CHEMBL5438874,P42336,5.93,,,0.7109
P42336_CHEMBL5434108,P42336,5.94,,,0.7441
P42336_CHEMBL5415298,P42336,7.66,,,0.7451
P42336_CHEMBL5437258,P42336,8.09,,,0.7402
P42336_CHEMBL5413191,P42336,5.9,,,0.75
P42336_CHEMBL5435788,P42336,7.34,,,0.7915
P42336_CHEMBL5435423,P42336,7.68,,,0.771
P42336_CHEMBL5405438,P42336,6.03,,,0.7959
P42336_CHEMBL5431132,P42336,8.44,8.44,8.44,0.6172
P42345_CHEMBL5440718,P42345,7.89,,,0.5972
P42345_CHEMBL5406770,P42345,6.97,,,0.6968
P42345_CHEMBL5439362,P42345,6.66,,,0.6704
P42345_CHEMBL5396795,P42345,7.09,,,0.6924
P42345_CHEMBL5407152,P42345,7.14,,,0.6362
P42345_CHEMBL5429700,P42345,8.22,,,0.5713
P42345_CHEMBL5417722,P42345,7.63,,,0.5859
P42345_CHEMBL5402160,P42345,6.8,,,0.6187
P42345_CHEMBL5425498,P42345,7.48,,,0.5288
P42345_CHEMBL5433100,P42345,7.09,,,0.8184
P42345_CHEMBL5396655,P42345,7.32,,,0.7759
P42345_CHEMBL5406219,P42345,7.42,,,0.7886
P42345_CHEMBL5426885,P42345,7.8,,,0.7456
P42345_CHEMBL5421875,P42345,7.38,,,0.8184
P42345_CHEMBL5396454,P42345,7.54,,,0.7759
P42345_CHEMBL5399022,P42345,7.92,,,0.4111
P42345_CHEMBL5410824,P42345,8.0,,,0.4111
P42345_CHEMBL5433283,P42345,8.15,,,0.375
P42345_CHEMBL5416106,P42345,7.89,,,0.4065
P42345_CHEMBL5427469,P42345,8.0,,,0.4065
P42345_CHEMBL5437417,P42345,6.535,,,0.6191
P42345_CHEMBL5432408,P42345,5.54,,,0.5908
P42345_CHEMBL5419036,P42345,6.97,,,0.75
P42345_CHEMBL5431144,P42345,6.83,,,0.7959
P42345_CHEMBL5426327,P42345,7.8,,,0.75
P42345_CHEMBL5412575,P42345,6.05,,,0.6548
P42345_CHEMBL5430194,P42345,7.18,,,0.7451
P42345_CHEMBL5400572,P42345,7.98,,,0.8076
P42345_CHEMBL5432177,P42345,5.23,,,0.6924
P42345_CHEMBL5408589,P42345,7.47,,,0.7754
P42345_CHEMBL5438874,P42345,5.51,,,0.7109
P42345_CHEMBL5434108,P42345,5.96,,,0.7441
P42345_CHEMBL5436508,P42345,8.38,,,0.5908
P42345_CHEMBL5427223,P42345,8.1,,,0.5908
P42345_CHEMBL5415288,P42345,8.44,,,0.5327
P42345_CHEMBL5432272,P42345,7.7,,,0.6533
P42345_CHEMBL5429925,P42345,7.96,,,0.5444
P42345_CHEMBL5406842,P42345,7.9,,,0.6533
P42345_CHEMBL5415471,P42345,8.02,,,0.5444
P42345_CHEMBL5427732,P42345,7.89,,,0.6621
P42345_CHEMBL5423546,P42345,8.17,,,0.5508
P42345_CHEMBL5420541,P42345,8.01,,,0.6621
P42345_CHEMBL5404075,P42345,8.19,,,0.5508
P42345_CHEMBL5418348,P42345,8.15,,,0.5327
P42345_CHEMBL5424956,P42345,8.02,,,0.6714
P42345_CHEMBL5440263,P42345,8.48,,,0.5508
P42345_CHEMBL5437216,P42345,7.88,,,0.605
P42345_CHEMBL5408143,P42345,6.47,,,0.5386
P42345_CHEMBL5424193,P42345,7.35,,,0.5508
P42345_CHEMBL5415298,P42345,5.72,,,0.7451
P42345_CHEMBL5437258,P42345,6.38,,,0.7402
P42345_CHEMBL5413191,P42345,6.39,,,0.75
P42345_CHEMBL5435788,P42345,6.48,,,0.7915
P42345_CHEMBL5435423,P42345,6.92,,,0.771
P42345_CHEMBL5405438,P42345,6.8,,,0.7959
P42866_CHEMBL5427274,P42866,9.315,,,0.7324
P42866_CHEMBL5399596,P42866,9.235,,,0.7324
P42866_CHEMBL5432205,P42866,8.825,,,0.7803
P42866_CHEMBL5405519,P42866,8.905000000000001,,,0.75
P42866_CHEMBL5403273,P42866,8.585,,,0.75
P42866_CHEMBL5432317,P42866,9.125,,,0.7681
P42866_CHEMBL5411900,P42866,8.865,,,0.7681
P42866_CHEMBL5432174,P42866,9.165,,,0.79
P42866_CHEMBL5416619,P42866,8.965,,,0.75
P42866_CHEMBL5425838,P42866,8.83,,,0.75
P42866_CHEMBL5438077,P42866,8.780000000000001,,,0.7617
P42866_CHEMBL5427896,P42866,8.754999999999999,,,0.7617
P42866_CHEMBL5434911,P42866,8.795,,,0.771
P42866_CHEMBL5401578,P42866,9.065,,,0.7681
P42866_CHEMBL5398970,P42866,7.74,,,0.7617
P42866_CHEMBL5406491,P42866,7.965,,,0.7529
P42866_CHEMBL5440937,P42866,9.095,,,0.7681
P42866_CHEMBL5420457,P42866,9.11,,,0.7324
P42866_CHEMBL5419838,P42866,8.375,,,0.771
P42866_CHEMBL5417637,P42866,9.260000000000002,,,0.79
P42866_CHEMBL5431128,P42866,9.025,,,0.79
P42866_CHEMBL5429587,P42866,8.675,,,0.771
P42866_CHEMBL5405800,P42866,8.82,,,0.7681
P42866_CHEMBL5424642,P42866,8.629999999999999,,,0.7617
P42866_CHEMBL5396504,P42866,8.629999999999999,,,0.7529
P42866_CHEMBL5425108,P42866,8.725,,,0.7681
P42866_CHEMBL5417814,P42866,8.8,,,0.7324
P42866_CHEMBL5424438,P42866,8.645,,,0.771
P42866_CHEMBL5426766,P42866,7.975,,,0.79
P42866_CHEMBL5415668,P42866,8.965,,,0.79
P42866_CHEMBL5434721,P42866,9.04,,,0.75
P42866_CHEMBL5423403,P42866,9.325,,,0.75
P43166_CHEMBL5433200,P43166,9.52,,,0.7222
P43166_CHEMBL5418092,P43166,9.15,,,0.7222
P43166_CHEMBL5431609,P43166,7.72,,,0.7598
P43166_CHEMBL5434405,P43166,9.7,,,0.7598
P43166_CHEMBL5414353,P43166,7.06,,,0.5371
P43166_CHEMBL5399412,P43166,8.55,,,0.603
P43166_CHEMBL5410769,P43166,9.15,,,0.603
P43166_CHEMBL5430974,P43166,8.74,,,0.7144
P43166_CHEMBL5420563,P43166,8.7,,,0.7144
P43166_CHEMBL5394374,P43166,7.84,,,0.7202
P43166_CHEMBL5439211,P43166,9.3,,,0.7202
P43166_CHEMBL5420568,P43166,8.39,,,0.5557
P43166_CHEMBL5429492,P43166,9.05,,,0.5928
P43166_CHEMBL5406311,P43166,9.1,,,0.5557
P43166_CHEMBL5418946,P43166,6.87,,,0.5781
P43166_CHEMBL5412006,P43166,6.36,,,0.5557
P43166_CHEMBL5399183,P43166,8.49,,,0.6089
P43166_CHEMBL5437429,P43166,7.89,,,0.5811
P43166_CHEMBL5418551,P43166,7.39,,,0.5884
P43166_CHEMBL5417736,P43166,7.09,,,0.5913
P43166_CHEMBL5431631,P43166,8.25,,,0.75
P43166_CHEMBL5411887,P43166,8.01,,,0.6816
P43166_CHEMBL5408930,P43166,7.8,,,0.6118
P43166_CHEMBL5406683,P43166,7.33,,,0.6143
P43166_CHEMBL5414681,P43166,7.28,,,0.5674
P43166_CHEMBL5405122,P43166,7.19,,,0.5415
P43166_CHEMBL5402391,P43166,7.05,,,0.5742
P43166_CHEMBL5438178,P43166,8.31,,,0.5195
P43166_CHEMBL5438727,P43166,7.44,,,0.5068
P43166_CHEMBL5433495,P43166,8.16,,,0.6211
P43166_CHEMBL5440256,P43166,7.35,,,0.521
P43166_CHEMBL5433631,P43166,7.22,,,0.5
P43166_CHEMBL5406460,P43166,6.91,,,0.5903
P43166_CHEMBL5402861,P43166,7.16,,,0.5908
P43166_CHEMBL5422807,P43166,7.23,,,0.5908
P43166_CHEMBL5416544,P43166,7.02,,,0.5605
P43166_CHEMBL5413914,P43166,7.38,,,0.5469
P43166_CHEMBL5435567,P43166,7.21,,,0.5073
P43166_CHEMBL5423723,P43166,7.53,,,0.5425
P43166_CHEMBL5418256,P43166,9.05,,,0.5894
P43166_CHEMBL5408414,P43166,8.02,,,0.5894
P43166_CHEMBL5439333,P43166,7.59,,,0.5908
P43166_CHEMBL5435748,P43166,7.98,,,0.5439
P43166_CHEMBL5422747,P43166,7.9,,,0.521
P43166_CHEMBL5398061,P43166,7.1,,,0.5156
P43166_CHEMBL5422153,P43166,7.52,,,0.5254
P43166_CHEMBL5395857,P43166,7.39,,,0.5073
P43166_CHEMBL5397659,P43166,7.39,,,0.625
P43166_CHEMBL5419752,P43166,7.55,,,0.7168
P43166_CHEMBL5404038,P43166,7.11,,,0.7231
P43166_CHEMBL5439318,P43166,7.58,,,0.5586
P43166_CHEMBL5405279,P43166,8.18,,,0.6948
P43166_CHEMBL5437142,P43166,7.11,,,0.5625
P43166_CHEMBL5420020,P43166,7.25,,,0.5371
P43166_CHEMBL5432770,P43166,8.03,,,0.5352
P43166_CHEMBL5395679,P43166,7.13,,,0.645
P43166_CHEMBL5424727,P43166,6.73,,,0.6128
P43166_CHEMBL5425125,P43166,8.11,,,0.3855
P43166_CHEMBL5412351,P43166,8.07,,,0.5537
P43166_CHEMBL5424664,P43166,8.07,,,0.5483
P43166_CHEMBL5420931,P43166,7.29,,,0.4854
P43166_CHEMBL5417084,P43166,7.33,,,0.5254
P43166_CHEMBL5430482,P43166,7.85,,,0.5073
P43166_CHEMBL5414077,P43166,8.08,,,0.625
P43166_CHEMBL5402143,P43166,8.07,,,0.7168
P43166_CHEMBL5426216,P43166,7.81,,,0.7231
P43166_CHEMBL5413021,P43166,7.92,,,0.5586
P43166_CHEMBL5402145,P43166,7.92,,,0.6948
P43166_CHEMBL5438010,P43166,7.28,,,0.5625
P43166_CHEMBL5421531,P43166,8.09,,,0.5371
P43166_CHEMBL5411936,P43166,7.53,,,0.5352
P43166_CHEMBL5419447,P43166,9.05,,,0.645
P43166_CHEMBL5396393,P43166,7.94,,,0.6128
P43166_CHEMBL5409658,P43166,7.83,,,0.3855
P43166_CHEMBL5413693,P43166,8.59,,,0.5537
P43166_CHEMBL5429073,P43166,7.94,,,0.5483
P43166_CHEMBL5401434,P43166,8.59,,,0.4854
P43166_CHEMBL5422706,P43166,8.09,,,0.7759
P43166_CHEMBL5425202,P43166,6.79,,,0.5
P43166_CHEMBL5433765,P43166,8.02,,,0.7407
P43166_CHEMBL5420539,P43166,7.89,,,0.7759
P43166_CHEMBL5395423,P43166,8.06,,,0.5
P43166_CHEMBL5405733,P43166,7.89,,,0.7368
P43166_CHEMBL5403355,P43166,8.09,,,0.603
P43166_CHEMBL5407842,P43166,7.13,,,0.625
P43166_CHEMBL5396530,P43166,8.01,,,0.5835
P43166_CHEMBL5397521,P43166,7.8,,,0.625
P43166_CHEMBL5439370,P43166,9.05,,,0.6665
P43166_CHEMBL5415949,P43166,8.36,,,0.6665
P43166_CHEMBL5433722,P43166,8.66,,,0.6904
P43166_CHEMBL5416307,P43166,8.32,,,0.6445
P43166_CHEMBL5402383,P43166,6.58,,,0.6089
P43166_CHEMBL5397739,P43166,7.52,,,0.6089
P43166_CHEMBL5440906,P43166,8.16,,,0.6719
P43166_CHEMBL5440763,P43166,7.13,,,0.4919
P43166_CHEMBL5436282,P43166,8.09,,,0.644
P43166_CHEMBL5411702,P43166,7.87,,,0.6719
P43166_CHEMBL5414836,P43166,7.75,,,0.4919
P43166_CHEMBL5418786,P43166,7.31,,,0.5938
P43166_CHEMBL5412077,P43166,7.43,,,0.582
P43166_CHEMBL5433578,P43166,7.23,,,0.5371
P43166_CHEMBL5399204,P43166,7.26,,,0.603
P43166_CHEMBL5433154,P43166,7.08,,,0.5146
P43166_CHEMBL5409881,P43166,7.26,,,0.5557
P43166_CHEMBL5403938,P43166,7.85,,,0.603
P43166_CHEMBL5421790,P43166,7.81,,,0.5146
P43166_CHEMBL5433629,P43166,7.16,,,0.5469
P43166_CHEMBL5425764,P43166,7.32,,,0.5078
P43166_CHEMBL5420500,P43166,6.37,,,0.4834
P43166_CHEMBL5422467,P43166,7.17,,,0.6274
P43166_CHEMBL5402892,P43166,7.15,,,0.6885
P43166_CHEMBL5421078,P43166,6.58,,,0.521
P43166_CHEMBL5435151,P43166,6.32,,,0.5
P43166_CHEMBL5404239,P43166,7.45,,,0.5518
P43166_CHEMBL5440220,P43166,7.25,,,0.5713
P43166_CHEMBL5400662,P43166,7.31,,,0.5
P43166_CHEMBL5436091,P43166,7.09,,,0.5317
P43166_CHEMBL5415766,P43166,6.85,,,0.5347
P43166_CHEMBL5431518,P43166,6.37,,,0.5454
P43490_CHEMBL5396898,P43490,5.06,,,0.8057
P43490_CHEMBL5438473,P43490,5.47,,,0.6548
P43490_CHEMBL5396943,P43490,6.51,,,0.6289
P43490_CHEMBL5401852,P43490,6.64,,,0.6289
P43490_CHEMBL5401142,P43490,8.83,,,0.5894
P43490_CHEMBL5402956,P43490,6.72,,,0.6289
P43490_CHEMBL5408297,P43490,8.14,,,0.5894
P43490_CHEMBL5428751,P43490,8.51,8.51,8.51,0.5894
P43490_CHEMBL5394965,P43490,7.0,,,0.6289
P43490_CHEMBL5398077,P43490,8.8,,,0.5894
P43490_CHEMBL5394343,P43490,8.25,8.25,8.25,0.5894
P43490_CHEMBL5404254,P43490,8.57,,,0.5864
P43490_CHEMBL5408614,P43490,8.81,8.81,8.81,0.5747
P43490_CHEMBL5423357,P43490,6.8,,,0.6846
P43490_CHEMBL5405525,P43490,6.82,,,0.7002
P43490_CHEMBL5425579,P43490,6.89,,,0.7002
P43490_CHEMBL5418877,P43490,6.89,,,0.7002
P43490_CHEMBL5405720,P43490,6.72,,,0.7002
P43490_CHEMBL5412973,P43490,6.01,,,0.6362
P43490_CHEMBL5406636,P43490,7.08,,,0.6362
P43490_CHEMBL5403078,P43490,7.03,,,0.6362
P43490_CHEMBL5431029,P43490,6.72,,,0.6362
P43490_CHEMBL5408654,P43490,6.92,,,0.6226
P43490_CHEMBL5414864,P43490,6.96,,,0.6289
P43490_CHEMBL5421145,P43490,7.91,7.91,7.91,0.6025
P43490_CHEMBL5428441,P43490,8.46,8.46,8.46,0.6499
P43490_CHEMBL5416318,P43490,8.3,8.3,8.3,0.4631
P43490_CHEMBL5435058,P43490,7.43,7.43,7.43,0.5527
P43490_CHEMBL5416477,P43490,8.41,8.41,8.41,0.5356
P43490_CHEMBL5401891,P43490,6.16,6.16,6.16,0.5498
P43490_CHEMBL5419623,P43490,6.32,6.32,6.32,0.564
P43490_CHEMBL5425412,P43490,7.22,,,0.6533
P43490_CHEMBL5440085,P43490,5.4,5.4,5.4,0.6328
P43490_CHEMBL5434036,P43490,7.17,,,0.6621
P43490_CHEMBL5400956,P43490,6.26,,,0.6621
P43490_CHEMBL5429647,P43490,5.31,5.31,5.31,0.6113
P43490_CHEMBL5396894,P43490,7.16,7.16,7.16,0.4644
P43490_CHEMBL5430220,P43490,6.12,5.77,5.77,0.6196
P45983_CHEMBL5403621,P45983,7.06,7.06,7.06,0.582
P45983_CHEMBL5437287,P45983,6.58,6.58,6.58,0.5635
P45983_CHEMBL5433461,P45983,6.68,6.68,6.68,0.6001
P45983_CHEMBL5428484,P45983,6.46,,,0.6523
P45983_CHEMBL5434662,P45983,6.64,6.64,6.64,0.5474
P45983_CHEMBL5410870,P45983,6.61,6.61,6.61,0.5928
P45983_CHEMBL5395579,P45983,6.47,6.47,6.47,0.7085
P45983_CHEMBL5411353,P45983,7.3,7.3,7.3,0.6479
P45983_CHEMBL5418224,P45983,6.65,6.65,6.65,0.5454
P45983_CHEMBL5411160,P45983,7.08,7.08,6.9399999999999995,0.6748
P45983_CHEMBL5429577,P45983,6.8,6.8,6.9399999999999995,0.6748
P45983_CHEMBL5401511,P45983,7.25,7.25,7.37,0.6914
P45983_CHEMBL5436023,P45983,7.49,7.49,7.37,0.6914
P45983_CHEMBL5415503,P45983,7.7,,,0.4824
P45983_CHEMBL5410247,P45983,6.14,6.14,6.14,0.8975
P45983_CHEMBL5408675,P45983,7.06,7.06,7.06,0.7002
P45983_CHEMBL5424946,P45983,7.12,7.12,7.48,0.7178
P45983_CHEMBL5423620,P45983,7.84,7.84,7.48,0.7178
P45983_CHEMBL5396069,P45983,7.01,7.01,7.01,0.6289
P45983_CHEMBL5408918,P45983,5.11,5.11,5.11,0.7144
P45983_CHEMBL5411375,P45983,5.12,5.12,5.12,0.4697
P45983_CHEMBL5405404,P45983,6.83,6.83,6.83,0.8589
P45983_CHEMBL5394033,P45983,6.68,6.68,6.375,1.0
P45983_CHEMBL5398642,P45983,6.79,6.79,6.9350000000000005,0.7437
P45983_CHEMBL5432138,P45983,6.0,,,0.5293
P45983_CHEMBL5430912,P45983,6.15,6.15,6.15,0.7793
P45983_CHEMBL5410090,P45983,5.04,5.04,5.04,0.5332
P45983_CHEMBL5437898,P45983,5.07,5.07,5.07,0.52
P45983_CHEMBL5439708,P45983,5.11,5.11,5.11,0.4788
P45983_CHEMBL5424933,P45983,4.7,,,0.7896
P45983_CHEMBL5423218,P45983,5.0,,,0.7002
P45983_CHEMBL5437251,P45983,5.11,5.11,5.11,0.5093
P45983_CHEMBL5435391,P45983,5.11,5.11,5.11,0.5
P45983_CHEMBL5433156,P45983,5.09,5.09,5.09,0.582
P45983_CHEMBL5403784,P45983,5.12,5.12,5.12,0.4487
P45983_CHEMBL5425117,P45983,5.06,5.06,5.06,0.4768
P45983_CHEMBL5434519,P45983,5.06,5.06,5.06,0.4666
P45983_CHEMBL5434537,P45983,5.0,5.0,5.0,0.4568
P45983_CHEMBL5397012,P45983,5.07,5.07,5.07,0.5059
P45983_CHEMBL5405579,P45983,5.12,5.12,5.12,0.5166
P45983_CHEMBL5432287,P45983,5.11,5.11,5.11,0.5068
P45983_CHEMBL5427329,P45983,5.05,5.05,5.05,0.4688
P45983_CHEMBL5437584,P45983,5.13,5.13,5.13,0.5073
P45983_CHEMBL5408361,P45983,5.11,5.11,5.11,0.4546
P45983_CHEMBL5438169,P45983,5.04,5.04,5.04,0.5078
P45983_CHEMBL5428091,P45983,5.12,5.12,5.12,0.5557
P45983_CHEMBL5423687,P45983,5.11,5.11,5.11,0.5586
P45983_CHEMBL5441132,P45983,5.05,5.05,5.05,0.446
P45983_CHEMBL5432496,P45983,5.04,5.04,5.04,0.5
P45983_CHEMBL5415366,P45983,5.05,5.05,5.05,0.5386
P45983_CHEMBL5437979,P45983,5.11,5.11,5.11,0.4656
P45983_CHEMBL5441124,P45983,5.08,5.08,5.08,0.4849
P45983_CHEMBL5413463,P45983,5.05,5.05,5.05,0.5659
P45983_CHEMBL5428502,P45983,5.07,5.07,5.07,0.5
P45983_CHEMBL5413820,P45983,5.06,5.06,5.06,0.5659
P45983_CHEMBL5432722,P45983,5.04,5.04,5.04,0.5
P45983_CHEMBL5433711,P45983,5.08,5.08,5.08,0.4558
P45983_CHEMBL5434414,P45983,5.07,5.07,5.07,0.4675
P45983_CHEMBL5411091,P45983,5.14,5.14,5.14,0.5
P45983_CHEMBL5425539,P45983,5.05,5.05,5.05,0.5
P45983_CHEMBL5432224,P45983,5.04,5.04,5.04,0.4675
P45983_CHEMBL5398897,P45983,5.07,5.07,5.07,0.5
P45983_CHEMBL5409834,P45983,5.1,5.1,5.1,0.5342
P45983_CHEMBL5436859,P45983,5.03,5.03,5.03,0.5342
P45983_CHEMBL5403866,P45983,5.11,5.11,5.11,0.4595
P45983_CHEMBL5439622,P45983,5.09,5.09,5.09,0.4927
P45983_CHEMBL5402580,P45983,5.12,5.12,5.12,0.5137
P45983_CHEMBL5436065,P45983,5.1,5.1,5.1,0.4854
P49759_CHEMBL5410811,P49759,7.77,7.77,7.77,0.6807
P49759_CHEMBL5403328,P49759,7.27,,,0.7109
P49759_CHEMBL5416086,P49759,7.35,,,0.5
P49759_CHEMBL5417336,P49759,7.64,7.64,7.64,0.5293
P49759_CHEMBL5401513,P49759,7.16,,,0.4854
P49759_CHEMBL5401218,P49759,7.89,,,0.5361
P49759_CHEMBL5395267,P49759,7.38,,,0.5615
P49759_CHEMBL5414801,P49759,7.77,,,0.8945
P49759_CHEMBL5429707,P49759,7.96,7.96,7.43,0.625
P49759_CHEMBL5428562,P49759,6.9,6.9,7.43,0.625
P49759_CHEMBL5401556,P49759,7.73,7.73,7.73,0.7017
P49759_CHEMBL5432405,P49759,7.19,7.19,7.26,0.6865
P49759_CHEMBL5417699,P49759,6.98,6.98,6.98,0.4604
P49759_CHEMBL5429691,P49759,6.95,6.95,6.95,0.6865
P49759_CHEMBL5432194,P49759,6.51,6.51,6.51,0.4177
P49759_CHEMBL5415554,P49759,6.56,6.56,6.56,0.6284
P49759_CHEMBL5395833,P49759,7.25,7.25,7.25,0.5757
P49759_CHEMBL5415238,P49759,6.75,6.75,6.75,0.6196
P49759_CHEMBL5428750,P49759,9.0,9.0,9.0,0.623
P49759_CHEMBL5406864,P49759,6.88,6.88,6.88,0.707
P49759_CHEMBL5421052,P49759,6.3,,,0.7422
P49759_CHEMBL5429359,P49759,7.47,7.47,7.47,0.4675
P49759_CHEMBL5406490,P49759,6.19,6.19,6.19,0.5137
P49759_CHEMBL5426876,P49759,6.13,,,0.7656
P49759_CHEMBL5396081,P49759,7.62,7.62,7.8,0.7539
P49759_CHEMBL5429086,P49759,7.0,,,0.7759
P49759_CHEMBL5411649,P49759,7.6,7.6,7.6,0.5713
P49759_CHEMBL5432630,P49759,7.18,7.18,7.18,0.5083
P49759_CHEMBL5413622,P49759,7.82,7.82,7.82,0.6001
P49759_CHEMBL5423818,P49759,6.25,6.25,6.25,0.5576
P49759_CHEMBL5416942,P49759,7.92,,,0.8667
P49759_CHEMBL5420179,P49759,7.2,7.2,7.2,0.6382
P49759_CHEMBL5426802,P49759,7.61,7.61,7.61,0.686
P49759_CHEMBL5414189,P49759,7.13,7.13,7.13,0.6001
P49759_CHEMBL5421447,P49759,7.89,7.89,7.89,0.5884
P49759_CHEMBL5439262,P49759,7.49,7.49,7.49,0.5659
P49759_CHEMBL5420003,P49759,7.84,7.84,7.84,0.6001
P49759_CHEMBL5411288,P49759,7.01,7.01,7.01,0.6123
P49759_CHEMBL5402166,P49759,7.71,7.71,7.71,0.6001
P49759_CHEMBL5424488,P49759,8.85,8.85,8.85,0.6938
P49759_CHEMBL5417563,P49759,7.42,7.42,7.42,0.6274
P49759_CHEMBL5411227,P49759,7.78,7.78,7.78,0.5791
P49759_CHEMBL5435820,P49759,8.27,,,0.5928
P49759_CHEMBL5402730,P49759,7.14,7.14,7.14,0.6001
P49759_CHEMBL5400814,P49759,7.4,7.4,7.4,0.6274
P49759_CHEMBL5437281,P49759,7.52,7.52,7.52,0.6982
P49759_CHEMBL5434309,P49759,7.18,7.18,7.18,0.6792
P49759_CHEMBL5421375,P49759,7.07,,,0.5928
P49759_CHEMBL5399401,P49759,7.29,7.29,7.29,0.6665
P49759_CHEMBL5411169,P49759,8.43,8.43,8.43,0.6807
P49759_CHEMBL5417631,P49759,8.3,8.3,8.3,0.5371
P49759_CHEMBL5418822,P49759,7.62,7.62,7.62,0.6895
P49759_CHEMBL5439632,P49759,7.8,7.8,7.8,0.457
P49759_CHEMBL5395734,P49759,7.82,7.82,7.82,0.5
P49759_CHEMBL5416327,P49759,7.52,,,0.5498
P49759_CHEMBL5424114,P49759,7.77,7.77,7.77,0.5083
P49759_CHEMBL5435495,P49759,6.84,6.84,6.84,0.7627
P49759_CHEMBL5396725,P49759,7.05,,,0.5225
P49759_CHEMBL5414359,P49759,7.37,,,0.5078
P49759_CHEMBL5434183,P49759,7.82,,,0.5161
P49759_CHEMBL5416758,P49759,7.15,,,0.5
P49759_CHEMBL5425043,P49759,7.07,,,0.5151
P49759_CHEMBL5426335,P49759,7.35,7.35,7.35,0.5874
P49759_CHEMBL5440916,P49759,6.6,6.6,6.6,0.4697
P49759_CHEMBL5397989,P49759,6.34,6.34,6.34,0.5
P49759_CHEMBL5429415,P49759,6.32,6.32,6.32,0.5083
P49759_CHEMBL5410464,P49759,7.75,7.75,7.75,0.519
P49759_CHEMBL5426304,P49759,6.49,6.49,6.49,0.3999
P49759_CHEMBL5425642,P49759,6.29,6.29,6.29,0.4312
P49759_CHEMBL5416749,P49759,6.34,6.34,6.34,0.4465
P49759_CHEMBL5401689,P49759,7.82,7.82,7.82,0.5688
P49759_CHEMBL5438084,P49759,6.12,,,0.5791
P49759_CHEMBL5436022,P49759,7.05,7.05,7.05,0.5293
P49759_CHEMBL5402600,P49759,7.18,7.18,7.18,0.6001
P49759_CHEMBL5412760,P49759,7.12,7.12,7.12,0.5776
P49759_CHEMBL5440179,P49759,5.73,,,0.5229
P49759_CHEMBL5404932,P49759,7.05,,,0.5571
P49759_CHEMBL5412339,P49759,7.51,7.51,7.51,0.6665
P49759_CHEMBL5411492,P49759,7.19,7.19,7.19,0.6182
P49759_CHEMBL5411512,P49759,6.41,,,0.5322
P49759_CHEMBL5418042,P49759,5.05,5.05,5.05,0.6167
P49759_CHEMBL5404416,P49759,8.3,8.3,8.3,0.644
P49759_CHEMBL5405572,P49759,8.3,8.3,8.3,0.6064
P49759_CHEMBL5394613,P49759,6.99,6.99,6.99,0.644
P49759_CHEMBL5420724,P49759,7.77,7.77,7.77,0.6729
P49759_CHEMBL5437222,P49759,6.05,6.05,6.05,0.644
P49759_CHEMBL5422413,P49759,6.27,,,0.5903
P49759_CHEMBL5419006,P49759,6.98,6.98,6.98,0.6553
P49759_CHEMBL5395680,P49759,7.04,7.04,7.04,0.8237
P49759_CHEMBL5408457,P49759,7.51,7.51,7.51,0.644
P49759_CHEMBL5413427,P49759,6.86,6.86,6.86,0.5903
P49759_CHEMBL5425748,P49759,7.62,7.62,7.62,0.6553
P49759_CHEMBL5410991,P49759,7.38,7.38,7.38,0.8237
P49759_CHEMBL5428651,P49759,8.4,8.4,8.4,0.6826
P49759_CHEMBL5422936,P49759,7.54,7.54,7.54,0.8184
P49759_CHEMBL5416971,P49759,6.18,6.18,6.18,0.5669
P49759_CHEMBL5415866,P49759,7.34,,,0.5557
P49841_CHEMBL5419581,P49841,6.38,6.38,6.38,0.6445
P49841_CHEMBL5411160,P49841,6.71,6.71,6.01,0.6748
P49841_CHEMBL5429577,P49841,5.31,5.31,6.01,0.6748
P49841_CHEMBL5401511,P49841,5.9,5.9,5.775,0.6914
P49841_CHEMBL5436023,P49841,5.65,5.65,5.775,0.6914
P49841_CHEMBL5414801,P49841,6.92,,,0.8945
P49841_CHEMBL5429707,P49841,5.76,5.76,5.76,0.625
P49841_CHEMBL5424946,P49841,5.78,5.78,5.765000000000001,0.7178
P49841_CHEMBL5423620,P49841,5.75,5.75,5.765000000000001,0.7178
P49841_CHEMBL5438428,P49841,8.05,8.05,8.05,0.7607
P49841_CHEMBL5396081,P49841,5.05,5.05,5.24,0.7539
P49841_CHEMBL5429086,P49841,4.89,4.89,4.89,0.7759
P49841_CHEMBL5394559,P49841,9.02,,,0.4385
P49841_CHEMBL5438491,P49841,9.02,,,0.4021
P49841_CHEMBL5422975,P49841,9.08,,,0.6113
P49841_CHEMBL5409743,P49841,9.11,,,0.5615
P49841_CHEMBL5424793,P49841,9.09,,,0.6177
P49841_CHEMBL5417641,P49841,9.21,,,0.5884
P49841_CHEMBL5407410,P49841,9.39,9.39,9.39,0.5601
P49841_CHEMBL5394929,P49841,9.32,,,0.4871
P49841_CHEMBL5421040,P49841,9.6,,,0.5557
P49841_CHEMBL5409378,P49841,9.04,,,0.6001
P49841_CHEMBL5399975,P49841,9.12,,,0.5508
P49841_CHEMBL5434153,P49841,9.48,,,0.4526
P49841_CHEMBL5419215,P49841,9.57,,,0.5566
P49841_CHEMBL5402499,P49841,9.09,9.09,9.09,0.4688
P49841_CHEMBL5410665,P49841,9.51,,,0.4832
P49841_CHEMBL5416942,P49841,6.7,,,0.8667
P49841_CHEMBL5415003,P49841,6.64,6.64,6.64,0.6445
P49841_CHEMBL5423339,P49841,7.01,7.01,7.01,0.6401
P49841_CHEMBL5425787,P49841,6.96,6.96,6.96,0.6445
P49841_CHEMBL5440008,P49841,7.29,7.29,7.29,0.6284
P49841_CHEMBL5432523,P49841,4.7,4.7,4.7,0.6362
P49841_CHEMBL5397959,P49841,7.85,7.85,7.85,0.7085
P49841_CHEMBL5401424,P49841,7.4,7.4,7.4,0.8105
P49841_CHEMBL5431187,P49841,7.96,7.96,7.96,0.6934
P49841_CHEMBL5440396,P49841,7.0,7.0,7.0,0.6802
P49841_CHEMBL5426515,P49841,6.82,6.82,6.82,0.6709
P49841_CHEMBL5416124,P49841,7.23,7.23,7.23,0.6753
P49841_CHEMBL5422902,P49841,5.1,5.1,5.1,0.7261
P49841_CHEMBL5413978,P49841,4.68,4.68,4.68,0.6934
P49841_CHEMBL5402529,P49841,4.7,4.7,4.7,0.7026
P49841_CHEMBL5403557,P49841,7.47,7.47,7.47,0.6582
P49841_CHEMBL5434053,P49841,7.68,7.68,7.68,0.6665
P49841_CHEMBL5396759,P49841,5.28,5.28,5.28,0.6665
P49841_CHEMBL5404640,P49841,7.19,7.19,7.19,0.6362
P49841_CHEMBL5411871,P49841,4.72,4.72,4.72,0.7759
P49841_CHEMBL5435495,P49841,5.55,5.55,5.55,0.7627
P49841_CHEMBL5403701,P49841,6.96,6.96,6.96,0.6621
P49841_CHEMBL5403288,P49841,5.98,5.98,5.98,0.4143
P49841_CHEMBL5430060,P49841,5.16,5.16,5.16,0.3635
P49841_CHEMBL5432029,P49841,4.98,4.98,4.98,0.375
P49841_CHEMBL5436997,P49841,6.62,6.62,6.62,0.3218
P49841_CHEMBL5417435,P49841,6.18,6.18,6.18,0.3684
P49841_CHEMBL5432284,P49841,5.87,5.87,5.87,0.3977
P49841_CHEMBL5402797,P49841,5.78,5.78,5.78,0.3882
P49841_CHEMBL5405344,P49841,6.51,6.51,6.51,0.4324
P49841_CHEMBL5410239,P49841,5.49,5.49,5.49,0.3794
P49841_CHEMBL5404765,P49841,6.25,6.25,6.25,0.4187
P49841_CHEMBL5434965,P49841,6.12,6.12,6.12,0.3948
P49841_CHEMBL5429675,P49841,5.87,5.87,5.87,0.3835
P49841_CHEMBL5402554,P49841,5.79,5.79,5.79,0.3684
P49841_CHEMBL5415481,P49841,5.66,5.66,5.87,0.3835
P49841_CHEMBL5429353,P49841,8.7,8.69897,8.69897,0.7817
P49841_CHEMBL5412373,P49841,6.42,6.42,6.42,0.6714
P49841_CHEMBL5399860,P49841,7.32,7.32,7.32,0.7002
P49841_CHEMBL5418046,P49841,6.72,6.72,6.72,0.6714
P49841_CHEMBL5406211,P49841,5.11,5.11,5.11,0.7002
P49841_CHEMBL5439681,P49841,4.81,4.81,4.81,0.8545
P49841_CHEMBL5413227,P49841,6.85,6.85,6.85,0.6533
P49841_CHEMBL5395317,P49841,7.0,7.0,7.0,0.6445
P49841_CHEMBL5424881,P49841,4.63,4.63,4.63,0.6562
P49841_CHEMBL5396368,P49841,5.29,5.29,5.29,0.6514
P49841_CHEMBL5436993,P49841,7.14,7.14,7.14,0.6772
P49841_CHEMBL5395945,P49841,4.33,4.33,4.33,0.6562
P49841_CHEMBL5432131,P49841,5.09,5.09,5.09,0.6177
P49841_CHEMBL5410629,P49841,6.85,6.85,6.85,0.7183
P49841_CHEMBL5432557,P49841,7.06,7.06,7.06,0.7183
P49841_CHEMBL5409837,P49841,4.57,4.57,4.57,0.8184
P49841_CHEMBL5414095,P49841,4.44,4.44,4.44,0.5322
P49841_CHEMBL5412619,P49841,5.0,5.0,5.0,0.5239
P49841_CHEMBL5396725,P49841,6.68,,,0.5225
P49841_CHEMBL5414359,P49841,7.25,,,0.5078
P49841_CHEMBL5434183,P49841,8.66,,,0.5161
P49841_CHEMBL5416758,P49841,7.41,,,0.5
P49841_CHEMBL5425043,P49841,8.42,,,0.5151
P49841_CHEMBL5398642,P49841,6.33,6.33,5.87,0.7437
P49841_CHEMBL5409415,P49841,7.89,,,0.6611
P49841_CHEMBL5408273,P49841,6.58,6.5850267,6.5850267,0.6206
P49841_CHEMBL5434002,P49841,7.7,7.69897,7.69897,0.6885
P49841_CHEMBL5434004,P49841,7.44,7.44,7.44,0.4504
P49841_CHEMBL5405586,P49841,6.14,6.14,6.14,0.6562
P49841_CHEMBL5408371,P49841,7.0,7.0,7.0,0.6514
P49841_CHEMBL5417729,P49841,7.22,7.22,7.22,0.6714
P49841_CHEMBL5402699,P49841,6.23,6.23,6.23,0.6401
P49841_CHEMBL5398463,P49841,6.92,6.92,6.92,0.6763
P49841_CHEMBL5436334,P49841,6.85,6.85,6.85,0.6665
P49841_CHEMBL5439156,P49841,7.36,7.36,7.36,0.6362
P49841_CHEMBL5437713,P49841,7.16,7.16,7.16,0.6621
P49841_CHEMBL5396027,P49841,7.16,7.16,7.16,0.793
P49841_CHEMBL5426638,P49841,7.5,7.5,7.5,0.6899
P49841_CHEMBL5421548,P49841,7.18,7.18,7.18,0.6533
P49841_CHEMBL5440304,P49841,7.05,7.05,7.05,0.6714
P49841_CHEMBL5409643,P49841,4.64,4.64,4.64,0.772
P49841_CHEMBL5425548,P49841,5.04,5.04,5.04,0.793
P49841_CHEMBL5425419,P49841,4.75,4.75,4.75,0.7896
P49841_CHEMBL5403368,P49841,4.46,4.46,4.46,0.7627
P49841_CHEMBL5405572,P49841,5.11,5.11,5.11,0.6064
P49841_CHEMBL5395680,P49841,5.08,5.08,5.08,0.8237
P49841_CHEMBL5413427,P49841,5.4,5.4,5.4,0.5903
P49841_CHEMBL5428651,P49841,5.27,5.27,5.27,0.6826
P49841_CHEMBL5422936,P49841,5.02,5.02,5.02,0.8184
P49841_CHEMBL5410800,P49841,8.3,8.3,5.823908740944319,1.0
P50406_CHEMBL5417937,P50406,8.0,,,0.5884
P50406_CHEMBL5433300,P50406,5.99,,,0.7021
P50406_CHEMBL5405562,P50406,8.05,,,0.7827
P50406_CHEMBL5406900,P50406,7.68,,,0.6938
P50406_CHEMBL5397704,P50406,5.51,,,0.6226
P50406_CHEMBL5405414,P50406,7.66,,,0.5488
P50406_CHEMBL5419441,P50406,8.1,,,0.5894
P50406_CHEMBL5416678,P50406,7.44,,,0.5518
P50406_CHEMBL5433857,P50406,6.91,,,0.7236
P50406_CHEMBL5400892,P50406,7.1,,,0.5239
P50406_CHEMBL5410706,P50406,7.68,,,0.5938
P50406_CHEMBL5420304,P50406,7.28,,,0.6938
P50406_CHEMBL5434373,P50406,7.48,,,0.6665
P50406_CHEMBL5440858,P50406,5.87,,,0.75
P50406_CHEMBL5427590,P50406,5.89,,,0.7798
P50406_CHEMBL5397703,P50406,6.99,,,0.4143
P50406_CHEMBL5394412,P50406,8.52,,,0.604
P50406_CHEMBL5398629,P50406,6.49,,,0.4854
P50406_CHEMBL5410304,P50406,6.79,,,0.4194
P50406_CHEMBL5395448,P50406,7.3,,,0.5093
P50406_CHEMBL5422803,P50406,8.91,,,0.48
P50406_CHEMBL5397729,P50406,8.72,,,0.4922
P50406_CHEMBL5435404,P50406,7.66,,,0.5088
P50406_CHEMBL5403068,P50406,8.82,,,0.4717
P50406_CHEMBL5396600,P50406,9.3,,,0.4211
P50406_CHEMBL5398978,P50406,7.16,,,0.6602
P50406_CHEMBL5436003,P50406,7.85,,,0.6602
P50406_CHEMBL5423649,P50406,6.78,,,0.6045
P50406_CHEMBL5395867,P50406,7.1,,,0.6528
P50406_CHEMBL5406837,P50406,6.71,,,0.7446
P50406_CHEMBL5397523,P50406,6.56,,,0.7271
P50406_CHEMBL5419792,P50406,6.14,,,0.707
P50406_CHEMBL5433407,P50406,6.83,,,0.4338
P50406_CHEMBL5405092,P50406,6.45,,,0.4062
P50406_CHEMBL5417779,P50406,7.13,,,0.5371
P50406_CHEMBL5397033,P50406,8.0,,,0.5
P50406_CHEMBL5422674,P50406,6.71,,,0.5771
P50406_CHEMBL5415563,P50406,7.6,,,0.7539
P50406_CHEMBL5407925,P50406,7.12,,,0.5415
P50406_CHEMBL5402096,P50406,7.34,,,0.6274
P50406_CHEMBL5395527,P50406,6.82,,,0.5845
P50406_CHEMBL5396512,P50406,5.26,,,0.6528
P50406_CHEMBL5424650,P50406,7.47,,,0.5713
P50406_CHEMBL5423810,P50406,6.27,,,0.603
P50406_CHEMBL5415650,P50406,6.92,,,0.6167
P50406_CHEMBL5431708,P50406,6.17,,,0.7378
P50406_CHEMBL5414093,P50406,6.04,,,0.7896
P50406_CHEMBL5434761,P50406,6.86,,,0.8184
P50406_CHEMBL5399687,P50406,6.43,,,0.6392
P50406_CHEMBL5399540,P50406,6.65,,,0.7017
P50406_CHEMBL5436231,P50406,6.91,,,0.7271
P50406_CHEMBL5408055,P50406,6.67,,,0.7017
P50406_CHEMBL5404165,P50406,6.85,,,0.7271
P50406_CHEMBL5395788,P50406,7.52,,,0.7417
P50406_CHEMBL5398537,P50406,8.15,,,0.7417
P50406_CHEMBL5408318,P50406,7.68,,,0.5884
P50406_CHEMBL5430776,P50406,7.58,,,0.4358
P50406_CHEMBL5398411,P50406,7.5,,,0.5874
P50406_CHEMBL5438160,P50406,6.12,,,0.6479
P50406_CHEMBL5438068,P50406,6.89,,,0.6484
P50406_CHEMBL5421970,P50406,6.44,,,0.6484
P50406_CHEMBL5407451,P50406,6.7,,,0.6323
P50406_CHEMBL5413373,P50406,6.44,,,0.6621
P50406_CHEMBL5412404,P50406,8.1,,,0.6826
P50406_CHEMBL5431767,P50406,7.36,,,0.5469
P50406_CHEMBL5434678,P50406,5.82,,,0.7378
P50406_CHEMBL5420301,P50406,7.92,,,0.5083
P50406_CHEMBL5415139,P50406,8.02,,,0.7402
P50406_CHEMBL5407728,P50406,8.7,,,0.7402
P50406_CHEMBL5425363,P50406,7.26,,,0.686
P50406_CHEMBL5412771,P50406,6.73,,,0.6348
P50406_CHEMBL5420285,P50406,7.11,,,0.6924
P50406_CHEMBL5399533,P50406,7.1,,,0.6362
P50406_CHEMBL5408240,P50406,6.8,,,0.6665
P50406_CHEMBL5404597,P50406,6.4,,,0.6406
P50406_CHEMBL5409958,P50406,6.0,,,0.6611
P50406_CHEMBL5432246,P50406,7.68,,,0.627
P51449_CHEMBL5394152,P51449,7.5,,,0.5146
P51449_CHEMBL5429640,P51449,7.7,,,0.5469
P51449_CHEMBL5395911,P51449,7.0,,,0.5
P51449_CHEMBL5396613,P51449,6.43,,,0.4736
P51449_CHEMBL5396729,P51449,7.13,,,0.5093
P51449_CHEMBL5432429,P51449,7.47,,,0.5239
P51449_CHEMBL5414614,P51449,7.39,,,0.6885
P51449_CHEMBL5417941,P51449,5.18,,,0.7119
P51449_CHEMBL5440036,P51449,5.63,,,0.6772
P51449_CHEMBL5396035,P51449,7.53,,,0.4861
P51449_CHEMBL5402404,P51449,7.78,,,0.5303
P51449_CHEMBL5437263,P51449,7.65,,,0.5161
P51449_CHEMBL5398187,P51449,7.89,,,0.5454
P51449_CHEMBL5431798,P51449,7.49,,,0.5088
P51449_CHEMBL5404381,P51449,7.19,,,0.5371
P51449_CHEMBL5439257,P51449,6.08,,,0.4167
P51449_CHEMBL5420402,P51449,6.42,,,0.4285
P51449_CHEMBL5434892,P51449,6.11,,,0.4285
P51449_CHEMBL5397746,P51449,7.54,,,0.5
P51449_CHEMBL5440007,P51449,6.25,,,0.4746
P51449_CHEMBL5440564,P51449,6.62,,,0.4746
P51449_CHEMBL5398120,P51449,7.04,,,0.4517
P51449_CHEMBL5433753,P51449,7.08,,,0.4722
P51449_CHEMBL5395586,P51449,7.05,,,0.4929
P51449_CHEMBL5424578,P51449,6.84,,,0.5
P51449_CHEMBL5401786,P51449,7.33,,,0.5371
P51449_CHEMBL5439216,P51449,6.5,,,0.4924
P51449_CHEMBL5430083,P51449,7.0,,,0.4666
P51449_CHEMBL5434677,P51449,7.0,,,0.5
P51449_CHEMBL5406131,P51449,7.32,,,0.4924
P51449_CHEMBL5432030,P51449,7.88,,,0.5273
P51449_CHEMBL5426893,P51449,7.15,,,0.5
P51449_CHEMBL5424743,P51449,7.74,,,0.5073
P51449_CHEMBL5420369,P51449,7.62,,,0.5439
P51449_CHEMBL5419000,P51449,8.14,,,0.5396
P51449_CHEMBL5428273,P51449,7.57,,,0.5273
P51449_CHEMBL5421964,P51449,7.52,,,0.4924
P51449_CHEMBL5395381,P51449,7.72,,,0.5273
P51449_CHEMBL5403029,P51449,7.1,,,0.5273
P51449_CHEMBL5405523,P51449,7.04,,,0.5273
P51449_CHEMBL5416908,P51449,6.47,,,0.4626
P51449_CHEMBL5406682,P51449,7.21,,,0.5293
P51449_CHEMBL5394376,P51449,6.62,,,0.5322
P51449_CHEMBL5419865,P51449,6.21,,,0.4629
P51449_CHEMBL5403683,P51449,6.525,,,0.4583
P51449_CHEMBL5421876,P51449,7.27,,,0.4854
P51449_CHEMBL5403342,P51449,8.75,,,0.7144
P51449_CHEMBL5440342,P51449,6.89,,,0.5474
P51449_CHEMBL5424483,P51449,6.77,,,0.4656
P51449_CHEMBL5439764,P51449,6.475,,,0.5
P51449_CHEMBL5410860,P51449,7.0,,,0.5669
P51449_CHEMBL5414926,P51449,7.08,,,0.5713
P51449_CHEMBL5406497,P51449,6.82,,,0.5293
P51449_CHEMBL5433456,P51449,6.59,,,0.6445
P51449_CHEMBL5403597,P51449,5.46,,,0.5576
P51449_CHEMBL5440870,P51449,6.22,,,0.5483
P51449_CHEMBL5427851,P51449,5.42,,,0.5312
P51449_CHEMBL5401704,P51449,5.84,,,0.6665
P51449_CHEMBL5422805,P51449,6.2,,,0.604
P52333_CHEMBL5420469,P52333,6.3,,,0.5933
P52333_CHEMBL5426399,P52333,6.3,,,0.5864
P52333_CHEMBL5427093,P52333,7.72,7.661029995663981,7.661029995663981,0.5957
P52333_CHEMBL5439377,P52333,6.92,6.92,6.92,0.6582
P52333_CHEMBL5431720,P52333,6.43,6.43,6.43,0.604
P52333_CHEMBL5394800,P52333,7.43,7.516029995663981,7.516029995663981,0.6274
P52333_CHEMBL5440136,P52333,7.29,6.925333653084868,6.925333653084868,0.6792
P52333_CHEMBL5435684,P52333,7.36,7.481029995663981,7.481029995663981,0.6235
P52333_CHEMBL5417273,P52333,6.75,6.75,6.75,0.6787
P52333_CHEMBL5415543,P52333,7.85,7.726029995663981,7.664044995663981,0.6558
P52333_CHEMBL5412767,P52333,7.57,7.586029995663981,7.586029995663981,0.6353
P52333_CHEMBL5436699,P52333,6.83,6.695333653084869,6.695333653084869,0.6626
P52333_CHEMBL5413492,P52333,7.36,7.481029995663981,7.481029995663981,0.6709
P52333_CHEMBL5428711,P52333,7.0,6.780333653084869,6.780333653084869,0.6104
P52333_CHEMBL5402002,P52333,7.36,7.481029995663981,7.481029995663981,0.645
P52333_CHEMBL5415887,P52333,7.01,7.01,7.01,0.6289
P52333_CHEMBL5411595,P52333,7.46,7.531029995663982,7.531029995663982,0.5859
P52333_CHEMBL5396054,P52333,7.14,6.850333653084869,6.850333653084869,0.6494
P52333_CHEMBL5403745,P52333,6.97,6.765333653084868,6.765333653084868,0.6104
P52333_CHEMBL5440675,P52333,6.91,6.91,6.91,0.6821
P52333_CHEMBL5403374,P52333,7.16,6.860333653084869,6.860333653084869,0.6328
P52333_CHEMBL5427871,P52333,6.72,6.72,6.72,0.6172
P52333_CHEMBL5396925,P52333,7.21,6.885333653084869,6.885333653084869,0.6104
P52333_CHEMBL5404479,P52333,7.52,7.561029995663981,7.561029995663981,0.5933
P52333_CHEMBL5412059,P52333,6.19,6.19,6.19,0.522
P52333_CHEMBL5428573,P52333,4.91,,,0.7002
P52333_CHEMBL5424439,P52333,7.55,,,0.6333
P52333_CHEMBL5417474,P52333,7.6,,,0.6323
P52333_CHEMBL5395839,P52333,7.16,,,0.6416
P52333_CHEMBL5403897,P52333,7.75,,,0.6514
P52333_CHEMBL5420083,P52333,7.25,,,0.5454
P52333_CHEMBL5420971,P52333,6.77,,,0.6719
P52333_CHEMBL5424098,P52333,6.54,6.54,6.54,0.5913
P52333_CHEMBL5423387,P52333,6.66,6.66,6.58,0.7432
P52333_CHEMBL5430795,P52333,8.16,8.16,8.16,0.8286
P52333_CHEMBL5405043,P52333,7.39,7.39,7.39,0.8286
P52333_CHEMBL5410919,P52333,8.04,8.04,8.04,0.7085
P52333_CHEMBL5435417,P52333,8.08,8.08,8.08,0.7715
P52333_CHEMBL5439582,P52333,6.94,6.94,6.94,0.8384
P52333_CHEMBL5427932,P52333,8.32,8.32,8.32,0.875
P52333_CHEMBL5405140,P52333,7.84,7.84,7.84,0.8594
P52333_CHEMBL5404261,P52333,6.44,6.44,6.44,0.8311
P52333_CHEMBL5441087,P52333,6.6,6.6,6.72,0.7974
P52333_CHEMBL5440017,P52333,7.94,7.94,7.94,0.7568
P52333_CHEMBL5434116,P52333,6.6,6.6,8.03,1.0
P52333_CHEMBL5396523,P52333,7.97,7.97,7.97,0.8286
P52333_CHEMBL5423894,P52333,7.75,7.75,7.75,0.791
P52333_CHEMBL5409953,P52333,7.89,,,0.6787
P52333_CHEMBL5422886,P52333,8.4,,,0.5522
P52333_CHEMBL5412967,P52333,9.0,,,0.5068
P52333_CHEMBL5407329,P52333,8.0,8.0,8.0,0.5806
P52333_CHEMBL5407260,P52333,8.52,,,0.48
P52333_CHEMBL5396554,P52333,8.3,,,0.48
P52333_CHEMBL5415586,P52333,7.75,,,0.7407
P52333_CHEMBL5409666,P52333,7.96,,,0.6665
P52333_CHEMBL5433426,P52333,7.41,,,0.5645
P52333_CHEMBL5433159,P52333,4.9,,,0.4634
P52333_CHEMBL5408994,P52333,6.81,6.81,6.81,0.6162
P52333_CHEMBL5419978,P52333,6.58,6.58,6.58,0.6162
P52333_CHEMBL5435482,P52333,7.8,,,0.6338
P52333_CHEMBL5440510,P52333,6.84,6.84,6.84,0.6362
P52333_CHEMBL5438892,P52333,7.26,7.26,7.26,0.6362
P52333_CHEMBL5412619,P52333,7.96,7.96,7.96,0.5239
P52333_CHEMBL5437261,P52333,6.39,,,0.5557
P52333_CHEMBL5406535,P52333,7.68,7.68,7.68,0.7393
P52333_CHEMBL5431257,P52333,8.0,8.0,8.0,0.7168
P52333_CHEMBL5440264,P52333,7.96,,,0.5942
P52333_CHEMBL5420928,P52333,9.0,9.0,9.0,0.6113
P52333_CHEMBL5413489,P52333,8.15,,,0.6353
P52333_CHEMBL5422793,P52333,6.39,6.39,6.39,0.623
P53350_CHEMBL5431802,P53350,5.53,,,0.8857
P53350_CHEMBL5432090,P53350,5.68,,,0.9292
P53350_CHEMBL5427326,P53350,5.46,,,0.8032
P53350_CHEMBL5405576,P53350,5.26,,,0.7656
P53350_CHEMBL5414912,P53350,5.27,,,0.9097
P53350_CHEMBL5403903,P53350,5.92,,,0.9097
P53350_CHEMBL5440440,P53350,5.67,,,0.9009
P53350_CHEMBL5406356,P53350,5.62,,,0.8838
P53350_CHEMBL5440332,P53350,5.63,,,0.9043
P53350_CHEMBL5403604,P53350,6.29,,,0.9043
P53350_CHEMBL5420142,P53350,5.42,,,0.9043
P53350_CHEMBL5434663,P53350,5.68,,,0.9043
P53350_CHEMBL5393910,P53350,5.36,,,0.9604
P53350_CHEMBL5403446,P53350,9.16,9.16,9.16,0.6162
P53350_CHEMBL5410968,P53350,9.37,9.37,9.37,0.6377
P53350_CHEMBL5412127,P53350,9.29,9.29,9.29,0.6621
P53350_CHEMBL5421238,P53350,9.28,9.28,9.28,0.6924
P53350_CHEMBL5434467,P53350,8.11,8.11,8.11,0.6118
P53350_CHEMBL5418320,P53350,8.07,8.07,8.07,0.5977
P53350_CHEMBL5408013,P53350,8.28,,,0.5977
P53350_CHEMBL5402704,P53350,8.19,8.19,8.19,0.5776
P53350_CHEMBL5408583,P53350,8.05,8.05,8.05,0.6191
P53350_CHEMBL5395241,P53350,8.4,8.4,8.4,0.6182
P53350_CHEMBL5402431,P53350,8.48,8.48,8.48,0.5845
P53350_CHEMBL5402922,P53350,8.52,8.52,8.52,0.5845
P53350_CHEMBL5405036,P53350,8.8,8.8,8.8,0.4851
P53350_CHEMBL5422245,P53350,7.15,7.15,7.15,0.4805
P53350_CHEMBL5426693,P53350,7.98,7.98,7.98,0.5601
P53350_CHEMBL5430428,P53350,8.39,8.39,8.39,0.4954
P53350_CHEMBL5437467,P53350,8.28,8.28,8.28,0.5776
P53350_CHEMBL5415794,P53350,8.44,8.44,8.44,0.6309
P53350_CHEMBL5410310,P53350,8.28,8.28,8.28,0.5977
P53350_CHEMBL5422930,P53350,8.07,8.07,8.07,0.6045
P53350_CHEMBL5417441,P53350,8.06,8.06,8.06,0.5908
P53350_CHEMBL5417454,P53350,8.39,8.39,8.39,0.5776
P53350_CHEMBL5428017,P53350,8.64,8.64,8.64,0.5908
P53350_CHEMBL5440739,P53350,8.8,8.8,8.8,0.5908
P53350_CHEMBL5412529,P53350,8.14,8.14,8.14,0.5776
P53350_CHEMBL5409700,P53350,9.05,9.05,9.05,0.6191
P53350_CHEMBL5428087,P53350,9.15,9.15,9.15,0.6045
P53350_CHEMBL5403358,P53350,9.3,9.3,9.3,0.6265
P53350_CHEMBL5426964,P53350,9.52,9.52,9.52,0.625
P53350_CHEMBL5427957,P53350,9.4,9.4,9.4,0.5908
P53350_CHEMBL5438409,P53350,9.14,9.14,9.14,0.5908
P53350_CHEMBL5403473,P53350,9.38,9.38,9.38,0.5913
P53350_CHEMBL5406467,P53350,8.7,8.7,8.7,0.4851
P53350_CHEMBL5437723,P53350,8.51,8.51,8.51,0.5
P53350_CHEMBL5419367,P53350,9.52,9.52,9.52,0.6387
P53350_CHEMBL5394764,P53350,9.22,9.22,9.22,0.5977
P53350_CHEMBL5401381,P53350,9.3,9.3,9.3,0.5845
P53350_CHEMBL5418129,P53350,9.3,9.3,9.3,0.5977
P53350_CHEMBL5417495,P53350,9.77,9.77,9.77,0.5977
P53350_CHEMBL5421723,P53350,8.9,8.9,8.9,0.5508
P53350_CHEMBL5408776,P53350,9.03,9.03,9.03,0.4949
P53350_CHEMBL5415796,P53350,8.68,8.68,8.68,0.49
P53350_CHEMBL5400502,P53350,7.96,7.96,7.96,0.5532
P53350_CHEMBL5409453,P53350,8.87,8.87,8.87,0.5093
P53350_CHEMBL5395480,P53350,9.3,9.3,9.3,0.6094
P53350_CHEMBL5398977,P53350,9.0,9.0,9.0,0.5977
P53350_CHEMBL5429440,P53350,9.52,9.52,9.52,0.5845
P53350_CHEMBL5422122,P53350,9.52,9.52,9.52,0.6323
P53350_CHEMBL5416208,P53350,9.7,9.7,9.7,0.6514
P53350_CHEMBL5438707,P53350,9.64,9.64,9.64,0.6387
P53350_CHEMBL5439937,P53350,9.19,9.19,9.19,0.6206
P53350_CHEMBL5404388,P53350,8.97,8.97,8.97,0.6069
P53350_CHEMBL5401755,P53350,9.26,9.26,9.26,0.6206
P53350_CHEMBL5434561,P53350,9.22,9.22,9.22,0.6504
P53350_CHEMBL5395023,P53350,9.21,9.21,9.21,0.6431
P53350_CHEMBL5402308,P53350,9.38,9.38,9.38,0.6001
P53350_CHEMBL5433401,P53350,9.64,9.64,9.64,0.6001
P53350_CHEMBL5412655,P53350,9.1,9.1,9.1,0.6748
P53350_CHEMBL5438696,P53350,9.47,9.47,9.47,0.6279
P53350_CHEMBL5400707,P53350,9.2,9.2,9.2,0.6353
P53350_CHEMBL5416239,P53350,9.28,9.28,9.28,0.6138
P53350_CHEMBL5394854,P53350,9.36,9.36,9.36,0.6138
P53350_CHEMBL5429110,P53350,9.48,9.48,9.48,0.6206
P53350_CHEMBL5426743,P53350,9.38,9.38,9.38,0.6279
P53350_CHEMBL5435649,P53350,9.3,9.3,9.3,0.5957
P53350_CHEMBL5430202,P53350,9.28,9.28,9.28,0.6431
P53350_CHEMBL5419732,P53350,9.72,9.72,9.72,0.6548
P53350_CHEMBL5437785,P53350,9.4,9.4,9.4,0.6626
P53350_CHEMBL5421113,P53350,9.52,9.52,9.52,0.6787
P53350_CHEMBL5396078,P53350,9.41,9.41,9.41,0.6353
P53350_CHEMBL5423798,P53350,8.99,8.99,8.99,0.6504
P53350_CHEMBL5426933,P53350,9.28,9.28,9.28,0.6206
P53350_CHEMBL5423881,P53350,9.74,9.74,9.74,0.6323
P53350_CHEMBL5435085,P53350,9.49,9.49,9.49,0.6001
P53350_CHEMBL5433215,P53350,9.3,9.3,9.3,0.6113
P53350_CHEMBL5405803,P53350,9.04,9.04,9.04,0.6748
P53350_CHEMBL5440471,P53350,9.26,9.26,9.26,0.6353
P53350_CHEMBL5415945,P53350,9.59,9.59,9.59,0.625
P53350_CHEMBL5426079,P53350,9.12,9.12,9.12,0.6313
P53350_CHEMBL5398211,P53350,9.43,9.43,9.43,0.6069
P53350_CHEMBL5399905,P53350,9.21,9.21,9.21,0.6895
P53350_CHEMBL5413543,P53350,8.2,8.2,8.2,0.6831
P53350_CHEMBL5437669,P53350,9.19,9.19,9.19,0.6411
P53779_CHEMBL5406652,P53779,7.11,7.11,7.11,0.603
P53779_CHEMBL5399045,P53779,6.16,6.16,6.16,0.5542
P53779_CHEMBL5440695,P53779,6.43,6.43,6.43,0.5396
P53779_CHEMBL5411160,P53779,9.22,9.22,9.09,0.6748
P53779_CHEMBL5438506,P53779,8.36,8.36,7.955,0.7158
P53779_CHEMBL5429577,P53779,8.96,8.96,9.09,0.6748
P53779_CHEMBL5402048,P53779,7.55,7.55,7.955,0.7158
P53779_CHEMBL5399618,P53779,7.18,7.18,7.23,0.6704
P53779_CHEMBL5426262,P53779,7.2,7.2,6.77,0.6128
P53779_CHEMBL5436272,P53779,7.28,7.28,7.23,0.6704
P53779_CHEMBL5398830,P53779,6.34,6.34,6.77,0.6128
P53779_CHEMBL5414227,P53779,7.98,7.98,7.74,0.5728
P53779_CHEMBL5401605,P53779,7.67,7.67,7.234999999999999,0.5591
P53779_CHEMBL5431146,P53779,7.5,7.5,7.74,0.5728
P53779_CHEMBL5428039,P53779,6.8,6.8,7.234999999999999,0.5591
P53779_CHEMBL5431060,P53779,8.92,8.92,8.92,0.6631
P53779_CHEMBL5416188,P53779,7.3,7.3,6.955,0.6045
P53779_CHEMBL5413870,P53779,7.98,7.98,8.92,0.6631
P53779_CHEMBL5439571,P53779,6.61,6.61,6.955,0.6045
P53779_CHEMBL5401511,P53779,9.11,9.11,9.14,0.6914
P53779_CHEMBL5405705,P53779,8.17,8.17,7.9,0.6265
P53779_CHEMBL5436023,P53779,9.14,9.14,9.14,0.6914
P53779_CHEMBL5403970,P53779,7.63,7.63,7.9,0.6265
P53779_CHEMBL5415503,P53779,7.64,,,0.4824
P53779_CHEMBL5422182,P53779,6.28,6.28,6.28,0.5508
P53779_CHEMBL5422757,P53779,6.28,6.28,6.28,0.5352
P53779_CHEMBL5419547,P53779,6.09,6.09,6.09,0.6289
P53779_CHEMBL5432203,P53779,7.11,7.11,7.11,0.5205
P53779_CHEMBL5407304,P53779,6.05,6.05,6.05,0.6143
P53779_CHEMBL5424892,P53779,8.32,8.32,8.620000000000001,0.7002
P53779_CHEMBL5436510,P53779,8.03,8.03,8.01,0.7437
P53779_CHEMBL5408675,P53779,8.92,8.92,8.620000000000001,0.7002
P53779_CHEMBL5412347,P53779,7.99,7.99,8.01,0.7437
P53779_CHEMBL5423272,P53779,6.16,6.16,6.835,0.6743
P53779_CHEMBL5425684,P53779,6.52,6.52,6.369999999999999,0.6152
P53779_CHEMBL5433276,P53779,7.51,7.51,6.835,0.6743
P53779_CHEMBL5415588,P53779,6.22,6.22,6.369999999999999,0.6152
P53779_CHEMBL5423313,P53779,7.03,7.03,6.890000000000001,0.6138
P53779_CHEMBL5406704,P53779,6.75,6.75,6.890000000000001,0.6138
P53779_CHEMBL5424946,P53779,8.97,8.97,8.97,0.7178
P53779_CHEMBL5423620,P53779,9.25,9.25,8.97,0.7178
P53779_CHEMBL5404265,P53779,6.18,6.18,6.18,0.5669
P53779_CHEMBL5408918,P53779,6.21,6.21,6.21,0.7144
P53779_CHEMBL5423835,P53779,7.04,7.04,7.04,0.7407
P53779_CHEMBL5405861,P53779,5.17,5.17,6.682814971678572,1.0
P53779_CHEMBL5409831,P53779,5.01,5.01,6.642814971678572,1.0
P53779_CHEMBL5425080,P53779,5.3,5.3,6.715314971678572,1.0
P53779_CHEMBL5411375,P53779,6.52,6.52,6.52,0.4697
P53779_CHEMBL5410441,P53779,6.23,6.23,6.23,0.457
P53779_CHEMBL5426038,P53779,6.7,6.7,6.7,0.6895
P53779_CHEMBL5398682,P53779,6.22,6.22,6.22,0.4639
P53779_CHEMBL5416681,P53779,5.48,5.48,6.760314971678572,1.0
P53779_CHEMBL5405404,P53779,8.39,8.39,8.39,0.8589
P53779_CHEMBL5394033,P53779,8.3,8.3,8.086439372640168,1.0
P53779_CHEMBL5429268,P53779,6.4,6.4,6.961439372640169,1.0
P53779_CHEMBL5396830,P53779,5.82,5.82,5.82,0.6743
P53779_CHEMBL5439223,P53779,7.26,7.26,7.26,0.6743
P53779_CHEMBL5398642,P53779,9.14,9.14,9.280000000000001,0.7437
P53779_CHEMBL5420339,P53779,7.79,7.79,7.8,0.811
P53779_CHEMBL5423677,P53779,7.81,7.81,7.8,0.811
P53779_CHEMBL5403762,P53779,6.98,6.98,7.585,0.6895
P53779_CHEMBL5397833,P53779,6.52,6.52,6.63,0.6294
P53779_CHEMBL5425334,P53779,8.19,8.19,7.585,0.6895
P53779_CHEMBL5410846,P53779,6.74,6.74,6.63,0.6294
P53779_CHEMBL5419594,P53779,8.05,8.05,8.04,0.5933
P53779_CHEMBL5418507,P53779,7.2,7.2,7.13,0.6162
P53779_CHEMBL5435809,P53779,8.04,8.04,8.04,0.5933
P53779_CHEMBL5424108,P53779,7.06,7.06,7.13,0.6162
P53779_CHEMBL5427166,P53779,7.44,7.44,7.720000000000001,0.6821
P53779_CHEMBL5422901,P53779,6.99,6.99,6.93,0.6309
P53779_CHEMBL5401592,P53779,8.0,8.0,7.720000000000001,0.6821
P53779_CHEMBL5407257,P53779,6.87,6.87,6.93,0.6309
P53779_CHEMBL5430858,P53779,8.76,8.76,8.754999999999999,0.7368
P53779_CHEMBL5395372,P53779,7.6,7.6,7.715,0.6665
P53779_CHEMBL5399794,P53779,8.75,8.75,8.754999999999999,0.7368
P53779_CHEMBL5436937,P53779,7.83,7.83,7.715,0.6665
P53779_CHEMBL5408056,P53779,8.0,,,0.6865
P53779_CHEMBL5430912,P53779,8.0,8.0,8.0,0.7793
P53779_CHEMBL5401113,P53779,6.51,6.51,6.51,0.5137
P53779_CHEMBL5429870,P53779,6.36,6.36,6.36,0.5278
P53779_CHEMBL5440479,P53779,6.11,6.11,6.11,0.5205
P53779_CHEMBL5410090,P53779,5.05,5.05,5.05,0.5332
P53779_CHEMBL5437898,P53779,5.13,5.13,5.13,0.52
P53779_CHEMBL5410780,P53779,5.09,5.09,5.09,0.522
P53779_CHEMBL5439708,P53779,6.21,6.21,6.21,0.4788
P53779_CHEMBL5424933,P53779,4.64,,,0.7896
P53779_CHEMBL5423218,P53779,4.89,,,0.7002
P53779_CHEMBL5437251,P53779,6.5,6.5,6.5,0.5093
P53779_CHEMBL5435391,P53779,5.33,5.33,5.33,0.5
P53779_CHEMBL5397816,P53779,5.14,,,0.5396
P53779_CHEMBL5433156,P53779,5.12,5.12,5.12,0.582
P53779_CHEMBL5403784,P53779,6.6,6.6,6.6,0.4487
P53779_CHEMBL5425117,P53779,6.55,6.55,6.55,0.4768
P53779_CHEMBL5434519,P53779,6.43,6.43,6.43,0.4666
P53779_CHEMBL5419083,P53779,6.53,6.53,6.53,0.4924
P53779_CHEMBL5434537,P53779,6.55,6.55,6.55,0.4568
P53779_CHEMBL5397012,P53779,6.45,6.45,6.45,0.5059
P53779_CHEMBL5405579,P53779,6.69,6.69,6.69,0.5166
P53779_CHEMBL5432287,P53779,6.43,6.43,6.43,0.5068
P53779_CHEMBL5427329,P53779,6.61,6.61,6.61,0.4688
P53779_CHEMBL5405264,P53779,6.46,6.46,6.46,0.5356
P53779_CHEMBL5437584,P53779,6.6,6.6,6.6,0.5073
P53779_CHEMBL5408361,P53779,6.62,6.62,6.62,0.4546
P53779_CHEMBL5439566,P53779,6.82,6.82,6.82,0.5508
P53779_CHEMBL5438169,P53779,6.19,6.19,6.19,0.5078
P53779_CHEMBL5403120,P53779,6.2,6.2,6.2,0.5288
P53779_CHEMBL5428091,P53779,6.49,6.49,6.49,0.5557
P53779_CHEMBL5423687,P53779,6.03,6.03,6.03,0.5586
P53779_CHEMBL5441132,P53779,6.42,6.42,6.42,0.446
P53779_CHEMBL5432496,P53779,6.43,6.43,6.43,0.5
P53779_CHEMBL5415366,P53779,6.6,6.6,6.6,0.5386
P53779_CHEMBL5431122,P53779,6.21,6.21,6.21,0.4927
P53779_CHEMBL5437979,P53779,6.4,6.4,6.4,0.4656
P53779_CHEMBL5441124,P53779,6.41,6.41,6.41,0.4849
P53779_CHEMBL5431131,P53779,6.06,6.06,6.06,0.4849
P53779_CHEMBL5436019,P53779,5.11,5.11,5.11,0.6143
P53779_CHEMBL5413463,P53779,6.52,6.52,6.52,0.5659
P53779_CHEMBL5428502,P53779,5.12,5.12,5.12,0.5
P53779_CHEMBL5413820,P53779,5.46,5.46,5.46,0.5659
P53779_CHEMBL5432722,P53779,6.04,6.04,6.04,0.5
P53779_CHEMBL5433711,P53779,6.87,6.87,6.87,0.4558
P53779_CHEMBL5434414,P53779,6.46,6.46,6.46,0.4675
P53779_CHEMBL5411091,P53779,6.62,6.62,6.62,0.5
P53779_CHEMBL5425539,P53779,6.85,6.85,6.85,0.5
P53779_CHEMBL5432224,P53779,6.54,6.54,6.54,0.4675
P53779_CHEMBL5398897,P53779,6.69,6.69,6.69,0.5
P53779_CHEMBL5393904,P53779,7.07,7.07,7.07,0.5571
P53779_CHEMBL5409834,P53779,6.72,6.72,6.72,0.5342
P53779_CHEMBL5436859,P53779,6.89,6.89,6.89,0.5342
P53779_CHEMBL5403866,P53779,5.37,5.37,5.37,0.4595
P53779_CHEMBL5407894,P53779,5.14,,,0.5156
P53779_CHEMBL5439622,P53779,5.35,,,0.4927
P53779_CHEMBL5402580,P53779,5.39,5.39,5.39,0.5137
P53779_CHEMBL5414065,P53779,5.11,5.11,5.11,0.5151
P53779_CHEMBL5436065,P53779,5.36,5.36,5.36,0.4854
P53779_CHEMBL5440610,P53779,6.21,6.21,6.21,0.5293
P53779_CHEMBL5439929,P53779,7.05,7.05,7.05,0.3333
P53779_CHEMBL5419312,P53779,5.82,5.82,5.82,0.7036
P53779_CHEMBL5426371,P53779,5.43,5.43,5.43,0.7842
P53779_CHEMBL5423129,P53779,6.89,6.89,6.89,0.627
P53779_CHEMBL5404244,P53779,6.85,6.85,6.85,0.729
P53779_CHEMBL5426261,P53779,6.7,6.7,6.7,0.7798
P53779_CHEMBL5402716,P53779,7.57,7.57,7.57,0.6729
P53779_CHEMBL5416936,P53779,7.89,7.89,7.89,0.8433
P53779_CHEMBL5406765,P53779,6.96,6.96,6.96,0.6909
P53779_CHEMBL5429978,P53779,6.66,6.66,6.66,0.5605
P53779_CHEMBL5395599,P53779,7.05,7.05,7.05,0.6348
P53779_CHEMBL5426713,P53779,7.08,7.08,7.08,0.8433
P53779_CHEMBL5421436,P53779,6.28,6.28,6.28,0.7734
P53779_CHEMBL5410221,P53779,7.02,7.02,7.02,0.7358
P53779_CHEMBL5416863,P53779,6.52,6.52,6.52,0.8115
P53779_CHEMBL5408939,P53779,6.89,6.89,6.89,0.7998
P53779_CHEMBL5420689,P53779,7.2,7.2,7.2,0.7842
P53779_CHEMBL5407582,P53779,7.02,7.02,7.02,0.7144
P53779_CHEMBL5405724,P53779,6.66,6.66,6.66,0.8086
P53779_CHEMBL5410150,P53779,7.11,7.11,7.11,0.7036
P53779_CHEMBL5439177,P53779,6.96,6.96,6.96,0.7998
P53779_CHEMBL5430890,P53779,6.13,6.13,6.13,0.7144
P53779_CHEMBL5410493,P53779,7.0,7.0,7.0,0.7886
Q00987_CHEMBL5430787,Q00987,6.46,,,0.4307
Q00987_CHEMBL5415331,Q00987,7.96,,,0.9536
Q00987_CHEMBL5439046,Q00987,9.05,,,0.9775
Q00987_CHEMBL5400500,Q00987,6.14,,,0.4319
Q00987_CHEMBL5425065,Q00987,7.05,,,0.5
Q00987_CHEMBL5395151,Q00987,7.37,,,0.5
Q00987_CHEMBL5410760,Q00987,8.05,,,0.5
Q00987_CHEMBL5405147,Q00987,8.68,,,0.5801
Q00987_CHEMBL5403772,Q00987,8.74,,,0.519
Q00987_CHEMBL5413376,Q00987,8.89,,,0.5918
Q00987_CHEMBL5405110,Q00987,8.89,,,0.5293
Q00987_CHEMBL5437839,Q00987,6.16,,,0.4246
Q00987_CHEMBL5400878,Q00987,8.27,,,0.48
Q00987_CHEMBL5406959,Q00987,8.59,,,0.4661
Q00987_CHEMBL5436528,Q00987,8.7,,,0.52
Q00987_CHEMBL5438520,Q00987,8.92,,,0.604
Q00987_CHEMBL5431530,Q00987,8.85,,,0.4902
Q00987_CHEMBL5395046,Q00987,8.89,,,0.54
Q00987_CHEMBL5398827,Q00987,8.57,,,0.4661
Q00987_CHEMBL5394717,Q00987,8.08,,,0.5151
Q00987_CHEMBL5403609,Q00987,8.34,,,0.5049
Q00987_CHEMBL5423147,Q00987,7.94,,,0.4954
Q00987_CHEMBL5408617,Q00987,6.98,,,0.4902
Q00987_CHEMBL5430850,Q00987,8.74,,,0.8481
Q00987_CHEMBL5434688,Q00987,5.09,,,0.489
Q00987_CHEMBL5426939,Q00987,6.55,,,0.4587
Q00987_CHEMBL5440363,Q00987,8.6,,,0.6704
Q00987_CHEMBL5413250,Q00987,5.84,,,0.426
Q00987_CHEMBL5407048,Q00987,5.86,,,0.4126
Q00987_CHEMBL5439641,Q00987,5.94,,,0.3816
Q00987_CHEMBL5395339,Q00987,6.09,,,0.3999
Q00987_CHEMBL5400761,Q00987,5.97,,,0.4238
Q00987_CHEMBL5396791,Q00987,6.02,,,0.4761
Q00987_CHEMBL5405392,Q00987,8.59,,,0.6113
Q00987_CHEMBL5423725,Q00987,7.97,,,0.5894
Q00987_CHEMBL5433398,Q00987,8.82,,,0.5913
Q00987_CHEMBL5414460,Q00987,8.64,,,0.6631
Q00987_CHEMBL5404903,Q00987,8.85,,,0.6196
Q00987_CHEMBL5424005,Q00987,8.89,,,0.6855
Q00987_CHEMBL5405535,Q00987,6.88,,,0.5933
Q00987_CHEMBL5411415,Q00987,5.1,,,0.7529
Q00987_CHEMBL5425619,Q00987,5.77,,,0.7593
Q00987_CHEMBL5403414,Q00987,5.79,,,0.8394
Q00987_CHEMBL5438048,Q00987,4.61,,,0.8374
Q00987_CHEMBL5402026,Q00987,6.37,,,0.8101
Q00987_CHEMBL5430636,Q00987,6.94,,,0.79
Q00987_CHEMBL5417541,Q00987,6.61,,,0.7676
Q00987_CHEMBL5400925,Q00987,7.28,,,0.7856
Q00987_CHEMBL5394822,Q00987,7.96,,,0.8149
Q00987_CHEMBL5415765,Q00987,8.07,,,0.8989
Q00987_CHEMBL5413325,Q00987,7.75,,,0.7954
Q00987_CHEMBL5413534,Q00987,8.11,,,0.9102
Q00987_CHEMBL5397420,Q00987,7.13,,,0.8975
Q00987_CHEMBL5396529,Q00987,7.5,,,0.8608
Q00987_CHEMBL5402394,Q00987,8.85,,,0.6172
Q00987_CHEMBL5421232,Q00987,8.7,,,0.5508
Q00987_CHEMBL5422314,Q00987,4.55,,,0.4707
Q00987_CHEMBL5433819,Q00987,6.19,,,0.4768
Q00987_CHEMBL5411406,Q00987,4.84,,,0.4355
Q00987_CHEMBL5441014,Q00987,8.77,,,0.5913
Q00987_CHEMBL5421177,Q00987,7.33,,,0.7856
Q00987_CHEMBL5426013,Q00987,4.76,,,0.4106
Q00987_CHEMBL5419081,Q00987,4.71,,,0.4075
Q00987_CHEMBL5416506,Q00987,4.65,,,0.4629
Q00987_CHEMBL5417713,Q00987,6.25,,,0.4626
Q00987_CHEMBL5418384,Q00987,5.96,,,0.3872
Q00987_CHEMBL5394884,Q00987,5.97,,,0.4333
Q00987_CHEMBL5409375,Q00987,6.11,,,0.4194
Q00987_CHEMBL5428948,Q00987,6.15,,,0.4194
Q00987_CHEMBL5416654,Q00987,6.5,,,0.4424
Q00987_CHEMBL5408349,Q00987,4.88,,,0.5366
Q00987_CHEMBL5420765,Q00987,5.11,,,0.449
Q00987_CHEMBL5393753,Q00987,4.66,,,0.3906
Q00987_CHEMBL5425009,Q00987,4.61,,,0.4363
Q00987_CHEMBL5437348,Q00987,4.63,,,0.468
Q00987_CHEMBL5430323,Q00987,4.81,,,0.4509
Q00987_CHEMBL5437425,Q00987,4.87,,,0.52
Q00987_CHEMBL5401649,Q00987,5.22,,,0.5083
Q00987_CHEMBL5410291,Q00987,4.89,,,0.4905
Q00987_CHEMBL5430014,Q00987,4.82,,,0.4231
Q00987_CHEMBL5439015,Q00987,4.85,,,0.4285
Q00987_CHEMBL5439731,Q00987,5.16,,,0.449
Q00987_CHEMBL5403978,Q00987,5.61,,,0.4348
Q00987_CHEMBL5422264,Q00987,5.37,,,0.5366
Q00987_CHEMBL5403465,Q00987,4.61,,,0.5347
Q00987_CHEMBL5394970,Q00987,4.83,,,0.5112
Q00987_CHEMBL5408490,Q00987,4.62,,,0.5112
Q00987_CHEMBL5422030,Q00987,6.04,,,0.5
Q00987_CHEMBL5403300,Q00987,5.13,,,0.522
Q00987_CHEMBL5416279,Q00987,5.16,,,0.449
Q00987_CHEMBL5413374,Q00987,5.67,,,0.4263
Q00987_CHEMBL5434849,Q00987,4.74,,,0.6943
Q00987_CHEMBL5422731,Q00987,6.32,,,0.4109
Q00987_CHEMBL5420518,Q00987,4.91,,,0.7104
Q02127_CHEMBL5411122,Q02127,7.43,,,0.7588
Q02127_CHEMBL5430092,Q02127,7.15,,,0.7061
Q02127_CHEMBL5424393,Q02127,7.14,,,0.7075
Q02127_CHEMBL5394812,Q02127,7.26,,,0.7246
Q02127_CHEMBL5424051,Q02127,7.2,,,0.7271
Q02127_CHEMBL5426182,Q02127,7.54,,,0.7461
Q02127_CHEMBL5416733,Q02127,7.62,,,0.7744
Q02127_CHEMBL5399005,Q02127,7.0,7.0,7.0,0.75
Q02127_CHEMBL5398316,Q02127,4.09,4.09,4.09,0.5405
Q02127_CHEMBL5408286,Q02127,6.43,6.43,6.43,0.75
Q02127_CHEMBL5408707,Q02127,6.02,6.02,6.02,0.8076
Q02127_CHEMBL5421173,Q02127,6.65,6.65,6.65,0.6621
Q02127_CHEMBL5439442,Q02127,7.52,7.52,7.52,0.6914
Q02127_CHEMBL5401192,Q02127,7.45,7.45,7.45,0.7378
Q02127_CHEMBL5404114,Q02127,6.8,6.8,6.8,0.6714
Q02127_CHEMBL5426062,Q02127,6.22,6.22,6.22,0.6265
Q02127_CHEMBL5399532,Q02127,7.89,7.89,7.89,0.6714
Q02127_CHEMBL5394449,Q02127,6.42,6.42,6.42,0.75
Q02127_CHEMBL5428012,Q02127,8.46,8.46,8.46,0.5527
Q02127_CHEMBL5398296,Q02127,8.39,8.39,8.39,0.5713
Q02127_CHEMBL5404750,Q02127,5.93,5.93,5.93,0.7964
Q02127_CHEMBL5431965,Q02127,6.19,6.19,6.19,0.6729
Q02127_CHEMBL5427377,Q02127,6.22,6.22,6.22,0.6606
Q02127_CHEMBL5396928,Q02127,7.16,7.16,7.16,0.7061
Q02127_CHEMBL5423878,Q02127,7.4,7.4,7.4,0.6812
Q02127_CHEMBL5415127,Q02127,6.52,6.52,6.52,0.6729
Q02127_CHEMBL5432354,Q02127,6.57,6.57,6.57,0.6479
Q02127_CHEMBL5412179,Q02127,7.46,7.46,7.46,0.6401
Q02127_CHEMBL5423324,Q02127,7.2,7.2,7.2,0.5835
Q02127_CHEMBL5427310,Q02127,7.18,7.18,7.18,0.5518
Q02127_CHEMBL5419515,Q02127,6.75,6.75,6.75,0.7715
Q03111_CHEMBL5427429,Q03111,5.04,,,0.6597
Q03111_CHEMBL5403490,Q03111,6.55,,,0.9062
Q03111_CHEMBL5395585,Q03111,7.45,,,0.6753
Q03111_CHEMBL5397340,Q03111,7.77,,,0.8057
Q03111_CHEMBL5439514,Q03111,5.89,,,0.647
Q03111_CHEMBL5429534,Q03111,7.43,,,0.6987
Q03111_CHEMBL5404010,Q03111,7.72,,,0.8262
Q03111_CHEMBL5429859,Q03111,6.8,,,0.7036
Q03111_CHEMBL5394853,Q03111,6.44,,,0.4431
Q03111_CHEMBL5437942,Q03111,7.4,,,0.6763
Q03111_CHEMBL5395927,Q03111,5.92,,,0.6763
Q03111_CHEMBL5396023,Q03111,6.42,,,0.4658
Q03111_CHEMBL5435284,Q03111,6.41,,,0.7573
Q03111_CHEMBL5430048,Q03111,6.89,,,0.4175
Q03111_CHEMBL5434666,Q03111,6.82,,,0.4431
Q03111_CHEMBL5411970,Q03111,4.27,,,0.9375
Q03111_CHEMBL5416453,Q03111,7.66,,,0.5947
Q03111_CHEMBL5437279,Q03111,6.75,,,0.7124
Q03111_CHEMBL5423179,Q03111,6.58,,,0.605
Q03111_CHEMBL5434752,Q03111,6.89,,,0.7363
Q03111_CHEMBL5410133,Q03111,6.76,,,0.625
Q03111_CHEMBL5440223,Q03111,6.31,,,0.6133
Q03111_CHEMBL5430847,Q03111,7.66,,,0.6626
Q03111_CHEMBL5414763,Q03111,7.49,,,0.6821
Q03111_CHEMBL5403698,Q03111,7.25,,,0.6372
Q03111_CHEMBL5428707,Q03111,7.34,,,0.6987
Q03111_CHEMBL5427068,Q03111,7.72,,,0.7534
Q03111_CHEMBL5421344,Q03111,7.5,,,0.6753
Q03111_CHEMBL5420860,Q03111,7.14,,,0.7026
Q03111_CHEMBL5416650,Q03111,7.11,,,0.7324
Q03111_CHEMBL5419393,Q03111,7.15,,,0.689
Q03111_CHEMBL5411777,Q03111,7.76,,,0.6841
Q03111_CHEMBL5417838,Q03111,7.42,,,0.6118
Q03111_CHEMBL5395504,Q03111,6.46,,,0.4773
Q03111_CHEMBL5406254,Q03111,7.33,,,0.6543
Q03111_CHEMBL5438461,Q03111,7.45,,,0.7158
Q03111_CHEMBL5422917,Q03111,6.57,,,0.6533
Q03111_CHEMBL5404615,Q03111,7.31,,,0.689
Q03111_CHEMBL5428403,Q03111,4.8,,,0.5713
Q03111_CHEMBL5396726,Q03111,6.2,,,0.5
Q03111_CHEMBL5420102,Q03111,4.4,,,0.7041
Q03111_CHEMBL5413088,Q03111,4.54,,,0.8604
Q03111_CHEMBL5422965,Q03111,5.94,,,0.8223
Q03111_CHEMBL5421606,Q03111,6.58,,,0.6152
Q03111_CHEMBL5398308,Q03111,6.12,,,0.8223
Q03111_CHEMBL5427853,Q03111,5.6,,,0.6597
Q03111_CHEMBL5394670,Q03111,5.47,,,0.5439
Q03111_CHEMBL5416530,Q03111,4.66,,,0.7729
Q03181_CHEMBL5399608,Q03181,6.54,,,0.6055
Q03181_CHEMBL5421425,Q03181,6.03,,,0.6714
Q03181_CHEMBL5407583,Q03181,5.11,,,0.6616
Q03181_CHEMBL5406591,Q03181,5.51,,,0.6714
Q03181_CHEMBL5406898,Q03181,6.79,,,0.5693
Q03181_CHEMBL5408470,Q03181,6.47,,,0.7119
Q03181_CHEMBL5404338,Q03181,5.6,,,0.7031
Q03181_CHEMBL5397940,Q03181,5.9,,,0.7119
Q03181_CHEMBL5427431,Q03181,5.88,,,0.8643
Q03181_CHEMBL5414029,Q03181,5.94,,,0.5796
Q03181_CHEMBL5439812,Q03181,6.9,,,0.7383
Q03181_CHEMBL5432530,Q03181,6.36,,,0.5835
Q03181_CHEMBL5435944,Q03181,6.01,,,0.73
Q03181_CHEMBL5431536,Q03181,6.7,,,0.7383
Q03181_CHEMBL5429976,Q03181,7.16,,,0.627
Q03181_CHEMBL5427888,Q03181,6.74,,,0.7539
Q03181_CHEMBL5406301,Q03181,5.79,,,0.7461
Q03181_CHEMBL5431290,Q03181,6.35,,,0.7539
Q03181_CHEMBL5429911,Q03181,7.72,,,0.6416
Q06124_CHEMBL5409502,Q06124,5.43,,,0.5312
Q06124_CHEMBL5436458,Q06124,6.28,,,0.7192
Q06124_CHEMBL5427793,Q06124,6.2,,,0.623
Q06124_CHEMBL5429374,Q06124,6.1,,,0.5576
Q06124_CHEMBL5426696,Q06124,6.68,,,0.5625
Q06124_CHEMBL5427689,Q06124,4.53,,,0.7075
Q06124_CHEMBL5396927,Q06124,5.02,,,0.689
Q06124_CHEMBL5430697,Q06124,6.67,5.0,5.0,0.6743
Q06124_CHEMBL5432361,Q06124,5.64,,,0.6743
Q06124_CHEMBL5425562,Q06124,4.55,,,0.7334
Q06124_CHEMBL5417898,Q06124,5.75,,,0.6226
Q06124_CHEMBL5430876,Q06124,4.93,,,0.5771
Q06124_CHEMBL5410478,Q06124,4.73,,,0.6431
Q06124_CHEMBL5434597,Q06124,5.16,,,0.6831
Q06124_CHEMBL5401484,Q06124,5.2,,,0.7256
Q06124_CHEMBL5405120,Q06124,5.7,,,0.5693
Q06124_CHEMBL5431213,Q06124,5.49,,,0.5947
Q06124_CHEMBL5397714,Q06124,7.28,,,0.6167
Q06124_CHEMBL5423012,Q06124,7.52,,,0.5967
Q06124_CHEMBL5417082,Q06124,6.95,,,0.6064
Q06124_CHEMBL5426862,Q06124,6.51,,,0.7354
Q06124_CHEMBL5396396,Q06124,7.14,,,0.5557
Q06124_CHEMBL5415136,Q06124,7.46,,,0.5933
Q06124_CHEMBL5431659,Q06124,7.13,,,0.5737
Q06124_CHEMBL5426966,Q06124,5.42,,,0.5254
Q06124_CHEMBL5396867,Q06124,6.8,,,0.5693
Q06124_CHEMBL5416146,Q06124,5.32,,,0.5938
Q06124_CHEMBL5421651,Q06124,7.04,,,0.5933
Q06124_CHEMBL5424940,Q06124,7.27,,,0.625
Q06124_CHEMBL5416270,Q06124,6.86,,,0.6602
Q06124_CHEMBL5408024,Q06124,6.74,,,0.625
Q06124_CHEMBL5433260,Q06124,6.85,,,0.6143
Q06124_CHEMBL5402661,Q06124,6.6,,,0.6377
Q06124_CHEMBL5435971,Q06124,7.19,,,0.6362
Q06124_CHEMBL5430657,Q06124,7.32,,,0.627
Q06124_CHEMBL5400948,Q06124,6.4,,,0.6143
Q06124_CHEMBL5424837,Q06124,6.68,,,0.6362
Q06124_CHEMBL5410896,Q06124,6.15,,,0.6602
Q06124_CHEMBL5422106,Q06124,6.38,,,0.7446
Q06124_CHEMBL5434296,Q06124,5.94,,,0.729
Q06124_CHEMBL5412197,Q06124,6.77,,,1.0
Q06124_CHEMBL5416159,Q06124,7.19,,,0.446
Q06187_CHEMBL5431246,Q06187,8.03,8.03,8.03,0.4458
Q06187_CHEMBL5421073,Q06187,6.83,6.83,6.83,0.4614
Q06187_CHEMBL5405186,Q06187,8.25,8.25,8.25,0.4885
Q06187_CHEMBL5398916,Q06187,7.05,7.05,7.05,0.4607
Q06187_CHEMBL5418333,Q06187,7.63,7.63,7.63,0.4614
Q06187_CHEMBL5427890,Q06187,7.72,7.72,7.72,0.5571
Q06187_CHEMBL5399884,Q06187,8.01,8.01,8.01,0.4834
Q06187_CHEMBL5414595,Q06187,6.75,,,0.5054
Q06187_CHEMBL5400359,Q06187,7.18,7.18,7.18,0.5264
Q06187_CHEMBL5425932,Q06187,7.03,7.03,7.03,0.4871
Q06187_CHEMBL5424119,Q06187,7.48,7.48,7.48,0.4941
Q06187_CHEMBL5436135,Q06187,6.65,6.65,6.65,0.4534
Q06187_CHEMBL5424490,Q06187,6.89,6.89,6.89,0.4824
Q06187_CHEMBL5423586,Q06187,7.33,7.33,7.33,0.4624
Q06187_CHEMBL5396734,Q06187,7.57,7.57,7.57,0.4819
Q06187_CHEMBL5403299,Q06187,6.02,6.02,6.02,0.5273
Q06187_CHEMBL5432647,Q06187,6.66,6.66,6.66,0.4651
Q06187_CHEMBL5419265,Q06187,8.12,8.12,8.12,0.4719
Q06187_CHEMBL5432321,Q06187,7.35,7.35,7.35,0.4885
Q06187_CHEMBL5429118,Q06187,7.51,7.51,7.51,0.447
Q06187_CHEMBL5399333,Q06187,7.96,7.96,7.96,0.4382
Q06187_CHEMBL5439205,Q06187,6.42,6.42,6.42,0.4939
Q06187_CHEMBL5421117,Q06187,6.96,6.96,6.96,0.5405
Q06187_CHEMBL5427653,Q06187,6.84,6.84,6.84,0.5283
Q06187_CHEMBL5406313,Q06187,7.24,7.24,7.24,0.4944
Q06187_CHEMBL5420469,Q06187,8.23,8.23,8.23,0.5933
Q06187_CHEMBL5426399,Q06187,8.83,8.83,8.83,0.5864
Q06187_CHEMBL5429719,Q06187,6.23,6.23,6.23,0.6128
Q06187_CHEMBL5427093,Q06187,9.38,8.491029995663983,8.491029995663983,0.5957
Q06187_CHEMBL5439377,Q06187,8.68,8.68,8.68,0.6582
Q06187_CHEMBL5431720,Q06187,8.54,8.54,8.54,0.604
Q06187_CHEMBL5394800,Q06187,8.57,8.086029995663981,8.086029995663981,0.6274
Q06187_CHEMBL5440136,Q06187,8.74,8.171029995663982,8.171029995663982,0.6792
Q06187_CHEMBL5435684,Q06187,8.89,8.246029995663982,8.246029995663982,0.6235
Q06187_CHEMBL5417273,Q06187,9.05,9.05,9.05,0.6787
Q06187_CHEMBL5415543,Q06187,8.7,8.151029995663981,7.876544995663981,0.6558
Q06187_CHEMBL5412767,Q06187,8.66,8.131029995663981,8.131029995663981,0.6353
Q06187_CHEMBL5436699,Q06187,8.47,8.03602999566398,8.03602999566398,0.6626
Q06187_CHEMBL5413492,Q06187,8.82,8.211029995663981,8.211029995663981,0.6709
Q06187_CHEMBL5428711,Q06187,8.62,8.11102999566398,8.11102999566398,0.6104
Q06187_CHEMBL5402002,Q06187,8.74,8.171029995663982,8.171029995663982,0.645
Q06187_CHEMBL5415887,Q06187,8.99,8.99,8.99,0.6289
Q06187_CHEMBL5411595,Q06187,8.72,8.16102999566398,8.16102999566398,0.5859
Q06187_CHEMBL5396054,Q06187,8.89,8.246029995663982,8.246029995663982,0.6494
Q06187_CHEMBL5403745,Q06187,8.7,8.151029995663981,8.151029995663981,0.6104
Q06187_CHEMBL5440675,Q06187,8.46,8.46,8.46,0.6821
Q06187_CHEMBL5403374,Q06187,8.85,8.226029995663982,8.226029995663982,0.6328
Q06187_CHEMBL5427871,Q06187,8.83,8.83,8.83,0.6172
Q06187_CHEMBL5396925,Q06187,8.77,8.186029995663981,8.186029995663981,0.6104
Q06187_CHEMBL5404479,Q06187,8.62,8.11102999566398,8.11102999566398,0.5933
Q06187_CHEMBL5412059,Q06187,8.22,8.22,8.22,0.522
Q06187_CHEMBL5409885,Q06187,6.91,6.91,7.465,0.4939
Q06187_CHEMBL5437618,Q06187,6.8,6.8,6.8,0.4819
Q06187_CHEMBL5440116,Q06187,7.54,7.54,7.54,0.6069
Q06187_CHEMBL5408188,Q06187,7.19,7.19,7.19,0.4517
Q06187_CHEMBL5428869,Q06187,7.62,7.62,7.62,0.6045
Q06187_CHEMBL5404802,Q06187,7.34,7.34,7.34,0.6494
Q06187_CHEMBL5422506,Q06187,6.94,6.94,6.94,0.5229
Q06187_CHEMBL5439043,Q06187,5.75,5.75,5.75,0.4626
Q06187_CHEMBL5437508,Q06187,6.234999999999999,5.5,5.5,0.6279
Q06187_CHEMBL5403472,Q06187,7.785,6.5,6.5,0.6475
Q06187_CHEMBL5432494,Q06187,6.47,6.47,6.47,1.0
Q06187_CHEMBL5409412,Q06187,6.07,6.07,6.07,0.8506
Q06187_CHEMBL5421817,Q06187,5.24,5.24,5.24,0.7905
Q06187_CHEMBL5423384,Q06187,6.0,6.0,6.0,0.8169
Q06187_CHEMBL5438302,Q06187,8.52,8.52,8.52,0.6421
Q06187_CHEMBL5411895,Q06187,7.22,7.22,7.22,0.6094
Q06187_CHEMBL5399172,Q06187,6.18,6.18,6.18,0.5435
Q06187_CHEMBL5420562,Q06187,7.12,7.12,7.12,0.4512
Q12809_CHEMBL5417318,Q12809,4.6,,,0.4424
Q12809_CHEMBL5415543,Q12809,4.83,,,0.6558
Q12809_CHEMBL5403519,Q12809,5.92,,,0.3564
Q12809_CHEMBL5421645,Q12809,4.69,,,0.6885
Q12809_CHEMBL5403690,Q12809,4.23,,,0.7124
Q12809_CHEMBL5413826,Q12809,4.64,,,0.8062
Q12809_CHEMBL5441414,Q12809,5.0,,,0.3767
Q12809_CHEMBL5441415,Q12809,4.96,,,0.3767
Q12809_CHEMBL5402908,Q12809,4.82,,,0.8262
Q12809_CHEMBL5430371,Q12809,5.0,,,0.5674
Q12809_CHEMBL5433689,Q12809,4.52,,,0.4456
Q12809_CHEMBL5439307,Q12809,4.52,,,0.4893
Q12809_CHEMBL5417342,Q12809,4.85,,,0.4304
Q12809_CHEMBL5427289,Q12809,4.37,,,0.4595
Q12809_CHEMBL5430110,Q12809,4.52,,,0.425
Q12809_CHEMBL5425931,Q12809,5.22,,,0.468
Q12809_CHEMBL5396337,Q12809,5.85,,,0.5625
Q12809_CHEMBL5402348,Q12809,5.97,,,0.5
Q12809_CHEMBL5397585,Q12809,5.46,,,0.3416
Q12809_CHEMBL5432083,Q12809,4.44,,,0.3804
Q12809_CHEMBL5439506,Q12809,5.33,,,0.3901
Q12809_CHEMBL5439842,Q12809,4.18,,,0.3882
Q12809_CHEMBL5435884,Q12809,4.4,,,0.5439
Q12809_CHEMBL5439514,Q12809,5.34,,,0.647
Q12809_CHEMBL5434894,Q12809,4.45,,,0.4211
Q12809_CHEMBL5429949,Q12809,4.54,,,0.5161
Q12809_CHEMBL5437318,Q12809,5.24,,,0.4285
Q12809_CHEMBL5416588,Q12809,5.0,,,0.708
Q12809_CHEMBL5435085,Q12809,5.7,,,0.6001
Q12809_CHEMBL5433025,Q12809,4.93,,,0.8569
Q12809_CHEMBL5405483,Q12809,5.12,,,0.4595
Q12809_CHEMBL5404028,Q12809,5.45,,,0.8145
Q12809_CHEMBL5418451,Q12809,5.18,,,0.8218
Q12809_CHEMBL5410897,Q12809,4.57,,,0.7002
Q12809_CHEMBL5398558,Q12809,4.4,,,0.6348
Q12809_CHEMBL5436003,Q12809,5.87,,,0.6602
Q12809_CHEMBL5399557,Q12809,4.9,,,0.4238
Q12809_CHEMBL5413078,Q12809,4.68,,,0.8569
Q12809_CHEMBL5426169,Q12809,4.78,,,0.3613
Q12809_CHEMBL5404509,Q12809,5.29,,,0.6362
Q12809_CHEMBL5427278,Q12809,5.11,,,0.8848
Q12809_CHEMBL5398152,Q12809,6.04,,,0.7739
Q12809_CHEMBL5395542,Q12809,5.68,,,0.6934
Q12809_CHEMBL5409192,Q12809,6.14,,,0.645
Q12809_CHEMBL5434324,Q12809,5.91,,,0.7178
Q12809_CHEMBL5422863,Q12809,5.85,,,0.6558
Q12809_CHEMBL5419489,Q12809,5.41,,,0.7627
Q12809_CHEMBL5435819,Q12809,5.47,,,0.8062
Q12809_CHEMBL5432266,Q12809,4.57,,,0.7896
Q12809_CHEMBL5437236,Q12809,4.72,,,0.448
Q12809_CHEMBL5411999,Q12809,4.574999999999999,,,0.48
Q12809_CHEMBL5420585,Q12809,5.07,,,0.8062
Q12809_CHEMBL5432553,Q12809,5.43,,,0.8481
Q12809_CHEMBL5416399,Q12809,5.83,,,0.5464
Q12809_CHEMBL5419365,Q12809,5.31,,,0.8481
Q12809_CHEMBL5395781,Q12809,5.64,,,0.7061
Q12809_CHEMBL5416581,Q12809,6.44,,,0.4927
Q12809_CHEMBL5428752,Q12809,5.7,,,0.6079
Q12809_CHEMBL5441103,Q12809,6.91,,,0.7285
Q12809_CHEMBL5395597,Q12809,6.75,,,0.7285
Q12809_CHEMBL5420593,Q12809,7.02,,,0.7085
Q12809_CHEMBL5417501,Q12809,4.79,,,0.6533
Q12809_CHEMBL5402120,Q12809,5.33,,,0.6523
Q12809_CHEMBL5440764,Q12809,5.39,,,0.8145
Q12809_CHEMBL5399120,Q12809,5.31,,,0.7002
Q12809_CHEMBL5428394,Q12809,6.27,,,0.8052
Q12809_CHEMBL5396961,Q12809,5.43,,,0.7808
Q12809_CHEMBL5396547,Q12809,4.7,,,0.8428
Q12809_CHEMBL5400861,Q12809,5.5,,,0.8442
Q12809_CHEMBL5426862,Q12809,4.52,,,0.7354
Q12809_CHEMBL5400148,Q12809,5.54,,,0.8218
Q12809_CHEMBL5418000,Q12809,4.61,,,0.8452
Q12809_CHEMBL5394618,Q12809,5.44,,,0.5654
Q12809_CHEMBL5414037,Q12809,5.48,,,0.625
Q12809_CHEMBL5432371,Q12809,9.85,,,0.79
Q12809_CHEMBL5405380,Q12809,5.32,,,0.9229
Q12809_CHEMBL5399676,Q12809,5.29,,,0.5493
Q12809_CHEMBL5435831,Q12809,5.47,,,0.5903
Q12809_CHEMBL5434251,Q12809,6.38,,,0.5596
Q12809_CHEMBL5439283,Q12809,5.72,,,0.7744
Q12809_CHEMBL5403087,Q12809,4.11,,,0.4343
Q12809_CHEMBL5427454,Q12809,4.62,,,0.4648
Q12809_CHEMBL5420899,Q12809,5.21,,,0.6348
Q12809_CHEMBL5432565,Q12809,5.13,,,0.4368
Q12809_CHEMBL5434339,Q12809,6.07,,,0.3831
Q12809_CHEMBL5416490,Q12809,5.43,,,0.3665
Q12809_CHEMBL5411721,Q12809,5.1,,,0.3628
Q12809_CHEMBL5403722,Q12809,5.96,,,0.3447
Q12809_CHEMBL5410717,Q12809,4.66,,,0.3628
Q12809_CHEMBL5425739,Q12809,5.06,,,0.3301
Q12809_CHEMBL5424297,Q12809,4.6,,,0.6621
Q12809_CHEMBL5412433,Q12809,5.46,,,0.7168
Q12809_CHEMBL5401453,Q12809,5.54,,,0.6724
Q12809_CHEMBL5428129,Q12809,5.09,,,0.8101
Q12809_CHEMBL5441391,Q12809,4.71,,,0.3333
Q12809_CHEMBL5436114,Q12809,5.78,,,0.5898
Q12809_CHEMBL5410878,Q12809,6.08,,,0.5498
Q12809_CHEMBL5434807,Q12809,5.29,,,0.5923
Q12809_CHEMBL5403581,Q12809,5.57,,,0.5713
Q12809_CHEMBL5429029,Q12809,6.01,,,0.5771
Q12809_CHEMBL5437311,Q12809,7.07,,,0.4915
Q12809_CHEMBL5419543,Q12809,4.95,,,0.6509
Q12809_CHEMBL5424670,Q12809,4.99,,,0.6665
Q12809_CHEMBL5396638,Q12809,4.77,,,0.6064
Q12809_CHEMBL5412404,Q12809,5.35,,,0.6826
Q12809_CHEMBL5422051,Q12809,4.705,,,0.6665
Q12809_CHEMBL5399556,Q12809,5.0,,,1.0
Q12809_CHEMBL5406899,Q12809,6.0,,,0.7998
Q12809_CHEMBL5406703,Q12809,5.07,,,0.8027
Q12809_CHEMBL5429179,Q12809,6.64,,,0.8027
Q12809_CHEMBL5432538,Q12809,6.24,,,1.0
Q12809_CHEMBL5416465,Q12809,5.19,,,0.7017
Q12809_CHEMBL5414588,Q12809,4.74,,,0.7905
Q12809_CHEMBL5406913,Q12809,4.61,,,0.5713
Q12809_CHEMBL5424378,Q12809,5.62,,,0.48
Q12809_CHEMBL5414982,Q12809,4.79,,,0.5864
Q12809_CHEMBL5433897,Q12809,4.83,,,0.5308
Q12809_CHEMBL5399932,Q12809,4.06,,,0.562
Q12809_CHEMBL5401016,Q12809,4.24,,,0.7969
Q13546_CHEMBL5440251,Q13546,8.01,,,0.8696
Q13546_CHEMBL5432235,Q13546,7.05,,,0.5908
Q13546_CHEMBL5408026,Q13546,6.66,,,0.7251
Q13546_CHEMBL5419480,Q13546,7.82,,,0.8481
Q13546_CHEMBL5404174,Q13546,6.89,,,0.5776
Q13546_CHEMBL5422041,Q13546,6.3,,,0.5908
Q13546_CHEMBL5430224,Q13546,7.31,,,0.4321
Q13546_CHEMBL5427031,Q13546,7.19,,,0.4302
Q13546_CHEMBL5399892,Q13546,7.35,,,0.8271
Q13546_CHEMBL5395362,Q13546,6.2,,,0.5654
Q13546_CHEMBL5412064,Q13546,6.75,,,0.5908
Q13546_CHEMBL5438972,Q13546,6.33,,,0.395
Q13546_CHEMBL5415575,Q13546,6.72,,,0.5513
Q13546_CHEMBL5408672,Q13546,6.7,,,0.5513
Q13546_CHEMBL5411381,Q13546,6.58,,,0.5732
Q13546_CHEMBL5426073,Q13546,6.72,,,0.6323
Q13546_CHEMBL5394940,Q13546,6.72,,,0.625
Q13546_CHEMBL5423528,Q13546,7.4,,,0.7363
Q13546_CHEMBL5398941,Q13546,7.04,,,0.7363
Q13546_CHEMBL5433218,Q13546,6.82,,,0.6987
Q13546_CHEMBL5432442,Q13546,7.16,,,0.7163
Q13546_CHEMBL5403329,Q13546,6.64,,,0.6821
Q13546_CHEMBL5403662,Q13546,7.11,,,0.7065
Q13546_CHEMBL5434132,Q13546,7.0,,,0.6733
Q13546_CHEMBL5396051,Q13546,7.03,,,0.6343
Q13546_CHEMBL5419190,Q13546,7.08,,,0.7065
Q13546_CHEMBL5419556,Q13546,6.8,,,0.6885
Q13546_CHEMBL5432711,Q13546,6.92,,,0.6514
Q13546_CHEMBL5394372,Q13546,7.66,,,0.4146
Q13546_CHEMBL5405225,Q13546,7.77,,,0.4285
Q13546_CHEMBL5422508,Q13546,7.75,,,0.4023
Q13546_CHEMBL5418785,Q13546,7.64,,,0.425
Q13546_CHEMBL5433899,Q13546,6.57,,,0.5757
Q13546_CHEMBL5431192,Q13546,7.77,,,0.5
Q13546_CHEMBL5416808,Q13546,6.96,,,0.6665
Q13546_CHEMBL5415623,Q13546,7.89,,,0.4927
Q13546_CHEMBL5409296,Q13546,6.57,,,0.6499
Q13546_CHEMBL5429657,Q13546,5.44,,,0.5898
Q13546_CHEMBL5418766,Q13546,7.37,,,0.8481
Q13546_CHEMBL5429816,Q13546,6.85,,,0.7236
Q13546_CHEMBL5421764,Q13546,6.7,,,0.5776
Q13546_CHEMBL5409414,Q13546,6.85,,,0.5776
Q13546_CHEMBL5434486,Q13546,6.92,,,0.5654
Q13546_CHEMBL5404074,Q13546,7.0,,,0.6113
Q13546_CHEMBL5407948,Q13546,6.64,,,0.6665
Q13546_CHEMBL5418930,Q13546,5.41,,,0.6665
Q13546_CHEMBL5423912,Q13546,5.59,,,0.6665
Q13546_CHEMBL5439801,Q13546,6.64,,,0.9678
Q13546_CHEMBL5427681,Q13546,5.58,,,0.7568
Q13546_CHEMBL5426570,Q13546,5.05,,,0.7178
Q13546_CHEMBL5424677,Q13546,5.93,,,0.5107
Q13546_CHEMBL5436651,Q13546,6.46,,,0.5581
Q13547_CHEMBL5395245,Q13547,6.18,6.18,6.18,0.5396
Q13547_CHEMBL5432435,Q13547,8.77,8.77,8.77,0.585
Q13547_CHEMBL5398608,Q13547,7.11,7.11,7.11,0.5688
Q13547_CHEMBL5401232,Q13547,6.16,6.16,6.16,0.5151
Q13547_CHEMBL5397465,Q13547,6.23,6.23,6.23,0.5483
Q13547_CHEMBL5420438,Q13547,6.35,6.35,6.35,0.5229
Q13547_CHEMBL5438309,Q13547,6.06,6.06,6.06,0.5239
Q13547_CHEMBL5429127,Q13547,8.2,8.2,8.2,0.542
Q13547_CHEMBL5394932,Q13547,5.77,5.77,5.77,0.6851
Q13547_CHEMBL5400896,Q13547,7.09,7.09,7.09,0.6982
Q13547_CHEMBL5396691,Q13547,6.82,6.82,6.82,0.5967
Q13547_CHEMBL5425559,Q13547,6.0,6.0,6.0,0.6665
Q13547_CHEMBL5399910,Q13547,6.48,6.48,6.48,0.7925
Q13547_CHEMBL5430562,Q13547,8.54,8.54,8.54,0.5962
Q13547_CHEMBL5428620,Q13547,6.78,6.78,6.78,0.5791
Q13547_CHEMBL5408688,Q13547,7.11,7.11,7.11,0.7842
Q13547_CHEMBL5412379,Q13547,6.84,6.84,6.84,0.5903
Q13547_CHEMBL5418060,Q13547,5.83,5.83,5.83,0.6738
Q13547_CHEMBL5433683,Q13547,6.49,6.49,6.49,0.7964
Q13547_CHEMBL5428577,Q13547,6.79,6.79,6.79,0.4358
Q13547_CHEMBL5426703,Q13547,6.43,6.43,6.43,0.5713
Q13547_CHEMBL5429376,Q13547,6.92,6.92,6.92,0.6001
Q13547_CHEMBL5431099,Q13547,6.55,6.55,6.55,0.5303
Q13547_CHEMBL5407807,Q13547,7.34,7.34,7.34,0.6514
Q13547_CHEMBL5431370,Q13547,6.64,6.64,6.64,0.5229
Q13547_CHEMBL5423446,Q13547,6.4,,,0.8354
Q13547_CHEMBL5430899,Q13547,8.66,8.66,8.66,0.5967
Q13547_CHEMBL5427815,Q13547,7.11,7.11,7.11,0.5498
Q13547_CHEMBL5400985,Q13547,7.4,7.4,7.735,0.5386
Q13547_CHEMBL5435640,Q13547,6.67,6.67,7.05,0.5
Q13547_CHEMBL5413269,Q13547,9.49,,,0.8462
Q13547_CHEMBL5418707,Q13547,8.07,8.07,7.735,0.5386
Q13547_CHEMBL5406417,Q13547,7.43,7.43,7.05,0.5
Q13547_CHEMBL5424996,Q13547,4.8,4.8,4.8,0.6104
Q13547_CHEMBL5439517,Q13547,6.7,6.7,6.7,0.4927
Q13547_CHEMBL5411407,Q13547,7.12,7.12,7.12,0.5483
Q13547_CHEMBL5407078,Q13547,8.46,8.46,8.46,0.585
Q13547_CHEMBL5428984,Q13547,7.05,7.05,7.05,0.5688
Q13547_CHEMBL5417666,Q13547,7.13,7.13,7.13,0.5151
Q13547_CHEMBL5427739,Q13547,6.61,6.61,6.61,0.5322
Q13547_CHEMBL5437164,Q13547,5.3,,,0.5
Q13547_CHEMBL5427776,Q13547,5.92,,,0.5371
Q13547_CHEMBL5409329,Q13547,8.49,,,0.6328
Q13547_CHEMBL5440015,Q13547,7.19,,,0.5688
Q13547_CHEMBL5416731,Q13547,7.46,7.46,7.46,0.6665
Q13547_CHEMBL5433467,Q13547,5.33,5.33,5.33,0.6001
Q13547_CHEMBL5409260,Q13547,6.01,6.01,6.01,0.5791
Q13547_CHEMBL5417826,Q13547,6.31,6.31,6.31,0.5557
Q13547_CHEMBL5438582,Q13547,6.28,6.28,6.28,0.5688
Q13547_CHEMBL5407061,Q13547,7.37,7.37,7.37,0.5591
Q13547_CHEMBL5414999,Q13547,6.98,6.98,6.98,0.5591
Q13547_CHEMBL5434760,Q13547,8.66,8.66,8.66,0.5386
Q13547_CHEMBL5437604,Q13547,8.79,8.79,8.79,0.6548
Q13547_CHEMBL5398384,Q13547,5.0,,,0.5557
Q13547_CHEMBL5405937,Q13547,7.06,,,0.561
Q13547_CHEMBL5418684,Q13547,5.41,,,0.5083
Q13547_CHEMBL5427242,Q13547,5.7,,,0.5576
Q13547_CHEMBL5397433,Q13547,5.385,,,0.6592
Q13547_CHEMBL5420639,Q13547,6.67,6.67,6.67,0.686
Q13547_CHEMBL5420610,Q13547,6.91,6.91,6.91,0.564
Q13547_CHEMBL5420194,Q13547,5.96,5.96,5.96,0.489
Q13547_CHEMBL5438992,Q13547,7.07,7.07,7.07,0.5059
Q13547_CHEMBL5422534,Q13547,7.72,7.72,7.72,0.564
Q13547_CHEMBL5405258,Q13547,6.7,6.7,6.7,0.564
Q13547_CHEMBL5404735,Q13547,6.35,6.35,6.35,0.5898
Q13547_CHEMBL5434398,Q13547,5.92,5.92,5.92,0.6104
Q13547_CHEMBL5426859,Q13547,6.4,,,0.6353
Q13547_CHEMBL5419690,Q13547,6.6,6.6,6.6,0.4878
Q13547_CHEMBL5405779,Q13547,8.0,8.0,8.0,0.5884
Q13547_CHEMBL5399656,Q13547,7.43,7.43,7.43,0.5884
Q13547_CHEMBL5439079,Q13547,6.01,6.01,6.01,0.606
Q13547_CHEMBL5437683,Q13547,5.61,5.61,5.61,0.6982
Q13547_CHEMBL5425203,Q13547,6.5,6.5,6.5,0.6763
Q13547_CHEMBL5423994,Q13547,6.21,6.21,6.21,0.6479
Q13547_CHEMBL5436930,Q13547,5.78,5.78,5.78,0.5889
Q13547_CHEMBL5417556,Q13547,8.4,8.4,8.4,0.4854
Q13547_CHEMBL5401785,Q13547,8.42,8.42,8.42,0.4714
Q13547_CHEMBL5440587,Q13547,8.25,8.25,8.25,0.4856
Q13547_CHEMBL5409565,Q13547,8.27,8.27,8.27,0.405
Q13547_CHEMBL5423769,Q13547,8.2,8.2,8.2,0.5078
Q13547_CHEMBL5434546,Q13547,8.73,8.73,8.73,0.5669
Q13547_CHEMBL5429228,Q13547,7.8,7.8,7.8,0.5273
Q13547_CHEMBL5420359,Q13547,8.27,8.27,8.27,0.5537
Q13547_CHEMBL5404035,Q13547,7.15,,,0.7017
Q13547_CHEMBL5435026,Q13547,8.46,8.46,8.46,0.5273
Q13547_CHEMBL5424227,Q13547,8.15,8.15,8.15,0.585
Q13547_CHEMBL5432401,Q13547,8.09,8.09,8.09,0.5083
Q13547_CHEMBL5407947,Q13547,7.74,7.74,7.74,0.6167
Q13547_CHEMBL5416658,Q13547,8.09,8.09,8.09,0.5576
Q13547_CHEMBL5399973,Q13547,7.17,7.17,7.17,0.625
Q13547_CHEMBL5426471,Q13547,6.71,6.71,6.71,0.6548
Q13547_CHEMBL5395429,Q13547,6.51,6.51,6.51,0.6729
Q13547_CHEMBL5431600,Q13547,6.39,6.39,6.39,0.6963
Q13547_CHEMBL5418936,Q13547,7.4,7.4,7.4,0.6729
Q13547_CHEMBL5395752,Q13547,7.02,7.02,7.02,0.6963
Q13547_CHEMBL5409321,Q13547,6.76,6.76,6.76,0.6729
Q13547_CHEMBL5410667,Q13547,6.5,6.5,6.5,0.6963
Q13547_CHEMBL5406671,Q13547,8.43,8.43,8.43,0.6802
Q13547_CHEMBL5409269,Q13547,8.57,8.57,8.57,0.585
Q13547_CHEMBL5423614,Q13547,7.13,7.13,7.13,0.6064
Q13547_CHEMBL5400284,Q13547,6.65,,,0.8184
Q13547_CHEMBL5418632,Q13547,6.46,,,0.625
Q13547_CHEMBL5428905,Q13547,6.7,,,0.6851
Q13547_CHEMBL5394496,Q13547,5.67,,,0.5645
Q13547_CHEMBL5422313,Q13547,5.96,,,0.793
Q13547_CHEMBL5401058,Q13547,6.3100000000000005,,,0.8423
Q13547_CHEMBL5418488,Q13547,5.47,,,0.6201
Q13547_CHEMBL5431673,Q13547,6.61,6.61,6.61,0.5796
Q13547_CHEMBL5407261,Q13547,6.52,6.52,6.52,0.6948
Q13547_CHEMBL5415779,Q13547,6.67,6.67,6.67,0.4648
Q13547_CHEMBL5403063,Q13547,6.98,6.98,6.98,0.4583
Q13547_CHEMBL5417222,Q13547,7.23,7.23,7.23,0.5352
Q13547_CHEMBL5422539,Q13547,7.21,7.21,7.21,0.5068
Q13547_CHEMBL5417311,Q13547,7.99,7.99,7.99,0.5137
Q13547_CHEMBL5409479,Q13547,6.16,6.16,6.16,0.4924
Q13547_CHEMBL5426373,Q13547,6.67,6.67,6.67,0.4854
Q13547_CHEMBL5433222,Q13547,7.23,7.23,7.23,0.5
Q13547_CHEMBL5414940,Q13547,7.51,7.51,7.51,0.5
Q13547_CHEMBL5403641,Q13547,7.51,7.51,7.51,0.4729
Q13547_CHEMBL5401051,Q13547,8.05,8.05,8.05,0.5693
Q13547_CHEMBL5407011,Q13547,6.76,6.76,6.76,0.6064
Q13547_CHEMBL5423299,Q13547,8.64,8.64,8.64,0.4531
Q13547_CHEMBL5420243,Q13547,8.68,8.68,8.68,0.4285
Q13547_CHEMBL5413391,Q13547,8.72,8.72,8.72,0.4133
Q13547_CHEMBL5435868,Q13547,6.81,6.81,6.81,0.4343
Q13547_CHEMBL5404696,Q13547,8.2,8.2,8.2,0.4707
Q13547_CHEMBL5440138,Q13547,7.36,7.36,7.36,0.5557
Q13547_CHEMBL5436704,Q13547,7.07,7.07,7.07,0.6509
Q13547_CHEMBL5422333,Q13547,7.14,7.14,7.14,0.7168
Q13547_CHEMBL5440733,Q13547,6.91,6.91,6.91,0.6509
Q13547_CHEMBL5431676,Q13547,7.17,7.17,7.17,0.7168
Q13547_CHEMBL5416888,Q13547,8.48,8.48,8.48,0.582
Q13547_CHEMBL5395571,Q13547,7.17,7.17,7.17,0.5498
Q13547_CHEMBL5421759,Q13547,8.49,8.49,8.49,0.4924
Q13547_CHEMBL5409400,Q13547,7.52,,,0.5322
Q13547_CHEMBL5420493,Q13547,7.92,7.92,7.92,0.6431
Q13547_CHEMBL5397759,Q13547,7.16,7.16,7.16,0.5498
Q13547_CHEMBL5434626,Q13547,7.48,7.48,7.48,0.6392
Q13547_CHEMBL5413000,Q13547,7.18,7.18,7.18,0.707
Q13547_CHEMBL5395739,Q13547,6.1,6.1,6.1,0.4473
Q13547_CHEMBL5440875,Q13547,7.14,7.141032367640285,7.418400613015688,0.5151
Q13547_CHEMBL5419239,Q13547,7.5,,,0.5
Q13547_CHEMBL5424768,Q13547,6.68,6.68,6.68,0.7998
Q13547_CHEMBL5422428,Q13547,5.68,,,0.7798
Q13547_CHEMBL5410652,Q13547,5.92,,,0.728
Q13547_CHEMBL5440192,Q13547,6.68,,,0.6831
Q13547_CHEMBL5407634,Q13547,6.22,,,0.7041
Q13547_CHEMBL5426948,Q13547,6.34,,,0.7041
Q13547_CHEMBL5400623,Q13547,6.21,,,0.8608
Q13547_CHEMBL5399635,Q13547,8.49,8.49,8.49,0.5645
Q13547_CHEMBL5406759,Q13547,8.51,,,0.5791
Q13547_CHEMBL5413744,Q13547,7.63,7.63,7.63,0.5
Q13547_CHEMBL5428176,Q13547,7.92,7.92,7.92,0.5537
Q13547_CHEMBL5440196,Q13547,8.39,8.39,8.39,0.6362
Q13547_CHEMBL5428924,Q13547,8.42,8.42,8.42,0.6079
Q13547_CHEMBL5424063,Q13547,7.13,,,0.5386
Q13547_CHEMBL5440160,Q13547,7.18,7.18,7.18,0.5093
Q13547_CHEMBL5432519,Q13547,6.51,6.51,6.51,0.5181
Q13547_CHEMBL5406583,Q13547,7.35,7.35,7.35,0.5181
Q13547_CHEMBL5417760,Q13547,7.09,7.09,7.09,0.5347
Q13547_CHEMBL5413316,Q13547,8.14,8.14,8.14,0.5771
Q13547_CHEMBL5440032,Q13547,8.23,8.23,8.23,0.6362
Q13547_CHEMBL5431560,Q13547,8.23,8.23,8.23,0.6597
Q13547_CHEMBL5420876,Q13547,6.05,6.05,6.05,0.75
Q13547_CHEMBL5414870,Q13547,6.75,6.75,6.75,0.5615
Q13547_CHEMBL5415246,Q13547,4.29,4.29,4.29,0.5972
Q13547_CHEMBL5407734,Q13547,5.54,5.54,5.54,0.6089
Q13547_CHEMBL5395816,Q13547,6.76,6.76,6.76,0.5239
Q13547_CHEMBL5440176,Q13547,7.27,7.27,7.27,0.5239
Q13547_CHEMBL5412747,Q13547,7.18,7.18,7.18,0.5396
Q13547_CHEMBL5435909,Q13547,6.94,6.94,6.94,0.541
Q13547_CHEMBL5398464,Q13547,6.21,6.21,6.21,0.5698
Q13547_CHEMBL5420057,Q13547,6.33,,,0.6162
Q13547_CHEMBL5404427,Q13547,4.76,4.76,4.76,0.7358
Q13547_CHEMBL5404095,Q13547,8.35,8.35,8.35,0.5957
Q13547_CHEMBL5429056,Q13547,7.02,7.02,7.02,0.6001
Q13547_CHEMBL5419475,Q13547,5.72,5.72,5.72,0.5972
Q13547_CHEMBL5396505,Q13547,5.89,5.89,5.89,0.5596
Q13547_CHEMBL5399948,Q13547,5.96,5.96,5.96,0.5923
Q13547_CHEMBL5409169,Q13547,6.25,6.25,6.25,0.7271
Q13547_CHEMBL5431839,Q13547,6.2,6.2,6.2,0.5928
Q13547_CHEMBL5429693,Q13547,6.96,6.96,6.96,0.689
Q13547_CHEMBL5409137,Q13547,5.62,,,0.6152
Q13547_CHEMBL5437481,Q13547,6.6,6.6,6.6,0.8335
Q13547_CHEMBL5410073,Q13547,7.0,7.0,7.0,0.623
Q13547_CHEMBL5433570,Q13547,7.21,7.21,7.21,0.6616
Q13547_CHEMBL5395810,Q13547,6.14,6.14,6.14,0.6768
Q13547_CHEMBL5409678,Q13547,5.62,5.62,5.62,0.6265
Q13547_CHEMBL5420601,Q13547,6.1,6.1,6.1,0.6553
Q13547_CHEMBL5412510,Q13547,6.14,6.14,6.14,0.7632
Q13547_CHEMBL5399017,Q13547,5.85,,,0.6387
Q13547_CHEMBL5434942,Q13547,7.14,7.14,7.14,0.6313
Q13547_CHEMBL5417682,Q13547,8.0,8.0,8.0,0.5601
Q13547_CHEMBL5415256,Q13547,7.0,7.0,7.0,0.8335
Q13547_CHEMBL5410602,Q13547,8.15,,,0.75
Q13547_CHEMBL5411914,Q13547,8.19,8.19,8.19,0.6133
Q13547_CHEMBL5400421,Q13547,8.09,8.09,8.09,0.5874
Q13547_CHEMBL5431498,Q13547,7.11,7.11,7.11,0.6362
Q13547_CHEMBL5420814,Q13547,6.3,6.3,6.3,0.75
Q13547_CHEMBL5414244,Q13547,6.69,6.69,6.69,0.5303
Q13547_CHEMBL5409409,Q13547,7.2,7.2,7.2,0.75
Q13547_CHEMBL5396543,Q13547,6.97,6.97,6.97,0.5425
Q13547_CHEMBL5412725,Q13547,6.615,6.04,6.04,0.6294
Q13547_CHEMBL5396565,Q13547,6.43,6.43,6.43,0.5312
Q13547_CHEMBL5411315,Q13547,6.79,6.62,6.62,0.5073
Q13547_CHEMBL5401053,Q13547,7.03,7.03,7.03,0.5713
Q13547_CHEMBL5414564,Q13547,6.65,6.65,6.65,0.5713
Q13547_CHEMBL5402175,Q13547,6.95,6.95,6.95,0.6001
Q13547_CHEMBL5420307,Q13547,6.75,,,0.5791
Q13547_CHEMBL5437072,Q13547,6.56,6.56,6.56,0.543
Q13547_CHEMBL5396288,Q13547,6.99,6.99,6.99,0.6001
Q13547_CHEMBL5415351,Q13547,7.11,7.11,7.11,0.6001
Q13547_CHEMBL5418509,Q13547,7.3,7.3,7.3,0.6089
Q13547_CHEMBL5428663,Q13547,6.75,6.75,6.75,0.5557
Q13547_CHEMBL5433525,Q13547,7.43,7.43,7.43,0.5806
Q13547_CHEMBL5398443,Q13547,6.94,6.94,6.94,0.5791
Q13547_CHEMBL5397101,Q13547,7.13,7.13,7.13,0.5884
Q13547_CHEMBL5439406,Q13547,7.05,7.05,7.05,0.5688
Q13547_CHEMBL5394186,Q13547,7.25,7.25,7.25,0.6377
Q13547_CHEMBL5425472,Q13547,7.37,7.37,7.37,0.5654
Q13547_CHEMBL5423472,Q13547,7.37,7.37,7.37,0.7144
Q13547_CHEMBL5394727,Q13547,7.15,7.15,7.15,0.5845
Q13547_CHEMBL5430331,Q13547,7.13,7.13,7.13,0.5845
Q13547_CHEMBL5402423,Q13547,6.75,6.75,6.75,0.7637
Q13547_CHEMBL5419172,Q13547,6.81,6.81,6.81,0.604
Q13547_CHEMBL5424360,Q13547,6.81,6.81,6.81,0.6226
Q13547_CHEMBL5417416,Q13547,7.08,7.08,7.08,0.6162
Q13547_CHEMBL5407707,Q13547,6.96,6.96,6.96,0.6035
Q13547_CHEMBL5425253,Q13547,7.29,7.29,7.29,0.7207
Q13547_CHEMBL5431412,Q13547,6.67,6.67,6.67,0.7207
Q13547_CHEMBL5407714,Q13547,7.26,7.26,6.925,0.707
Q13547_CHEMBL5402136,Q13547,6.7,6.7,6.7,0.6523
Q13547_CHEMBL5402915,Q13547,6.67,6.67,6.67,0.5806
Q13547_CHEMBL5404793,Q13547,6.89,6.89,6.89,0.7207
Q13547_CHEMBL5403777,Q13547,6.95,6.95,6.99,0.75
Q13547_CHEMBL5433049,Q13547,7.04,7.04,7.02,0.769
Q13547_CHEMBL5408299,Q13547,7.03,7.03,6.99,0.75
Q13547_CHEMBL5433987,Q13547,6.74,6.74,6.74,0.8364
Q13547_CHEMBL5410437,Q13547,6.7,6.7,6.7,0.6851
Q13547_CHEMBL5398814,Q13547,6.37,6.37,6.37,0.6284
Q13547_CHEMBL5432672,Q13547,6.1,6.1,6.1,0.585
Q13547_CHEMBL5404374,Q13547,6.97,6.97,6.97,0.5737
Q13547_CHEMBL5409055,Q13547,7.26,7.26,7.26,0.5962
Q13547_CHEMBL5398994,Q13547,7.28,7.28,7.28,0.604
Q13547_CHEMBL5437925,Q13547,6.1,6.1,6.1,0.543
Q13547_CHEMBL5430751,Q13547,7.05,7.05,7.05,0.5332
Q13547_CHEMBL5408074,Q13547,7.39,7.39,7.39,0.5537
Q13547_CHEMBL5406975,Q13547,7.3,7.3,7.3,0.5312
Q13547_CHEMBL5397692,Q13547,6.14,6.14,6.14,0.5239
Q13547_CHEMBL5409731,Q13547,7.27,7.27,7.27,0.6294
Q13547_CHEMBL5409287,Q13547,6.91,6.91,6.91,0.5498
Q13547_CHEMBL5397225,Q13547,7.29,7.29,7.29,0.5894
Q13547_CHEMBL5438996,Q13547,7.22,7.22,7.22,0.5894
Q13547_CHEMBL5414698,Q13547,7.0,7.0,7.0,0.6152
Q13547_CHEMBL5438446,Q13547,7.09,7.09,7.09,0.5425
Q13547_CHEMBL5395637,Q13547,7.06,7.06,7.06,0.5835
Q13547_CHEMBL5429446,Q13547,6.89,6.89,6.89,0.7451
Q13547_CHEMBL5419832,Q13547,6.7,6.7,6.7,0.7798
Q13547_CHEMBL5414925,Q13547,8.01,8.01,8.01,0.5884
Q13547_CHEMBL5393893,Q13547,8.66,8.66,8.66,0.6328
Q13547_CHEMBL5396074,Q13547,8.51,8.51,8.51,0.5962
Q13547_CHEMBL5426015,Q13547,8.54,8.54,8.54,0.5884
Q13547_CHEMBL5439859,Q13547,8.59,8.59,8.59,0.6201
Q13547_CHEMBL5414308,Q13547,8.28,8.28,8.28,0.6201
Q13547_CHEMBL5412296,Q13547,8.68,8.68,8.68,0.5386
Q13547_CHEMBL5414898,Q13547,8.89,8.89,8.89,0.604
Q13547_CHEMBL5394047,Q13547,9.0,9.0,9.0,0.5576
Q13547_CHEMBL5399990,Q13547,8.49,8.49,8.49,0.6152
Q13547_CHEMBL5400387,Q13547,8.03,8.03,8.03,0.5181
Q13547_CHEMBL5415734,Q13547,8.38,8.38,8.38,0.604
Q13547_CHEMBL5408897,Q13547,8.24,8.24,8.24,0.5659
Q13547_CHEMBL5414384,Q13547,8.0,8.0,8.0,0.5425
Q13547_CHEMBL5418711,Q13547,8.4,8.4,8.4,0.7144
Q13547_CHEMBL5415232,Q13547,8.575,8.6,8.6,0.7954
Q13547_CHEMBL5431448,Q13547,7.96,7.96,7.96,0.5762
Q13547_CHEMBL5406785,Q13547,8.28,8.28,8.28,0.5659
Q13547_CHEMBL5423629,Q13547,7.96,7.96,7.96,0.6152
Q13547_CHEMBL5401106,Q13547,6.42,6.42,6.42,0.6729
Q13547_CHEMBL5429873,Q13547,7.17,7.17,7.17,0.686
Q13547_CHEMBL5409830,Q13547,6.74,6.74,6.74,0.647
Q13547_CHEMBL5436596,Q13547,6.85,6.85,6.85,0.627
Q13547_CHEMBL5420058,Q13547,6.71,6.71,6.71,0.6401
Q13547_CHEMBL5414971,Q13547,6.46,6.46,6.46,0.5498
Q13547_CHEMBL5432574,Q13547,6.72,6.72,6.72,0.6079
Q13547_CHEMBL5436873,Q13547,6.88,6.88,6.88,0.5693
Q13547_CHEMBL5434895,Q13547,7.06,7.06,7.06,0.5713
Q13547_CHEMBL5424823,Q13547,7.37,7.37,7.37,0.627
Q13547_CHEMBL5408565,Q13547,6.99,6.99,6.99,0.6963
Q13547_CHEMBL5402344,Q13547,7.5,7.5,7.5,0.6416
Q13547_CHEMBL5423136,Q13547,6.67,6.67,6.67,0.6792
Q13547_CHEMBL5414056,Q13547,7.22,7.22,7.22,0.6069
Q13547_CHEMBL5438694,Q13547,7.18,7.18,7.18,0.6792
Q13547_CHEMBL5394600,Q13547,7.22,7.22,7.22,0.5322
Q13547_CHEMBL5410777,Q13547,6.61,6.61,6.61,0.5151
Q13547_CHEMBL5420954,Q13547,7.23,7.23,7.23,0.5322
Q13547_CHEMBL5410523,Q13547,7.53,7.53,7.53,0.5591
Q13547_CHEMBL5416448,Q13547,7.44,7.44,7.44,0.6401
Q13547_CHEMBL5432886,Q13547,7.18,7.18,7.18,0.6221
Q13547_CHEMBL5418695,Q13547,7.49,7.49,7.49,0.6528
Q13547_CHEMBL5410992,Q13547,7.19,7.19,7.19,0.5591
Q13547_CHEMBL5432846,Q13547,7.54,7.54,7.54,0.6001
Q13547_CHEMBL5415711,Q13547,8.92,8.92,8.92,0.5972
Q13547_CHEMBL5423139,Q13547,7.19,7.19,7.19,0.7378
Q13547_CHEMBL5401815,Q13547,7.05,7.05,7.05,0.5
Q13547_CHEMBL5418570,Q13547,6.42,6.42,6.42,0.5078
Q13547_CHEMBL5440638,Q13547,6.94,6.94,6.94,0.5903
Q13547_CHEMBL5412933,Q13547,6.57,6.57,6.57,0.5239
Q13547_CHEMBL5403601,Q13547,6.55,6.55,6.55,0.6401
Q13547_CHEMBL5410880,Q13547,7.28,7.28,7.28,0.7378
Q13547_CHEMBL5402253,Q13547,6.03,6.03,6.03,0.6274
Q13547_CHEMBL5430119,Q13547,6.15,6.15,6.15,0.6094
Q13547_CHEMBL5419248,Q13547,6.16,6.16,6.16,0.75
Q13547_CHEMBL5435751,Q13547,6.27,6.27,6.27,0.4714
Q13547_CHEMBL5425972,Q13547,5.83,5.83,5.83,0.6191
Q13547_CHEMBL5398428,Q13547,6.06,6.06,6.06,0.6152
Q13547_CHEMBL5408111,Q13547,6.04,6.04,6.04,0.5654
Q13547_CHEMBL5437991,Q13547,5.67,5.67,5.67,0.7627
Q13547_CHEMBL5435590,Q13547,5.07,5.07,5.07,0.6665
Q13547_CHEMBL5411915,Q13547,5.0,5.0,5.0,0.6611
Q13547_CHEMBL5427151,Q13547,8.72,8.72,8.72,0.4219
Q13547_CHEMBL5421202,Q13547,8.85,8.85,8.85,0.4697
Q13547_CHEMBL5438599,Q13547,8.31,8.31,8.31,0.4915
Q13547_CHEMBL5426896,Q13547,4.03,4.03,4.03,0.7334
Q13547_CHEMBL5399941,Q13547,5.13,5.13,5.13,0.4919
Q13547_CHEMBL5436104,Q13547,6.31,6.31,6.31,0.5625
Q13547_CHEMBL5423557,Q13547,4.79,4.79,4.79,0.7446
Q13547_CHEMBL5436001,Q13547,5.85,5.85,5.85,0.6733
Q13547_CHEMBL5426091,Q13547,8.32,8.32,8.32,0.5625
Q13547_CHEMBL5431660,Q13547,6.15,6.15,6.15,0.5967
Q13547_CHEMBL5439488,Q13547,7.88,,,0.5371
Q13547_CHEMBL5407953,Q13547,8.47,8.47,8.47,0.4775
Q13547_CHEMBL5433627,Q13547,7.41,7.41,7.41,0.644
Q13547_CHEMBL5416264,Q13547,8.36,,,0.6226
Q13547_CHEMBL5406191,Q13547,8.72,8.72,8.72,0.4866
Q13547_CHEMBL5433364,Q13547,8.81,8.81,8.81,0.5762
Q13547_CHEMBL5403602,Q13547,9.18,9.18,9.18,0.5713
Q13547_CHEMBL5429412,Q13547,8.72,8.72,8.72,0.6001
Q13547_CHEMBL5412547,Q13547,8.25,8.25,8.25,0.6294
Q13547_CHEMBL5436035,Q13547,8.43,8.43,8.43,0.6167
Q13547_CHEMBL5403862,Q13547,8.29,8.29,8.29,0.5645
Q13547_CHEMBL5419295,Q13547,8.43,8.43,8.43,0.6226
Q13547_CHEMBL5424948,Q13547,8.26,8.26,8.26,0.6152
Q13547_CHEMBL5418093,Q13547,8.36,8.36,8.36,0.6152
Q13547_CHEMBL5401496,Q13547,8.39,,,0.6152
Q13547_CHEMBL5401406,Q13547,8.42,8.42,8.42,0.5684
Q13547_CHEMBL5423646,Q13547,5.3,5.3,5.3,0.5
Q13547_CHEMBL5437381,Q13547,5.33,5.33,5.33,0.6182
Q13547_CHEMBL5428795,Q13547,6.09,6.09,6.09,0.7446
Q13547_CHEMBL5413612,Q13547,5.48,5.48,5.48,0.5308
Q13547_CHEMBL5394143,Q13547,5.37,5.37,5.37,0.5498
Q13547_CHEMBL5404245,Q13547,5.9,,,0.6104
Q13547_CHEMBL5401169,Q13547,5.29,5.29,5.29,0.623
Q13547_CHEMBL5403206,Q13547,6.37,6.37,6.37,0.6104
Q13547_CHEMBL5430740,Q13547,6.72,6.72,6.72,0.6167
Q13547_CHEMBL5424224,Q13547,6.06,6.06,6.06,0.5864
Q13547_CHEMBL5411948,Q13547,6.11,6.11,6.11,0.6602
Q13547_CHEMBL5403974,Q13547,8.13,8.13,8.13,0.3999
Q13547_CHEMBL5415687,Q13547,5.38,5.38,5.38,0.814
Q13627_CHEMBL5410811,Q13627,6.97,,,0.6807
Q13627_CHEMBL5403328,Q13627,6.28,,,0.7109
Q13627_CHEMBL5416086,Q13627,6.0,,,0.5
Q13627_CHEMBL5417336,Q13627,5.62,,,0.5293
Q13627_CHEMBL5401513,Q13627,5.8,,,0.4854
Q13627_CHEMBL5401218,Q13627,5.76,,,0.5361
Q13627_CHEMBL5395267,Q13627,5.22,,,0.5615
Q13627_CHEMBL5414801,Q13627,8.15,,,0.8945
Q13627_CHEMBL5429707,Q13627,7.54,,,0.625
Q13627_CHEMBL5428562,Q13627,6.92,,,0.625
Q13627_CHEMBL5401556,Q13627,7.96,,,0.7017
Q13627_CHEMBL5432405,Q13627,7.69,,,0.6865
Q13627_CHEMBL5404093,Q13627,5.76,,,0.5068
Q13627_CHEMBL5401354,Q13627,5.32,,,0.4231
Q13627_CHEMBL5426463,Q13627,5.41,,,0.6377
Q13627_CHEMBL5417699,Q13627,7.12,,,0.4604
Q13627_CHEMBL5429691,Q13627,6.95,,,0.6865
Q13627_CHEMBL5432194,Q13627,7.06,,,0.4177
Q13627_CHEMBL5415554,Q13627,6.71,,,0.6284
Q13627_CHEMBL5395833,Q13627,7.94,,,0.5757
Q13627_CHEMBL5415238,Q13627,6.31,,,0.6196
Q13627_CHEMBL5428750,Q13627,8.3,,,0.623
Q13627_CHEMBL5406864,Q13627,7.27,,,0.707
Q13627_CHEMBL5435933,Q13627,5.13,,,0.4546
Q13627_CHEMBL5421052,Q13627,6.29,,,0.7422
Q13627_CHEMBL5429359,Q13627,7.44,,,0.4675
Q13627_CHEMBL5406490,Q13627,6.68,,,0.5137
Q13627_CHEMBL5426876,Q13627,6.02,,,0.7656
Q13627_CHEMBL5413380,Q13627,5.06,,,0.5137
Q13627_CHEMBL5396081,Q13627,7.7,,,0.7539
Q13627_CHEMBL5429086,Q13627,7.03,,,0.7759
Q13627_CHEMBL5411649,Q13627,5.69,,,0.5713
Q13627_CHEMBL5432630,Q13627,5.4,,,0.5083
Q13627_CHEMBL5413622,Q13627,7.01,,,0.6001
Q13627_CHEMBL5423818,Q13627,6.33,,,0.5576
Q13627_CHEMBL5416942,Q13627,7.85,,,0.8667
Q13627_CHEMBL5424488,Q13627,6.7,,,0.6938
Q13627_CHEMBL5417631,Q13627,5.46,,,0.5371
Q13627_CHEMBL5418822,Q13627,5.69,,,0.6895
Q13627_CHEMBL5439632,Q13627,5.88,,,0.457
Q13627_CHEMBL5395734,Q13627,5.63,,,0.5
Q13627_CHEMBL5416327,Q13627,5.72,,,0.5498
Q13627_CHEMBL5424114,Q13627,5.69,,,0.5083
Q13627_CHEMBL5435495,Q13627,7.18,,,0.7627
Q13627_CHEMBL5426335,Q13627,6.16,,,0.5874
Q13627_CHEMBL5440916,Q13627,5.66,,,0.4697
Q13627_CHEMBL5397989,Q13627,6.12,,,0.5
Q13627_CHEMBL5410464,Q13627,6.54,,,0.519
Q13627_CHEMBL5426304,Q13627,5.61,,,0.3999
Q13627_CHEMBL5425642,Q13627,5.87,,,0.4312
Q13627_CHEMBL5416749,Q13627,6.18,,,0.4465
Q13627_CHEMBL5401689,Q13627,6.32,,,0.5688
Q13627_CHEMBL5436022,Q13627,6.25,,,0.5293
Q13627_CHEMBL5402600,Q13627,6.41,,,0.6001
Q13627_CHEMBL5412760,Q13627,6.23,,,0.5776
Q13627_CHEMBL5440179,Q13627,5.25,,,0.5229
Q13627_CHEMBL5404932,Q13627,5.44,,,0.5571
Q13627_CHEMBL5412339,Q13627,5.65,,,0.6665
Q13627_CHEMBL5411492,Q13627,5.54,,,0.6182
Q13627_CHEMBL5411512,Q13627,5.52,,,0.5322
Q13627_CHEMBL5418042,Q13627,6.02,,,0.6167
Q13627_CHEMBL5404416,Q13627,8.7,,,0.644
Q13627_CHEMBL5405572,Q13627,8.0,,,0.6064
Q13627_CHEMBL5394613,Q13627,7.3,,,0.644
Q13627_CHEMBL5420724,Q13627,8.7,,,0.6729
Q13627_CHEMBL5437222,Q13627,6.63,,,0.644
Q13627_CHEMBL5422413,Q13627,6.58,,,0.5903
Q13627_CHEMBL5419006,Q13627,6.62,,,0.6553
Q13627_CHEMBL5395680,Q13627,7.13,,,0.8237
Q13627_CHEMBL5435718,Q13627,5.24,,,0.8491
Q13627_CHEMBL5408457,Q13627,7.01,,,0.644
Q13627_CHEMBL5413427,Q13627,7.48,,,0.5903
Q13627_CHEMBL5425748,Q13627,7.11,,,0.6553
Q13627_CHEMBL5410991,Q13627,7.33,,,0.8237
Q13627_CHEMBL5408540,Q13627,5.58,,,0.8491
Q13627_CHEMBL5428651,Q13627,9.0,,,0.6826
Q13627_CHEMBL5422936,Q13627,7.66,,,0.8184
Q13627_CHEMBL5437737,Q13627,7.8,,,0.7534
Q13627_CHEMBL5416971,Q13627,5.44,,,0.5669
Q13627_CHEMBL5415866,Q13627,5.77,,,0.5557
Q15910_CHEMBL5427886,Q15910,7.68,,,0.7222
Q15910_CHEMBL5407503,Q15910,7.42,,,0.7324
Q15910_CHEMBL5395024,Q15910,7.46,,,0.7222
Q15910_CHEMBL5406530,Q15910,7.41,,,0.7427
Q15910_CHEMBL5404097,Q15910,8.71,,,0.8491
Q15910_CHEMBL5408277,Q15910,7.97,,,0.8052
Q15910_CHEMBL5402038,Q15910,8.61,,,0.7803
Q15910_CHEMBL5429668,Q15910,7.33,,,0.8135
Q15910_CHEMBL5408839,Q15910,8.0,,,0.7324
Q15910_CHEMBL5433886,Q15910,8.79,,,0.7217
Q15910_CHEMBL5429234,Q15910,6.76,,,0.7124
Q15910_CHEMBL5436336,Q15910,7.96,,,0.7222
Q15910_CHEMBL5417925,Q15910,7.3,,,0.7534
Q15910_CHEMBL5396769,Q15910,6.86,,,0.7646
Q15910_CHEMBL5417070,Q15910,6.87,,,0.6313
Q15910_CHEMBL5394741,Q15910,7.42,,,0.7646
Q15910_CHEMBL5413031,Q15910,6.925,,,0.7271
Q15910_CHEMBL5393990,Q15910,8.1,,,0.4951
Q15910_CHEMBL5408520,Q15910,8.28,,,0.4412
Q15910_CHEMBL5436593,Q15910,7.8,,,0.4827
Q15910_CHEMBL5426154,Q15910,8.03,,,0.4326
Q15910_CHEMBL5400888,Q15910,7.66,,,0.686
Q15910_CHEMBL5416575,Q15910,7.4,,,0.6265
Q15910_CHEMBL5418132,Q15910,8.13,,,0.7109
Q15910_CHEMBL5408322,Q15910,7.44,,,0.6479
Q15910_CHEMBL5421282,Q15910,8.14,,,0.7109
Q15910_CHEMBL5429552,Q15910,7.93,,,0.6738
Q15910_CHEMBL5412340,Q15910,8.21,,,0.7285
Q15910_CHEMBL5395240,Q15910,8.2,,,0.6479
Q15910_CHEMBL5412589,Q15910,6.19,,,0.6362
Q15910_CHEMBL5401078,Q15910,8.69,,,0.6626
Q15910_CHEMBL5417862,Q15910,8.19,,,0.7656
Q15910_CHEMBL5403771,Q15910,7.44,,,0.6841
Q15910_CHEMBL5394852,Q15910,7.68,,,0.6626
Q15910_CHEMBL5416625,Q15910,8.0,,,0.6821
Q15910_CHEMBL5406071,Q15910,7.27,,,0.6509
Q15910_CHEMBL5402033,Q15910,7.0,,,0.4614
Q15910_CHEMBL5395872,Q15910,7.91,,,0.4695
Q15910_CHEMBL5404212,Q15910,8.08,,,0.4946
Q15910_CHEMBL5439531,Q15910,7.1,,,0.4285
Q15910_CHEMBL5422341,Q15910,7.34,,,0.5273
Q15910_CHEMBL5418334,Q15910,7.08,,,0.4932
Q15910_CHEMBL5427802,Q15910,8.24,,,0.5972
Q15910_CHEMBL5418544,Q15910,7.09,,,0.5986
Q16769_CHEMBL5419581,Q16769,5.09,5.09,5.09,0.6445
Q16769_CHEMBL5415003,Q16769,5.59,5.59,5.59,0.6445
Q16769_CHEMBL5423339,Q16769,5.15,5.15,5.15,0.6401
Q16769_CHEMBL5425787,Q16769,5.63,5.63,5.63,0.6445
Q16769_CHEMBL5440008,Q16769,5.5,5.5,5.5,0.6284
Q16769_CHEMBL5432523,Q16769,5.21,5.21,5.21,0.6362
Q16769_CHEMBL5397959,Q16769,5.23,5.23,5.23,0.7085
Q16769_CHEMBL5401424,Q16769,5.13,5.13,5.13,0.8105
Q16769_CHEMBL5431187,Q16769,4.96,4.96,4.96,0.6934
Q16769_CHEMBL5440396,Q16769,5.05,5.05,5.05,0.6802
Q16769_CHEMBL5426515,Q16769,6.44,6.44,6.44,0.6709
Q16769_CHEMBL5416124,Q16769,5.3,5.3,5.3,0.6753
Q16769_CHEMBL5422902,Q16769,5.36,5.36,5.36,0.7261
Q16769_CHEMBL5413978,Q16769,5.44,5.44,5.44,0.6934
Q16769_CHEMBL5402529,Q16769,5.61,5.61,5.61,0.7026
Q16769_CHEMBL5403557,Q16769,5.0,5.0,5.0,0.6582
Q16769_CHEMBL5434053,Q16769,4.66,,,0.6665
Q16769_CHEMBL5396759,Q16769,5.18,,,0.6665
Q16769_CHEMBL5404640,Q16769,5.09,,,0.6362
Q16769_CHEMBL5411871,Q16769,5.13,,,0.7759
Q16769_CHEMBL5403701,Q16769,5.63,5.63,5.63,0.6621
Q16769_CHEMBL5412373,Q16769,5.46,5.46,5.46,0.6714
Q16769_CHEMBL5399860,Q16769,4.92,4.92,4.92,0.7002
Q16769_CHEMBL5418046,Q16769,5.68,5.68,5.68,0.6714
Q16769_CHEMBL5406211,Q16769,5.26,5.26,5.26,0.7002
Q16769_CHEMBL5439681,Q16769,5.36,5.36,5.36,0.8545
Q16769_CHEMBL5413227,Q16769,4.97,4.97,4.97,0.6533
Q16769_CHEMBL5395317,Q16769,4.16,,,0.6445
Q16769_CHEMBL5424881,Q16769,5.36,5.36,5.36,0.6562
Q16769_CHEMBL5396368,Q16769,5.46,5.46,5.46,0.6514
Q16769_CHEMBL5436993,Q16769,5.42,5.42,5.42,0.6772
Q16769_CHEMBL5395945,Q16769,5.47,5.47,5.47,0.6562
Q16769_CHEMBL5432131,Q16769,5.44,,,0.6177
Q16769_CHEMBL5410629,Q16769,5.42,,,0.7183
Q16769_CHEMBL5432557,Q16769,5.29,5.29,5.29,0.7183
Q16769_CHEMBL5409837,Q16769,5.38,5.38,5.38,0.8184
Q16769_CHEMBL5405586,Q16769,5.55,5.55,5.55,0.6562
Q16769_CHEMBL5408371,Q16769,5.4,5.4,5.4,0.6514
Q16769_CHEMBL5417729,Q16769,5.32,,,0.6714
Q16769_CHEMBL5402699,Q16769,5.16,5.16,5.16,0.6401
Q16769_CHEMBL5398463,Q16769,5.63,5.63,5.63,0.6763
Q16769_CHEMBL5436334,Q16769,5.59,5.59,5.59,0.6665
Q16769_CHEMBL5439156,Q16769,5.6,5.6,5.6,0.6362
Q16769_CHEMBL5437713,Q16769,5.53,5.53,5.53,0.6621
Q16769_CHEMBL5396027,Q16769,5.75,5.75,5.75,0.793
Q16769_CHEMBL5426638,Q16769,5.33,5.33,5.33,0.6899
Q16769_CHEMBL5421548,Q16769,5.37,,,0.6533
Q16769_CHEMBL5440304,Q16769,5.98,5.98,5.98,0.6714
Q16769_CHEMBL5409643,Q16769,5.37,5.37,5.37,0.772
Q16769_CHEMBL5425548,Q16769,5.46,5.46,5.46,0.793
Q16769_CHEMBL5425419,Q16769,5.62,5.62,5.62,0.7896
Q16769_CHEMBL5403368,Q16769,5.65,,,0.7627
Q16790_CHEMBL5418946,Q16790,7.12,,,0.5781
Q16790_CHEMBL5395028,Q16790,7.62,,,0.7451
Q16790_CHEMBL5408660,Q16790,8.49,,,0.8296
Q16790_CHEMBL5394136,Q16790,7.22,,,0.6362
Q16790_CHEMBL5428616,Q16790,7.6,,,0.9512
Q16790_CHEMBL5411236,Q16790,7.35,,,0.7144
Q16790_CHEMBL5434644,Q16790,8.96,,,0.8862
Q16790_CHEMBL5418325,Q16790,7.4,,,0.6729
Q16790_CHEMBL5418448,Q16790,8.07,,,0.6729
Q16790_CHEMBL5396521,Q16790,6.8,,,0.5254
Q16790_CHEMBL5406454,Q16790,8.06,,,0.8838
Q16790_CHEMBL5415157,Q16790,7.82,,,0.6958
Q16790_CHEMBL5430687,Q16790,7.51,,,0.7271
Q16790_CHEMBL5402415,Q16790,7.15,,,0.5806
Q16790_CHEMBL5403443,Q16790,7.44,,,0.5835
Q16790_CHEMBL5423785,Q16790,7.64,,,0.5254
Q16790_CHEMBL5420806,Q16790,8.09,,,0.5474
Q16790_CHEMBL5408282,Q16790,8.25,,,0.5474
Q16790_CHEMBL5403015,Q16790,8.72,,,0.6909
Q16790_CHEMBL5418584,Q16790,7.51,,,0.6909
Q16790_CHEMBL5430954,Q16790,6.53,,,0.7998
Q16790_CHEMBL5398870,Q16790,7.54,,,0.6128
Q16790_CHEMBL5408801,Q16790,6.87,,,0.769
Q16790_CHEMBL5427771,Q16790,7.66,,,0.5938
Q16790_CHEMBL5412006,Q16790,6.47,,,0.5557
Q16790_CHEMBL5408039,Q16790,6.46,,,0.5322
Q16790_CHEMBL5417623,Q16790,6.6,,,0.5864
Q16790_CHEMBL5419120,Q16790,6.33,,,0.731
Q16790_CHEMBL5419562,Q16790,6.65,,,0.6665
Q16790_CHEMBL5409839,Q16790,6.81,,,0.5869
Q16790_CHEMBL5406763,Q16790,6.83,,,0.6001
Q16790_CHEMBL5398527,Q16790,6.85,,,0.7021
Q16790_CHEMBL5398482,Q16790,7.04,,,0.7021
Q16790_CHEMBL5404478,Q16790,6.93,,,0.7222
Q16790_CHEMBL5430744,Q16790,6.85,,,0.7021
Q16790_CHEMBL5404207,Q16790,7.1,,,0.5625
Q16790_CHEMBL5432122,Q16790,7.21,,,0.6143
Q16790_CHEMBL5400096,Q16790,7.41,,,0.6348
Q16790_CHEMBL5427772,Q16790,7.57,,,0.5557
Q16790_CHEMBL5439825,Q16790,6.53,,,0.625
Q16790_CHEMBL5424006,Q16790,7.51,,,0.6035
Q16790_CHEMBL5419432,Q16790,7.21,,,0.4707
Q16790_CHEMBL5409853,Q16790,7.51,,,0.6392
Q16790_CHEMBL5418792,Q16790,7.7,,,0.4204
Q16790_CHEMBL5436128,Q16790,7.35,,,0.7446
Q16790_CHEMBL5411012,Q16790,7.46,,,0.7256
Q16790_CHEMBL5427767,Q16790,6.64,,,0.7349
Q16790_CHEMBL5412673,Q16790,8.14,,,0.6143
Q16790_CHEMBL5413719,Q16790,7.16,,,0.541
Q16790_CHEMBL5434757,Q16790,7.41,,,0.769
Q16790_CHEMBL5398809,Q16790,5.11,,,0.5254
Q16790_CHEMBL5423264,Q16790,5.05,,,0.7549
Q16790_CHEMBL5431226,Q16790,8.43,,,0.6313
Q16790_CHEMBL5400438,Q16790,8.49,,,0.7319
Q16790_CHEMBL5422561,Q16790,8.74,,,0.4517
Q16790_CHEMBL5422492,Q16790,7.55,,,0.625
Q16790_CHEMBL5438275,Q16790,8.62,,,0.6489
Q16790_CHEMBL5411466,Q16790,8.54,,,0.769
Q16790_CHEMBL5419182,Q16790,6.89,,,0.5249
Q16790_CHEMBL5428815,Q16790,9.05,,,0.8164
Q16790_CHEMBL5435073,Q16790,6.25,,,0.7705
Q16790_CHEMBL5438823,Q16790,7.51,,,0.5508
Q16790_CHEMBL5406041,Q16790,8.47,,,0.5762
Q16790_CHEMBL5402391,Q16790,7.28,,,0.5742
Q16790_CHEMBL5439068,Q16790,8.12,,,0.6729
Q16790_CHEMBL5406460,Q16790,7.5,,,0.5903
Q16790_CHEMBL5401486,Q16790,7.97,,,0.625
Q16790_CHEMBL5424643,Q16790,8.21,,,0.6377
Q16790_CHEMBL5438359,Q16790,7.49,,,0.6948
Q16790_CHEMBL5395842,Q16790,7.52,,,0.5571
Q16790_CHEMBL5402861,Q16790,7.44,,,0.5908
Q16790_CHEMBL5422807,Q16790,7.21,,,0.5908
Q16790_CHEMBL5415701,Q16790,7.12,,,0.5366
Q16790_CHEMBL5417652,Q16790,6.78,,,0.52
Q16790_CHEMBL5430843,Q16790,7.53,,,0.4482
Q16790_CHEMBL5415971,Q16790,7.57,,,0.4822
Q16790_CHEMBL5434579,Q16790,6.97,,,0.4424
Q16790_CHEMBL5427495,Q16790,7.53,,,0.4426
Q16790_CHEMBL5396279,Q16790,7.17,,,0.426
Q16790_CHEMBL5427064,Q16790,7.06,,,0.4912
Q16790_CHEMBL5434717,Q16790,6.67,,,0.5771
Q16790_CHEMBL5405313,Q16790,8.38,,,0.5635
Q16790_CHEMBL5428119,Q16790,9.1,,,0.6348
Q16790_CHEMBL5399497,Q16790,5.9,,,0.7759
Q16790_CHEMBL5406828,Q16790,8.13,,,0.6113
Q16790_CHEMBL5421787,Q16790,8.08,,,0.6128
Q16790_CHEMBL5410832,Q16790,8.41,,,0.5962
Q16790_CHEMBL5396229,Q16790,8.06,,,0.5762
Q16790_CHEMBL5400915,Q16790,7.59,,,0.7451
Q16790_CHEMBL5409485,Q16790,7.07,,,0.5806
Q16790_CHEMBL5411876,Q16790,6.32,,,0.52
Q16790_CHEMBL5430806,Q16790,7.14,,,0.522
Q16790_CHEMBL5427215,Q16790,7.42,,,0.5308
Q16790_CHEMBL5418987,Q16790,7.21,,,0.5317
Q16790_CHEMBL5417966,Q16790,7.41,,,0.5479
Q16790_CHEMBL5427397,Q16790,7.5,,,0.5293
Q16790_CHEMBL5393899,Q16790,7.94,,,0.5923
Q16790_CHEMBL5416640,Q16790,7.18,,,0.6943
Q16790_CHEMBL5399753,Q16790,8.08,,,0.8086
Q16790_CHEMBL5432003,Q16790,8.28,,,0.6738
Q16790_CHEMBL5399026,Q16790,8.06,,,0.7002
Q16790_CHEMBL5413773,Q16790,8.49,,,0.6538
Q16790_CHEMBL5416330,Q16790,8.68,,,0.6294
Q16790_CHEMBL5429247,Q16790,9.05,,,0.8086
Q16790_CHEMBL5438146,Q16790,8.32,,,0.75
Q16790_CHEMBL5400590,Q16790,8.19,,,0.686
Q16790_CHEMBL5423705,Q16790,8.33,,,0.7349
Q16790_CHEMBL5420340,Q16790,8.37,,,0.7358
Q16790_CHEMBL5422630,Q16790,7.49,,,0.5454
Q16790_CHEMBL5412024,Q16790,7.76,,,0.4492
Q16790_CHEMBL5424738,Q16790,7.27,,,0.623
Q16790_CHEMBL5423986,Q16790,7.34,,,0.5312
Q16790_CHEMBL5423626,Q16790,7.66,,,0.5767
Q16790_CHEMBL5407099,Q16790,7.85,,,0.5254
Q16790_CHEMBL5439232,Q16790,7.53,,,0.5312
Q16790_CHEMBL5412326,Q16790,7.08,,,0.625
Q16790_CHEMBL5404854,Q16790,6.61,,,0.5083
Q16790_CHEMBL5434475,Q16790,7.47,,,0.5542
Q16790_CHEMBL5398061,Q16790,7.56,,,0.5156
Q16790_CHEMBL5422153,Q16790,8.04,,,0.5254
Q16790_CHEMBL5395857,Q16790,7.45,,,0.5073
Q16790_CHEMBL5397659,Q16790,5.84,,,0.625
Q16790_CHEMBL5419752,Q16790,6.42,,,0.7168
Q16790_CHEMBL5404038,Q16790,6.13,,,0.7231
Q16790_CHEMBL5439318,Q16790,5.75,,,0.5586
Q16790_CHEMBL5405279,Q16790,7.49,,,0.6948
Q16790_CHEMBL5437142,Q16790,6.61,,,0.5625
Q16790_CHEMBL5420020,Q16790,6.84,,,0.5371
Q16790_CHEMBL5432770,Q16790,6.72,,,0.5352
Q16790_CHEMBL5395679,Q16790,6.5,,,0.645
Q16790_CHEMBL5424727,Q16790,6.55,,,0.6128
Q16790_CHEMBL5425125,Q16790,7.5,,,0.3855
Q16790_CHEMBL5412351,Q16790,7.51,,,0.5537
Q16790_CHEMBL5424664,Q16790,7.59,,,0.5483
Q16790_CHEMBL5420931,Q16790,6.42,,,0.4854
Q16790_CHEMBL5417084,Q16790,8.01,,,0.5254
Q16790_CHEMBL5430482,Q16790,7.32,,,0.5073
Q16790_CHEMBL5414077,Q16790,7.26,,,0.625
Q16790_CHEMBL5402143,Q16790,8.26,,,0.7168
Q16790_CHEMBL5426216,Q16790,7.11,,,0.7231
Q16790_CHEMBL5413021,Q16790,7.13,,,0.5586
Q16790_CHEMBL5402145,Q16790,7.7,,,0.6948
Q16790_CHEMBL5438010,Q16790,7.05,,,0.5625
Q16790_CHEMBL5421531,Q16790,7.17,,,0.5371
Q16790_CHEMBL5411936,Q16790,7.09,,,0.5352
Q16790_CHEMBL5419447,Q16790,7.64,,,0.645
Q16790_CHEMBL5396393,Q16790,7.7,,,0.6128
Q16790_CHEMBL5409658,Q16790,8.07,,,0.3855
Q16790_CHEMBL5413693,Q16790,7.56,,,0.5537
Q16790_CHEMBL5429073,Q16790,7.27,,,0.5483
Q16790_CHEMBL5401434,Q16790,8.14,,,0.4854
Q16790_CHEMBL5402497,Q16790,7.71,,,0.6001
Q16790_CHEMBL5412870,Q16790,7.14,,,0.7666
Q16790_CHEMBL5432551,Q16790,6.58,,,0.7915
Q16790_CHEMBL5419500,Q16790,6.81,,,0.6963
Q16790_CHEMBL5420864,Q16790,7.5,,,0.8213
Q16790_CHEMBL5432940,Q16790,6.56,,,0.6768
Q16790_CHEMBL5402055,Q16790,6.13,,,0.772
Q16790_CHEMBL5419817,Q16790,6.79,,,0.7598
Q16790_CHEMBL5422706,Q16790,7.43,,,0.7759
Q16790_CHEMBL5425202,Q16790,7.03,,,0.5
Q16790_CHEMBL5433765,Q16790,7.54,,,0.7407
Q16790_CHEMBL5420539,Q16790,7.27,,,0.7759
Q16790_CHEMBL5395423,Q16790,7.57,,,0.5
Q16790_CHEMBL5407842,Q16790,6.45,,,0.625
Q16790_CHEMBL5396530,Q16790,8.02,,,0.5835
Q16790_CHEMBL5397521,Q16790,8.22,,,0.625
Q16790_CHEMBL5395274,Q16790,6.67,,,0.5347
Q16790_CHEMBL5407876,Q16790,7.4,,,0.6982
Q16790_CHEMBL5430374,Q16790,7.74,,,0.7915
Q16790_CHEMBL5403578,Q16790,6.77,,,0.7798
Q16790_CHEMBL5439016,Q16790,6.82,,,0.6729
Q16790_CHEMBL5430474,Q16790,7.58,,,0.7871
Q16790_CHEMBL5439521,Q16790,7.59,,,0.6294
Q16790_CHEMBL5399974,Q16790,7.25,,,0.644
Q16790_CHEMBL5420429,Q16790,7.58,,,0.627
Q16790_CHEMBL5414672,Q16790,6.8,,,0.5674
Q16790_CHEMBL5413921,Q16790,7.59,,,0.6196
Q16790_CHEMBL5423604,Q16790,6.94,,,0.5938
Q16790_CHEMBL5436862,Q16790,7.57,,,0.6064
Q16790_CHEMBL5422102,Q16790,6.48,,,0.5557
Q16790_CHEMBL5406077,Q16790,7.22,,,0.6416
Q16790_CHEMBL5440906,Q16790,6.61,,,0.6719
Q16790_CHEMBL5440763,Q16790,6.01,,,0.4919
Q16790_CHEMBL5436282,Q16790,6.9,,,0.644
Q16790_CHEMBL5411702,Q16790,7.36,,,0.6719
Q16790_CHEMBL5414836,Q16790,6.71,,,0.4919
Q16790_CHEMBL5399204,Q16790,7.44,,,0.603
Q16790_CHEMBL5433154,Q16790,6.79,,,0.5146
Q16790_CHEMBL5409881,Q16790,6.51,,,0.5557
Q16790_CHEMBL5403938,Q16790,8.1,,,0.603
Q16790_CHEMBL5421790,Q16790,8.85,,,0.5146
Q16790_CHEMBL5432812,Q16790,7.8,,,0.6069
Q16790_CHEMBL5408885,Q16790,7.09,,,0.7896
Q16790_CHEMBL5403077,Q16790,7.19,,,0.6562
Q16790_CHEMBL5420858,Q16790,7.78,,,0.5903
Q16790_CHEMBL5396677,Q16790,7.62,,,0.6001
Q16790_CHEMBL5413403,Q16790,7.34,,,0.6152
Q16790_CHEMBL5422467,Q16790,6.94,,,0.6274
Q16790_CHEMBL5417595,Q16790,7.61,,,0.5166
Q16790_CHEMBL5402892,Q16790,6.96,,,0.6885
Q16790_CHEMBL5421078,Q16790,6.91,,,0.521
Q16790_CHEMBL5435151,Q16790,6.41,,,0.5
Q16790_CHEMBL5404239,Q16790,7.55,,,0.5518
Q16790_CHEMBL5440220,Q16790,7.54,,,0.5713
Q16790_CHEMBL5400662,Q16790,7.48,,,0.5
Q16790_CHEMBL5436091,Q16790,7.15,,,0.5317
Q16790_CHEMBL5415766,Q16790,6.84,,,0.5347
Q16790_CHEMBL5431518,Q16790,6.27,,,0.5454
Q72547_CHEMBL5437102,Q72547,7.14,7.14,7.14,0.6479
Q72547_CHEMBL5403361,Q72547,7.15,7.15,7.15,0.6562
Q72547_CHEMBL5430724,Q72547,6.76,6.76,6.76,0.8765
Q72547_CHEMBL5436123,Q72547,6.7,6.7,6.7,0.8315
Q72547_CHEMBL5414170,Q72547,6.89,6.89,6.89,0.8354
Q72547_CHEMBL5421863,Q72547,5.435,,,0.7046
Q72547_CHEMBL5434567,Q72547,6.72,6.72,6.72,0.623
Q72547_CHEMBL5408036,Q72547,6.87,6.87,6.87,0.582
Q72547_CHEMBL5432589,Q72547,6.99,6.99,6.99,0.6719
Q72547_CHEMBL5421732,Q72547,6.37,6.37,6.37,0.6265
Q72547_CHEMBL5421328,Q72547,7.03,7.03,7.03,0.5835
Q72547_CHEMBL5425978,Q72547,7.0,,,0.4917
Q72547_CHEMBL5411806,Q72547,6.77,,,0.5166
Q72547_CHEMBL5410504,Q72547,7.25,7.25,7.25,0.6094
Q72547_CHEMBL5412355,Q72547,6.73,6.73,6.73,0.6235
Q72547_CHEMBL5414542,Q72547,6.62,,,0.627
Q72547_CHEMBL5434973,Q72547,6.19,6.19,6.19,0.5845
Q72547_CHEMBL5413052,Q72547,7.72,7.72,7.72,0.6943
Q72547_CHEMBL5423721,Q72547,6.89,6.89,6.89,0.6665
Q72547_CHEMBL5433252,Q72547,7.55,7.55,7.55,0.623
Q72547_CHEMBL5409892,Q72547,6.68,6.68,6.68,0.6177
Q72547_CHEMBL5437826,Q72547,4.01,,,0.7085
Q72547_CHEMBL5422714,Q72547,5.82,,,0.6748
Q72547_CHEMBL5395311,Q72547,5.24,,,0.6831
Q72547_CHEMBL5434585,Q72547,4.18,,,0.8286
Q72547_CHEMBL5402197,Q72547,5.12,,,0.6865
Q72547_CHEMBL5433859,Q72547,4.22,,,0.7568
Q72547_CHEMBL5417744,Q72547,4.08,,,0.7568
Q72547_CHEMBL5403961,Q72547,6.75,6.75,6.75,0.6001
Q72547_CHEMBL5412702,Q72547,6.75,6.75,6.75,0.6611
Q72547_CHEMBL5399229,Q72547,6.25,6.25,6.25,0.6104
Q72547_CHEMBL5408567,Q72547,5.66,5.66,5.66,0.5464
Q72547_CHEMBL5429169,Q72547,6.96,6.96,6.96,0.5166
Q72547_CHEMBL5410024,Q72547,5.96,5.96,5.96,0.5283
Q72547_CHEMBL5431470,Q72547,5.89,5.89,5.89,0.5454
Q72547_CHEMBL5400728,Q72547,5.96,,,0.5464
Q72547_CHEMBL5423082,Q72547,5.47,5.47,5.47,0.5454
Q72547_CHEMBL5437686,Q72547,6.22,6.22,6.22,0.5273
Q72547_CHEMBL5409403,Q72547,5.75,5.75,5.75,0.5444
Q72547_CHEMBL5429742,Q72547,6.47,6.47,6.47,0.5454
Q72547_CHEMBL5418006,Q72547,5.38,5.38,5.38,0.5454
Q72547_CHEMBL5394722,Q72547,5.85,5.85,5.85,0.5518
Q72547_CHEMBL5438340,Q72547,5.8,5.8,5.8,0.5664
Q72547_CHEMBL5395031,Q72547,6.7,6.7,6.7,0.5908
Q72547_CHEMBL5399049,Q72547,6.96,6.96,6.96,0.6479
Q72547_CHEMBL5432145,Q72547,6.49,6.49,6.49,0.6079
Q72547_CHEMBL5402427,Q72547,6.48,6.48,6.48,0.6079
Q72547_CHEMBL5440501,Q72547,6.48,6.48,6.48,0.6001
Q72547_CHEMBL5400007,Q72547,6.53,6.53,6.53,0.6533
Q72547_CHEMBL5414641,Q72547,7.15,7.15,7.15,0.5713
Q72547_CHEMBL5404246,Q72547,7.26,7.26,7.26,0.5884
Q72547_CHEMBL5432180,Q72547,7.58,7.58,7.58,0.6406
Q72547_CHEMBL5437697,Q72547,7.18,7.18,7.18,0.6309
Q72547_CHEMBL5420999,Q72547,7.72,7.72,7.72,0.6167
Q72547_CHEMBL5422435,Q72547,6.8,6.8,6.8,0.689
Q72547_CHEMBL5418212,Q72547,7.615,6.92,6.92,0.6812
Q72547_CHEMBL5423259,Q72547,6.97,6.97,6.97,0.6777
Q72547_CHEMBL5395688,Q72547,6.98,6.98,6.98,0.6704
Q72547_CHEMBL5427806,Q72547,7.07,7.07,7.07,0.6777
Q72547_CHEMBL5423899,Q72547,6.93,6.93,6.93,0.6743
Q72547_CHEMBL5412214,Q72547,6.89,6.89,6.89,0.8901
Q72547_CHEMBL5437547,Q72547,6.97,6.97,6.97,0.8999
Q72547_CHEMBL5433313,Q72547,6.77,6.77,6.77,0.8765
Q72547_CHEMBL5406818,Q72547,6.96,6.96,6.96,0.8159
Q72547_CHEMBL5394413,Q72547,6.79,6.79,6.79,0.8589
Q72547_CHEMBL5416739,Q72547,6.86,6.86,6.86,0.8472
Q72547_CHEMBL5425657,Q72547,7.06,7.06,7.06,0.8472
Q72547_CHEMBL5414892,Q72547,6.81,6.81,6.81,0.814
Q72547_CHEMBL5420480,Q72547,6.91,6.91,6.91,0.8115
Q72547_CHEMBL5436275,Q72547,6.75,6.75,6.75,0.8022
Q72547_CHEMBL5428608,Q72547,6.84,6.84,6.84,0.8765
Q72547_CHEMBL5414233,Q72547,6.8,6.8,6.8,0.8877
Q72547_CHEMBL5419074,Q72547,7.01,7.01,7.01,0.8623
Q72547_CHEMBL5420519,Q72547,6.79,6.79,6.79,0.8022
Q72547_CHEMBL5428814,Q72547,6.64,6.64,6.64,0.8452
Q72547_CHEMBL5421253,Q72547,6.87,6.87,6.87,0.8237
Q72547_CHEMBL5414371,Q72547,6.79,6.79,6.79,0.8452
Q72547_CHEMBL5424986,Q72547,6.79,6.79,6.79,0.7998
Q72547_CHEMBL5414187,Q72547,6.75,6.75,6.75,0.7998
Q72547_CHEMBL5411923,Q72547,6.48,6.48,6.48,0.7998
Q72547_CHEMBL5405899,Q72547,6.86,6.86,6.86,0.8779
Q72547_CHEMBL5413532,Q72547,7.01,7.01,7.01,0.8877
Q72547_CHEMBL5419852,Q72547,7.04,7.04,7.04,0.8657
Q72547_CHEMBL5410815,Q72547,6.91,6.91,6.91,0.8047
Q72547_CHEMBL5422872,Q72547,6.71,6.71,6.71,0.8472
Q72547_CHEMBL5407066,Q72547,6.87,6.87,6.87,0.8354
Q72547_CHEMBL5440777,Q72547,6.94,6.94,6.94,0.8472
Q72547_CHEMBL5409981,Q72547,6.89,6.89,6.89,0.8022
Q72547_CHEMBL5402386,Q72547,6.8,6.8,6.8,0.7998
Q72547_CHEMBL5406045,Q72547,6.69,6.69,6.69,0.8115
Q72547_CHEMBL5394292,Q72547,6.89,6.89,6.89,0.5698
Q72547_CHEMBL5398028,Q72547,5.98,,,0.6831
Q72547_CHEMBL5405694,Q72547,6.8,,,0.7998
Q72547_CHEMBL5427373,Q72547,6.91,,,0.7866
Q72547_CHEMBL5438875,Q72547,6.79,,,0.7593
Q72547_CHEMBL5398376,Q72547,6.62,,,0.7466
Q72547_CHEMBL5436397,Q72547,7.28,,,0.6626
Q72547_CHEMBL5440503,Q72547,6.7,,,0.6797
Q72547_CHEMBL5417309,Q72547,6.03,,,0.6797
Q72547_CHEMBL5422808,Q72547,6.1,6.1,6.1,0.6079
Q72547_CHEMBL5398615,Q72547,5.98,5.98,5.98,0.6001
Q72547_CHEMBL5404869,Q72547,5.56,5.56,5.56,0.5898
Q72547_CHEMBL5407600,Q72547,5.47,5.47,5.47,0.5923
Q72547_CHEMBL5438525,Q72547,6.38,6.38,6.38,0.6001
Q72547_CHEMBL5434689,Q72547,6.35,6.35,6.35,0.6001
Q72547_CHEMBL5409172,Q72547,5.96,5.96,5.96,0.5698
Q72547_CHEMBL5425807,Q72547,6.6,6.6,6.6,0.7207
Q72547_CHEMBL5409149,Q72547,6.5,6.5,6.5,0.6338
Q72547_CHEMBL5413794,Q72547,6.39,6.39,6.39,0.6333
Q72547_CHEMBL5419737,Q72547,6.72,6.72,6.72,0.7207
Q72547_CHEMBL5402296,Q72547,7.52,7.52,7.52,0.6001
Q72547_CHEMBL5418677,Q72547,6.77,6.77,6.77,0.625
Q72547_CHEMBL5437574,Q72547,6.81,6.81,6.81,0.6772
Q72547_CHEMBL5425655,Q72547,6.53,6.53,6.53,0.6001
Q72547_CHEMBL5423202,Q72547,6.81,6.81,6.81,0.627
Q72547_CHEMBL5424824,Q72547,6.84,6.84,6.84,0.5913
Q72547_CHEMBL5419445,Q72547,6.79,6.79,6.79,0.627
Q72547_CHEMBL5411228,Q72547,6.5,6.5,6.5,0.5752
Q72547_CHEMBL5414646,Q72547,6.68,6.68,6.68,0.6001
Q72547_CHEMBL5433492,Q72547,6.77,6.77,6.77,0.5674
Q72547_CHEMBL5427832,Q72547,6.75,6.75,6.75,0.6416
Q72547_CHEMBL5436945,Q72547,6.91,,,0.6709
Q72547_CHEMBL5401976,Q72547,6.63,,,0.7354
Q72547_CHEMBL5410294,Q72547,6.9,,,0.6709
Q72547_CHEMBL5411966,Q72547,6.65,6.65,6.65,0.6665
Q72547_CHEMBL5424039,Q72547,7.08,7.08,7.08,0.6665
Q72547_CHEMBL5435797,Q72547,7.28,7.28,7.28,0.6855
Q72547_CHEMBL5425407,Q72547,6.71,6.71,6.71,0.729
Q72547_CHEMBL5418664,Q72547,7.1,7.1,7.1,0.75
Q72547_CHEMBL5406223,Q72547,5.52,5.52,5.52,0.5342
Q72547_CHEMBL5412399,Q72547,6.63,6.63,6.63,0.646
Q72547_CHEMBL5434617,Q72547,7.1,7.1,7.1,0.5903
Q72547_CHEMBL5394882,Q72547,5.27,5.27,5.27,0.6167
Q72547_CHEMBL5440098,Q72547,5.42,5.42,5.42,0.7222
Q72547_CHEMBL5426992,Q72547,5.21,5.21,5.21,0.6313
Q72547_CHEMBL5432569,Q72547,5.92,5.92,5.92,0.5518
Q72547_CHEMBL5417655,Q72547,5.07,5.07,5.07,0.5581
Q72547_CHEMBL5402928,Q72547,6.52,6.52,6.52,0.6606
Q72547_CHEMBL5401719,Q72547,5.01,,,0.4919
Q72547_CHEMBL5418820,Q72547,5.89,,,0.5386
Q72547_CHEMBL5436724,Q72547,7.68,7.68,7.68,0.6001
Q72547_CHEMBL5399525,Q72547,7.55,7.55,7.55,0.6064
Q72547_CHEMBL5438481,Q72547,7.6,7.6,7.6,0.6064
Q72547_CHEMBL5440205,Q72547,5.7,,,1.0
Q72547_CHEMBL5432899,Q72547,4.95,,,0.7256
Q72547_CHEMBL5415230,Q72547,5.37,5.37,5.37,0.6035
Q72547_CHEMBL5421746,Q72547,6.14,6.14,6.14,0.6143
Q72547_CHEMBL5403318,Q72547,6.96,6.96,6.96,0.6489
Q72547_CHEMBL5433357,Q72547,7.52,7.52,7.52,0.5645
Q72547_CHEMBL5402037,Q72547,7.0,7.0,7.0,0.6489
Q72547_CHEMBL5397134,Q72547,5.41,5.41,5.41,0.6909
Q72547_CHEMBL5405381,Q72547,5.24,5.24,5.24,0.6909
Q72547_CHEMBL5404887,Q72547,5.25,5.25,5.25,0.5645
Q72547_CHEMBL5408091,Q72547,5.75,5.75,5.75,0.5645
Q72547_CHEMBL5429586,Q72547,7.16,7.16,7.16,0.6553
Q72547_CHEMBL5419176,Q72547,7.22,7.22,7.22,0.6553
Q72547_CHEMBL5434133,Q72547,5.91,5.91,5.91,0.5737
Q72547_CHEMBL5413955,Q72547,7.4,7.4,7.4,0.6553
Q72547_CHEMBL5409916,Q72547,6.62,6.62,6.62,0.5737
Q72547_CHEMBL5402178,Q72547,6.8,6.8,6.8,0.6035
Q72547_CHEMBL5421562,Q72547,7.05,7.05,7.05,0.6035
Q72547_CHEMBL5400179,Q72547,7.22,7.22,7.22,0.6035
Q72547_CHEMBL5435646,Q72547,6.96,6.96,6.96,0.5933
Q72547_CHEMBL5427921,Q72547,6.2,6.2,6.2,0.6909
Q92630_CHEMBL5405426,Q92630,7.52,,,0.7324
Q92630_CHEMBL5422366,Q92630,7.07,,,0.6665
Q92630_CHEMBL5404150,Q92630,7.58,,,0.877
Q92630_CHEMBL5402534,Q92630,7.36,,,0.7715
Q92630_CHEMBL5408179,Q92630,7.24,,,0.7085
Q92630_CHEMBL5395194,Q92630,7.32,,,0.6753
Q92630_CHEMBL5414801,Q92630,8.1,,,0.8945
Q92630_CHEMBL5429707,Q92630,6.1,,,0.625
Q92630_CHEMBL5428562,Q92630,5.77,,,0.625
Q92630_CHEMBL5432405,Q92630,6.15,,,0.6865
Q92630_CHEMBL5429359,Q92630,5.36,,,0.4675
Q92630_CHEMBL5396081,Q92630,6.38,,,0.7539
Q92630_CHEMBL5429086,Q92630,5.64,,,0.7759
Q92630_CHEMBL5416942,Q92630,7.82,,,0.8667
Q92630_CHEMBL5421679,Q92630,5.07,,,0.8823
Q92630_CHEMBL5435495,Q92630,5.34,,,0.7627
Q92630_CHEMBL5420049,Q92630,5.76,,,0.7124
Q92630_CHEMBL5426556,Q92630,5.68,,,0.877
Q92630_CHEMBL5407520,Q92630,5.11,,,0.875
Q92630_CHEMBL5422059,Q92630,7.24,,,0.7295
Q92630_CHEMBL5408710,Q92630,6.83,,,0.7744
Q92630_CHEMBL5429972,Q92630,6.69,,,0.7793
Q92630_CHEMBL5422765,Q92630,6.89,,,0.6924
Q92630_CHEMBL5411017,Q92630,7.4,,,0.8804
Q92630_CHEMBL5402420,Q92630,7.51,,,0.877
Q92630_CHEMBL5404416,Q92630,7.29,,,0.644
Q92630_CHEMBL5405572,Q92630,6.58,,,0.6064
Q92630_CHEMBL5394613,Q92630,5.79,,,0.644
Q92630_CHEMBL5420724,Q92630,6.74,,,0.6729
Q92630_CHEMBL5437222,Q92630,5.48,,,0.644
Q92630_CHEMBL5422413,Q92630,5.54,,,0.5903
Q92630_CHEMBL5419006,Q92630,5.47,,,0.6553
Q92630_CHEMBL5395680,Q92630,5.6,,,0.8237
Q92630_CHEMBL5408457,Q92630,5.66,,,0.644
Q92630_CHEMBL5413427,Q92630,5.73,,,0.5903
Q92630_CHEMBL5410991,Q92630,5.29,,,0.8237
Q92630_CHEMBL5428651,Q92630,6.53,,,0.6826
Q92630_CHEMBL5422936,Q92630,6.2,,,0.8184
Q92769_CHEMBL5395245,Q92769,6.300000000000001,,,0.5396
Q92769_CHEMBL5401232,Q92769,6.245,6.41,6.41,0.5151
Q92769_CHEMBL5397465,Q92769,6.245,6.42,6.42,0.5483
Q92769_CHEMBL5420438,Q92769,6.23,6.04,6.04,0.5229
Q92769_CHEMBL5407807,Q92769,6.75,6.75,6.75,0.6514
Q92769_CHEMBL5413269,Q92769,9.46,,,0.8462
Q92769_CHEMBL5439517,Q92769,6.53,6.75,6.75,0.4927
Q92769_CHEMBL5416731,Q92769,6.97,6.96,6.96,0.6665
Q92769_CHEMBL5422534,Q92769,7.07,7.07,7.07,0.564
Q92769_CHEMBL5405779,Q92769,6.82,6.82,6.82,0.5884
Q92769_CHEMBL5437683,Q92769,6.3,6.3,6.3,0.6982
Q92769_CHEMBL5425203,Q92769,6.15,6.15,6.15,0.6763
Q92769_CHEMBL5423994,Q92769,5.85,5.85,5.85,0.6479
Q92769_CHEMBL5436930,Q92769,5.47,5.47,5.47,0.5889
Q92769_CHEMBL5434546,Q92769,7.99,7.99,7.99,0.5669
Q92769_CHEMBL5413000,Q92769,7.67,7.67,7.67,0.707
Q92769_CHEMBL5410652,Q92769,5.75,,,0.728
Q92769_CHEMBL5440192,Q92769,6.47,,,0.6831
Q92769_CHEMBL5411914,Q92769,7.89,7.77,7.77,0.6133
Q92769_CHEMBL5400421,Q92769,7.689999999999999,7.72,7.72,0.5874
Q92769_CHEMBL5412725,Q92769,6.435,6.31,6.31,0.6294
Q92769_CHEMBL5415050,Q92769,6.14,6.14,6.14,0.5483
Q92769_CHEMBL5396565,Q92769,6.495,6.29,6.29,0.5312
Q92769_CHEMBL5411315,Q92769,6.49,6.81,6.81,0.5073
Q92769_CHEMBL5417416,Q92769,6.66,6.66,6.66,0.6162
Q92769_CHEMBL5425253,Q92769,7.09,7.09,7.09,0.7207
Q92769_CHEMBL5431412,Q92769,6.46,6.46,6.46,0.7207
Q92769_CHEMBL5407714,Q92769,7.14,7.14,7.14,0.707
Q92769_CHEMBL5404793,Q92769,6.71,6.71,6.71,0.7207
Q92769_CHEMBL5403777,Q92769,6.72,6.72,6.9,0.75
Q92769_CHEMBL5433049,Q92769,6.84,6.84,6.890000000000001,0.769
Q92769_CHEMBL5408299,Q92769,7.08,7.08,6.9,0.75
Q92769_CHEMBL5415232,Q92769,8.51,8.51,8.51,0.7954
Q92769_CHEMBL5414971,Q92769,6.36,6.36,6.36,0.5498
Q92769_CHEMBL5432574,Q92769,6.53,6.53,6.53,0.6079
Q92769_CHEMBL5436873,Q92769,6.61,6.61,6.61,0.5693
Q92769_CHEMBL5434895,Q92769,6.8,6.8,6.8,0.5713
Q92769_CHEMBL5416448,Q92769,7.27,7.27,7.27,0.6401
Q92769_CHEMBL5436104,Q92769,5.47,5.47,5.47,0.5625
Q92769_CHEMBL5430740,Q92769,5.99,5.99,5.99,0.6167
Q92769_CHEMBL5424224,Q92769,5.72,5.72,5.72,0.5864
Q92918_CHEMBL5394698,Q92918,7.96,,,0.7246
Q92918_CHEMBL5405626,Q92918,8.52,,,0.6533
Q92918_CHEMBL5400089,Q92918,8.3,,,0.6201
Q92918_CHEMBL5395026,Q92918,7.42,,,0.6714
Q92918_CHEMBL5420572,Q92918,6.74,,,0.5195
Q92918_CHEMBL5436785,Q92918,7.13,,,0.6465
Q92918_CHEMBL5420367,Q92918,7.37,,,0.7974
Q92918_CHEMBL5421713,Q92918,8.25,,,0.6543
Q92918_CHEMBL5438517,Q92918,7.21,,,0.6543
Q92918_CHEMBL5430314,Q92918,7.52,,,0.5933
Q92918_CHEMBL5406326,Q92918,7.36,,,0.6387
Q92918_CHEMBL5435769,Q92918,9.135000000000002,,,0.6748
Q92918_CHEMBL5400921,Q92918,7.585,,,0.6709
Q92918_CHEMBL5403097,Q92918,8.865,,,0.7837
Q92918_CHEMBL5404996,Q92918,7.43,,,0.6265
Q92918_CHEMBL5422210,Q92918,7.52,,,0.6353
Q92918_CHEMBL5417283,Q92918,7.75,,,0.6113
Q92918_CHEMBL5439789,Q92918,7.19,,,0.6431
Q92918_CHEMBL5434634,Q92918,7.73,,,0.6118
Q92918_CHEMBL5410537,Q92918,8.23,,,0.6421
Q92918_CHEMBL5401436,Q92918,8.16,,,0.647
Q92918_CHEMBL5422718,Q92918,8.26,,,0.4731
Q92918_CHEMBL5394328,Q92918,6.96,,,0.6113
Q92918_CHEMBL5435303,Q92918,7.92,,,0.7534
Q92918_CHEMBL5412260,Q92918,7.81,,,0.5664
Q92918_CHEMBL5417139,Q92918,9.7,,,0.3875
Q92918_CHEMBL5425762,Q92918,8.3,,,0.5947
Q92918_CHEMBL5407643,Q92918,7.0,,,0.8384
Q92918_CHEMBL5417277,Q92918,6.24,,,0.5537
Q92918_CHEMBL5403001,Q92918,8.825,,,0.5537
Q92918_CHEMBL5419396,Q92918,7.29,,,0.5537
Q92918_CHEMBL5426989,Q92918,5.37,,,0.5293
Q92918_CHEMBL5396877,Q92918,5.64,,,0.5835
Q92918_CHEMBL5406645,Q92918,7.54,,,0.5225
Q92918_CHEMBL5441105,Q92918,7.82,,,0.5415
Q92918_CHEMBL5412772,Q92918,6.85,,,0.6216
Q92918_CHEMBL5417927,Q92918,8.66,,,0.5
Q92918_CHEMBL5440880,Q92918,6.89,,,0.4583
Q92918_CHEMBL5431039,Q92918,8.55,,,0.5
Q92918_CHEMBL5430021,Q92918,7.73,,,0.5693
Q92918_CHEMBL5425004,Q92918,8.0,,,0.4924
Q92918_CHEMBL5440958,Q92918,7.25,,,0.6304
Q92918_CHEMBL5412652,Q92918,6.85,,,0.5317
Q92918_CHEMBL5401062,Q92918,8.05,,,0.6069
Q92918_CHEMBL5423834,Q92918,7.22,,,0.3367
Q92918_CHEMBL5395728,Q92918,5.92,,,0.5581
Q92918_CHEMBL5413114,Q92918,8.22,,,0.5977
Q92918_CHEMBL5434929,Q92918,8.82,,,0.625
Q92918_CHEMBL5396756,Q92918,8.25,,,0.6099
Q92918_CHEMBL5415834,Q92918,8.22,,,0.5625
Q92918_CHEMBL5425905,Q92918,8.37,,,0.6187
Q92918_CHEMBL5394674,Q92918,8.3,,,0.5771
Q92918_CHEMBL5407935,Q92918,7.64,,,0.8115
Q92918_CHEMBL5439094,Q92918,6.11,,,0.6479
Q92918_CHEMBL5395011,Q92918,8.35,,,0.4949
Q92918_CHEMBL5405678,Q92918,8.12,,,0.7285
Q92918_CHEMBL5438038,Q92918,7.92,,,0.4695
Q92918_CHEMBL5410905,Q92918,8.05,,,0.4946
Q92918_CHEMBL5419415,Q92918,7.35,,,0.5269
Q92918_CHEMBL5404423,Q92918,9.0,,,0.5781
Q92918_CHEMBL5396262,Q92918,8.35,,,0.5269
Q92918_CHEMBL5408991,Q92918,7.01,,,0.4302
Q92918_CHEMBL5424570,Q92918,8.19,,,0.5923
Q92918_CHEMBL5408958,Q92918,9.765,,,0.5
Q92918_CHEMBL5420011,Q92918,7.23,,,0.8115
Q92918_CHEMBL5435641,Q92918,7.77,,,0.5854
Q92918_CHEMBL5437932,Q92918,8.11,,,0.4473
Q92918_CHEMBL5415661,Q92918,7.04,,,0.5342
Q92918_CHEMBL5418420,Q92918,7.87,,,0.521
Q92918_CHEMBL5435406,Q92918,7.605,,,0.459
Q92918_CHEMBL5414886,Q92918,7.125,,,0.5669
Q92918_CHEMBL5397939,Q92918,7.28,,,0.6099
Q92918_CHEMBL5435524,Q92918,8.32,,,0.769
Q92918_CHEMBL5410242,Q92918,8.37,,,0.6626
Q92918_CHEMBL5403804,Q92918,8.28,,,0.7749
Q92918_CHEMBL5429757,Q92918,8.56,,,0.7661
Q92918_CHEMBL5432400,Q92918,8.52,,,0.7051
Q92918_CHEMBL5426390,Q92918,8.21,,,0.7271
Q92918_CHEMBL5426604,Q92918,7.02,,,0.5889
Q92918_CHEMBL5436318,Q92918,8.26,,,0.7354
Q92918_CHEMBL5397265,Q92918,7.9,,,0.6025
Q92918_CHEMBL5402971,Q92918,8.24,,,0.6284
Q92918_CHEMBL5414817,Q92918,8.19,,,0.7534
Q92918_CHEMBL5424107,Q92918,8.11,,,0.7539
Q92918_CHEMBL5425514,Q92918,7.45,,,0.7427
Q92918_CHEMBL5422788,Q92918,7.939999999999999,,,0.7671
Q92918_CHEMBL5399247,Q92918,7.21,,,0.4875
Q92918_CHEMBL5411794,Q92918,7.41,,,0.7002
Q92918_CHEMBL5439204,Q92918,7.14,,,0.5
Q92918_CHEMBL5437246,Q92918,8.34,,,0.4924
Q92918_CHEMBL5406408,Q92918,7.64,,,0.7124
Q92918_CHEMBL5395638,Q92918,6.63,,,0.7324
Q92918_CHEMBL5418553,Q92918,7.96,,,0.7363
Q92918_CHEMBL5400101,Q92918,7.215,,,0.7324
Q92918_CHEMBL5420868,Q92918,8.05,,,0.8237
Q92918_CHEMBL5420652,Q92918,7.52,,,0.7085
Q92918_CHEMBL5417747,Q92918,7.77,,,0.7012
Q92918_CHEMBL5423968,Q92918,7.08,,,0.791
Q92918_CHEMBL5428695,Q92918,7.82,,,0.6621
Q92918_CHEMBL5421672,Q92918,6.72,,,0.7808
Q92918_CHEMBL5420966,Q92918,7.85,,,0.6812
Q92918_CHEMBL5409078,Q92918,7.52,,,0.7017
Q92918_CHEMBL5401088,Q92918,7.28,,,0.6812
Q92918_CHEMBL5424400,Q92918,6.92,,,0.6528
Q92918_CHEMBL5428265,Q92918,7.495,,,0.4648
Q92918_CHEMBL5408268,Q92918,7.98,,,0.5264
Q92918_CHEMBL5401820,Q92918,8.52,,,0.6621
Q92918_CHEMBL5427316,Q92918,8.3,,,0.6328
Q92918_CHEMBL5396156,Q92918,8.82,,,0.6025
Q92918_CHEMBL5411660,Q92918,7.75,,,0.5322
Q92918_CHEMBL5407240,Q92918,9.05,,,0.6143
Q92918_CHEMBL5404053,Q92918,7.04,,,0.5269
Q92918_CHEMBL5426590,Q92918,7.57,,,0.4924
Q92918_CHEMBL5412533,Q92918,8.1,,,0.7573
Q92918_CHEMBL5418285,Q92918,7.42,,,0.7837
Q92918_CHEMBL5401560,Q92918,7.3,,,0.4844
Q92918_CHEMBL5403199,Q92918,8.59,,,0.3364
Q92918_CHEMBL5432432,Q92918,7.39,,,0.3101
Q92918_CHEMBL5432826,Q92918,9.22,,,0.3132
Q92918_CHEMBL5407530,Q92918,9.3,,,0.4023
Q92918_CHEMBL5400234,Q92918,8.7,,,0.375
Q92918_CHEMBL5409588,Q92918,6.44,,,0.3298
Q92918_CHEMBL5420397,Q92918,7.76,,,0.3164
Q92918_CHEMBL5416894,Q92918,7.43,,,0.5752
Q92918_CHEMBL5439779,Q92918,6.95,,,0.6616
Q92918_CHEMBL5404690,Q92918,7.65,,,0.6982
Q92918_CHEMBL5397290,Q92918,6.8500000000000005,,,0.4868
Q92918_CHEMBL5435589,Q92918,7.75,,,0.5659
Q92918_CHEMBL5425744,Q92918,6.56,,,0.6152
Q92918_CHEMBL5439912,Q92918,8.05,,,0.5137
Q92918_CHEMBL5417963,Q92918,6.76,,,1.0
Q92918_CHEMBL5419222,Q92918,7.02,,,0.7075
Q92918_CHEMBL5409616,Q92918,7.21,,,0.4624
Q92918_CHEMBL5421610,Q92918,7.48,,,0.45
Q96P20_CHEMBL5401920,Q96P20,6.3,,,1.0
Q96P20_CHEMBL5413125,Q96P20,7.92,,,0.4707
Q96P20_CHEMBL5399888,Q96P20,8.09,,,0.6362
Q96P20_CHEMBL5397039,Q96P20,6.92,,,0.5669
Q96P20_CHEMBL5415086,Q96P20,5.44,,,0.4226
Q96P20_CHEMBL5432363,Q96P20,6.83,,,0.4055
Q96P20_CHEMBL5411212,Q96P20,7.74,,,0.4507
Q96P20_CHEMBL5439591,Q96P20,5.75,,,0.3223
Q96P20_CHEMBL5401205,Q96P20,6.3,,,0.3333
Q96P20_CHEMBL5398591,Q96P20,6.19,,,0.3635
Q96P20_CHEMBL5420792,Q96P20,6.8,,,0.4189
Q96P20_CHEMBL5435864,Q96P20,6.42,,,0.48
Q96P20_CHEMBL5402114,Q96P20,6.01,,,0.4055
Q96P20_CHEMBL5395360,Q96P20,6.37,,,0.4861
Q96P20_CHEMBL5396678,Q96P20,5.72,,,0.4268
Q96P20_CHEMBL5421181,Q96P20,6.06,,,0.3804
Q96P20_CHEMBL5398744,Q96P20,6.41,,,0.3181
Q96P20_CHEMBL5409543,Q96P20,6.16,,,0.3506
Q96P20_CHEMBL5418225,Q96P20,5.91,,,0.321
Q96P20_CHEMBL5423301,Q96P20,6.17,,,0.3372
Q96P20_CHEMBL5439486,Q96P20,6.44,,,0.3923
Q96P20_CHEMBL5412116,Q96P20,6.3,,,0.3506
Q96P20_CHEMBL5405616,Q96P20,5.65,,,0.3579
Q96P20_CHEMBL5400305,Q96P20,6.11,,,0.3416
Q96P20_CHEMBL5409648,Q96P20,6.43,,,0.375
Q96P20_CHEMBL5394543,Q96P20,6.5,,,0.375
Q96P20_CHEMBL5410520,Q96P20,5.72,,,0.3704
Q96P20_CHEMBL5440398,Q96P20,6.43,,,0.3411
Q96P20_CHEMBL5416966,Q96P20,5.62,,,0.366
Q96P20_CHEMBL5400432,Q96P20,7.62,,,0.4922
Q96P20_CHEMBL5434916,Q96P20,7.16,,,0.5161
Q96P20_CHEMBL5423405,Q96P20,6.32,,,0.5571
Q96P20_CHEMBL5427670,Q96P20,8.63,,,0.73
Q96P20_CHEMBL5422139,Q96P20,9.4,,,0.5342
Q96P20_CHEMBL5395560,Q96P20,9.22,,,0.4683
Q96P20_CHEMBL5425624,Q96P20,9.3,,,0.5342
Q96P20_CHEMBL5423352,Q96P20,7.8,,,0.3999
Q96P20_CHEMBL5396495,Q96P20,7.64,,,0.4167
Q96P20_CHEMBL5408252,Q96P20,7.74,,,0.6787
Q96P20_CHEMBL5409945,Q96P20,5.285,,,0.6343
Q96P20_CHEMBL5421788,Q96P20,8.125,,,0.4534
Q96P20_CHEMBL5410447,Q96P20,7.77,,,0.5146
Q96P20_CHEMBL5394881,Q96P20,6.52,,,0.3547
Q96P20_CHEMBL5401306,Q96P20,9.22,,,0.4353
Q96P20_CHEMBL5417338,Q96P20,7.6,,,0.5347
Q96P20_CHEMBL5406324,Q96P20,6.4,,,0.6792
Q96P20_CHEMBL5397618,Q96P20,7.94,,,0.4456
Q96P20_CHEMBL5439444,Q96P20,7.95,,,0.4211
Q96P20_CHEMBL5435765,Q96P20,6.16,,,0.6362
Q96P20_CHEMBL5431145,Q96P20,5.17,,,0.5308
Q96P20_CHEMBL5396861,Q96P20,7.4,,,0.3142
Q96P20_CHEMBL5430786,Q96P20,8.72,,,0.3501
Q96P20_CHEMBL5434609,Q96P20,8.33,,,0.3059
Q96P20_CHEMBL5421060,Q96P20,8.52,,,0.3601
Q96P20_CHEMBL5423671,Q96P20,8.52,,,0.4602
Q96P20_CHEMBL5422375,Q96P20,9.1,,,0.6377
Q96P20_CHEMBL5405701,Q96P20,8.52,,,0.3037
Q96P20_CHEMBL5420448,Q96P20,8.52,,,0.3789
Q96P20_CHEMBL5419955,Q96P20,10.15,,,0.5
Q96P20_CHEMBL5431968,Q96P20,8.27,,,0.7241
Q96P20_CHEMBL5404792,Q96P20,8.36,,,0.6665
Q96P20_CHEMBL5439388,Q96P20,6.48,,,0.3521
Q96P20_CHEMBL5432954,Q96P20,6.36,,,0.3809
Q96P20_CHEMBL5431981,Q96P20,9.0,,,0.5938
Q96P20_CHEMBL5409874,Q96P20,7.62,7.522878745280337,7.522878745280337,0.418
Q96P20_CHEMBL5434150,Q96P20,8.07,8.065501548756432,8.065501548756432,0.3955
Q96P20_CHEMBL5405293,Q96P20,5.795,6.259637310505756,6.259637310505756,0.3572
Q96P20_CHEMBL5438834,Q96P20,9.3,,,0.4854
Q96P20_CHEMBL5422660,Q96P20,8.21,,,0.3472
Q96P20_CHEMBL5409875,Q96P20,7.39,,,0.2913
Q96P20_CHEMBL5424110,Q96P20,7.37,,,0.3027
Q96P20_CHEMBL5435112,Q96P20,5.11,,,0.5308
Q96P20_CHEMBL5411864,Q96P20,5.62,,,0.4443
Q96SW2_CHEMBL5419709,Q96SW2,5.52,,,0.6382
Q96SW2_CHEMBL5434742,Q96SW2,5.48,,,0.5186
Q96SW2_CHEMBL5436622,Q96SW2,5.52,,,0.5093
Q96SW2_CHEMBL5405716,Q96SW2,6.31,,,0.8911
Q96SW2_CHEMBL5430307,Q96SW2,4.43,4.26,4.26,0.5645
Q96SW2_CHEMBL5435181,Q96SW2,4.29,4.12,4.12,0.6724
Q96SW2_CHEMBL5416921,Q96SW2,4.375,4.21,4.21,0.6362
Q96SW2_CHEMBL5414951,Q96SW2,5.105,4.8,4.8,0.6206
Q96SW2_CHEMBL5421440,Q96SW2,4.35,4.19,4.19,0.6479
Q96SW2_CHEMBL5409036,Q96SW2,4.64,4.64,4.64,0.6416
Q96SW2_CHEMBL5431079,Q96SW2,5.14,,,0.6587
Q96SW2_CHEMBL5403248,Q96SW2,4.205,4.05,4.05,1.0
Q96SW2_CHEMBL5418383,Q96SW2,5.26,,,0.6816
Q96SW2_CHEMBL5418032,Q96SW2,5.4,,,0.6978
Q96SW2_CHEMBL5437508,Q96SW2,5.3,,,0.6279
Q96SW2_CHEMBL5403472,Q96SW2,5.16,,,0.6475
Q96SW2_CHEMBL5419971,Q96SW2,4.89,,,0.4583
Q96SW2_CHEMBL5406302,Q96SW2,5.3,,,0.5752
Q96SW2_CHEMBL5436049,Q96SW2,5.22,,,0.4695
Q96SW2_CHEMBL5399248,Q96SW2,6.34,6.34,6.34,0.6553
Q96SW2_CHEMBL5394825,Q96SW2,6.595,6.52,6.52,0.7549
Q96SW2_CHEMBL5422157,Q96SW2,7.935,,,0.7266
Q96SW2_CHEMBL5395213,Q96SW2,7.615,7.73,7.73,0.7432
Q96SW2_CHEMBL5394571,Q96SW2,7.42,,,0.7266
Q96SW2_CHEMBL5398776,Q96SW2,7.59,,,0.7671
Q96SW2_CHEMBL5422650,Q96SW2,7.19,,,0.7334
Q96SW2_CHEMBL5431364,Q96SW2,7.6,,,0.7744
Q96SW2_CHEMBL5405846,Q96SW2,6.98,6.21,6.21,0.7402
Q96SW2_CHEMBL5405431,Q96SW2,7.425,,,0.7744
Q96SW2_CHEMBL5421315,Q96SW2,7.385,,,0.7129
Q96SW2_CHEMBL5432640,Q96SW2,7.109999999999999,,,0.7266
Q96SW2_CHEMBL5439152,Q96SW2,7.09,6.41,6.41,0.7549
Q96SW2_CHEMBL5415959,Q96SW2,7.335,,,0.7197
Q96SW2_CHEMBL5420072,Q96SW2,7.505,,,0.79
Q96SW2_CHEMBL5399086,Q96SW2,8.004999999999999,8.08,8.08,0.8911
Q96SW2_CHEMBL5420053,Q96SW2,4.68,,,0.4707
Q96SW2_CHEMBL5404650,Q96SW2,4.22,4.06,4.06,0.7349
Q96SW2_CHEMBL5441135,Q96SW2,4.9350000000000005,4.7,4.7,0.7607
Q96SW2_CHEMBL5411137,Q96SW2,5.15,,,0.5752
Q96SW2_CHEMBL5411174,Q96SW2,4.19,4.03,4.03,0.6401
Q96SW2_CHEMBL5404825,Q96SW2,5.22,,,0.5239
Q96SW2_CHEMBL5423386,Q96SW2,4.54,4.54,4.54,0.6333
Q96SW2_CHEMBL5404837,Q96SW2,5.16,,,0.6411
Q96SW2_CHEMBL5418463,Q96SW2,5.46,,,0.6411
Q96SW2_CHEMBL5418739,Q96SW2,5.29,,,0.6411
Q96SW2_CHEMBL5413552,Q96SW2,5.05,,,0.6411
Q96SW2_CHEMBL5435497,Q96SW2,5.52,,,0.4565
Q96SW2_CHEMBL5409302,Q96SW2,6.3,,,0.4443
Q96SW2_CHEMBL5439702,Q96SW2,5.47,,,0.4695
Q96SW2_CHEMBL5435385,Q96SW2,5.11,,,0.6138
Q96SW2_CHEMBL5398118,Q96SW2,5.14,,,0.5752
Q96SW2_CHEMBL5431003,Q96SW2,7.15,7.15,7.15,0.6602
Q96SW2_CHEMBL5430028,Q96SW2,5.07,5.07,5.07,0.6538
Q96SW2_CHEMBL5439475,Q96SW2,7.38,7.38,7.38,0.6665
Q96SW2_CHEMBL5427622,Q96SW2,4.8,4.8,4.8,0.7109
Q96SW2_CHEMBL5397713,Q96SW2,5.44,5.44,5.44,0.6665
Q99538_CHEMBL5427098,Q99538,6.805,,,0.446
Q99538_CHEMBL5419035,Q99538,7.88,,,0.4146
Q99538_CHEMBL5417499,Q99538,8.205,,,0.4751
Q99538_CHEMBL5404563,Q99538,6.904999999999999,,,0.4138
Q99538_CHEMBL5416142,Q99538,6.98,,,0.5063
Q99538_CHEMBL5424558,Q99538,7.654999999999999,,,0.5063
Q99538_CHEMBL5430648,Q99538,7.93,,,0.488
Q99538_CHEMBL5420681,Q99538,7.505000000000001,,,0.4404
Q99538_CHEMBL5431473,Q99538,7.815,,,0.4236
Q99538_CHEMBL5431396,Q99538,6.01,,,0.6509
Q99538_CHEMBL5404612,Q99538,5.96,,,0.425
Q99538_CHEMBL5427662,Q99538,7.984999999999999,,,0.6284
Q99538_CHEMBL5435136,Q99538,7.95,,,0.6572
Q99538_CHEMBL5425068,Q99538,7.729999999999999,,,0.4456
Q99538_CHEMBL5425708,Q99538,5.95,,,0.6611
Q99538_CHEMBL5421750,Q99538,6.7,,,0.6611
Q99538_CHEMBL5423559,Q99538,7.74,,,0.6323
Q99538_CHEMBL5425743,Q99538,9.7,,,0.3804
Q99538_CHEMBL5415768,Q99538,8.1,,,0.4556
Q99538_CHEMBL5406826,Q99538,8.395,,,0.6719
Q99538_CHEMBL5433073,Q99538,7.96,,,0.6479
Q99538_CHEMBL5436644,Q99538,8.19,,,0.6323
Q99538_CHEMBL5440673,Q99538,7.79,,,0.6323
Q99538_CHEMBL5416023,Q99538,8.395,,,0.6304
Q99538_CHEMBL5399304,Q99538,9.3,,,0.5835
Q99538_CHEMBL5406157,Q99538,9.1,,,0.6177
Q99538_CHEMBL5428991,Q99538,7.56,,,0.6216
Q99538_CHEMBL5422570,Q99538,7.54,,,0.6611
Q99538_CHEMBL5401961,Q99538,8.19,,,0.6509
Q99538_CHEMBL5420226,Q99538,7.46,,,0.5884
Q99538_CHEMBL5400642,Q99538,6.86,,,0.7412
Q99538_CHEMBL5429309,Q99538,7.89,,,0.425
Q99538_CHEMBL5399981,Q99538,6.484999999999999,,,0.4824
Q99538_CHEMBL5409889,Q99538,8.094999999999999,,,0.4719
Q99538_CHEMBL5430081,Q99538,7.165,,,0.4658
Q99538_CHEMBL5404830,Q99538,7.735,,,0.4607
Q99538_CHEMBL5420042,Q99538,10.0,,,0.3494
Q99538_CHEMBL5394632,Q99538,7.16,,,0.4658
Q99538_CHEMBL5398959,Q99538,8.040000000000001,,,0.4607
Q99538_CHEMBL5415015,Q99538,7.98,,,0.4658
Q9NXA8_CHEMBL5433262,Q9NXA8,5.81,5.81,5.775,0.5303
Q9NXA8_CHEMBL5421005,Q9NXA8,5.74,5.74,5.775,0.5303
Q9NXA8_CHEMBL5403005,Q9NXA8,4.67,4.67,4.67,0.4304
Q9NXA8_CHEMBL5423188,Q9NXA8,5.17,5.17,5.17,0.5635
Q9NXA8_CHEMBL5406309,Q9NXA8,5.56,5.56,5.56,0.5947
Q9NXA8_CHEMBL5407937,Q9NXA8,5.55,5.55,5.55,0.5405
Q9NXA8_CHEMBL5434247,Q9NXA8,5.8,5.8,5.8,0.5601
Q9NXA8_CHEMBL5441083,Q9NXA8,4.57,4.57,4.57,0.5137
Q9NXA8_CHEMBL5440209,Q9NXA8,5.76,,,0.7144
Q9NXA8_CHEMBL5396022,Q9NXA8,4.9,,,0.7222
Q9NXA8_CHEMBL5438953,Q9NXA8,5.98,,,0.6777
Q9NXA8_CHEMBL5402569,Q9NXA8,6.28,,,0.6777
Q9NXA8_CHEMBL5433140,Q9NXA8,5.89,,,0.7407
Q9NXA8_CHEMBL5418310,Q9NXA8,5.12,,,0.7959
Q9NXA8_CHEMBL5424757,Q9NXA8,6.07,,,0.7144
Q9NXA8_CHEMBL5406538,Q9NXA8,5.2,,,0.7222
Q9NXA8_CHEMBL5436222,Q9NXA8,5.72,,,0.7271
Q9NXA8_CHEMBL5424283,Q9NXA8,5.38,,,0.6348
Q9NXA8_CHEMBL5413788,Q9NXA8,5.35,,,0.6895
Q9NXA8_CHEMBL5436574,Q9NXA8,5.73,,,0.6777
Q9NXA8_CHEMBL5401655,Q9NXA8,4.86,,,0.6064
Q9NXA8_CHEMBL5397406,Q9NXA8,5.38,,,0.6333
Q9NXA8_CHEMBL5440354,Q9NXA8,5.11,5.11,5.11,0.5796
Q9NXA8_CHEMBL5415824,Q9NXA8,5.5,5.5,5.5,0.7539
Q9NXA8_CHEMBL5418280,Q9NXA8,5.55,5.55,5.55,0.7314
Q9NXA8_CHEMBL5395283,Q9NXA8,5.12,5.12,5.12,0.7163
Q9NXA8_CHEMBL5421605,Q9NXA8,4.93,4.93,4.93,0.7383
Q9NXA8_CHEMBL5431520,Q9NXA8,5.03,5.03,5.03,0.7163
Q9NXA8_CHEMBL5410550,Q9NXA8,5.12,5.12,5.12,0.7163
Q9NXA8_CHEMBL5418151,Q9NXA8,4.98,4.98,4.98,0.7061
Q9NXA8_CHEMBL5416573,Q9NXA8,4.66,4.66,4.66,0.7002
Q9NXA8_CHEMBL5427419,Q9NXA8,4.77,4.77,4.77,0.7207
Q9NXA8_CHEMBL5430738,Q9NXA8,4.87,4.87,4.87,0.7002
Q9NXA8_CHEMBL5424918,Q9NXA8,5.02,5.02,5.02,0.7002
Q9NXA8_CHEMBL5405640,Q9NXA8,5.62,5.62,5.62,0.6807
Q9NXA8_CHEMBL5433655,Q9NXA8,4.77,4.77,4.77,0.7002
Q9NXA8_CHEMBL5427467,Q9NXA8,5.39,5.39,5.39,0.7461
Q9NXA8_CHEMBL5427171,Q9NXA8,5.45,5.45,5.45,0.769
Q9NXA8_CHEMBL5405996,Q9NXA8,5.23,5.23,5.23,0.7461
Q9NXA8_CHEMBL5398355,Q9NXA8,6.24,,5.43,0.5332
Q9NXA8_CHEMBL5412658,Q9NXA8,5.43,5.43,5.43,0.5332
Q9NXA8_CHEMBL5435901,Q9NXA8,5.03,5.03,5.03,0.4722
Q9NXA8_CHEMBL5439935,Q9NXA8,5.36,,,0.6499
Q9NXA8_CHEMBL5404584,Q9NXA8,5.28,,,0.6191
Q9NXA8_CHEMBL5402321,Q9NXA8,5.55,,,0.6191
Q9NXA8_CHEMBL5428704,Q9NXA8,5.18,,,0.6724
Q9NXA8_CHEMBL5412980,Q9NXA8,5.59,,,0.6768
Q9NXA8_CHEMBL5430663,Q9NXA8,5.23,,,0.6499
Q9NXA8_CHEMBL5429245,Q9NXA8,4.89,,,0.6611
Q9NXA8_CHEMBL5433440,Q9NXA8,4.99,,,0.6499
Q9NXA8_CHEMBL5416066,Q9NXA8,4.78,,,0.582
Q9NXA8_CHEMBL5440095,Q9NXA8,5.64,,,0.582
Q9NXA8_CHEMBL5432209,Q9NXA8,4.69,,,0.6289
Q9NXA8_CHEMBL5406626,Q9NXA8,4.98,,,0.6191
Q9NXA8_CHEMBL5394524,Q9NXA8,4.8,,,0.6094
Q9NXA8_CHEMBL5423884,Q9NXA8,4.9,,,0.5781
Q9NXA8_CHEMBL5427474,Q9NXA8,4.69,,,0.5781
Q9NXA8_CHEMBL5413253,Q9NXA8,5.48,5.48,5.48,0.6284
Q9NXA8_CHEMBL5414523,Q9NXA8,5.81,5.81,5.81,0.5264
Q9NXA8_CHEMBL5394956,Q9NXA8,5.74,,,0.6895
Q9NXA8_CHEMBL5431023,Q9NXA8,4.43,,,0.7222
Q9NXA8_CHEMBL5431746,Q9NXA8,5.51,,,0.645
Q9NXA8_CHEMBL5408488,Q9NXA8,5.26,,,0.6128
Q9NXA8_CHEMBL5399821,Q9NXA8,5.27,,,0.5405
Q9NXA8_CHEMBL5423092,Q9NXA8,5.97,5.97,5.97,0.5479
Q9NXA8_CHEMBL5399153,Q9NXA8,5.76,5.76,5.97,0.5479
Q9NXA8_CHEMBL5434219,Q9NXA8,4.3,4.3,4.3,0.4788
Q9NXA8_CHEMBL5417496,Q9NXA8,5.21,5.21,5.21,0.4788
Q9NXA8_CHEMBL5439184,Q9NXA8,5.26,,,0.5635
Q9NXA8_CHEMBL5420405,Q9NXA8,5.16,5.16,5.16,0.6392
Q9NXA8_CHEMBL5427124,Q9NXA8,4.84,4.84,4.84,0.6499
Q9NXA8_CHEMBL5418534,Q9NXA8,4.67,4.67,4.67,0.4856
Q9NXA8_CHEMBL5396457,Q9NXA8,4.89,4.89,4.89,0.4583
Q9NXA8_CHEMBL5425634,Q9NXA8,4.74,4.74,4.74,0.4927
Q9NXA8_CHEMBL5434236,Q9NXA8,4.6,,,0.4788
Q9NXA8_CHEMBL5406474,Q9NXA8,4.71,4.71,4.71,0.4788
Q9NXA8_CHEMBL5408550,Q9NXA8,6.28,6.28,6.51,0.5063
Q9NXA8_CHEMBL5429558,Q9NXA8,5.45,5.45,5.45,0.5195
Q9NXA8_CHEMBL5427490,Q9NXA8,5.44,,,0.5
Q9NXA8_CHEMBL5411869,Q9NXA8,4.67,4.67,4.67,0.5635
Q9NXA8_CHEMBL5434121,Q9NXA8,4.56,4.56,4.56,0.5063
Q9NXA8_CHEMBL5417575,Q9NXA8,5.07,5.07,5.07,0.5405
Q9NXA8_CHEMBL5421869,Q9NXA8,5.55,5.55,5.55,0.5405
Q9NXA8_CHEMBL5413892,Q9NXA8,5.1,5.1,5.1,0.5557
Q9NXA8_CHEMBL5425440,Q9NXA8,5.84,5.84,5.84,0.5063
Q9NXA8_CHEMBL5395955,Q9NXA8,5.77,5.77,5.77,0.5752
Q9NXA8_CHEMBL5431383,Q9NXA8,5.91,,,0.4819
Q9NXA8_CHEMBL5432911,Q9NXA8,5.59,5.59,5.59,0.5264
Q9NXA8_CHEMBL5401988,Q9NXA8,5.05,5.05,5.05,0.5264
Q9NXA8_CHEMBL5429172,Q9NXA8,5.38,5.38,5.38,0.5259
Q9NXA8_CHEMBL5429052,Q9NXA8,5.29,5.29,5.29,0.5405
Q9NXA8_CHEMBL5430977,Q9NXA8,5.53,5.53,5.53,0.5557
Q9NXA8_CHEMBL5413696,Q9NXA8,5.5,,,0.5884
Q9NXA8_CHEMBL5402589,Q9NXA8,5.32,5.32,5.32,0.5693
Q9NXA8_CHEMBL5398783,Q9NXA8,5.79,,,0.6348
Q9Y463_CHEMBL5414801,Q9Y463,7.7,,,0.8945
Q9Y463_CHEMBL5429707,Q9Y463,7.18,,,0.625
Q9Y463_CHEMBL5428562,Q9Y463,6.52,,,0.625
Q9Y463_CHEMBL5432405,Q9Y463,7.47,,,0.6865
Q9Y463_CHEMBL5404093,Q9Y463,5.05,,,0.5068
Q9Y463_CHEMBL5417699,Q9Y463,5.97,,,0.4604
Q9Y463_CHEMBL5429691,Q9Y463,7.0,,,0.6865
Q9Y463_CHEMBL5432194,Q9Y463,6.94,,,0.4177
Q9Y463_CHEMBL5415554,Q9Y463,6.87,,,0.6284
Q9Y463_CHEMBL5395833,Q9Y463,7.14,,,0.5757
Q9Y463_CHEMBL5415238,Q9Y463,6.77,,,0.6196
Q9Y463_CHEMBL5428750,Q9Y463,7.64,,,0.623
Q9Y463_CHEMBL5406864,Q9Y463,7.39,,,0.707
Q9Y463_CHEMBL5435933,Q9Y463,5.09,,,0.4546
Q9Y463_CHEMBL5421052,Q9Y463,6.53,,,0.7422
Q9Y463_CHEMBL5429359,Q9Y463,7.07,,,0.4675
Q9Y463_CHEMBL5406490,Q9Y463,6.25,,,0.5137
Q9Y463_CHEMBL5426876,Q9Y463,6.12,,,0.7656
Q9Y463_CHEMBL5396081,Q9Y463,6.11,,,0.7539
Q9Y463_CHEMBL5429086,Q9Y463,6.66,,,0.7759
Q9Y463_CHEMBL5416942,Q9Y463,7.7,,,0.8667
Q9Y463_CHEMBL5435495,Q9Y463,6.93,,,0.7627
Q9Y463_CHEMBL5396725,Q9Y463,5.57,,,0.5225
Q9Y463_CHEMBL5414359,Q9Y463,5.85,,,0.5078
Q9Y463_CHEMBL5434183,Q9Y463,6.48,,,0.5161
Q9Y463_CHEMBL5416758,Q9Y463,5.89,,,0.5
Q9Y463_CHEMBL5425043,Q9Y463,5.68,,,0.5151
Q9Y463_CHEMBL5404416,Q9Y463,8.4,,,0.644
Q9Y463_CHEMBL5405572,Q9Y463,7.75,,,0.6064
Q9Y463_CHEMBL5394613,Q9Y463,6.7,,,0.644
Q9Y463_CHEMBL5420724,Q9Y463,8.1,,,0.6729
Q9Y463_CHEMBL5437222,Q9Y463,6.69,,,0.644
Q9Y463_CHEMBL5422413,Q9Y463,5.86,,,0.5903
Q9Y463_CHEMBL5419006,Q9Y463,6.41,,,0.6553
Q9Y463_CHEMBL5395680,Q9Y463,6.81,,,0.8237
Q9Y463_CHEMBL5408457,Q9Y463,6.73,,,0.644
Q9Y463_CHEMBL5413427,Q9Y463,6.97,,,0.5903
Q9Y463_CHEMBL5425748,Q9Y463,6.4,,,0.6553
Q9Y463_CHEMBL5410991,Q9Y463,6.85,,,0.8237
Q9Y463_CHEMBL5428651,Q9Y463,8.0,,,0.6826
Q9Y463_CHEMBL5422936,Q9Y463,6.95,,,0.8184
Q9Y463_CHEMBL5437737,Q9Y463,8.15,,,0.7534
